('Ano','Mês','Países','Valor US$ FOB'),
(2026,'Abril','Afeganistão',20856),
(2026,'Abril','Aland, Ilhas',71665),
(2026,'Abril','Albânia',292906),
(2026,'Abril','Alemanha',1156555666),
(2026,'Abril','Andorra',40),
(2026,'Abril','Angola',148),
(2026,'Abril','Anguilla',3374),
(2026,'Abril','Antártica',644787),
(2026,'Abril','Argentina',1177574026),
(2026,'Abril','Argélia',13069808),
(2026,'Abril','Armênia',3396675),
(2026,'Abril','Aruba',1378),
(2026,'Abril','Arábia Saudita',289775567),
(2026,'Abril','Austrália',135713610),
(2026,'Abril','Azerbaijão',192942),
(2026,'Abril','Bancos Centrais',2641),
(2026,'Abril','Bangladesh',35249351),
(2026,'Abril','Barein',2902745),
(2026,'Abril','Belarus',188722),
(2026,'Abril','Belize',8823),
(2026,'Abril','Benin',39179),
(2026,'Abril','Bermudas',30248),
(2026,'Abril','Bolívia',83237756),
(2026,'Abril','Botsuana',94362),
(2026,'Abril','Brasil',39331677),
(2026,'Abril','Bulgária',9520334),
(2026,'Abril','Butão',71794),
(2026,'Abril','Bélgica',173239857),
(2026,'Abril','Bósnia-Herzegovina',1007550),
(2026,'Abril','Camarões',3315154),
(2026,'Abril','Camboja',24893454),
(2026,'Abril','Canadá',274860543),
(2026,'Abril','Catar',8121703),
(2026,'Abril','Cayman, Ilhas',913),
(2026,'Abril','Cazaquistão',55503672),
(2026,'Abril','Chade',11),
(2026,'Abril','Chile',469685807),
(2026,'Abril','China',6054116352),
(2026,'Abril','Chipre',2057909),
(2026,'Abril','Colômbia',209950293),
(2026,'Abril','Comores',481),
(2026,'Abril','Congo, República Democrática',2932338),
(2026,'Abril','Cook, Ilhas',2),
(2026,'Abril','Coreia do Norte',9752),
(2026,'Abril','Coreia do Sul',656060606),
(2026,'Abril','Costa Rica',11165649),
(2026,'Abril','Costa do Marfim',7248514),
(2026,'Abril','Coveite (Kuweit)',358),
(2026,'Abril','Croácia',4822468),
(2026,'Abril','Cuba',208429),
(2026,'Abril','Curaçao',103446),
(2026,'Abril','Dinamarca',93001398),
(2026,'Abril','Dominica',76),
(2026,'Abril','Egito',103642887),
(2026,'Abril','El Salvador',1383244),
(2026,'Abril','Emirados Árabes Unidos',13951759),
(2026,'Abril','Equador',13582224),
(2026,'Abril','Eritreia',1191),
(2026,'Abril','Eslováquia',34721537),
(2026,'Abril','Eslovênia',24587735),
(2026,'Abril','Espanha',308901016),
(2026,'Abril','Estados Unidos',3096633032),
(2026,'Abril','Estônia',4755557),
(2026,'Abril','Etiópia',153754),
(2026,'Abril','Filipinas',25480089),
(2026,'Abril','Finlândia',67582610),
(2026,'Abril','França',439310716),
(2026,'Abril','Gabão',418103),
(2026,'Abril','Gana',4701682),
(2026,'Abril','Geórgia',918964),
(2026,'Abril','Gibraltar',282334),
(2026,'Abril','Granada',129),
(2026,'Abril','Grécia',4137083),
(2026,'Abril','Guatemala',9598198),
(2026,'Abril','Guiana',136187619),
(2026,'Abril','Guiné-Bissau',178730),
(2026,'Abril','Gâmbia',203),
(2026,'Abril','Haiti',103921),
(2026,'Abril','Honduras',4160913),
(2026,'Abril','Hong Kong',78873686),
(2026,'Abril','Hungria',47431063),
(2026,'Abril','Ilha de Man',146),
(2026,'Abril','Indonésia',244158317),
(2026,'Abril','Iraque',48104),
(2026,'Abril','Irlanda',100010023),
(2026,'Abril','Irã',1832268),
(2026,'Abril','Islândia',922964),
(2026,'Abril','Israel',160213045),
(2026,'Abril','Itália',674607644),
(2026,'Abril','Jamaica',1038),
(2026,'Abril','Japão',569406672),
(2026,'Abril','Jordânia',15407608),
(2026,'Abril','Laos',1156611),
(2026,'Abril','Letônia',3623779),
(2026,'Abril','Liechtenstein',1200802),
(2026,'Abril','Lituânia',3932295),
(2026,'Abril','Luxemburgo',3398292),
(2026,'Abril','Líbano',187119),
(2026,'Abril','Líbia',515861),
(2026,'Abril','Macau',229329),
(2026,'Abril','Macedônia',3016424),
(2026,'Abril','Madagascar',211621),
(2026,'Abril','Malta',820315),
(2026,'Abril','Malásia',135804635),
(2026,'Abril','Marianas do Norte, Ilhas',725),
(2026,'Abril','Marrocos',269771114),
(2026,'Abril','Marshall, Ilhas',50407),
(2026,'Abril','Maurício',11524),
(2026,'Abril','Mayotte',25),
(2026,'Abril','Mianmar',583828),
(2026,'Abril','Micronésia',801),
(2026,'Abril','Moldávia',229204),
(2026,'Abril','Mongólia',115),
(2026,'Abril','Montenegro',783),
(2026,'Abril','Montserrat',76),
(2026,'Abril','Moçambique',581118),
(2026,'Abril','México',614456434),
(2026,'Abril','Mônaco',539804),
(2026,'Abril','Namíbia',40525),
(2026,'Abril','Nauru',557439),
(2026,'Abril','Nepal',15841),
(2026,'Abril','Nicarágua',379422),
(2026,'Abril','Nigéria',84651427),
(2026,'Abril','Noruega',39750241),
(2026,'Abril','Nova Zelândia',9644885),
(2026,'Abril','Não Definido',203584),
(2026,'Abril','Níger',3250),
(2026,'Abril','Omã',8094556),
(2026,'Abril','Panamá',1371506),
(2026,'Abril','Paquistão',16982873),
(2026,'Abril','Paraguai',271517895),
(2026,'Abril','Países Baixos (Holanda)',191838008),
(2026,'Abril','Peru',149502869),
(2026,'Abril','Polinésia Francesa',1424),
(2026,'Abril','Polônia',83267377),
(2026,'Abril','Porto Rico',53212119),
(2026,'Abril','Portugal',113865682),
(2026,'Abril','Quirguistão',703),
(2026,'Abril','Quênia',27702),
(2026,'Abril','Reino Unido',241828245),
(2026,'Abril','República Dominicana',4167550),
(2026,'Abril','Reunião',256212),
(2026,'Abril','Romênia',49425110),
(2026,'Abril','Rússia',1337836733),
(2026,'Abril','Salomão, Ilhas',3018),
(2026,'Abril','Samoa',15380),
(2026,'Abril','Samoa Americana',19437),
(2026,'Abril','San Marino',1681125),
(2026,'Abril','Santa Helena',523),
(2026,'Abril','Seicheles',11121),
(2026,'Abril','Senegal',1032403),
(2026,'Abril','Serra Leoa',18326),
(2026,'Abril','Singapura',60243409),
(2026,'Abril','Somália',1461),
(2026,'Abril','Sri Lanka',7990594),
(2026,'Abril','Suazilândia',12551),
(2026,'Abril','Sudão do Sul',115),
(2026,'Abril','Suriname',768),
(2026,'Abril','Suécia',157984838),
(2026,'Abril','Suíça',244140149),
(2026,'Abril','São Cristóvão e Névis',2136),
(2026,'Abril','São Tomé e Príncipe',63),
(2026,'Abril','São Vicente e Granadinas',70656),
(2026,'Abril','Sérvia',5866781),
(2026,'Abril','Síria',37938),
(2026,'Abril','Tadjiquistão',3601),
(2026,'Abril','Tailândia',243690245),
(2026,'Abril','Taiwan (Formosa)',260545251),
(2026,'Abril','Tanzânia',97471),
(2026,'Abril','Tcheca, República',75154966),
(2026,'Abril','Togo',147),
(2026,'Abril','Toquelau',719),
(2026,'Abril','Trinidad e Tobago',43875833),
(2026,'Abril','Tunísia',5657248),
(2026,'Abril','Turcas e Caicos, Ilhas',5300),
(2026,'Abril','Turcomenistão',67665981),
(2026,'Abril','Turquia',110898352),
(2026,'Abril','Ucrânia',7697428),
(2026,'Abril','Uganda',13060),
(2026,'Abril','Uruguai',137896944),
(2026,'Abril','Uzbequistão',9738932),
(2026,'Abril','Vanuatu',318),
(2026,'Abril','Vaticano',1492),
(2026,'Abril','Venezuela',18155714),
(2026,'Abril','Vietnã',380339705),
(2026,'Abril','Virgens, Ilhas (Britânicas)',348546),
(2026,'Abril','Zimbábue',85148),
(2026,'Abril','Zâmbia',103653),
(2026,'Abril','África do Sul',95491150),
(2026,'Abril','Áustria',111318676),
(2026,'Abril','Índia',675615262),
(2026,'Março','Afeganistão',23423),
(2026,'Março','Aland, Ilhas',1302),
(2026,'Março','Albânia',630491),
(2026,'Março','Alemanha',1514600511),
(2026,'Março','Andorra',120),
(2026,'Março','Angola',273),
(2026,'Março','Anguilla',3306),
(2026,'Março','Antártica',31912),
(2026,'Março','Antígua e Barbuda',31661),
(2026,'Março','Argentina',1127684055),
(2026,'Março','Argélia',214264228),
(2026,'Março','Armênia',14650282),
(2026,'Março','Aruba',836),
(2026,'Março','Arábia Saudita',317843035),
(2026,'Março','Austrália',64553147),
(2026,'Março','Azerbaijão',1227),
(2026,'Março','Bancos Centrais',522),
(2026,'Março','Bangladesh',34322109),
(2026,'Março','Barbados',1013),
(2026,'Março','Barein',2684944),
(2026,'Março','Belarus',31083),
(2026,'Março','Belize',51790),
(2026,'Março','Benin',18738),
(2026,'Março','Bermudas',199063),
(2026,'Março','Bolívia',85778096),
(2026,'Março','Botsuana',8873),
(2026,'Março','Brasil',78630267),
(2026,'Março','Bulgária',9395283),
(2026,'Março','Burkina Faso',23),
(2026,'Março','Butão',34191),
(2026,'Março','Bélgica',239788924),
(2026,'Março','Bósnia-Herzegovina',1657035),
(2026,'Março','Cabo Verde',336),
(2026,'Março','Camarões',2153465),
(2026,'Março','Camboja',23958399),
(2026,'Março','Canadá',232639648),
(2026,'Março','Catar',37474009),
(2026,'Março','Cayman, Ilhas',1888),
(2026,'Março','Cazaquistão',33426932),
(2026,'Março','Chade',6),
(2026,'Março','Chile',429606023),
(2026,'Março','China',6664865606),
(2026,'Março','Chipre',396775),
(2026,'Março','Christmas (Navidad), Ilha',5),
(2026,'Março','Colômbia',166855715),
(2026,'Março','Comores',8993),
(2026,'Março','Congo',1233736),
(2026,'Março','Congo, República Democrática',19998998),
(2026,'Março','Coreia do Sul',610025834),
(2026,'Março','Costa Rica',12751682),
(2026,'Março','Costa do Marfim',9699959),
(2026,'Março','Coveite (Kuweit)',126908),
(2026,'Março','Croácia',2738254),
(2026,'Março','Cuba',172144),
(2026,'Março','Curaçao',220251),
(2026,'Março','Dinamarca',156157438),
(2026,'Março','Egito',147623909),
(2026,'Março','El Salvador',434471),
(2026,'Março','Emirados Árabes Unidos',131450666),
(2026,'Março','Equador',11319797),
(2026,'Março','Eslováquia',39054805),
(2026,'Março','Eslovênia',9592162),
(2026,'Março','Espanha',311184511),
(2026,'Março','Estados Unidos',3315336792),
(2026,'Março','Estônia',5719764),
(2026,'Março','Etiópia',130370),
(2026,'Março','Falkland (Malvinas)',128),
(2026,'Março','Filipinas',29291267),
(2026,'Março','Finlândia',74974008),
(2026,'Março','França',522208400),
(2026,'Março','Gabão',67591981),
(2026,'Março','Gana',74106391),
(2026,'Março','Geórgia',401696),
(2026,'Março','Gibraltar',209),
(2026,'Março','Grécia',6689787),
(2026,'Março','Guatemala',11409762),
(2026,'Março','Guiana',69522644),
(2026,'Março','Guiné',56),
(2026,'Março','Gâmbia',249),
(2026,'Março','Haiti',2438),
(2026,'Março','Honduras',3047998),
(2026,'Março','Hong Kong',88778366),
(2026,'Março','Hungria',50786892),
(2026,'Março','Ilha de Man',36000),
(2026,'Março','Indonésia',188826102),
(2026,'Março','Iraque',107261),
(2026,'Março','Irlanda',169755904),
(2026,'Março','Irã',849847),
(2026,'Março','Islândia',1173422),
(2026,'Março','Israel',93240434),
(2026,'Março','Itália',652935901),
(2026,'Março','Iêmen',56),
(2026,'Março','Jamaica',208),
(2026,'Março','Japão',472466063),
(2026,'Março','Jersey',8267),
(2026,'Março','Jordânia',948187),
(2026,'Março','Laos',1685474),
(2026,'Março','Lesoto',11306),
(2026,'Março','Letônia',2873523),
(2026,'Março','Libéria',4641),
(2026,'Março','Liechtenstein',1095218),
(2026,'Março','Lituânia',4870503),
(2026,'Março','Luxemburgo',4392707),
(2026,'Março','Líbano',61652),
(2026,'Março','Líbia',449763),
(2026,'Março','Macau',347630),
(2026,'Março','Macedônia',2508937),
(2026,'Março','Madagascar',299483),
(2026,'Março','Malta',1075625),
(2026,'Março','Malásia',151330285),
(2026,'Março','Marrocos',257457526),
(2026,'Março','Marshall, Ilhas',153418),
(2026,'Março','Maurício',140599),
(2026,'Março','Mianmar',880219),
(2026,'Março','Moldávia',220194),
(2026,'Março','Mongólia',1722),
(2026,'Março','Montenegro',1080),
(2026,'Março','Montserrat',6329),
(2026,'Março','Moçambique',792),
(2026,'Março','México',686988008),
(2026,'Março','Mônaco',538234),
(2026,'Março','Namíbia',9009),
(2026,'Março','Nauru',4292),
(2026,'Março','Nepal',9774),
(2026,'Março','Nicarágua',60502),
(2026,'Março','Nigéria',70508855),
(2026,'Março','Niue',7320),
(2026,'Março','Noruega',93329613),
(2026,'Março','Nova Caledônia',16),
(2026,'Março','Nova Zelândia',5117640),
(2026,'Março','Não Definido',214193),
(2026,'Março','Níger',10250),
(2026,'Março','Omã',6189885),
(2026,'Março','Panamá',1719045),
(2026,'Março','Paquistão',21326110),
(2026,'Março','Paraguai',318758740),
(2026,'Março','Países Baixos (Holanda)',234990174),
(2026,'Março','Peru',165207866),
(2026,'Março','Polinésia Francesa',136),
(2026,'Março','Polônia',89214757),
(2026,'Março','Porto Rico',44909809),
(2026,'Março','Portugal',126370624),
(2026,'Março','Quirguistão',56),
(2026,'Março','Quênia',265394),
(2026,'Março','Reino Unido',293426947),
(2026,'Março','República Centro-Africana',11),
(2026,'Março','República Dominicana',3662390),
(2026,'Março','Reunião',21384),
(2026,'Março','Romênia',34144494),
(2026,'Março','Ruanda',3),
(2026,'Março','Rússia',988954837),
(2026,'Março','Samoa',57652),
(2026,'Março','Samoa Americana',22862),
(2026,'Março','San Marino',920485),
(2026,'Março','Seicheles',135829),
(2026,'Março','Senegal',420115),
(2026,'Março','Serra Leoa',13196),
(2026,'Março','Singapura',76762374),
(2026,'Março','Somália',189),
(2026,'Março','Sri Lanka',8411229),
(2026,'Março','Suazilândia',4490),
(2026,'Março','Suriname',12578),
(2026,'Março','Suécia',194493345),
(2026,'Março','Suíça',240418856),
(2026,'Março','São Cristóvão e Névis',4776),
(2026,'Março','São Vicente e Granadinas',105001),
(2026,'Março','Sérvia',5643656),
(2026,'Março','Síria',37837),
(2026,'Março','Tailândia',214844373),
(2026,'Março','Taiwan (Formosa)',236078735),
(2026,'Março','Tanzânia',624),
(2026,'Março','Tcheca, República',82406040),
(2026,'Março','Terras Austrais Francesas',74),
(2026,'Março','Timor Leste',290),
(2026,'Março','Togo',101073),
(2026,'Março','Toquelau',1023),
(2026,'Março','Trinidad e Tobago',32660533),
(2026,'Março','Tunísia',8154725),
(2026,'Março','Turcomenistão',138718655),
(2026,'Março','Turquia',95548718),
(2026,'Março','Ucrânia',7296370),
(2026,'Março','Uganda',20),
(2026,'Março','Uruguai',201354255),
(2026,'Março','Uzbequistão',11728083),
(2026,'Março','Vanuatu',387),
(2026,'Março','Venezuela',35601362),
(2026,'Março','Vietnã',421781992),
(2026,'Março','Virgens, Ilhas (Americanas)',11),
(2026,'Março','Virgens, Ilhas (Britânicas)',430045),
(2026,'Março','Zimbábue',437),
(2026,'Março','Zâmbia',295729),
(2026,'Março','África do Sul',75182219),
(2026,'Março','Áustria',146364832),
(2026,'Março','Índia',690305636),
(2026,'Fevereiro','Afeganistão',42950),
(2026,'Fevereiro','Aland, Ilhas',1410),
(2026,'Fevereiro','Albânia',167094),
(2026,'Fevereiro','Alemanha',901212566),
(2026,'Fevereiro','Andorra',40),
(2026,'Fevereiro','Angola',13497),
(2026,'Fevereiro','Anguilla',1098),
(2026,'Fevereiro','Antártica',472227),
(2026,'Fevereiro','Antígua e Barbuda',443),
(2026,'Fevereiro','Argentina',849650156),
(2026,'Fevereiro','Argélia',19524568),
(2026,'Fevereiro','Armênia',2624316),
(2026,'Fevereiro','Aruba',751),
(2026,'Fevereiro','Arábia Saudita',239227483),
(2026,'Fevereiro','Austrália',57765922),
(2026,'Fevereiro','Azerbaijão',4817),
(2026,'Fevereiro','Bancos Centrais',183),
(2026,'Fevereiro','Bangladesh',26650322),
(2026,'Fevereiro','Barbados',19045),
(2026,'Fevereiro','Barein',6769067),
(2026,'Fevereiro','Belarus',138060),
(2026,'Fevereiro','Belize',7688),
(2026,'Fevereiro','Benin',28632),
(2026,'Fevereiro','Bermudas',75006),
(2026,'Fevereiro','Bolívia',92476567),
(2026,'Fevereiro','Botsuana',68119),
(2026,'Fevereiro','Brasil',28983269),
(2026,'Fevereiro','Bulgária',8851897),
(2026,'Fevereiro','Butão',29619),
(2026,'Fevereiro','Bélgica',147827388),
(2026,'Fevereiro','Bósnia-Herzegovina',750694),
(2026,'Fevereiro','Cabo Verde',981),
(2026,'Fevereiro','Camarões',562674),
(2026,'Fevereiro','Camboja',19320142),
(2026,'Fevereiro','Canadá',292366876),
(2026,'Fevereiro','Catar',14078035),
(2026,'Fevereiro','Cayman, Ilhas',548),
(2026,'Fevereiro','Cazaquistão',21381357),
(2026,'Fevereiro','Chade',63),
(2026,'Fevereiro','Chile',315002387),
(2026,'Fevereiro','China',5493290674),
(2026,'Fevereiro','Chipre',145983),
(2026,'Fevereiro','Cocos (Keeling), Ilhas',350),
(2026,'Fevereiro','Colômbia',178059284),
(2026,'Fevereiro','Comores',12511),
(2026,'Fevereiro','Congo, República Democrática',2663075),
(2026,'Fevereiro','Coreia do Norte',12651),
(2026,'Fevereiro','Coreia do Sul',2948538497),
(2026,'Fevereiro','Costa Rica',11710125),
(2026,'Fevereiro','Costa do Marfim',122903354),
(2026,'Fevereiro','Coveite (Kuweit)',12733846),
(2026,'Fevereiro','Croácia',5030015),
(2026,'Fevereiro','Cuba',9433),
(2026,'Fevereiro','Curaçao',234448),
(2026,'Fevereiro','Dinamarca',101310249),
(2026,'Fevereiro','Dominica',1391),
(2026,'Fevereiro','Egito',100498442),
(2026,'Fevereiro','El Salvador',1033716),
(2026,'Fevereiro','Emirados Árabes Unidos',85501987),
(2026,'Fevereiro','Equador',8627335),
(2026,'Fevereiro','Eslováquia',27618017),
(2026,'Fevereiro','Eslovênia',28708756),
(2026,'Fevereiro','Espanha',241400765),
(2026,'Fevereiro','Estados Unidos',2790064131),
(2026,'Fevereiro','Estônia',4441616),
(2026,'Fevereiro','Etiópia',289281),
(2026,'Fevereiro','Faroe, Ilhas',237),
(2026,'Fevereiro','Filipinas',22028481),
(2026,'Fevereiro','Finlândia',168741921),
(2026,'Fevereiro','França',364246644),
(2026,'Fevereiro','Gabão',67470684),
(2026,'Fevereiro','Gana',1391125),
(2026,'Fevereiro','Geórgia',13520),
(2026,'Fevereiro','Grécia',6878700),
(2026,'Fevereiro','Guatemala',4708366),
(2026,'Fevereiro','Guiana',69241554),
(2026,'Fevereiro','Guiana Francesa',1341),
(2026,'Fevereiro','Guiné',11),
(2026,'Fevereiro','Gâmbia',92),
(2026,'Fevereiro','Haiti',229093),
(2026,'Fevereiro','Honduras',3780929),
(2026,'Fevereiro','Hong Kong',81095037),
(2026,'Fevereiro','Hungria',36300084),
(2026,'Fevereiro','Ilha de Man',2516),
(2026,'Fevereiro','Indonésia',202896541),
(2026,'Fevereiro','Irlanda',75794333),
(2026,'Fevereiro','Irã',796792),
(2026,'Fevereiro','Islândia',360048),
(2026,'Fevereiro','Israel',84671278),
(2026,'Fevereiro','Itália',466645343),
(2026,'Fevereiro','Jamaica',33),
(2026,'Fevereiro','Japão',414341781),
(2026,'Fevereiro','Jordânia',236259),
(2026,'Fevereiro','Laos',1108485),
(2026,'Fevereiro','Lesoto',8),
(2026,'Fevereiro','Letônia',3360650),
(2026,'Fevereiro','Liechtenstein',772354),
(2026,'Fevereiro','Lituânia',3478089),
(2026,'Fevereiro','Luxemburgo',2516206),
(2026,'Fevereiro','Líbano',151483),
(2026,'Fevereiro','Líbia',532871),
(2026,'Fevereiro','Macau',727104),
(2026,'Fevereiro','Macedônia',1926443),
(2026,'Fevereiro','Madagascar',824027),
(2026,'Fevereiro','Maldivas',5),
(2026,'Fevereiro','Malta',667739),
(2026,'Fevereiro','Malásia',139477403),
(2026,'Fevereiro','Marrocos',109129281),
(2026,'Fevereiro','Marshall, Ilhas',84369),
(2026,'Fevereiro','Martinica',122),
(2026,'Fevereiro','Maurício',51967),
(2026,'Fevereiro','Mianmar',703744),
(2026,'Fevereiro','Moldávia',442918),
(2026,'Fevereiro','Mongólia',17418),
(2026,'Fevereiro','Montenegro',6616),
(2026,'Fevereiro','Montserrat',433),
(2026,'Fevereiro','Moçambique',4826123),
(2026,'Fevereiro','México',423160378),
(2026,'Fevereiro','Mônaco',266687),
(2026,'Fevereiro','Namíbia',6073),
(2026,'Fevereiro','Nauru',2543),
(2026,'Fevereiro','Nepal',19591),
(2026,'Fevereiro','Nicarágua',94998),
(2026,'Fevereiro','Nigéria',12235799),
(2026,'Fevereiro','Noruega',86323008),
(2026,'Fevereiro','Nova Caledônia',47119),
(2026,'Fevereiro','Nova Zelândia',7737659),
(2026,'Fevereiro','Não Definido',296358),
(2026,'Fevereiro','Níger',174),
(2026,'Fevereiro','Omã',107390045),
(2026,'Fevereiro','Organizações Internacionais',78),
(2026,'Fevereiro','Panamá',1667289),
(2026,'Fevereiro','Paquistão',11371500),
(2026,'Fevereiro','Paraguai',248638398),
(2026,'Fevereiro','Países Baixos (Holanda)',194087778),
(2026,'Fevereiro','Peru',87740632),
(2026,'Fevereiro','Pitcairn',10679),
(2026,'Fevereiro','Polônia',83047634),
(2026,'Fevereiro','Porto Rico',35928897),
(2026,'Fevereiro','Portugal',76318367),
(2026,'Fevereiro','Quirguistão',66),
(2026,'Fevereiro','Quênia',148036),
(2026,'Fevereiro','Reino Unido',223312000),
(2026,'Fevereiro','República Centro-Africana',31838),
(2026,'Fevereiro','República Dominicana',3898510),
(2026,'Fevereiro','Reunião',37169),
(2026,'Fevereiro','Romênia',29884553),
(2026,'Fevereiro','Rússia',656953684),
(2026,'Fevereiro','Samoa',10117),
(2026,'Fevereiro','Samoa Americana',70854),
(2026,'Fevereiro','San Marino',610719),
(2026,'Fevereiro','Seicheles',221610),
(2026,'Fevereiro','Senegal',48503),
(2026,'Fevereiro','Serra Leoa',632),
(2026,'Fevereiro','Singapura',63047084),
(2026,'Fevereiro','Somália',448),
(2026,'Fevereiro','Sri Lanka',4699333),
(2026,'Fevereiro','Suazilândia',1582),
(2026,'Fevereiro','Sudão',19),
(2026,'Fevereiro','Suriname',137),
(2026,'Fevereiro','Suécia',173609882),
(2026,'Fevereiro','Suíça',274856220),
(2026,'Fevereiro','Svalbard e Jan Mayen',11),
(2026,'Fevereiro','São Cristóvão e Névis',1291),
(2026,'Fevereiro','São Pedro e Miquelon',544),
(2026,'Fevereiro','Sérvia',5002037),
(2026,'Fevereiro','Síria',35351),
(2026,'Fevereiro','Tadjiquistão',557),
(2026,'Fevereiro','Tailândia',185017904),
(2026,'Fevereiro','Taiwan (Formosa)',207133869),
(2026,'Fevereiro','Tanzânia',84613),
(2026,'Fevereiro','Tcheca, República',56667442),
(2026,'Fevereiro','Terras Austrais Francesas',55),
(2026,'Fevereiro','Toquelau',29206),
(2026,'Fevereiro','Trinidad e Tobago',18383348),
(2026,'Fevereiro','Tunísia',8931112),
(2026,'Fevereiro','Turcomenistão',73340094),
(2026,'Fevereiro','Turquia',79558768),
(2026,'Fevereiro','Ucrânia',3376631),
(2026,'Fevereiro','Uganda',1982),
(2026,'Fevereiro','Uruguai',143539530),
(2026,'Fevereiro','Uzbequistão',1272295),
(2026,'Fevereiro','Vaticano',181),
(2026,'Fevereiro','Venezuela',37895091),
(2026,'Fevereiro','Vietnã',303671617),
(2026,'Fevereiro','Virgens, Ilhas (Britânicas)',693031),
(2026,'Fevereiro','Zimbábue',68322),
(2026,'Fevereiro','África do Sul',84836008),
(2026,'Fevereiro','Áustria',94458154),
(2026,'Fevereiro','Índia',496949390),
(2026,'Janeiro','Afeganistão',44655),
(2026,'Janeiro','Aland, Ilhas',2557),
(2026,'Janeiro','Albânia',316926),
(2026,'Janeiro','Alemanha',1101262032),
(2026,'Janeiro','Andorra',6915),
(2026,'Janeiro','Anguilla',170),
(2026,'Janeiro','Argentina',766219218),
(2026,'Janeiro','Argélia',23380422),
(2026,'Janeiro','Armênia',3789),
(2026,'Janeiro','Aruba',31589),
(2026,'Janeiro','Arábia Saudita',207354473),
(2026,'Janeiro','Austrália',86382628),
(2026,'Janeiro','Azerbaijão',1541),
(2026,'Janeiro','Bancos Centrais',1195),
(2026,'Janeiro','Bangladesh',23601379),
(2026,'Janeiro','Barbados',133063),
(2026,'Janeiro','Barein',17889619),
(2026,'Janeiro','Belarus',130909),
(2026,'Janeiro','Belize',32658),
(2026,'Janeiro','Benin',5348),
(2026,'Janeiro','Bermudas',128244),
(2026,'Janeiro','Bolívia',80433955),
(2026,'Janeiro','Botsuana',69807),
(2026,'Janeiro','Brasil',54712324),
(2026,'Janeiro','Bulgária',11158767),
(2026,'Janeiro','Butão',57031),
(2026,'Janeiro','Bélgica',143235377),
(2026,'Janeiro','Bósnia-Herzegovina',1237084),
(2026,'Janeiro','Camarões',1638658),
(2026,'Janeiro','Camboja',21449675),
(2026,'Janeiro','Canadá',230780973),
(2026,'Janeiro','Catar',23474429),
(2026,'Janeiro','Cayman, Ilhas',635),
(2026,'Janeiro','Cazaquistão',44498516),
(2026,'Janeiro','Chile',517442533),
(2026,'Janeiro','China',5749375573),
(2026,'Janeiro','Chipre',302397),
(2026,'Janeiro','Christmas (Navidad), Ilha',173),
(2026,'Janeiro','Colômbia',161361166),
(2026,'Janeiro','Comores',9612),
(2026,'Janeiro','Congo',32201),
(2026,'Janeiro','Congo, República Democrática',2912434),
(2026,'Janeiro','Coreia do Norte',1239),
(2026,'Janeiro','Coreia do Sul',485981692),
(2026,'Janeiro','Costa Rica',14453642),
(2026,'Janeiro','Costa do Marfim',21897700),
(2026,'Janeiro','Coveite (Kuweit)',15423),
(2026,'Janeiro','Croácia',7207345),
(2026,'Janeiro','Cuba',386745),
(2026,'Janeiro','Curaçao',19712),
(2026,'Janeiro','Dinamarca',145466836),
(2026,'Janeiro','Dominica',636),
(2026,'Janeiro','Egito',128464788),
(2026,'Janeiro','El Salvador',1244402),
(2026,'Janeiro','Emirados Árabes Unidos',141595992),
(2026,'Janeiro','Equador',9648915),
(2026,'Janeiro','Eritreia',3040),
(2026,'Janeiro','Eslováquia',46464291),
(2026,'Janeiro','Eslovênia',10025489),
(2026,'Janeiro','Espanha',285254325),
(2026,'Janeiro','Estados Unidos',3067280831),
(2026,'Janeiro','Estônia',4300726),
(2026,'Janeiro','Etiópia',82316),
(2026,'Janeiro','Filipinas',29449012),
(2026,'Janeiro','Finlândia',65793398),
(2026,'Janeiro','França',412263374),
(2026,'Janeiro','Gabão',38528153),
(2026,'Janeiro','Gana',65964292),
(2026,'Janeiro','Geórgia',847586),
(2026,'Janeiro','Grécia',9165647),
(2026,'Janeiro','Guatemala',14988661),
(2026,'Janeiro','Guiana',60421806),
(2026,'Janeiro','Gâmbia',426),
(2026,'Janeiro','Haiti',101096),
(2026,'Janeiro','Honduras',2781000),
(2026,'Janeiro','Hong Kong',85028036),
(2026,'Janeiro','Hungria',36959742),
(2026,'Janeiro','Indonésia',189686250),
(2026,'Janeiro','Irlanda',147576168),
(2026,'Janeiro','Irã',23067357),
(2026,'Janeiro','Islândia',695734),
(2026,'Janeiro','Israel',100554968),
(2026,'Janeiro','Itália',509971551),
(2026,'Janeiro','Jamaica',4886),
(2026,'Janeiro','Japão',462887815),
(2026,'Janeiro','Jordânia',771643),
(2026,'Janeiro','Laos',687354),
(2026,'Janeiro','Lesoto',199),
(2026,'Janeiro','Letônia',3213579),
(2026,'Janeiro','Liechtenstein',680414),
(2026,'Janeiro','Lituânia',3669320),
(2026,'Janeiro','Luxemburgo',5614254),
(2026,'Janeiro','Líbano',441731),
(2026,'Janeiro','Líbia',719388),
(2026,'Janeiro','Macau',149998),
(2026,'Janeiro','Macedônia',930452),
(2026,'Janeiro','Madagascar',319756),
(2026,'Janeiro','Malavi',91769),
(2026,'Janeiro','Malta',1240911),
(2026,'Janeiro','Malásia',121993373),
(2026,'Janeiro','Marianas do Norte, Ilhas',329),
(2026,'Janeiro','Marrocos',57479054),
(2026,'Janeiro','Marshall, Ilhas',320605),
(2026,'Janeiro','Maurício',5637),
(2026,'Janeiro','Mayotte',14),
(2026,'Janeiro','Mianmar',1286681),
(2026,'Janeiro','Moldávia',364967),
(2026,'Janeiro','Mongólia',1196527),
(2026,'Janeiro','Montenegro',9255),
(2026,'Janeiro','Montserrat',130),
(2026,'Janeiro','México',474656133),
(2026,'Janeiro','Mônaco',552714),
(2026,'Janeiro','Namíbia',1454),
(2026,'Janeiro','Nauru',6587),
(2026,'Janeiro','Nepal',2680),
(2026,'Janeiro','Nicarágua',390131),
(2026,'Janeiro','Nigéria',11799387),
(2026,'Janeiro','Niue',153),
(2026,'Janeiro','Norfolk, Ilha',5),
(2026,'Janeiro','Noruega',83644589),
(2026,'Janeiro','Nova Caledônia',11632),
(2026,'Janeiro','Nova Zelândia',4324229),
(2026,'Janeiro','Não Definido',33115),
(2026,'Janeiro','Níger',9981),
(2026,'Janeiro','Omã',53372113),
(2026,'Janeiro','Palau',338),
(2026,'Janeiro','Panamá',1347254),
(2026,'Janeiro','Papua Nova Guiné',32565),
(2026,'Janeiro','Paquistão',13940625),
(2026,'Janeiro','Paraguai',257792296),
(2026,'Janeiro','Países Baixos (Holanda)',148004152),
(2026,'Janeiro','Peru',161433506),
(2026,'Janeiro','Polinésia Francesa',112),
(2026,'Janeiro','Polônia',78177812),
(2026,'Janeiro','Porto Rico',32168395),
(2026,'Janeiro','Portugal',89856894),
(2026,'Janeiro','Quênia',10339),
(2026,'Janeiro','Reino Unido',254110770),
(2026,'Janeiro','República Centro-Africana',9857),
(2026,'Janeiro','República Dominicana',2926909),
(2026,'Janeiro','Romênia',30601218),
(2026,'Janeiro','Rússia',530922944),
(2026,'Janeiro','Samoa',60467),
(2026,'Janeiro','Samoa Americana',15110),
(2026,'Janeiro','San Marino',2109719),
(2026,'Janeiro','Seicheles',71576),
(2026,'Janeiro','Senegal',147683),
(2026,'Janeiro','Serra Leoa',1423),
(2026,'Janeiro','Singapura',75952159),
(2026,'Janeiro','Somália',353),
(2026,'Janeiro','Sri Lanka',8469269),
(2026,'Janeiro','Suazilândia',167),
(2026,'Janeiro','Sudão',191988),
(2026,'Janeiro','Suriname',49),
(2026,'Janeiro','Suécia',150894282),
(2026,'Janeiro','Suíça',234434363),
(2026,'Janeiro','São Cristóvão e Névis',5301),
(2026,'Janeiro','Sérvia',4481527),
(2026,'Janeiro','Síria',42907),
(2026,'Janeiro','Tadjiquistão',137),
(2026,'Janeiro','Tailândia',217427092),
(2026,'Janeiro','Taiwan (Formosa)',226606905),
(2026,'Janeiro','Tanzânia',120224),
(2026,'Janeiro','Tcheca, República',61832582),
(2026,'Janeiro','Território Britânico do Oceano Índico',130686),
(2026,'Janeiro','Timor Leste',1018),
(2026,'Janeiro','Togo',105328),
(2026,'Janeiro','Toquelau',3543),
(2026,'Janeiro','Trinidad e Tobago',56554043),
(2026,'Janeiro','Tunísia',8067684),
(2026,'Janeiro','Turcomenistão',49008256),
(2026,'Janeiro','Turquia',95889757),
(2026,'Janeiro','Ucrânia',8949977),
(2026,'Janeiro','Uganda',94371),
(2026,'Janeiro','Uruguai',141831897),
(2026,'Janeiro','Uzbequistão',1994834),
(2026,'Janeiro','Venezuela',30464633),
(2026,'Janeiro','Vietnã',332063428),
(2026,'Janeiro','Virgens, Ilhas (Americanas)',3258),
(2026,'Janeiro','Virgens, Ilhas (Britânicas)',200121),
(2026,'Janeiro','Zimbábue',66779),
(2026,'Janeiro','Zâmbia',117775),
(2026,'Janeiro','África do Sul',80021582),
(2026,'Janeiro','Áustria',106460052),
(2026,'Janeiro','Índia',568337775),
(2025,'Dezembro','Afeganistão',48415),
(2025,'Dezembro','Aland, Ilhas',9933),
(2025,'Dezembro','Albânia',82361),
(2025,'Dezembro','Alemanha',1093569169),
(2025,'Dezembro','Andorra',494),
(2025,'Dezembro','Angola',67048456),
(2025,'Dezembro','Anguilla',27726),
(2025,'Dezembro','Antártica',1232),
(2025,'Dezembro','Antígua e Barbuda',4884),
(2025,'Dezembro','Argentina',1067495611),
(2025,'Dezembro','Argélia',99588992),
(2025,'Dezembro','Armênia',1509523),
(2025,'Dezembro','Aruba',337),
(2025,'Dezembro','Arábia Saudita',213974724),
(2025,'Dezembro','Austrália',112070415),
(2025,'Dezembro','Azerbaijão',190080),
(2025,'Dezembro','Bangladesh',22843549),
(2025,'Dezembro','Barbados',62813),
(2025,'Dezembro','Barein',40460637),
(2025,'Dezembro','Belarus',49285),
(2025,'Dezembro','Belize',113153),
(2025,'Dezembro','Benin',27182),
(2025,'Dezembro','Bermudas',14612),
(2025,'Dezembro','Bolívia',93483315),
(2025,'Dezembro','Bonaire, Saint Eustatius e Saba',1424),
(2025,'Dezembro','Botsuana',93756),
(2025,'Dezembro','Brasil',35191626),
(2025,'Dezembro','Brunei',223),
(2025,'Dezembro','Bulgária',9164755),
(2025,'Dezembro','Burkina Faso',7683),
(2025,'Dezembro','Butão',86652),
(2025,'Dezembro','Bélgica',182340605),
(2025,'Dezembro','Bósnia-Herzegovina',748540),
(2025,'Dezembro','Cabo Verde',3439),
(2025,'Dezembro','Camarões',916409),
(2025,'Dezembro','Camboja',19819525),
(2025,'Dezembro','Canadá',243799126),
(2025,'Dezembro','Catar',28800142),
(2025,'Dezembro','Cayman, Ilhas',574),
(2025,'Dezembro','Cazaquistão',925379),
(2025,'Dezembro','Chile',304736477),
(2025,'Dezembro','China',5440994595),
(2025,'Dezembro','Chipre',128223),
(2025,'Dezembro','Christmas (Navidad), Ilha',454),
(2025,'Dezembro','Colômbia',143819585),
(2025,'Dezembro','Congo, República Democrática',20620572),
(2025,'Dezembro','Coreia do Sul',493689944),
(2025,'Dezembro','Costa Rica',15225959),
(2025,'Dezembro','Costa do Marfim',7043749),
(2025,'Dezembro','Coveite (Kuweit)',63587),
(2025,'Dezembro','Croácia',4374752),
(2025,'Dezembro','Cuba',37253),
(2025,'Dezembro','Curaçao',56247),
(2025,'Dezembro','Dinamarca',87089778),
(2025,'Dezembro','Dominica',119),
(2025,'Dezembro','Egito',95387225),
(2025,'Dezembro','El Salvador',1406708),
(2025,'Dezembro','Emirados Árabes Unidos',67512975),
(2025,'Dezembro','Equador',7957078),
(2025,'Dezembro','Eritreia',2952),
(2025,'Dezembro','Eslováquia',47214011),
(2025,'Dezembro','Eslovênia',31202416),
(2025,'Dezembro','Espanha',343848679),
(2025,'Dezembro','Estados Unidos',3192368290),
(2025,'Dezembro','Estônia',3607876),
(2025,'Dezembro','Etiópia',62108),
(2025,'Dezembro','Filipinas',24125671),
(2025,'Dezembro','Finlândia',165136263),
(2025,'Dezembro','França',537471729),
(2025,'Dezembro','Gana',3350974),
(2025,'Dezembro','Geórgia',76992),
(2025,'Dezembro','Gibraltar',372),
(2025,'Dezembro','Grécia',16205091),
(2025,'Dezembro','Guatemala',6936074),
(2025,'Dezembro','Guiana',62015248),
(2025,'Dezembro','Guiana Francesa',93),
(2025,'Dezembro','Haiti',254099),
(2025,'Dezembro','Honduras',2377851),
(2025,'Dezembro','Hong Kong',72926657),
(2025,'Dezembro','Hungria',31036385),
(2025,'Dezembro','Indonésia',194608896),
(2025,'Dezembro','Iraque',222438),
(2025,'Dezembro','Irlanda',65409854),
(2025,'Dezembro','Irã',849726),
(2025,'Dezembro','Islândia',2848833),
(2025,'Dezembro','Israel',108754624),
(2025,'Dezembro','Itália',591412877),
(2025,'Dezembro','Iêmen',156),
(2025,'Dezembro','Jamaica',136530),
(2025,'Dezembro','Japão',429620995),
(2025,'Dezembro','Jordânia',519097),
(2025,'Dezembro','Laos',364601),
(2025,'Dezembro','Lesoto',447),
(2025,'Dezembro','Letônia',12464307),
(2025,'Dezembro','Liechtenstein',691046),
(2025,'Dezembro','Lituânia',12284720),
(2025,'Dezembro','Luxemburgo',4029299),
(2025,'Dezembro','Líbano',676162),
(2025,'Dezembro','Líbia',266946),
(2025,'Dezembro','Macau',73790),
(2025,'Dezembro','Macedônia',1291349),
(2025,'Dezembro','Madagascar',589558),
(2025,'Dezembro','Malavi',496),
(2025,'Dezembro','Malta',627925),
(2025,'Dezembro','Malásia',127845218),
(2025,'Dezembro','Marianas do Norte, Ilhas',313),
(2025,'Dezembro','Marrocos',63404578),
(2025,'Dezembro','Marshall, Ilhas',63958),
(2025,'Dezembro','Maurício',67077),
(2025,'Dezembro','Mianmar',2165242),
(2025,'Dezembro','Moldávia',595444),
(2025,'Dezembro','Mongólia',42000),
(2025,'Dezembro','Montserrat',581),
(2025,'Dezembro','Moçambique',7127334),
(2025,'Dezembro','México',528516896),
(2025,'Dezembro','Mônaco',563004),
(2025,'Dezembro','Namíbia',41),
(2025,'Dezembro','Nepal',40270),
(2025,'Dezembro','Nicarágua',40583),
(2025,'Dezembro','Nigéria',115300703),
(2025,'Dezembro','Niue',34),
(2025,'Dezembro','Noruega',77659759),
(2025,'Dezembro','Nova Caledônia',10679),
(2025,'Dezembro','Nova Zelândia',3899771),
(2025,'Dezembro','Não Definido',4925),
(2025,'Dezembro','Níger',189),
(2025,'Dezembro','Omã',134711696),
(2025,'Dezembro','Organizações Internacionais',53),
(2025,'Dezembro','Palestina',2396),
(2025,'Dezembro','Panamá',1327660),
(2025,'Dezembro','Paquistão',12685907),
(2025,'Dezembro','Paraguai',243494781),
(2025,'Dezembro','Países Baixos (Holanda)',232688276),
(2025,'Dezembro','Peru',117046900),
(2025,'Dezembro','Polônia',76923689),
(2025,'Dezembro','Porto Rico',29055061),
(2025,'Dezembro','Portugal',110016911),
(2025,'Dezembro','Quênia',219887),
(2025,'Dezembro','Reino Unido',294581948),
(2025,'Dezembro','República Centro-Africana',2485),
(2025,'Dezembro','República Dominicana',5239879),
(2025,'Dezembro','Reunião',18),
(2025,'Dezembro','Romênia',24986478),
(2025,'Dezembro','Rússia',707974415),
(2025,'Dezembro','Samoa',60717),
(2025,'Dezembro','Samoa Americana',5309),
(2025,'Dezembro','San Marino',1185884),
(2025,'Dezembro','Santa Helena',123),
(2025,'Dezembro','Seicheles',15697),
(2025,'Dezembro','Senegal',147678),
(2025,'Dezembro','Serra Leoa',2370),
(2025,'Dezembro','Singapura',75610538),
(2025,'Dezembro','Sint Maarten',6644),
(2025,'Dezembro','Somália',1424),
(2025,'Dezembro','Sri Lanka',9747806),
(2025,'Dezembro','Suazilândia',80367),
(2025,'Dezembro','Sudão',169528),
(2025,'Dezembro','Suécia',127151037),
(2025,'Dezembro','Suíça',188619923),
(2025,'Dezembro','São Cristóvão e Névis',3778),
(2025,'Dezembro','Sérvia',7303264),
(2025,'Dezembro','Tadjiquistão',6881),
(2025,'Dezembro','Tailândia',199857189),
(2025,'Dezembro','Taiwan (Formosa)',208467362),
(2025,'Dezembro','Tanzânia',23562),
(2025,'Dezembro','Tcheca, República',56239804),
(2025,'Dezembro','Terras Austrais Francesas',720),
(2025,'Dezembro','Togo',1808),
(2025,'Dezembro','Toquelau',3672),
(2025,'Dezembro','Trinidad e Tobago',48843719),
(2025,'Dezembro','Tunísia',5936817),
(2025,'Dezembro','Turcomenistão',40657114),
(2025,'Dezembro','Turquia',110925687),
(2025,'Dezembro','Ucrânia',5293018),
(2025,'Dezembro','Uganda',2158),
(2025,'Dezembro','Uruguai',145123037),
(2025,'Dezembro','Uzbequistão',12542483),
(2025,'Dezembro','Vaticano',203),
(2025,'Dezembro','Venezuela',35413771),
(2025,'Dezembro','Vietnã',289570394),
(2025,'Dezembro','Virgens, Ilhas (Americanas)',33),
(2025,'Dezembro','Virgens, Ilhas (Britânicas)',53923),
(2025,'Dezembro','Zimbábue',38536),
(2025,'Dezembro','Zâmbia',141588),
(2025,'Dezembro','África do Sul',64725818),
(2025,'Dezembro','Áustria',143984610),
(2025,'Dezembro','Índia',696389455),
(2025,'Novembro','Afeganistão',8771),
(2025,'Novembro','Aland, Ilhas',14555),
(2025,'Novembro','Albânia',274599),
(2025,'Novembro','Alemanha',1179960972),
(2025,'Novembro','Andorra',4493),
(2025,'Novembro','Angola',64552832),
(2025,'Novembro','Anguilla',292),
(2025,'Novembro','Antártica',1032),
(2025,'Novembro','Argentina',1099326056),
(2025,'Novembro','Argélia',84792566),
(2025,'Novembro','Armênia',19895),
(2025,'Novembro','Arábia Saudita',228111065),
(2025,'Novembro','Austrália',86856398),
(2025,'Novembro','Bancos Centrais',3),
(2025,'Novembro','Bangladesh',18972419),
(2025,'Novembro','Barbados',866),
(2025,'Novembro','Barein',16069519),
(2025,'Novembro','Belarus',237877),
(2025,'Novembro','Belize',8828),
(2025,'Novembro','Benin',13630),
(2025,'Novembro','Bermudas',473),
(2025,'Novembro','Bolívia',107142517),
(2025,'Novembro','Botsuana',43750),
(2025,'Novembro','Brasil',42989916),
(2025,'Novembro','Brunei',9475),
(2025,'Novembro','Bulgária',8122157),
(2025,'Novembro','Butão',48414),
(2025,'Novembro','Bélgica',203944652),
(2025,'Novembro','Bósnia-Herzegovina',547504),
(2025,'Novembro','Camarões',226715),
(2025,'Novembro','Camboja',18968262),
(2025,'Novembro','Canadá',234899158),
(2025,'Novembro','Catar',59696769),
(2025,'Novembro','Cayman, Ilhas',6256),
(2025,'Novembro','Cazaquistão',14224092),
(2025,'Novembro','Chade',29373),
(2025,'Novembro','Chile',444396472),
(2025,'Novembro','China',5693442381),
(2025,'Novembro','Chipre',414182),
(2025,'Novembro','Christmas (Navidad), Ilha',42),
(2025,'Novembro','Colômbia',159822340),
(2025,'Novembro','Comores',55237),
(2025,'Novembro','Congo',1077),
(2025,'Novembro','Coreia do Norte',66837),
(2025,'Novembro','Coreia do Sul',423955633),
(2025,'Novembro','Costa Rica',14622117),
(2025,'Novembro','Costa do Marfim',6733957),
(2025,'Novembro','Croácia',2630654),
(2025,'Novembro','Cuba',221560),
(2025,'Novembro','Curaçao',13782),
(2025,'Novembro','Dinamarca',115787523),
(2025,'Novembro','Dominica',225),
(2025,'Novembro','Egito',96145526),
(2025,'Novembro','El Salvador',1143472),
(2025,'Novembro','Emirados Árabes Unidos',219718387),
(2025,'Novembro','Equador',9702050),
(2025,'Novembro','Eslováquia',48898919),
(2025,'Novembro','Eslovênia',15460896),
(2025,'Novembro','Espanha',294806540),
(2025,'Novembro','Estados Unidos',3757903000),
(2025,'Novembro','Estônia',3131701),
(2025,'Novembro','Etiópia',28837),
(2025,'Novembro','Filipinas',25048986),
(2025,'Novembro','Finlândia',99505821),
(2025,'Novembro','França',506601029),
(2025,'Novembro','Gabão',46229270),
(2025,'Novembro','Gana',5113619),
(2025,'Novembro','Geórgia',750133),
(2025,'Novembro','Gibraltar',43),
(2025,'Novembro','Grécia',7315015),
(2025,'Novembro','Guatemala',13864307),
(2025,'Novembro','Guernsey',83),
(2025,'Novembro','Guiana',701348),
(2025,'Novembro','Guiana Francesa',9561),
(2025,'Novembro','Gâmbia',1084),
(2025,'Novembro','Haiti',478285),
(2025,'Novembro','Honduras',2498559),
(2025,'Novembro','Hong Kong',73099170),
(2025,'Novembro','Hungria',46044598),
(2025,'Novembro','Indonésia',182889112),
(2025,'Novembro','Iraque',217561),
(2025,'Novembro','Irlanda',134556535),
(2025,'Novembro','Irã',24467736),
(2025,'Novembro','Islândia',709993),
(2025,'Novembro','Israel',110945605),
(2025,'Novembro','Itália',561386687),
(2025,'Novembro','Jamaica',6219),
(2025,'Novembro','Japão',435260408),
(2025,'Novembro','Jordânia',8166045),
(2025,'Novembro','Laos',744075),
(2025,'Novembro','Letônia',2446520),
(2025,'Novembro','Liechtenstein',1063581),
(2025,'Novembro','Lituânia',5069724),
(2025,'Novembro','Luxemburgo',10674255),
(2025,'Novembro','Líbano',3318274),
(2025,'Novembro','Líbia',491951),
(2025,'Novembro','Macau',118293),
(2025,'Novembro','Macedônia',1996231),
(2025,'Novembro','Madagascar',321410),
(2025,'Novembro','Malavi',313648),
(2025,'Novembro','Mali',3),
(2025,'Novembro','Malta',959402),
(2025,'Novembro','Malásia',127593218),
(2025,'Novembro','Marianas do Norte, Ilhas',306),
(2025,'Novembro','Marrocos',51704647),
(2025,'Novembro','Marshall, Ilhas',136124),
(2025,'Novembro','Maurício',142027),
(2025,'Novembro','Mianmar',885896),
(2025,'Novembro','Micronésia',5063),
(2025,'Novembro','Moldávia',369401),
(2025,'Novembro','Mongólia',225264),
(2025,'Novembro','Montenegro',2344),
(2025,'Novembro','Moçambique',48000),
(2025,'Novembro','México',714506848),
(2025,'Novembro','Mônaco',299764),
(2025,'Novembro','Namíbia',114),
(2025,'Novembro','Nauru',1202),
(2025,'Novembro','Nepal',90916),
(2025,'Novembro','Nicarágua',181887),
(2025,'Novembro','Nigéria',115032626),
(2025,'Novembro','Niue',34),
(2025,'Novembro','Noruega',80640662),
(2025,'Novembro','Nova Caledônia',2311),
(2025,'Novembro','Nova Zelândia',5122578),
(2025,'Novembro','Não Definido',253082),
(2025,'Novembro','Níger',7),
(2025,'Novembro','Omã',75800818),
(2025,'Novembro','Pacífico, Ilhas do (EUA)',2277),
(2025,'Novembro','Panamá',1450755),
(2025,'Novembro','Paquistão',18162240),
(2025,'Novembro','Paraguai',305280322),
(2025,'Novembro','Países Baixos (Holanda)',267064409),
(2025,'Novembro','Peru',135673242),
(2025,'Novembro','Polônia',69329579),
(2025,'Novembro','Porto Rico',25251538),
(2025,'Novembro','Portugal',104284489),
(2025,'Novembro','Quirguistão',728),
(2025,'Novembro','Quênia',102488),
(2025,'Novembro','Reino Unido',298962529),
(2025,'Novembro','República Centro-Africana',202),
(2025,'Novembro','República Dominicana',3402608),
(2025,'Novembro','Reunião',19589),
(2025,'Novembro','Romênia',35444953),
(2025,'Novembro','Rússia',412493863),
(2025,'Novembro','Samoa',46591),
(2025,'Novembro','Samoa Americana',15313),
(2025,'Novembro','San Marino',2325286),
(2025,'Novembro','Seicheles',12702),
(2025,'Novembro','Senegal',11853),
(2025,'Novembro','Serra Leoa',2547),
(2025,'Novembro','Singapura',60307101),
(2025,'Novembro','Sri Lanka',5903943),
(2025,'Novembro','Suazilândia',12613),
(2025,'Novembro','Sudão',777),
(2025,'Novembro','Suriname',12),
(2025,'Novembro','Suécia',247355354),
(2025,'Novembro','Suíça',228818951),
(2025,'Novembro','São Cristóvão e Névis',7503),
(2025,'Novembro','Sérvia',5430524),
(2025,'Novembro','Síria',288),
(2025,'Novembro','Tadjiquistão',988),
(2025,'Novembro','Tailândia',191899721),
(2025,'Novembro','Taiwan (Formosa)',188636953),
(2025,'Novembro','Tcheca, República',70489308),
(2025,'Novembro','Terras Austrais Francesas',72),
(2025,'Novembro','Território Britânico do Oceano Índico',217),
(2025,'Novembro','Toquelau',616),
(2025,'Novembro','Trinidad e Tobago',36469791),
(2025,'Novembro','Tunísia',7710690),
(2025,'Novembro','Turcomenistão',33014063),
(2025,'Novembro','Turquia',99483419),
(2025,'Novembro','Ucrânia',8188285),
(2025,'Novembro','Uganda',121),
(2025,'Novembro','Uruguai',136160768),
(2025,'Novembro','Uzbequistão',944925),
(2025,'Novembro','Vaticano',33),
(2025,'Novembro','Venezuela',21485299),
(2025,'Novembro','Vietnã',297019468),
(2025,'Novembro','Virgens, Ilhas (Americanas)',78522),
(2025,'Novembro','Virgens, Ilhas (Britânicas)',99538),
(2025,'Novembro','Zimbábue',37118),
(2025,'Novembro','Zâmbia',64032),
(2025,'Novembro','África do Sul',66102302),
(2025,'Novembro','Áustria',127571370),
(2025,'Novembro','Índia',625981281),
(2025,'Outubro','Afeganistão',73604),
(2025,'Outubro','Aland, Ilhas',626),
(2025,'Outubro','Albânia',262068),
(2025,'Outubro','Alemanha',1250050086),
(2025,'Outubro','Angola',65602906),
(2025,'Outubro','Anguilla',5271),
(2025,'Outubro','Antártica',2335),
(2025,'Outubro','Antígua e Barbuda',550),
(2025,'Outubro','Argentina',1237869470),
(2025,'Outubro','Argélia',93031709),
(2025,'Outubro','Armênia',1889037),
(2025,'Outubro','Aruba',66),
(2025,'Outubro','Arábia Saudita',305124420),
(2025,'Outubro','Austrália',90982574),
(2025,'Outubro','Azerbaijão',202219),
(2025,'Outubro','Bahamas',539),
(2025,'Outubro','Bangladesh',29632281),
(2025,'Outubro','Barein',3723779),
(2025,'Outubro','Belarus',29737),
(2025,'Outubro','Belize',14612),
(2025,'Outubro','Benin',39427),
(2025,'Outubro','Bermudas',148673),
(2025,'Outubro','Bolívia',92513316),
(2025,'Outubro','Botsuana',167185),
(2025,'Outubro','Brasil',72235579),
(2025,'Outubro','Brunei',58818),
(2025,'Outubro','Bulgária',13045403),
(2025,'Outubro','Burkina Faso',282019),
(2025,'Outubro','Burundi',460),
(2025,'Outubro','Butão',87563),
(2025,'Outubro','Bélgica',209052525),
(2025,'Outubro','Bósnia-Herzegovina',971939),
(2025,'Outubro','Cabo Verde',1871),
(2025,'Outubro','Camarões',61122),
(2025,'Outubro','Camboja',17544340),
(2025,'Outubro','Canadá',292774056),
(2025,'Outubro','Catar',122450764),
(2025,'Outubro','Cayman, Ilhas',22773),
(2025,'Outubro','Cazaquistão',17958415),
(2025,'Outubro','Chade',12673),
(2025,'Outubro','Chile',334521289),
(2025,'Outubro','China',6427826005),
(2025,'Outubro','Chipre',227001),
(2025,'Outubro','Colômbia',227170463),
(2025,'Outubro','Comores',7958),
(2025,'Outubro','Congo',1242),
(2025,'Outubro','Congo, República Democrática',14257964),
(2025,'Outubro','Coreia do Norte',87966),
(2025,'Outubro','Coreia do Sul',403130151),
(2025,'Outubro','Costa Rica',13999362),
(2025,'Outubro','Costa do Marfim',6649915),
(2025,'Outubro','Coveite (Kuweit)',62949),
(2025,'Outubro','Croácia',2655929),
(2025,'Outubro','Cuba',333460),
(2025,'Outubro','Curaçao',24500),
(2025,'Outubro','Dinamarca',96883012),
(2025,'Outubro','Dominica',75),
(2025,'Outubro','Egito',94514330),
(2025,'Outubro','El Salvador',360310),
(2025,'Outubro','Emirados Árabes Unidos',113030625),
(2025,'Outubro','Equador',12350497),
(2025,'Outubro','Eslováquia',35116093),
(2025,'Outubro','Eslovênia',11920521),
(2025,'Outubro','Espanha',367143721),
(2025,'Outubro','Estados Unidos',3967602576),
(2025,'Outubro','Estônia',5236229),
(2025,'Outubro','Etiópia',32973),
(2025,'Outubro','Filipinas',27733789),
(2025,'Outubro','Finlândia',67358174),
(2025,'Outubro','França',762292411),
(2025,'Outubro','Gana',4734362),
(2025,'Outubro','Geórgia',578075),
(2025,'Outubro','Gibraltar',72),
(2025,'Outubro','Grécia',4220859),
(2025,'Outubro','Guatemala',12794736),
(2025,'Outubro','Guiana',67059241),
(2025,'Outubro','Gâmbia',86),
(2025,'Outubro','Haiti',38167),
(2025,'Outubro','Honduras',3453494),
(2025,'Outubro','Hong Kong',74742336),
(2025,'Outubro','Hungria',36168676),
(2025,'Outubro','Indonésia',170009108),
(2025,'Outubro','Iraque',669229),
(2025,'Outubro','Irlanda',124315610),
(2025,'Outubro','Irã',1796853),
(2025,'Outubro','Islândia',712576),
(2025,'Outubro','Israel',114637516),
(2025,'Outubro','Itália',558318097),
(2025,'Outubro','Iêmen',4631),
(2025,'Outubro','Jamaica',13080),
(2025,'Outubro','Japão',468678860),
(2025,'Outubro','Jordânia',13643643),
(2025,'Outubro','Laos',581476),
(2025,'Outubro','Lesoto',1823),
(2025,'Outubro','Letônia',1946323),
(2025,'Outubro','Libéria',69442),
(2025,'Outubro','Liechtenstein',5747835),
(2025,'Outubro','Lituânia',6089536),
(2025,'Outubro','Luxemburgo',4530817),
(2025,'Outubro','Líbano',3296613),
(2025,'Outubro','Líbia',428798),
(2025,'Outubro','Macau',229033),
(2025,'Outubro','Macedônia',1367030),
(2025,'Outubro','Madagascar',643863),
(2025,'Outubro','Malavi',912678),
(2025,'Outubro','Maldivas',15764),
(2025,'Outubro','Malta',861642),
(2025,'Outubro','Malásia',146124935),
(2025,'Outubro','Marianas do Norte, Ilhas',111),
(2025,'Outubro','Marrocos',60408964),
(2025,'Outubro','Marshall, Ilhas',240909),
(2025,'Outubro','Mauritânia',665),
(2025,'Outubro','Maurício',219801),
(2025,'Outubro','Mianmar',1076331),
(2025,'Outubro','Moldávia',376832),
(2025,'Outubro','Mongólia',19198),
(2025,'Outubro','Montenegro',2030),
(2025,'Outubro','Moçambique',1326),
(2025,'Outubro','México',535100044),
(2025,'Outubro','Mônaco',397634),
(2025,'Outubro','Namíbia',16984),
(2025,'Outubro','Nauru',2481),
(2025,'Outubro','Nepal',15374),
(2025,'Outubro','Nicarágua',71005),
(2025,'Outubro','Nigéria',160157043),
(2025,'Outubro','Noruega',92353180),
(2025,'Outubro','Nova Zelândia',7184465),
(2025,'Outubro','Não Definido',222665),
(2025,'Outubro','Níger',10),
(2025,'Outubro','Omã',113315824),
(2025,'Outubro','Palau',146),
(2025,'Outubro','Panamá',1400878),
(2025,'Outubro','Papua Nova Guiné',27660),
(2025,'Outubro','Paquistão',15038961),
(2025,'Outubro','Paraguai',334126718),
(2025,'Outubro','Países Baixos (Holanda)',183538936),
(2025,'Outubro','Peru',102871849),
(2025,'Outubro','Polinésia Francesa',1062),
(2025,'Outubro','Polônia',72388985),
(2025,'Outubro','Porto Rico',73085528),
(2025,'Outubro','Portugal',108002835),
(2025,'Outubro','Quirguistão',67),
(2025,'Outubro','Quênia',104073),
(2025,'Outubro','Reino Unido',433434718),
(2025,'Outubro','República Centro-Africana',762),
(2025,'Outubro','República Dominicana',3320884),
(2025,'Outubro','Romênia',38363311),
(2025,'Outubro','Rússia',604306261),
(2025,'Outubro','Samoa',160924),
(2025,'Outubro','Samoa Americana',21000),
(2025,'Outubro','San Marino',1486456),
(2025,'Outubro','Seicheles',23693),
(2025,'Outubro','Senegal',98693),
(2025,'Outubro','Serra Leoa',1372),
(2025,'Outubro','Singapura',60198518),
(2025,'Outubro','Sri Lanka',7149098),
(2025,'Outubro','Suazilândia',5326),
(2025,'Outubro','Suriname',656),
(2025,'Outubro','Suécia',199445750),
(2025,'Outubro','Suíça',348823145),
(2025,'Outubro','São Cristóvão e Névis',3278),
(2025,'Outubro','São Pedro e Miquelon',240),
(2025,'Outubro','Sérvia',5499769),
(2025,'Outubro','Síria',38530),
(2025,'Outubro','Tadjiquistão',56450),
(2025,'Outubro','Tailândia',236527860),
(2025,'Outubro','Taiwan (Formosa)',222875393),
(2025,'Outubro','Tanzânia',101274),
(2025,'Outubro','Tcheca, República',64048944),
(2025,'Outubro','Território Britânico do Oceano Índico',225056),
(2025,'Outubro','Togo',52430),
(2025,'Outubro','Tonga',248),
(2025,'Outubro','Toquelau',841),
(2025,'Outubro','Trinidad e Tobago',43087354),
(2025,'Outubro','Tunísia',8086411),
(2025,'Outubro','Turcomenistão',32581181),
(2025,'Outubro','Turquia',139066080),
(2025,'Outubro','Ucrânia',7225405),
(2025,'Outubro','Uganda',121),
(2025,'Outubro','Uruguai',182078313),
(2025,'Outubro','Uzbequistão',1905491),
(2025,'Outubro','Vaticano',8027),
(2025,'Outubro','Venezuela',52339370),
(2025,'Outubro','Vietnã',308337167),
(2025,'Outubro','Virgens, Ilhas (Americanas)',430),
(2025,'Outubro','Virgens, Ilhas (Britânicas)',269654),
(2025,'Outubro','Zimbábue',165),
(2025,'Outubro','Zâmbia',59777),
(2025,'Outubro','África do Sul',53642550),
(2025,'Outubro','Áustria',127617768),
(2025,'Outubro','Índia',1039649241),
(2025,'Setembro','Afeganistão',112945),
(2025,'Setembro','Aland, Ilhas',37312),
(2025,'Setembro','Albânia',72899),
(2025,'Setembro','Alemanha',1336201133),
(2025,'Setembro','Andorra',548),
(2025,'Setembro','Angola',23006213),
(2025,'Setembro','Anguilla',1670),
(2025,'Setembro','Antártica',7327),
(2025,'Setembro','Argentina',1235179054),
(2025,'Setembro','Argélia',41766227),
(2025,'Setembro','Armênia',2008571),
(2025,'Setembro','Aruba',37245),
(2025,'Setembro','Arábia Saudita',474289481),
(2025,'Setembro','Austrália',90639952),
(2025,'Setembro','Azerbaijão',14900),
(2025,'Setembro','Bahamas',34),
(2025,'Setembro','Bangladesh',21090151),
(2025,'Setembro','Barein',3467902),
(2025,'Setembro','Belarus',30902),
(2025,'Setembro','Belize',12005),
(2025,'Setembro','Benin',307),
(2025,'Setembro','Bermudas',117868),
(2025,'Setembro','Bolívia',96555948),
(2025,'Setembro','Botsuana',38352),
(2025,'Setembro','Bouvet, Ilha',124),
(2025,'Setembro','Brasil',44209043),
(2025,'Setembro','Bulgária',9103883),
(2025,'Setembro','Butão',67668),
(2025,'Setembro','Bélgica',215097023),
(2025,'Setembro','Bósnia-Herzegovina',675979),
(2025,'Setembro','Camarões',947),
(2025,'Setembro','Camboja',17129742),
(2025,'Setembro','Canadá',274026228),
(2025,'Setembro','Catar',85043894),
(2025,'Setembro','Cayman, Ilhas',1235),
(2025,'Setembro','Cazaquistão',7673838),
(2025,'Setembro','Chade',9802),
(2025,'Setembro','Chile',387917581),
(2025,'Setembro','China',6272900680),
(2025,'Setembro','Chipre',113202),
(2025,'Setembro','Christmas (Navidad), Ilha',72190),
(2025,'Setembro','Cocos (Keeling), Ilhas',1488),
(2025,'Setembro','Colômbia',193824309),
(2025,'Setembro','Comores',3289),
(2025,'Setembro','Congo, República Democrática',4387115),
(2025,'Setembro','Coreia do Norte',118910),
(2025,'Setembro','Coreia do Sul',445657721),
(2025,'Setembro','Costa Rica',13839704),
(2025,'Setembro','Costa do Marfim',9021777),
(2025,'Setembro','Coveite (Kuweit)',5473),
(2025,'Setembro','Croácia',1971937),
(2025,'Setembro','Cuba',251070),
(2025,'Setembro','Curaçao',5997),
(2025,'Setembro','Dinamarca',121994421),
(2025,'Setembro','Egito',119344000),
(2025,'Setembro','El Salvador',1291062),
(2025,'Setembro','Emirados Árabes Unidos',21088592),
(2025,'Setembro','Equador',8754427),
(2025,'Setembro','Eritreia',77025),
(2025,'Setembro','Eslováquia',34355804),
(2025,'Setembro','Eslovênia',29404855),
(2025,'Setembro','Espanha',292650071),
(2025,'Setembro','Estados Unidos',4335296605),
(2025,'Setembro','Estônia',4485299),
(2025,'Setembro','Etiópia',415991),
(2025,'Setembro','Filipinas',33215907),
(2025,'Setembro','Finlândia',62343950),
(2025,'Setembro','França',698733446),
(2025,'Setembro','Gabão',44405265),
(2025,'Setembro','Gana',73057903),
(2025,'Setembro','Geórgia',197463),
(2025,'Setembro','Geórgia do Sul e Sandwich do Sul, Ilhas',4198),
(2025,'Setembro','Gibraltar',614),
(2025,'Setembro','Grécia',3141730),
(2025,'Setembro','Guatemala',6560527),
(2025,'Setembro','Guiana',67017558),
(2025,'Setembro','Guiné Equatorial',5),
(2025,'Setembro','Gâmbia',602),
(2025,'Setembro','Haiti',107833),
(2025,'Setembro','Honduras',3429787),
(2025,'Setembro','Hong Kong',80582092),
(2025,'Setembro','Hungria',49383570),
(2025,'Setembro','Indonésia',193953855),
(2025,'Setembro','Iraque',44658),
(2025,'Setembro','Irlanda',169724674),
(2025,'Setembro','Irã',23687652),
(2025,'Setembro','Islândia',1061774),
(2025,'Setembro','Israel',139984470),
(2025,'Setembro','Itália',567645883),
(2025,'Setembro','Jamaica',10836),
(2025,'Setembro','Japão',545270421),
(2025,'Setembro','Jordânia',13288396),
(2025,'Setembro','Laos',759220),
(2025,'Setembro','Letônia',3000900),
(2025,'Setembro','Libéria',2079),
(2025,'Setembro','Liechtenstein',656851),
(2025,'Setembro','Lituânia',4412228),
(2025,'Setembro','Luxemburgo',3351865),
(2025,'Setembro','Líbano',361712),
(2025,'Setembro','Líbia',381288),
(2025,'Setembro','Macau',121739),
(2025,'Setembro','Macedônia',3600127),
(2025,'Setembro','Madagascar',275305),
(2025,'Setembro','Malavi',120028),
(2025,'Setembro','Maldivas',55174),
(2025,'Setembro','Malta',1350008),
(2025,'Setembro','Malásia',140507602),
(2025,'Setembro','Marrocos',105187782),
(2025,'Setembro','Marshall, Ilhas',93984),
(2025,'Setembro','Maurício',53255),
(2025,'Setembro','Mianmar',713762),
(2025,'Setembro','Moldávia',556757),
(2025,'Setembro','Mongólia',62556),
(2025,'Setembro','Montenegro',69968),
(2025,'Setembro','México',549645409),
(2025,'Setembro','Mônaco',822522),
(2025,'Setembro','Namíbia',3731),
(2025,'Setembro','Nepal',16734),
(2025,'Setembro','Nicarágua',99079),
(2025,'Setembro','Nigéria',55146596),
(2025,'Setembro','Norfolk, Ilha',373),
(2025,'Setembro','Noruega',55863101),
(2025,'Setembro','Nova Caledônia',18670),
(2025,'Setembro','Nova Zelândia',8688219),
(2025,'Setembro','Não Definido',1465),
(2025,'Setembro','Níger',4),
(2025,'Setembro','Omã',101106856),
(2025,'Setembro','Pacífico, Ilhas do (EUA)',1167),
(2025,'Setembro','Palestina',2667),
(2025,'Setembro','Panamá',1999297),
(2025,'Setembro','Paquistão',15912588),
(2025,'Setembro','Paraguai',332223714),
(2025,'Setembro','Países Baixos (Holanda)',192338078),
(2025,'Setembro','Peru',110818281),
(2025,'Setembro','Polinésia Francesa',3924),
(2025,'Setembro','Polônia',98782168),
(2025,'Setembro','Porto Rico',94078724),
(2025,'Setembro','Portugal',132573818),
(2025,'Setembro','Quirguistão',1924240),
(2025,'Setembro','Quênia',204267),
(2025,'Setembro','Reino Unido',353808464),
(2025,'Setembro','República Centro-Africana',38456),
(2025,'Setembro','República Dominicana',9162395),
(2025,'Setembro','Reunião',6819),
(2025,'Setembro','Romênia',49069912),
(2025,'Setembro','Rússia',650021998),
(2025,'Setembro','Samoa',30469),
(2025,'Setembro','Samoa Americana',23611),
(2025,'Setembro','San Marino',1411075),
(2025,'Setembro','Seicheles',73951),
(2025,'Setembro','Senegal',291849),
(2025,'Setembro','Serra Leoa',15498),
(2025,'Setembro','Singapura',2417062284),
(2025,'Setembro','Sint Maarten',89),
(2025,'Setembro','Somália',11),
(2025,'Setembro','Sri Lanka',8769548),
(2025,'Setembro','Suazilândia',3051),
(2025,'Setembro','Sudão',1555),
(2025,'Setembro','Suécia',170229728),
(2025,'Setembro','Suíça',264142486),
(2025,'Setembro','São Cristóvão e Névis',582),
(2025,'Setembro','Sérvia',5595635),
(2025,'Setembro','Síria',58268),
(2025,'Setembro','Tadjiquistão',272),
(2025,'Setembro','Tailândia',224507274),
(2025,'Setembro','Taiwan (Formosa)',231110385),
(2025,'Setembro','Tcheca, República',69443383),
(2025,'Setembro','Terras Austrais Francesas',666),
(2025,'Setembro','Território Britânico do Oceano Índico',793),
(2025,'Setembro','Trinidad e Tobago',27508046),
(2025,'Setembro','Tunísia',7072211),
(2025,'Setembro','Turcas e Caicos, Ilhas',28457),
(2025,'Setembro','Turcomenistão',26547056),
(2025,'Setembro','Turquia',140300083),
(2025,'Setembro','Tuvalu',93),
(2025,'Setembro','Ucrânia',9927238),
(2025,'Setembro','Uruguai',150708035),
(2025,'Setembro','Uzbequistão',2356558),
(2025,'Setembro','Vanuatu',292),
(2025,'Setembro','Vaticano',159),
(2025,'Setembro','Venezuela',37589556),
(2025,'Setembro','Vietnã',341524527),
(2025,'Setembro','Virgens, Ilhas (Britânicas)',18227),
(2025,'Setembro','Zimbábue',33111),
(2025,'Setembro','Zâmbia',4089),
(2025,'Setembro','África do Sul',84422693),
(2025,'Setembro','Áustria',126567481),
(2025,'Setembro','Índia',864276282),
(2025,'Agosto','Afeganistão',31801),
(2025,'Agosto','Aland, Ilhas',11977),
(2025,'Agosto','Albânia',144214),
(2025,'Agosto','Alemanha',1205721560),
(2025,'Agosto','Andorra',2208),
(2025,'Agosto','Angola',68821186),
(2025,'Agosto','Anguilla',28126),
(2025,'Agosto','Argentina',1027492921),
(2025,'Agosto','Argélia',224195866),
(2025,'Agosto','Armênia',3609279),
(2025,'Agosto','Aruba',106),
(2025,'Agosto','Arábia Saudita',280892557),
(2025,'Agosto','Austrália',45330488),
(2025,'Agosto','Bangladesh',16271471),
(2025,'Agosto','Barbados',24640),
(2025,'Agosto','Barein',20650778),
(2025,'Agosto','Belarus',3009682),
(2025,'Agosto','Belize',4359),
(2025,'Agosto','Benin',21774),
(2025,'Agosto','Bermudas',85045),
(2025,'Agosto','Bolívia',110881743),
(2025,'Agosto','Botsuana',45804),
(2025,'Agosto','Brasil',45710959),
(2025,'Agosto','Bulgária',6700627),
(2025,'Agosto','Burkina Faso',1027),
(2025,'Agosto','Butão',67768),
(2025,'Agosto','Bélgica',173640341),
(2025,'Agosto','Bósnia-Herzegovina',1237078),
(2025,'Agosto','Camarões',355017),
(2025,'Agosto','Camboja',12765356),
(2025,'Agosto','Canadá',362081510),
(2025,'Agosto','Catar',39302891),
(2025,'Agosto','Cayman, Ilhas',1135),
(2025,'Agosto','Cazaquistão',29313987),
(2025,'Agosto','Chade',19562),
(2025,'Agosto','Chile',387814565),
(2025,'Agosto','China',5449434758),
(2025,'Agosto','Chipre',443970),
(2025,'Agosto','Christmas (Navidad), Ilha',42),
(2025,'Agosto','Cocos (Keeling), Ilhas',2088),
(2025,'Agosto','Colômbia',173601825),
(2025,'Agosto','Comores',1517),
(2025,'Agosto','Congo',6298),
(2025,'Agosto','Congo, República Democrática',14950284),
(2025,'Agosto','Coreia do Sul',443967701),
(2025,'Agosto','Costa Rica',14828969),
(2025,'Agosto','Costa do Marfim',10493793),
(2025,'Agosto','Coveite (Kuweit)',189),
(2025,'Agosto','Croácia',2165616),
(2025,'Agosto','Cuba',330352),
(2025,'Agosto','Curaçao',20249),
(2025,'Agosto','Dinamarca',130335303),
(2025,'Agosto','Dominica',840),
(2025,'Agosto','Egito',106170397),
(2025,'Agosto','El Salvador',939800),
(2025,'Agosto','Emirados Árabes Unidos',17696039),
(2025,'Agosto','Equador',9814449),
(2025,'Agosto','Eritreia',23074),
(2025,'Agosto','Eslováquia',37917982),
(2025,'Agosto','Eslovênia',11177115),
(2025,'Agosto','Espanha',337190573),
(2025,'Agosto','Estados Unidos',3969672878),
(2025,'Agosto','Estônia',5317066),
(2025,'Agosto','Etiópia',112291),
(2025,'Agosto','Filipinas',25023159),
(2025,'Agosto','Finlândia',50226862),
(2025,'Agosto','França',572250296),
(2025,'Agosto','Gabão',206039),
(2025,'Agosto','Gana',490107),
(2025,'Agosto','Geórgia',375469),
(2025,'Agosto','Grécia',5222694),
(2025,'Agosto','Guatemala',9220268),
(2025,'Agosto','Guernsey',108),
(2025,'Agosto','Guiana',71657872),
(2025,'Agosto','Guiné Equatorial',37347241),
(2025,'Agosto','Guiné-Bissau',691),
(2025,'Agosto','Gâmbia',168),
(2025,'Agosto','Haiti',40),
(2025,'Agosto','Honduras',1558874),
(2025,'Agosto','Hong Kong',76480518),
(2025,'Agosto','Hungria',41077173),
(2025,'Agosto','Indonésia',192854090),
(2025,'Agosto','Iraque',915336),
(2025,'Agosto','Irlanda',89081298),
(2025,'Agosto','Irã',1353900),
(2025,'Agosto','Islândia',998340),
(2025,'Agosto','Israel',106023074),
(2025,'Agosto','Itália',596216569),
(2025,'Agosto','Iêmen',3843),
(2025,'Agosto','Jamaica',2087),
(2025,'Agosto','Japão',527392896),
(2025,'Agosto','Jordânia',16129775),
(2025,'Agosto','Laos',1297879),
(2025,'Agosto','Letônia',3749198),
(2025,'Agosto','Libéria',51594),
(2025,'Agosto','Liechtenstein',738631),
(2025,'Agosto','Lituânia',4503280),
(2025,'Agosto','Luxemburgo',9659837),
(2025,'Agosto','Líbano',13784560),
(2025,'Agosto','Macau',287756),
(2025,'Agosto','Macedônia',3392512),
(2025,'Agosto','Madagascar',207750),
(2025,'Agosto','Malavi',501974),
(2025,'Agosto','Maldivas',78820),
(2025,'Agosto','Mali',2420),
(2025,'Agosto','Malta',1221292),
(2025,'Agosto','Malásia',132724115),
(2025,'Agosto','Marianas do Norte, Ilhas',111),
(2025,'Agosto','Marrocos',158883693),
(2025,'Agosto','Mauritânia',20),
(2025,'Agosto','Maurício',158662),
(2025,'Agosto','Mayotte',51175),
(2025,'Agosto','Mianmar',889091),
(2025,'Agosto','Moldávia',909741),
(2025,'Agosto','Mongólia',62116),
(2025,'Agosto','Montenegro',11438),
(2025,'Agosto','Moçambique',88288),
(2025,'Agosto','México',507477504),
(2025,'Agosto','Mônaco',1529500),
(2025,'Agosto','Namíbia',426542),
(2025,'Agosto','Nauru',4137),
(2025,'Agosto','Nepal',9862),
(2025,'Agosto','Nicarágua',67712),
(2025,'Agosto','Nigéria',292995909),
(2025,'Agosto','Noruega',74688529),
(2025,'Agosto','Nova Caledônia',2382),
(2025,'Agosto','Nova Zelândia',5175240),
(2025,'Agosto','Não Definido',5695758),
(2025,'Agosto','Omã',50013173),
(2025,'Agosto','Palestina',1398),
(2025,'Agosto','Panamá',1132220),
(2025,'Agosto','Paquistão',14893298),
(2025,'Agosto','Paraguai',297556483),
(2025,'Agosto','Países Baixos (Holanda)',256531570),
(2025,'Agosto','Peru',130376193),
(2025,'Agosto','Pitcairn',37),
(2025,'Agosto','Polinésia Francesa',754),
(2025,'Agosto','Polônia',89551091),
(2025,'Agosto','Porto Rico',44864903),
(2025,'Agosto','Portugal',115528825),
(2025,'Agosto','Quirguistão',1145588),
(2025,'Agosto','Quênia',191396),
(2025,'Agosto','Reino Unido',411423999),
(2025,'Agosto','República Centro-Africana',3210),
(2025,'Agosto','República Dominicana',4115878),
(2025,'Agosto','Reunião',198),
(2025,'Agosto','Romênia',39701312),
(2025,'Agosto','Rússia',894537813),
(2025,'Agosto','Saara Ocidental',118),
(2025,'Agosto','Samoa',3193),
(2025,'Agosto','Samoa Americana',34034),
(2025,'Agosto','San Marino',729899),
(2025,'Agosto','Seicheles',94571),
(2025,'Agosto','Senegal',17785),
(2025,'Agosto','Serra Leoa',23420),
(2025,'Agosto','Singapura',48096404),
(2025,'Agosto','Somália',287),
(2025,'Agosto','Sri Lanka',7790855),
(2025,'Agosto','Suazilândia',8955),
(2025,'Agosto','Sudão',389),
(2025,'Agosto','Sudão do Sul',612),
(2025,'Agosto','Suécia',225443533),
(2025,'Agosto','Suíça',333039231),
(2025,'Agosto','Svalbard e Jan Mayen',303),
(2025,'Agosto','São Cristóvão e Névis',1275),
(2025,'Agosto','Sérvia',4759266),
(2025,'Agosto','Síria',62),
(2025,'Agosto','Tailândia',205107387),
(2025,'Agosto','Taiwan (Formosa)',193925978),
(2025,'Agosto','Tanzânia',1444),
(2025,'Agosto','Tcheca, República',73161064),
(2025,'Agosto','Terras Austrais Francesas',1252),
(2025,'Agosto','Território Britânico do Oceano Índico',38),
(2025,'Agosto','Toquelau',228),
(2025,'Agosto','Trinidad e Tobago',51767708),
(2025,'Agosto','Tunísia',6530568),
(2025,'Agosto','Turcomenistão',245338),
(2025,'Agosto','Turquia',119578422),
(2025,'Agosto','Ucrânia',3971168),
(2025,'Agosto','Uganda',12494),
(2025,'Agosto','Uruguai',166304117),
(2025,'Agosto','Uzbequistão',20898799),
(2025,'Agosto','Vaticano',908),
(2025,'Agosto','Venezuela',39205995),
(2025,'Agosto','Vietnã',320296294),
(2025,'Agosto','Virgens, Ilhas (Americanas)',271),
(2025,'Agosto','Virgens, Ilhas (Britânicas)',188081),
(2025,'Agosto','Zimbábue',122798),
(2025,'Agosto','Zâmbia',30261),
(2025,'Agosto','África do Sul',80957733),
(2025,'Agosto','Áustria',143900860),
(2025,'Agosto','Índia',739833105),
(2025,'Julho','Afeganistão',77219),
(2025,'Julho','Aland, Ilhas',8856),
(2025,'Julho','Albânia',268554),
(2025,'Julho','Alemanha',1320184545),
(2025,'Julho','Andorra',1856),
(2025,'Julho','Angola',13644),
(2025,'Julho','Anguilla',3772),
(2025,'Julho','Argentina',1101400015),
(2025,'Julho','Argélia',24047681),
(2025,'Julho','Armênia',4831625),
(2025,'Julho','Aruba',1185),
(2025,'Julho','Arábia Saudita',349657359),
(2025,'Julho','Austrália',116448675),
(2025,'Julho','Azerbaijão',3352),
(2025,'Julho','Bahamas',33038299),
(2025,'Julho','Bancos Centrais',31),
(2025,'Julho','Bangladesh',17604393),
(2025,'Julho','Barbados',14187),
(2025,'Julho','Barein',8686114),
(2025,'Julho','Belarus',527807),
(2025,'Julho','Belize',2646),
(2025,'Julho','Benin',89304),
(2025,'Julho','Bermudas',133274),
(2025,'Julho','Bolívia',105395496),
(2025,'Julho','Botsuana',8000),
(2025,'Julho','Brasil',62338337),
(2025,'Julho','Brunei',1290),
(2025,'Julho','Bulgária',8417208),
(2025,'Julho','Burkina Faso',27),
(2025,'Julho','Butão',43008),
(2025,'Julho','Bélgica',167173250),
(2025,'Julho','Bósnia-Herzegovina',1978946),
(2025,'Julho','Camarões',149129),
(2025,'Julho','Camboja',14273441),
(2025,'Julho','Canadá',357736838),
(2025,'Julho','Catar',42058728),
(2025,'Julho','Cayman, Ilhas',1634),
(2025,'Julho','Cazaquistão',12196241),
(2025,'Julho','Chile',396246342),
(2025,'Julho','China',5955234374),
(2025,'Julho','Chipre',165981),
(2025,'Julho','Cocos (Keeling), Ilhas',8977),
(2025,'Julho','Colômbia',155367757),
(2025,'Julho','Congo',15842),
(2025,'Julho','Congo, República Democrática',6850751),
(2025,'Julho','Coreia do Norte',47),
(2025,'Julho','Coreia do Sul',428643875),
(2025,'Julho','Costa Rica',12288357),
(2025,'Julho','Costa do Marfim',75799117),
(2025,'Julho','Coveite (Kuweit)',356),
(2025,'Julho','Croácia',3891548),
(2025,'Julho','Cuba',371712),
(2025,'Julho','Curaçao',26938),
(2025,'Julho','Dinamarca',171411147),
(2025,'Julho','Egito',158465983),
(2025,'Julho','El Salvador',679002),
(2025,'Julho','Emirados Árabes Unidos',10704402),
(2025,'Julho','Equador',6696992),
(2025,'Julho','Eritreia',17515),
(2025,'Julho','Eslováquia',39490310),
(2025,'Julho','Eslovênia',29456952),
(2025,'Julho','Espanha',386711990),
(2025,'Julho','Estados Unidos',4252564086),
(2025,'Julho','Estônia',6264827),
(2025,'Julho','Etiópia',127744),
(2025,'Julho','Filipinas',28655670),
(2025,'Julho','Finlândia',69981058),
(2025,'Julho','França',749288498),
(2025,'Julho','Gabão',48696705),
(2025,'Julho','Gana',4698404),
(2025,'Julho','Geórgia',268102),
(2025,'Julho','Gibraltar',3158),
(2025,'Julho','Grécia',3133825),
(2025,'Julho','Guatemala',12242878),
(2025,'Julho','Guiana',35158),
(2025,'Julho','Guiana Francesa',252),
(2025,'Julho','Guiné',509),
(2025,'Julho','Gâmbia',8881),
(2025,'Julho','Haiti',15127),
(2025,'Julho','Honduras',3197378),
(2025,'Julho','Hong Kong',82448221),
(2025,'Julho','Hungria',53862197),
(2025,'Julho','Ilha de Man',19906),
(2025,'Julho','Indonésia',214577207),
(2025,'Julho','Irlanda',105434718),
(2025,'Julho','Irã',1905754),
(2025,'Julho','Islândia',748457),
(2025,'Julho','Israel',130134002),
(2025,'Julho','Itália',659232529),
(2025,'Julho','Iêmen',412),
(2025,'Julho','Jamaica',4334),
(2025,'Julho','Japão',522834775),
(2025,'Julho','Jordânia',4430238),
(2025,'Julho','Laos',341452),
(2025,'Julho','Lesoto',3643),
(2025,'Julho','Letônia',3145937),
(2025,'Julho','Liechtenstein',529313),
(2025,'Julho','Lituânia',4029769),
(2025,'Julho','Luxemburgo',4712488),
(2025,'Julho','Líbano',9341329),
(2025,'Julho','Líbia',48867),
(2025,'Julho','Macau',66069),
(2025,'Julho','Macedônia',3294357),
(2025,'Julho','Madagascar',773702),
(2025,'Julho','Malavi',209968),
(2025,'Julho','Maldivas',78820),
(2025,'Julho','Malta',1059405),
(2025,'Julho','Malásia',154028973),
(2025,'Julho','Marrocos',165285920),
(2025,'Julho','Marshall, Ilhas',154398),
(2025,'Julho','Mauritânia',65),
(2025,'Julho','Maurício',11485),
(2025,'Julho','Mianmar',1458449),
(2025,'Julho','Moldávia',504786),
(2025,'Julho','Mongólia',160591),
(2025,'Julho','Montenegro',1026),
(2025,'Julho','Moçambique',45633),
(2025,'Julho','México',564076883),
(2025,'Julho','Mônaco',1093965),
(2025,'Julho','Namíbia',114105),
(2025,'Julho','Nauru',515),
(2025,'Julho','Nepal',12313),
(2025,'Julho','Nicarágua',196996),
(2025,'Julho','Nigéria',92735530),
(2025,'Julho','Norfolk, Ilha',246),
(2025,'Julho','Noruega',75783082),
(2025,'Julho','Nova Caledônia',6936),
(2025,'Julho','Nova Zelândia',8223614),
(2025,'Julho','Não Definido',24464700),
(2025,'Julho','Omã',56354630),
(2025,'Julho','Panamá',878475),
(2025,'Julho','Paquistão',12487264),
(2025,'Julho','Paraguai',315031404),
(2025,'Julho','Países Baixos (Holanda)',199299246),
(2025,'Julho','Peru',131309315),
(2025,'Julho','Pitcairn',1243),
(2025,'Julho','Polônia',104372728),
(2025,'Julho','Porto Rico',64786338),
(2025,'Julho','Portugal',111187597),
(2025,'Julho','Quirguistão',605),
(2025,'Julho','Quênia',227042),
(2025,'Julho','Reino Unido',407817445),
(2025,'Julho','República Dominicana',4726683),
(2025,'Julho','Romênia',36374195),
(2025,'Julho','Rússia',1049105652),
(2025,'Julho','Samoa',103649),
(2025,'Julho','Samoa Americana',93355),
(2025,'Julho','San Marino',2132079),
(2025,'Julho','Santa Helena',177),
(2025,'Julho','Seicheles',50262),
(2025,'Julho','Senegal',361006),
(2025,'Julho','Serra Leoa',13323),
(2025,'Julho','Singapura',200784461),
(2025,'Julho','Somália',446),
(2025,'Julho','Sri Lanka',6063979),
(2025,'Julho','Suazilândia',1241),
(2025,'Julho','Suriname',690),
(2025,'Julho','Suécia',245088597),
(2025,'Julho','Suíça',382434825),
(2025,'Julho','São Cristóvão e Névis',2996),
(2025,'Julho','Sérvia',4888169),
(2025,'Julho','Síria',49766),
(2025,'Julho','Tailândia',227363216),
(2025,'Julho','Taiwan (Formosa)',222960107),
(2025,'Julho','Tanzânia',16230),
(2025,'Julho','Tcheca, República',78514541),
(2025,'Julho','Toquelau',13),
(2025,'Julho','Trinidad e Tobago',29278909),
(2025,'Julho','Tunísia',7171021),
(2025,'Julho','Turcomenistão',18505276),
(2025,'Julho','Turquia',123352772),
(2025,'Julho','Ucrânia',7289005),
(2025,'Julho','Uganda',40957),
(2025,'Julho','Uruguai',160109291),
(2025,'Julho','Uzbequistão',7100107),
(2025,'Julho','Vaticano',1828),
(2025,'Julho','Venezuela',14949698),
(2025,'Julho','Vietnã',305581303),
(2025,'Julho','Virgens, Ilhas (Americanas)',2798),
(2025,'Julho','Virgens, Ilhas (Britânicas)',320415),
(2025,'Julho','Zimbábue',605182),
(2025,'Julho','África do Sul',67774337),
(2025,'Julho','Áustria',141275505),
(2025,'Julho','Índia',724946912),
(2025,'Junho','Afeganistão',29160),
(2025,'Junho','Aland, Ilhas',22345),
(2025,'Junho','Albânia',98508),
(2025,'Junho','Alemanha',1229492015),
(2025,'Junho','Andorra',18572),
(2025,'Junho','Angola',66614112),
(2025,'Junho','Anguilla',4084),
(2025,'Junho','Argentina',1096774012),
(2025,'Junho','Argélia',100534422),
(2025,'Junho','Armênia',1957499),
(2025,'Junho','Aruba',637),
(2025,'Junho','Arábia Saudita',230604486),
(2025,'Junho','Austrália',82676530),
(2025,'Junho','Azerbaijão',177749),
(2025,'Junho','Bahamas',42742629),
(2025,'Junho','Bangladesh',19502351),
(2025,'Junho','Barbados',20220),
(2025,'Junho','Barein',5247353),
(2025,'Junho','Belarus',789028),
(2025,'Junho','Belize',8841),
(2025,'Junho','Benin',47423),
(2025,'Junho','Bermudas',218423),
(2025,'Junho','Bolívia',102915951),
(2025,'Junho','Botsuana',76587),
(2025,'Junho','Brasil',62704756),
(2025,'Junho','Brunei',3675531),
(2025,'Junho','Bulgária',7672753),
(2025,'Junho','Burkina Faso',780),
(2025,'Junho','Butão',62767),
(2025,'Junho','Bélgica',164751995),
(2025,'Junho','Bósnia-Herzegovina',708283),
(2025,'Junho','Cabo Verde',19),
(2025,'Junho','Camarões',840960),
(2025,'Junho','Camboja',8746288),
(2025,'Junho','Canadá',300988605),
(2025,'Junho','Catar',27436924),
(2025,'Junho','Cayman, Ilhas',1479),
(2025,'Junho','Cazaquistão',2597915),
(2025,'Junho','Chade',3877),
(2025,'Junho','Chile',337809966),
(2025,'Junho','China',6139550947),
(2025,'Junho','Chipre',119750),
(2025,'Junho','Cocos (Keeling), Ilhas',6516),
(2025,'Junho','Colômbia',177622543),
(2025,'Junho','Comores',36975),
(2025,'Junho','Congo',1798),
(2025,'Junho','Congo, República Democrática',18736336),
(2025,'Junho','Coreia do Norte',512),
(2025,'Junho','Coreia do Sul',435179828),
(2025,'Junho','Costa Rica',11235616),
(2025,'Junho','Costa do Marfim',9930041),
(2025,'Junho','Coveite (Kuweit)',64138),
(2025,'Junho','Croácia',1440672),
(2025,'Junho','Cuba',8229),
(2025,'Junho','Curaçao',32864),
(2025,'Junho','Dinamarca',133383348),
(2025,'Junho','Egito',151655586),
(2025,'Junho','El Salvador',735974),
(2025,'Junho','Emirados Árabes Unidos',9492726),
(2025,'Junho','Equador',8803247),
(2025,'Junho','Eritreia',42352),
(2025,'Junho','Eslováquia',65336160),
(2025,'Junho','Eslovênia',13176410),
(2025,'Junho','Espanha',292121374),
(2025,'Junho','Estados Unidos',3959052434),
(2025,'Junho','Estônia',4147636),
(2025,'Junho','Etiópia',21567),
(2025,'Junho','Faroe, Ilhas',258),
(2025,'Junho','Filipinas',28723150),
(2025,'Junho','Finlândia',92887448),
(2025,'Junho','França',590354860),
(2025,'Junho','Gabão',61332927),
(2025,'Junho','Gana',1031791),
(2025,'Junho','Geórgia',1177203),
(2025,'Junho','Grécia',12684907),
(2025,'Junho','Guadalupe',53),
(2025,'Junho','Guatemala',4427022),
(2025,'Junho','Guernsey',66),
(2025,'Junho','Guiana',69381761),
(2025,'Junho','Guiné',59),
(2025,'Junho','Gâmbia',990),
(2025,'Junho','Haiti',226946),
(2025,'Junho','Honduras',2017541),
(2025,'Junho','Hong Kong',73634856),
(2025,'Junho','Hungria',42685005),
(2025,'Junho','Indonésia',199659804),
(2025,'Junho','Iraque',235519),
(2025,'Junho','Irlanda',60542790),
(2025,'Junho','Irã',2805380),
(2025,'Junho','Islândia',2300562),
(2025,'Junho','Israel',106812489),
(2025,'Junho','Itália',566059859),
(2025,'Junho','Iêmen',244),
(2025,'Junho','Jamaica',7858),
(2025,'Junho','Japão',517151097),
(2025,'Junho','Jersey',155),
(2025,'Junho','Jordânia',10561725),
(2025,'Junho','Laos',709136),
(2025,'Junho','Letônia',2400560),
(2025,'Junho','Libéria',646),
(2025,'Junho','Liechtenstein',681472),
(2025,'Junho','Lituânia',31259190),
(2025,'Junho','Luxemburgo',4638527),
(2025,'Junho','Líbano',286351),
(2025,'Junho','Líbia',181049),
(2025,'Junho','Macau',203641),
(2025,'Junho','Macedônia',1559204),
(2025,'Junho','Madagascar',270661),
(2025,'Junho','Malavi',82621),
(2025,'Junho','Maldivas',47292),
(2025,'Junho','Mali',433),
(2025,'Junho','Malta',1296867),
(2025,'Junho','Malásia',119728278),
(2025,'Junho','Marianas do Norte, Ilhas',1033),
(2025,'Junho','Marrocos',168821134),
(2025,'Junho','Marshall, Ilhas',360),
(2025,'Junho','Maurício',271949),
(2025,'Junho','Mianmar',1337970),
(2025,'Junho','Micronésia',3279),
(2025,'Junho','Moldávia',502202),
(2025,'Junho','Mongólia',19),
(2025,'Junho','Montenegro',1035),
(2025,'Junho','Moçambique',197901),
(2025,'Junho','México',502542657),
(2025,'Junho','Mônaco',233760),
(2025,'Junho','Namíbia',334746),
(2025,'Junho','Nepal',24695),
(2025,'Junho','Nicarágua',121030),
(2025,'Junho','Nigéria',95076789),
(2025,'Junho','Noruega',43076100),
(2025,'Junho','Nova Caledônia',364),
(2025,'Junho','Nova Zelândia',9863667),
(2025,'Junho','Níger',640),
(2025,'Junho','Omã',38043635),
(2025,'Junho','Panamá',2765135),
(2025,'Junho','Papua Nova Guiné',27097),
(2025,'Junho','Paquistão',13872032),
(2025,'Junho','Paraguai',272413466),
(2025,'Junho','Países Baixos (Holanda)',132057581),
(2025,'Junho','Peru',90051664),
(2025,'Junho','Polinésia Francesa',31),
(2025,'Junho','Polônia',85111437),
(2025,'Junho','Porto Rico',92077465),
(2025,'Junho','Portugal',88259593),
(2025,'Junho','Quirguistão',912),
(2025,'Junho','Quênia',164830),
(2025,'Junho','Reino Unido',266403577),
(2025,'Junho','República Centro-Africana',1233),
(2025,'Junho','República Dominicana',3762112),
(2025,'Junho','Reunião',2),
(2025,'Junho','Romênia',31905393),
(2025,'Junho','Rússia',834990783),
(2025,'Junho','Samoa',41509),
(2025,'Junho','San Marino',1126947),
(2025,'Junho','Santa Helena',5),
(2025,'Junho','Seicheles',14470),
(2025,'Junho','Senegal',193923),
(2025,'Junho','Serra Leoa',1328),
(2025,'Junho','Singapura',76914197),
(2025,'Junho','Somália',2568),
(2025,'Junho','Sri Lanka',5470862),
(2025,'Junho','Suazilândia',84),
(2025,'Junho','Sudão',1166),
(2025,'Junho','Suriname',689),
(2025,'Junho','Suécia',279776922),
(2025,'Junho','Suíça',236023333),
(2025,'Junho','Svalbard e Jan Mayen',1850),
(2025,'Junho','São Cristóvão e Névis',461),
(2025,'Junho','São Tomé e Príncipe',259),
(2025,'Junho','Sérvia',4285431),
(2025,'Junho','Síria',45224),
(2025,'Junho','Tadjiquistão',202),
(2025,'Junho','Tailândia',190333385),
(2025,'Junho','Taiwan (Formosa)',195708026),
(2025,'Junho','Tanzânia',92658),
(2025,'Junho','Tcheca, República',62737816),
(2025,'Junho','Terras Austrais Francesas',383),
(2025,'Junho','Toquelau',2625),
(2025,'Junho','Trinidad e Tobago',41739848),
(2025,'Junho','Tunísia',5980456),
(2025,'Junho','Turcas e Caicos, Ilhas',315),
(2025,'Junho','Turcomenistão',32843),
(2025,'Junho','Turquia',115976383),
(2025,'Junho','Ucrânia',11188331),
(2025,'Junho','Uganda',193),
(2025,'Junho','Uruguai',167717867),
(2025,'Junho','Uzbequistão',2490339),
(2025,'Junho','Vaticano',1282),
(2025,'Junho','Venezuela',23049327),
(2025,'Junho','Vietnã',279020196),
(2025,'Junho','Virgens, Ilhas (Americanas)',18798),
(2025,'Junho','Virgens, Ilhas (Britânicas)',428729),
(2025,'Junho','Zimbábue',26269),
(2025,'Junho','África do Sul',58950165),
(2025,'Junho','Áustria',136730259),
(2025,'Junho','Índia',568677032),
(2025,'Maio','Afeganistão',142333),
(2025,'Maio','Aland, Ilhas',6715),
(2025,'Maio','Albânia',284216),
(2025,'Maio','Alemanha',1265216641),
(2025,'Maio','Andorra',1847),
(2025,'Maio','Anguilla',8648),
(2025,'Maio','Antígua e Barbuda',1880),
(2025,'Maio','Argentina',1162138566),
(2025,'Maio','Argélia',180178965),
(2025,'Maio','Armênia',22357),
(2025,'Maio','Aruba',1176),
(2025,'Maio','Arábia Saudita',336537011),
(2025,'Maio','Austrália',47453999),
(2025,'Maio','Bahamas',47120215),
(2025,'Maio','Bancos Centrais',18),
(2025,'Maio','Bangladesh',14352602),
(2025,'Maio','Barein',4348442),
(2025,'Maio','Belarus',1631),
(2025,'Maio','Belize',10392),
(2025,'Maio','Benin',30986),
(2025,'Maio','Bermudas',300),
(2025,'Maio','Bolívia',99765588),
(2025,'Maio','Botsuana',49451),
(2025,'Maio','Brasil',43632739),
(2025,'Maio','Brunei',15517232),
(2025,'Maio','Bulgária',8330155),
(2025,'Maio','Burkina Faso',11),
(2025,'Maio','Butão',24961),
(2025,'Maio','Bélgica',200929946),
(2025,'Maio','Bósnia-Herzegovina',1126934),
(2025,'Maio','Camarões',452486),
(2025,'Maio','Camboja',13192566),
(2025,'Maio','Canadá',297895877),
(2025,'Maio','Catar',15254092),
(2025,'Maio','Cayman, Ilhas',1229),
(2025,'Maio','Cazaquistão',27461037),
(2025,'Maio','Chile',435103295),
(2025,'Maio','China',5474937525),
(2025,'Maio','Chipre',322590),
(2025,'Maio','Cocos (Keeling), Ilhas',47791),
(2025,'Maio','Colômbia',134660533),
(2025,'Maio','Comores',2198),
(2025,'Maio','Congo, República Democrática',69279764),
(2025,'Maio','Coreia do Norte',494),
(2025,'Maio','Coreia do Sul',448707083),
(2025,'Maio','Costa Rica',11180440),
(2025,'Maio','Costa do Marfim',113126953),
(2025,'Maio','Coveite (Kuweit)',6973133),
(2025,'Maio','Croácia',1428681),
(2025,'Maio','Cuba',423293),
(2025,'Maio','Curaçao',15975),
(2025,'Maio','Dinamarca',152183421),
(2025,'Maio','Dominica',12853),
(2025,'Maio','Egito',109016649),
(2025,'Maio','El Salvador',412807),
(2025,'Maio','Emirados Árabes Unidos',25542022),
(2025,'Maio','Equador',10838845),
(2025,'Maio','Eritreia',9484),
(2025,'Maio','Eslováquia',41842254),
(2025,'Maio','Eslovênia',22581053),
(2025,'Maio','Espanha',316679687),
(2025,'Maio','Estados Unidos',3609749573),
(2025,'Maio','Estônia',4892134),
(2025,'Maio','Etiópia',288060),
(2025,'Maio','Filipinas',26213293),
(2025,'Maio','Finlândia',48439106),
(2025,'Maio','França',625838544),
(2025,'Maio','Gabão',368),
(2025,'Maio','Gana',2400981),
(2025,'Maio','Geórgia',785145),
(2025,'Maio','Gibraltar',8639),
(2025,'Maio','Grécia',4081747),
(2025,'Maio','Guatemala',7820248),
(2025,'Maio','Guiana',113352),
(2025,'Maio','Gâmbia',264),
(2025,'Maio','Haiti',21663),
(2025,'Maio','Honduras',1121328),
(2025,'Maio','Hong Kong',60224417),
(2025,'Maio','Hungria',46024771),
(2025,'Maio','Ilha de Man',79),
(2025,'Maio','Indonésia',219841422),
(2025,'Maio','Irlanda',152314001),
(2025,'Maio','Irã',1895351),
(2025,'Maio','Islândia',392284),
(2025,'Maio','Israel',117565132),
(2025,'Maio','Itália',609270807),
(2025,'Maio','Jamaica',45000),
(2025,'Maio','Japão',584117205),
(2025,'Maio','Jordânia',10772121),
(2025,'Maio','Laos',14072595),
(2025,'Maio','Letônia',2082289),
(2025,'Maio','Liechtenstein',783239),
(2025,'Maio','Lituânia',3396131),
(2025,'Maio','Luxemburgo',7624797),
(2025,'Maio','Líbano',341279),
(2025,'Maio','Líbia',183113),
(2025,'Maio','Macau',240982),
(2025,'Maio','Macedônia',770376),
(2025,'Maio','Madagascar',243411),
(2025,'Maio','Malavi',73076),
(2025,'Maio','Maldivas',133994),
(2025,'Maio','Malta',1051038),
(2025,'Maio','Malásia',106683941),
(2025,'Maio','Marianas do Norte, Ilhas',1361),
(2025,'Maio','Marrocos',167472411),
(2025,'Maio','Marshall, Ilhas',780),
(2025,'Maio','Maurício',70255),
(2025,'Maio','Mianmar',1498612),
(2025,'Maio','Moldávia',803511),
(2025,'Maio','Mongólia',46533),
(2025,'Maio','Montenegro',3267),
(2025,'Maio','Moçambique',124739),
(2025,'Maio','México',516431490),
(2025,'Maio','Mônaco',1413824),
(2025,'Maio','Namíbia',87756),
(2025,'Maio','Nepal',20620),
(2025,'Maio','Nicarágua',89366),
(2025,'Maio','Nigéria',68068940),
(2025,'Maio','Noruega',50888388),
(2025,'Maio','Nova Caledônia',2258),
(2025,'Maio','Nova Zelândia',4599797),
(2025,'Maio','Não Definido',30537),
(2025,'Maio','Omã',69735133),
(2025,'Maio','Panamá',981052),
(2025,'Maio','Paquistão',13332326),
(2025,'Maio','Paraguai',267486208),
(2025,'Maio','Países Baixos (Holanda)',156419380),
(2025,'Maio','Peru',98132819),
(2025,'Maio','Polinésia Francesa',2480),
(2025,'Maio','Polônia',87722780),
(2025,'Maio','Porto Rico',109343281),
(2025,'Maio','Portugal',100839467),
(2025,'Maio','Quênia',61091),
(2025,'Maio','Reino Unido',271576515),
(2025,'Maio','República Centro-Africana',1831),
(2025,'Maio','República Dominicana',4109861),
(2025,'Maio','Romênia',36470841),
(2025,'Maio','Rússia',923549132),
(2025,'Maio','Samoa',60080),
(2025,'Maio','Samoa Americana',2723),
(2025,'Maio','San Marino',1070024),
(2025,'Maio','Seicheles',32431),
(2025,'Maio','Senegal',231469),
(2025,'Maio','Serra Leoa',3455),
(2025,'Maio','Singapura',68739617),
(2025,'Maio','Somália',300),
(2025,'Maio','Sri Lanka',6862830),
(2025,'Maio','Suazilândia',25868),
(2025,'Maio','Sudão',389),
(2025,'Maio','Suécia',180498316),
(2025,'Maio','Suíça',218722242),
(2025,'Maio','São Cristóvão e Névis',153),
(2025,'Maio','Sérvia',5245341),
(2025,'Maio','Síria',3874),
(2025,'Maio','Tadjiquistão',1122),
(2025,'Maio','Tailândia',227295725),
(2025,'Maio','Taiwan (Formosa)',208510975),
(2025,'Maio','Tanzânia',320857),
(2025,'Maio','Tcheca, República',63572028),
(2025,'Maio','Terras Austrais Francesas',382),
(2025,'Maio','Trinidad e Tobago',36696741),
(2025,'Maio','Tunísia',4936233),
(2025,'Maio','Turcas e Caicos, Ilhas',1920),
(2025,'Maio','Turcomenistão',499259),
(2025,'Maio','Turquia',122169038),
(2025,'Maio','Tuvalu',166403),
(2025,'Maio','Ucrânia',5351444),
(2025,'Maio','Uganda',516),
(2025,'Maio','Uruguai',183311311),
(2025,'Maio','Uzbequistão',5593582),
(2025,'Maio','Vaticano',1178),
(2025,'Maio','Venezuela',18673894),
(2025,'Maio','Vietnã',308159601),
(2025,'Maio','Virgens, Ilhas (Americanas)',233),
(2025,'Maio','Virgens, Ilhas (Britânicas)',230231),
(2025,'Maio','África do Sul',63388787),
(2025,'Maio','Áustria',165764412),
(2025,'Maio','Índia',584023377),
(2025,'Abril','Afeganistão',64866),
(2025,'Abril','Aland, Ilhas',20151),
(2025,'Abril','Albânia',357263),
(2025,'Abril','Alemanha',1126940066),
(2025,'Abril','Andorra',4),
(2025,'Abril','Angola',38958),
(2025,'Abril','Anguilla',9419),
(2025,'Abril','Argentina',971661832),
(2025,'Abril','Argélia',55010288),
(2025,'Abril','Armênia',716121),
(2025,'Abril','Aruba',180),
(2025,'Abril','Arábia Saudita',225082956),
(2025,'Abril','Austrália',123162546),
(2025,'Abril','Bahamas',7918630),
(2025,'Abril','Bangladesh',26640416),
(2025,'Abril','Barein',8223268),
(2025,'Abril','Belarus',185700),
(2025,'Abril','Belize',8965),
(2025,'Abril','Benin',105041),
(2025,'Abril','Bolívia',128815301),
(2025,'Abril','Botsuana',50156),
(2025,'Abril','Brasil',35979523),
(2025,'Abril','Bulgária',9011905),
(2025,'Abril','Burkina Faso',21),
(2025,'Abril','Butão',50356),
(2025,'Abril','Bélgica',188819716),
(2025,'Abril','Bósnia-Herzegovina',629263),
(2025,'Abril','Camarões',1708837),
(2025,'Abril','Camboja',14437489),
(2025,'Abril','Canadá',224858351),
(2025,'Abril','Catar',74903593),
(2025,'Abril','Cayman, Ilhas',2819),
(2025,'Abril','Cazaquistão',15613770),
(2025,'Abril','Chile',385724589),
(2025,'Abril','China',5017691857),
(2025,'Abril','Chipre',504597),
(2025,'Abril','Cocos (Keeling), Ilhas',30871),
(2025,'Abril','Colômbia',134037378),
(2025,'Abril','Comores',207),
(2025,'Abril','Congo',186),
(2025,'Abril','Congo, República Democrática',8934355),
(2025,'Abril','Coreia do Norte',88),
(2025,'Abril','Coreia do Sul',402093588),
(2025,'Abril','Costa Rica',13366935),
(2025,'Abril','Costa do Marfim',112020034),
(2025,'Abril','Coveite (Kuweit)',163),
(2025,'Abril','Croácia',1787592),
(2025,'Abril','Cuba',322509),
(2025,'Abril','Curaçao',7734),
(2025,'Abril','Dinamarca',210338286),
(2025,'Abril','Dominica',2311),
(2025,'Abril','Egito',172531962),
(2025,'Abril','El Salvador',874919),
(2025,'Abril','Emirados Árabes Unidos',10472406),
(2025,'Abril','Equador',9180342),
(2025,'Abril','Eritreia',27827),
(2025,'Abril','Eslováquia',37722745),
(2025,'Abril','Eslovênia',19529162),
(2025,'Abril','Espanha',275655141),
(2025,'Abril','Estados Unidos',3779619596),
(2025,'Abril','Estônia',5124222),
(2025,'Abril','Etiópia',4305),
(2025,'Abril','Falkland (Malvinas)',14),
(2025,'Abril','Faroe, Ilhas',278),
(2025,'Abril','Filipinas',27769955),
(2025,'Abril','Finlândia',107235526),
(2025,'Abril','França',522740836),
(2025,'Abril','Gana',72623228),
(2025,'Abril','Geórgia',554720),
(2025,'Abril','Gibraltar',42),
(2025,'Abril','Grécia',3535086),
(2025,'Abril','Guatemala',9173266),
(2025,'Abril','Guernsey',9994),
(2025,'Abril','Guiana',144953191),
(2025,'Abril','Guiné',100),
(2025,'Abril','Gâmbia',1221),
(2025,'Abril','Haiti',13458),
(2025,'Abril','Honduras',1661654),
(2025,'Abril','Hong Kong',82932377),
(2025,'Abril','Hungria',42011520),
(2025,'Abril','Indonésia',228983171),
(2025,'Abril','Iraque',166601),
(2025,'Abril','Irlanda',199517481),
(2025,'Abril','Irã',21944073),
(2025,'Abril','Islândia',666299),
(2025,'Abril','Israel',133870524),
(2025,'Abril','Itália',608341682),
(2025,'Abril','Iêmen',47),
(2025,'Abril','Japão',540514022),
(2025,'Abril','Jordânia',245308),
(2025,'Abril','Laos',846173),
(2025,'Abril','Letônia',2830052),
(2025,'Abril','Liechtenstein',911910),
(2025,'Abril','Lituânia',3230191),
(2025,'Abril','Luxemburgo',4667800),
(2025,'Abril','Líbano',16959),
(2025,'Abril','Macau',314868),
(2025,'Abril','Macedônia',2013747),
(2025,'Abril','Madagascar',842641),
(2025,'Abril','Malavi',450984),
(2025,'Abril','Mali',1017),
(2025,'Abril','Malta',726196),
(2025,'Abril','Malásia',149090961),
(2025,'Abril','Marianas do Norte, Ilhas',809),
(2025,'Abril','Marrocos',242336928),
(2025,'Abril','Marshall, Ilhas',623),
(2025,'Abril','Mauritânia',1498),
(2025,'Abril','Maurício',53064),
(2025,'Abril','Mianmar',496976),
(2025,'Abril','Micronésia',336),
(2025,'Abril','Moldávia',1024452),
(2025,'Abril','Mongólia',172734),
(2025,'Abril','Montenegro',2295),
(2025,'Abril','Moçambique',701034),
(2025,'Abril','México',500427982),
(2025,'Abril','Mônaco',1094934),
(2025,'Abril','Namíbia',240979),
(2025,'Abril','Nauru',92),
(2025,'Abril','Nepal',14755),
(2025,'Abril','Nicarágua',364402),
(2025,'Abril','Nigéria',47352209),
(2025,'Abril','Niue',31554),
(2025,'Abril','Noruega',46379873),
(2025,'Abril','Nova Zelândia',3603164),
(2025,'Abril','Níger',15434),
(2025,'Abril','Omã',2392909),
(2025,'Abril','Palestina',62421),
(2025,'Abril','Panamá',1076992),
(2025,'Abril','Paquistão',15621230),
(2025,'Abril','Paraguai',256248512),
(2025,'Abril','Países Baixos (Holanda)',152122571),
(2025,'Abril','Peru',105539143),
(2025,'Abril','Pitcairn',357),
(2025,'Abril','Polinésia Francesa',4725),
(2025,'Abril','Polônia',86955173),
(2025,'Abril','Porto Rico',49678875),
(2025,'Abril','Portugal',93329190),
(2025,'Abril','Quirguistão',10),
(2025,'Abril','Quênia',96410),
(2025,'Abril','Reino Unido',296691500),
(2025,'Abril','República Centro-Africana',4067),
(2025,'Abril','República Dominicana',2613816),
(2025,'Abril','Romênia',28965240),
(2025,'Abril','Rússia',979742153),
(2025,'Abril','Samoa',139860),
(2025,'Abril','Samoa Americana',33546),
(2025,'Abril','San Marino',893009),
(2025,'Abril','Seicheles',158570),
(2025,'Abril','Senegal',645268),
(2025,'Abril','Serra Leoa',1659),
(2025,'Abril','Singapura',66148793),
(2025,'Abril','Somália',304),
(2025,'Abril','Sri Lanka',6984037),
(2025,'Abril','Suazilândia',73933),
(2025,'Abril','Sudão',44949),
(2025,'Abril','Suriname',4400),
(2025,'Abril','Suécia',180242931),
(2025,'Abril','Suíça',311638471),
(2025,'Abril','São Bartolomeu',366),
(2025,'Abril','São Cristóvão e Névis',1042),
(2025,'Abril','Sérvia',4515475),
(2025,'Abril','Síria',821),
(2025,'Abril','Tadjiquistão',5029),
(2025,'Abril','Tailândia',236487250),
(2025,'Abril','Taiwan (Formosa)',226965738),
(2025,'Abril','Tanzânia',26981),
(2025,'Abril','Tcheca, República',52277152),
(2025,'Abril','Terras Austrais Francesas',121),
(2025,'Abril','Timor Leste',1212),
(2025,'Abril','Trinidad e Tobago',24109336),
(2025,'Abril','Tunísia',22142976),
(2025,'Abril','Turcas e Caicos, Ilhas',6200),
(2025,'Abril','Turquia',101689569),
(2025,'Abril','Ucrânia',2649043),
(2025,'Abril','Uruguai',169737366),
(2025,'Abril','Uzbequistão',1106132),
(2025,'Abril','Venezuela',31403161),
(2025,'Abril','Vietnã',318273540),
(2025,'Abril','Virgens, Ilhas (Britânicas)',213806),
(2025,'Abril','Zimbábue',110219),
(2025,'Abril','Zâmbia',918),
(2025,'Abril','África do Sul',62137415),
(2025,'Abril','Áustria',100227891),
(2025,'Abril','Índia',631600549),
(2025,'Março','Afeganistão',11078),
(2025,'Março','Aland, Ilhas',15382),
(2025,'Março','Albânia',213207),
(2025,'Março','Alemanha',1102744822),
(2025,'Março','Andorra',15769),
(2025,'Março','Anguilla',9666),
(2025,'Março','Argentina',996759711),
(2025,'Março','Argélia',141435609),
(2025,'Março','Armênia',10677),
(2025,'Março','Aruba',214),
(2025,'Março','Arábia Saudita',175037627),
(2025,'Março','Austrália',53056412),
(2025,'Março','Azerbaijão',97),
(2025,'Março','Bahamas',14936087),
(2025,'Março','Bangladesh',27928291),
(2025,'Março','Barein',5374800),
(2025,'Março','Belarus',322948),
(2025,'Março','Belize',4947),
(2025,'Março','Benin',70733),
(2025,'Março','Bermudas',180864),
(2025,'Março','Bolívia',96335425),
(2025,'Março','Botsuana',65331),
(2025,'Março','Brasil',43283459),
(2025,'Março','Bulgária',8553998),
(2025,'Março','Burkina Faso',50270),
(2025,'Março','Butão',63434),
(2025,'Março','Bélgica',172127376),
(2025,'Março','Bósnia-Herzegovina',859232),
(2025,'Março','Camarões',43897),
(2025,'Março','Camboja',11555104),
(2025,'Março','Canadá',189763104),
(2025,'Março','Catar',27672445),
(2025,'Março','Cayman, Ilhas',7142),
(2025,'Março','Cazaquistão',13162373),
(2025,'Março','Chade',138),
(2025,'Março','Chile',399904977),
(2025,'Março','China',5014020447),
(2025,'Março','Chipre',252150),
(2025,'Março','Cocos (Keeling), Ilhas',6350),
(2025,'Março','Colômbia',151605128),
(2025,'Março','Comores',14013),
(2025,'Março','Congo, República Democrática',1076411),
(2025,'Março','Cook, Ilhas',3466),
(2025,'Março','Coreia do Norte',1133),
(2025,'Março','Coreia do Sul',430673976),
(2025,'Março','Costa Rica',12033949),
(2025,'Março','Costa do Marfim',90950335),
(2025,'Março','Croácia',7045484),
(2025,'Março','Cuba',185859),
(2025,'Março','Curaçao',227),
(2025,'Março','Dinamarca',133632473),
(2025,'Março','Djibuti',1),
(2025,'Março','Dominica',3812),
(2025,'Março','Egito',123556832),
(2025,'Março','El Salvador',688682),
(2025,'Março','Emirados Árabes Unidos',21293607),
(2025,'Março','Equador',7867990),
(2025,'Março','Eritreia',1949),
(2025,'Março','Eslováquia',34983522),
(2025,'Março','Eslovênia',17418522),
(2025,'Março','Espanha',287850492),
(2025,'Março','Estados Unidos',3537255516),
(2025,'Março','Estônia',3988622),
(2025,'Março','Etiópia',14396),
(2025,'Março','Falkland (Malvinas)',2),
(2025,'Março','Faroe, Ilhas',49492),
(2025,'Março','Filipinas',27234717),
(2025,'Março','Finlândia',153395938),
(2025,'Março','França',613878498),
(2025,'Março','Gabão',21720446),
(2025,'Março','Gana',71734222),
(2025,'Março','Geórgia',303862),
(2025,'Março','Grécia',5495860),
(2025,'Março','Guatemala',12020729),
(2025,'Março','Guiana',283),
(2025,'Março','Gâmbia',81),
(2025,'Março','Haiti',116959),
(2025,'Março','Honduras',1939663),
(2025,'Março','Hong Kong',60888526),
(2025,'Março','Hungria',46913458),
(2025,'Março','Indonésia',193111866),
(2025,'Março','Iraque',149663),
(2025,'Março','Irlanda',87059975),
(2025,'Março','Irã',1573105),
(2025,'Março','Islândia',1103880),
(2025,'Março','Israel',82914193),
(2025,'Março','Itália',566894676),
(2025,'Março','Jamaica',4307),
(2025,'Março','Japão',485400659),
(2025,'Março','Jordânia',1127825),
(2025,'Março','Laos',768017),
(2025,'Março','Lesoto',413),
(2025,'Março','Letônia',3067458),
(2025,'Março','Liechtenstein',853575),
(2025,'Março','Lituânia',4935124),
(2025,'Março','Luxemburgo',8616604),
(2025,'Março','Líbano',182194),
(2025,'Março','Líbia',200364),
(2025,'Março','Macau',198380),
(2025,'Março','Macedônia',1708122),
(2025,'Março','Madagascar',699450),
(2025,'Março','Malavi',109234),
(2025,'Março','Mali',11),
(2025,'Março','Malta',783126),
(2025,'Março','Malásia',102397254),
(2025,'Março','Marianas do Norte, Ilhas',63),
(2025,'Março','Marrocos',77657260),
(2025,'Março','Marshall, Ilhas',625),
(2025,'Março','Maurício',149067),
(2025,'Março','Mianmar',634522),
(2025,'Março','Moldávia',205179),
(2025,'Março','Mongólia',7743),
(2025,'Março','Montenegro',1781),
(2025,'Março','Moçambique',38249),
(2025,'Março','México',378820237),
(2025,'Março','Mônaco',235143),
(2025,'Março','Nepal',19890),
(2025,'Março','Nicarágua',749585),
(2025,'Março','Nigéria',93150456),
(2025,'Março','Noruega',55776016),
(2025,'Março','Nova Zelândia',4557151),
(2025,'Março','Omã',2998549),
(2025,'Março','Palestina',2057),
(2025,'Março','Panamá',804682),
(2025,'Março','Paquistão',10528847),
(2025,'Março','Paraguai',261189040),
(2025,'Março','Países Baixos (Holanda)',206842279),
(2025,'Março','Peru',145643940),
(2025,'Março','Polinésia Francesa',3720),
(2025,'Março','Polônia',84631139),
(2025,'Março','Porto Rico',63375412),
(2025,'Março','Portugal',93283828),
(2025,'Março','Quênia',1815),
(2025,'Março','Reino Unido',249840858),
(2025,'Março','República Centro-Africana',194),
(2025,'Março','República Dominicana',2361575),
(2025,'Março','Romênia',38403965),
(2025,'Março','Ruanda',1176),
(2025,'Março','Rússia',918825822),
(2025,'Março','Samoa',3956),
(2025,'Março','Samoa Americana',24574),
(2025,'Março','San Marino',636613),
(2025,'Março','Seicheles',76606),
(2025,'Março','Senegal',478515),
(2025,'Março','Serra Leoa',7575),
(2025,'Março','Singapura',69866879),
(2025,'Março','Somália',1387),
(2025,'Março','Sri Lanka',8194594),
(2025,'Março','Suazilândia',1570),
(2025,'Março','Sudão',777),
(2025,'Março','Suriname',64),
(2025,'Março','Suécia',213639449),
(2025,'Março','Suíça',224851186),
(2025,'Março','São Cristóvão e Névis',4066),
(2025,'Março','Sérvia',3752441),
(2025,'Março','Síria',136200),
(2025,'Março','Tadjiquistão',3561),
(2025,'Março','Tailândia',205287278),
(2025,'Março','Taiwan (Formosa)',197569877),
(2025,'Março','Tanzânia',197541),
(2025,'Março','Tcheca, República',73482885),
(2025,'Março','Terras Austrais Francesas',38),
(2025,'Março','Timor Leste',337),
(2025,'Março','Trinidad e Tobago',55989811),
(2025,'Março','Tunísia',6490420),
(2025,'Março','Turcas e Caicos, Ilhas',184),
(2025,'Março','Turcomenistão',3706),
(2025,'Março','Turquia',108634501),
(2025,'Março','Ucrânia',10861596),
(2025,'Março','Uganda',1541),
(2025,'Março','Uruguai',175691890),
(2025,'Março','Uzbequistão',3763119),
(2025,'Março','Vanuatu',5689),
(2025,'Março','Vaticano',3483),
(2025,'Março','Venezuela',31042073),
(2025,'Março','Vietnã',271875307),
(2025,'Março','Virgens, Ilhas (Americanas)',9448),
(2025,'Março','Virgens, Ilhas (Britânicas)',106854),
(2025,'Março','Zimbábue',10427),
(2025,'Março','Zâmbia',28049),
(2025,'Março','África do Sul',34683432),
(2025,'Março','Áustria',107991010),
(2025,'Março','Índia',576243106),
(2025,'Fevereiro','Afeganistão',168995),
(2025,'Fevereiro','Aland, Ilhas',50765),
(2025,'Fevereiro','Albânia',225053),
(2025,'Fevereiro','Alemanha',1047708016),
(2025,'Fevereiro','Andorra',185),
(2025,'Fevereiro','Angola',27448),
(2025,'Fevereiro','Anguilla',905),
(2025,'Fevereiro','Argentina',1052163957),
(2025,'Fevereiro','Argélia',69307637),
(2025,'Fevereiro','Armênia',21919),
(2025,'Fevereiro','Arábia Saudita',207136501),
(2025,'Fevereiro','Austrália',79024797),
(2025,'Fevereiro','Azerbaijão',172800),
(2025,'Fevereiro','Bahamas',2490104),
(2025,'Fevereiro','Bangladesh',26753313),
(2025,'Fevereiro','Barbados',3003),
(2025,'Fevereiro','Barein',3722766),
(2025,'Fevereiro','Belarus',1093),
(2025,'Fevereiro','Belize',91459),
(2025,'Fevereiro','Benin',38934),
(2025,'Fevereiro','Bermudas',29682),
(2025,'Fevereiro','Bolívia',103664633),
(2025,'Fevereiro','Botsuana',137159),
(2025,'Fevereiro','Brasil',47299851),
(2025,'Fevereiro','Brunei',49646),
(2025,'Fevereiro','Bulgária',8898157),
(2025,'Fevereiro','Burkina Faso',101286),
(2025,'Fevereiro','Burundi',3),
(2025,'Fevereiro','Butão',58559),
(2025,'Fevereiro','Bélgica',162502084),
(2025,'Fevereiro','Bósnia-Herzegovina',612661),
(2025,'Fevereiro','Cabo Verde',48603),
(2025,'Fevereiro','Camarões',3160821),
(2025,'Fevereiro','Camboja',9755441),
(2025,'Fevereiro','Canadá',162084542),
(2025,'Fevereiro','Catar',16260877),
(2025,'Fevereiro','Cayman, Ilhas',109404),
(2025,'Fevereiro','Cazaquistão',25846628),
(2025,'Fevereiro','Chade',498),
(2025,'Fevereiro','Chile',419963105),
(2025,'Fevereiro','China',7978202807),
(2025,'Fevereiro','Chipre',133299),
(2025,'Fevereiro','Cocos (Keeling), Ilhas',4939),
(2025,'Fevereiro','Colômbia',158313121),
(2025,'Fevereiro','Comores',10539),
(2025,'Fevereiro','Congo, República Democrática',276946),
(2025,'Fevereiro','Coreia do Sul',415536502),
(2025,'Fevereiro','Costa Rica',13282939),
(2025,'Fevereiro','Costa do Marfim',59454959),
(2025,'Fevereiro','Coveite (Kuweit)',32163124),
(2025,'Fevereiro','Croácia',4354980),
(2025,'Fevereiro','Cuba',210965),
(2025,'Fevereiro','Curaçao',39875),
(2025,'Fevereiro','Dinamarca',129254519),
(2025,'Fevereiro','Egito',55876071),
(2025,'Fevereiro','El Salvador',1222055),
(2025,'Fevereiro','Emirados Árabes Unidos',87927583),
(2025,'Fevereiro','Equador',11183030),
(2025,'Fevereiro','Eritreia',39399),
(2025,'Fevereiro','Eslováquia',27578517),
(2025,'Fevereiro','Eslovênia',12468684),
(2025,'Fevereiro','Espanha',289369385),
(2025,'Fevereiro','Estados Unidos',3336738452),
(2025,'Fevereiro','Estônia',4247115),
(2025,'Fevereiro','Etiópia',706),
(2025,'Fevereiro','Falkland (Malvinas)',7),
(2025,'Fevereiro','Fiji',1536),
(2025,'Fevereiro','Filipinas',27568588),
(2025,'Fevereiro','Finlândia',39561485),
(2025,'Fevereiro','França',523796835),
(2025,'Fevereiro','Gana',33184361),
(2025,'Fevereiro','Geórgia',121244),
(2025,'Fevereiro','Gibraltar',89892),
(2025,'Fevereiro','Grécia',4950347),
(2025,'Fevereiro','Guatemala',10740784),
(2025,'Fevereiro','Guiana',76009725),
(2025,'Fevereiro','Guiana Francesa',1279),
(2025,'Fevereiro','Guiné Equatorial',1544321),
(2025,'Fevereiro','Guiné-Bissau',426257),
(2025,'Fevereiro','Gâmbia',76),
(2025,'Fevereiro','Haiti',67),
(2025,'Fevereiro','Honduras',941551),
(2025,'Fevereiro','Hong Kong',72904228),
(2025,'Fevereiro','Hungria',44752941),
(2025,'Fevereiro','Ilha de Man',132),
(2025,'Fevereiro','Indonésia',191723936),
(2025,'Fevereiro','Iraque',92589),
(2025,'Fevereiro','Irlanda',81784904),
(2025,'Fevereiro','Irã',1128920),
(2025,'Fevereiro','Islândia',626099),
(2025,'Fevereiro','Israel',76499884),
(2025,'Fevereiro','Itália',527739969),
(2025,'Fevereiro','Jamaica',50524),
(2025,'Fevereiro','Japão',477774671),
(2025,'Fevereiro','Jordânia',668691),
(2025,'Fevereiro','Laos',361969),
(2025,'Fevereiro','Letônia',2849981),
(2025,'Fevereiro','Liechtenstein',693432),
(2025,'Fevereiro','Lituânia',3183466),
(2025,'Fevereiro','Luxemburgo',4737683),
(2025,'Fevereiro','Líbano',191606),
(2025,'Fevereiro','Líbia',130074),
(2025,'Fevereiro','Macau',179482),
(2025,'Fevereiro','Macedônia',3012668),
(2025,'Fevereiro','Madagascar',418660),
(2025,'Fevereiro','Malavi',305699),
(2025,'Fevereiro','Mali',11),
(2025,'Fevereiro','Malta',775608),
(2025,'Fevereiro','Malásia',123224584),
(2025,'Fevereiro','Marianas do Norte, Ilhas',854),
(2025,'Fevereiro','Marrocos',73904128),
(2025,'Fevereiro','Marshall, Ilhas',2804),
(2025,'Fevereiro','Maurício',221808),
(2025,'Fevereiro','Mayotte',104),
(2025,'Fevereiro','Mianmar',1189642),
(2025,'Fevereiro','Moldávia',281304),
(2025,'Fevereiro','Mongólia',80393),
(2025,'Fevereiro','Montenegro',420),
(2025,'Fevereiro','Moçambique',1115706),
(2025,'Fevereiro','México',379702104),
(2025,'Fevereiro','Mônaco',497115),
(2025,'Fevereiro','Namíbia',8252),
(2025,'Fevereiro','Nepal',7430),
(2025,'Fevereiro','Nicarágua',253584),
(2025,'Fevereiro','Nigéria',48186824),
(2025,'Fevereiro','Niue',814),
(2025,'Fevereiro','Norfolk, Ilha',70),
(2025,'Fevereiro','Noruega',65944646),
(2025,'Fevereiro','Nova Zelândia',5351686),
(2025,'Fevereiro','Níger',15819),
(2025,'Fevereiro','Omã',105378775),
(2025,'Fevereiro','Panamá',1276827),
(2025,'Fevereiro','Papua Nova Guiné',26939),
(2025,'Fevereiro','Paquistão',13232447),
(2025,'Fevereiro','Paraguai',260723695),
(2025,'Fevereiro','Países Baixos (Holanda)',207123200),
(2025,'Fevereiro','Peru',119839651),
(2025,'Fevereiro','Polinésia Francesa',10),
(2025,'Fevereiro','Polônia',88735947),
(2025,'Fevereiro','Porto Rico',34533800),
(2025,'Fevereiro','Portugal',89185673),
(2025,'Fevereiro','Quirguistão',942),
(2025,'Fevereiro','Quênia',139546),
(2025,'Fevereiro','Reino Unido',278697835),
(2025,'Fevereiro','República Centro-Africana',3277),
(2025,'Fevereiro','República Dominicana',3936770),
(2025,'Fevereiro','Romênia',28665682),
(2025,'Fevereiro','Ruanda',5596),
(2025,'Fevereiro','Rússia',607063253),
(2025,'Fevereiro','Samoa',89406),
(2025,'Fevereiro','Samoa Americana',11757),
(2025,'Fevereiro','San Marino',1725643),
(2025,'Fevereiro','Senegal',246857),
(2025,'Fevereiro','Serra Leoa',17380),
(2025,'Fevereiro','Singapura',70265826),
(2025,'Fevereiro','Sri Lanka',6796231),
(2025,'Fevereiro','Suazilândia',9961),
(2025,'Fevereiro','Suécia',185665955),
(2025,'Fevereiro','Suíça',209101850),
(2025,'Fevereiro','São Cristóvão e Névis',3990),
(2025,'Fevereiro','Sérvia',4483005),
(2025,'Fevereiro','Tadjiquistão',904),
(2025,'Fevereiro','Tailândia',193998046),
(2025,'Fevereiro','Taiwan (Formosa)',216099569),
(2025,'Fevereiro','Tanzânia',39001),
(2025,'Fevereiro','Tcheca, República',66182257),
(2025,'Fevereiro','Trinidad e Tobago',64960809),
(2025,'Fevereiro','Tunísia',6688925),
(2025,'Fevereiro','Turcas e Caicos, Ilhas',2443),
(2025,'Fevereiro','Turcomenistão',5589380),
(2025,'Fevereiro','Turquia',110714362),
(2025,'Fevereiro','Ucrânia',1288479),
(2025,'Fevereiro','Uganda',477),
(2025,'Fevereiro','Uruguai',154781549),
(2025,'Fevereiro','Uzbequistão',3513492),
(2025,'Fevereiro','Vaticano',677),
(2025,'Fevereiro','Venezuela',24086034),
(2025,'Fevereiro','Vietnã',287388380),
(2025,'Fevereiro','Virgens, Ilhas (Americanas)',64905),
(2025,'Fevereiro','Virgens, Ilhas (Britânicas)',2101),
(2025,'Fevereiro','Zimbábue',21704),
(2025,'Fevereiro','Zâmbia',106),
(2025,'Fevereiro','África do Sul',104694037),
(2025,'Fevereiro','Áustria',114025844),
(2025,'Fevereiro','Índia',570674767),
(2025,'Janeiro','Afeganistão',175572),
(2025,'Janeiro','Aland, Ilhas',95274),
(2025,'Janeiro','Albânia',350461),
(2025,'Janeiro','Alemanha',1245248067),
(2025,'Janeiro','Andorra',39059),
(2025,'Janeiro','Angola',91357860),
(2025,'Janeiro','Anguilla',22344),
(2025,'Janeiro','Argentina',886346792),
(2025,'Janeiro','Argélia',148301970),
(2025,'Janeiro','Armênia',27102),
(2025,'Janeiro','Aruba',206),
(2025,'Janeiro','Arábia Saudita',392972788),
(2025,'Janeiro','Austrália',110518043),
(2025,'Janeiro','Azerbaijão',273),
(2025,'Janeiro','Bahamas',64903753),
(2025,'Janeiro','Bancos Centrais',1662),
(2025,'Janeiro','Bangladesh',24810359),
(2025,'Janeiro','Barbados',34838),
(2025,'Janeiro','Barein',10657874),
(2025,'Janeiro','Belarus',48490),
(2025,'Janeiro','Belize',6142),
(2025,'Janeiro','Benin',48266),
(2025,'Janeiro','Bermudas',123548),
(2025,'Janeiro','Bolívia',126566320),
(2025,'Janeiro','Bonaire, Saint Eustatius e Saba',491),
(2025,'Janeiro','Botsuana',57206),
(2025,'Janeiro','Brasil',56539054),
(2025,'Janeiro','Brunei',13716704),
(2025,'Janeiro','Bulgária',9507565),
(2025,'Janeiro','Burkina Faso',107500),
(2025,'Janeiro','Butão',76763),
(2025,'Janeiro','Bélgica',157056622),
(2025,'Janeiro','Bósnia-Herzegovina',1172339),
(2025,'Janeiro','Camarões',31522020),
(2025,'Janeiro','Camboja',10582957),
(2025,'Janeiro','Canadá',198673692),
(2025,'Janeiro','Catar',52998529),
(2025,'Janeiro','Cayman, Ilhas',96150),
(2025,'Janeiro','Cazaquistão',10184224),
(2025,'Janeiro','Chade',1793),
(2025,'Janeiro','Chile',393837577),
(2025,'Janeiro','China',6051322038),
(2025,'Janeiro','Chipre',303732),
(2025,'Janeiro','Cocos (Keeling), Ilhas',95894),
(2025,'Janeiro','Colômbia',145376800),
(2025,'Janeiro','Comores',143),
(2025,'Janeiro','Congo',992628),
(2025,'Janeiro','Coreia do Sul',527789021),
(2025,'Janeiro','Costa Rica',13237611),
(2025,'Janeiro','Costa do Marfim',102249588),
(2025,'Janeiro','Coveite (Kuweit)',12066017),
(2025,'Janeiro','Croácia',1897313),
(2025,'Janeiro','Cuba',237420),
(2025,'Janeiro','Curaçao',111659),
(2025,'Janeiro','Dinamarca',130437762),
(2025,'Janeiro','Dominica',1099),
(2025,'Janeiro','Egito',107259405),
(2025,'Janeiro','El Salvador',1149056),
(2025,'Janeiro','Emirados Árabes Unidos',23711458),
(2025,'Janeiro','Equador',11680011),
(2025,'Janeiro','Eritreia',513),
(2025,'Janeiro','Eslováquia',35686823),
(2025,'Janeiro','Eslovênia',16656507),
(2025,'Janeiro','Espanha',336070609),
(2025,'Janeiro','Estados Unidos',3444118676),
(2025,'Janeiro','Estônia',5038113),
(2025,'Janeiro','Etiópia',68826),
(2025,'Janeiro','Falkland (Malvinas)',7),
(2025,'Janeiro','Fiji',4564),
(2025,'Janeiro','Filipinas',29606831),
(2025,'Janeiro','Finlândia',72485547),
(2025,'Janeiro','França',497837599),
(2025,'Janeiro','Gabão',74949323),
(2025,'Janeiro','Gana',7362298),
(2025,'Janeiro','Geórgia',915699),
(2025,'Janeiro','Gibraltar',21055),
(2025,'Janeiro','Granada',180),
(2025,'Janeiro','Grécia',9664121),
(2025,'Janeiro','Guatemala',7818223),
(2025,'Janeiro','Gâmbia',141),
(2025,'Janeiro','Haiti',61789),
(2025,'Janeiro','Honduras',2138458),
(2025,'Janeiro','Hong Kong',82489762),
(2025,'Janeiro','Hungria',47312455),
(2025,'Janeiro','Ilha de Man',38200),
(2025,'Janeiro','Indonésia',207371884),
(2025,'Janeiro','Irlanda',84238057),
(2025,'Janeiro','Irã',1185705),
(2025,'Janeiro','Islândia',1228150),
(2025,'Janeiro','Israel',117356730),
(2025,'Janeiro','Itália',641057934),
(2025,'Janeiro','Iêmen',1683),
(2025,'Janeiro','Jamaica',44624),
(2025,'Janeiro','Japão',517399092),
(2025,'Janeiro','Jordânia',671704),
(2025,'Janeiro','Kiribati',450),
(2025,'Janeiro','Laos',214561),
(2025,'Janeiro','Letônia',1689532),
(2025,'Janeiro','Liechtenstein',891412),
(2025,'Janeiro','Lituânia',3743491),
(2025,'Janeiro','Luxemburgo',3212462),
(2025,'Janeiro','Líbano',214317),
(2025,'Janeiro','Líbia',49985),
(2025,'Janeiro','Macau',107086),
(2025,'Janeiro','Macedônia',1111112),
(2025,'Janeiro','Madagascar',313339),
(2025,'Janeiro','Malavi',688134),
(2025,'Janeiro','Mali',168),
(2025,'Janeiro','Malta',1593492),
(2025,'Janeiro','Malásia',144652433),
(2025,'Janeiro','Marrocos',94832669),
(2025,'Janeiro','Marshall, Ilhas',6608),
(2025,'Janeiro','Mauritânia',17741),
(2025,'Janeiro','Maurício',31463),
(2025,'Janeiro','Mianmar',1079983),
(2025,'Janeiro','Moldávia',515261),
(2025,'Janeiro','Mongólia',56036),
(2025,'Janeiro','Montenegro',1715),
(2025,'Janeiro','Moçambique',41605),
(2025,'Janeiro','México',537335688),
(2025,'Janeiro','Mônaco',284229),
(2025,'Janeiro','Namíbia',45),
(2025,'Janeiro','Nepal',11053),
(2025,'Janeiro','Nicarágua',522159),
(2025,'Janeiro','Nigéria',147460957),
(2025,'Janeiro','Noruega',87895969),
(2025,'Janeiro','Nova Caledônia',3328),
(2025,'Janeiro','Nova Zelândia',4783608),
(2025,'Janeiro','Níger',2160),
(2025,'Janeiro','Omã',43624018),
(2025,'Janeiro','Palestina',87337),
(2025,'Janeiro','Panamá',1265701),
(2025,'Janeiro','Papua Nova Guiné',26),
(2025,'Janeiro','Paquistão',15940369),
(2025,'Janeiro','Paraguai',258912783),
(2025,'Janeiro','Países Baixos (Holanda)',185320072),
(2025,'Janeiro','Peru',98293393),
(2025,'Janeiro','Polinésia Francesa',898),
(2025,'Janeiro','Polônia',91517368),
(2025,'Janeiro','Porto Rico',47375345),
(2025,'Janeiro','Portugal',102987281),
(2025,'Janeiro','Quirguistão',33),
(2025,'Janeiro','Quênia',35725),
(2025,'Janeiro','Reino Unido',233405624),
(2025,'Janeiro','República Centro-Africana',5902),
(2025,'Janeiro','República Dominicana',3416970),
(2025,'Janeiro','Reunião',2),
(2025,'Janeiro','Romênia',34541807),
(2025,'Janeiro','Rússia',826418006),
(2025,'Janeiro','Samoa',71722),
(2025,'Janeiro','Samoa Americana',23092),
(2025,'Janeiro','San Marino',1348069),
(2025,'Janeiro','Seicheles',74446),
(2025,'Janeiro','Senegal',4900481),
(2025,'Janeiro','Serra Leoa',1091),
(2025,'Janeiro','Singapura',88899636),
(2025,'Janeiro','Somália',379),
(2025,'Janeiro','Sri Lanka',10277196),
(2025,'Janeiro','Suazilândia',13946),
(2025,'Janeiro','Suriname',13300),
(2025,'Janeiro','Suécia',199003568),
(2025,'Janeiro','Suíça',229465015),
(2025,'Janeiro','São Cristóvão e Névis',1422),
(2025,'Janeiro','São Tomé e Príncipe',7245),
(2025,'Janeiro','Sérvia',4962947),
(2025,'Janeiro','Tadjiquistão',1401),
(2025,'Janeiro','Tailândia',213579689),
(2025,'Janeiro','Taiwan (Formosa)',211299477),
(2025,'Janeiro','Tanzânia',451798),
(2025,'Janeiro','Tcheca, República',63077685),
(2025,'Janeiro','Timor Leste',1214),
(2025,'Janeiro','Toquelau',173),
(2025,'Janeiro','Trinidad e Tobago',41958623),
(2025,'Janeiro','Tunísia',5642093),
(2025,'Janeiro','Turcas e Caicos, Ilhas',3507),
(2025,'Janeiro','Turcomenistão',4833557),
(2025,'Janeiro','Turquia',126341940),
(2025,'Janeiro','Ucrânia',12973789),
(2025,'Janeiro','Uruguai',200492373),
(2025,'Janeiro','Uzbequistão',2265364),
(2025,'Janeiro','Vaticano',226),
(2025,'Janeiro','Venezuela',19903682),
(2025,'Janeiro','Vietnã',342814515),
(2025,'Janeiro','Virgens, Ilhas (Britânicas)',458772),
(2025,'Janeiro','Zimbábue',882039),
(2025,'Janeiro','Zâmbia',95196),
(2025,'Janeiro','África do Sul',63359975),
(2025,'Janeiro','Áustria',107709670),
(2025,'Janeiro','Índia',717587394),
(2024,'Dezembro','Afeganistão',7475),
(2024,'Dezembro','Aland, Ilhas',69255),
(2024,'Dezembro','Albânia',145272),
(2024,'Dezembro','Alemanha',1048541329),
(2024,'Dezembro','Angola',71469922),
(2024,'Dezembro','Anguilla',42760),
(2024,'Dezembro','Argentina',1242438521),
(2024,'Dezembro','Argélia',110922847),
(2024,'Dezembro','Armênia',7745),
(2024,'Dezembro','Aruba',524),
(2024,'Dezembro','Arábia Saudita',118964535),
(2024,'Dezembro','Austrália',48873589),
(2024,'Dezembro','Bahamas',18778278),
(2024,'Dezembro','Bangladesh',23232781),
(2024,'Dezembro','Barbados',55417),
(2024,'Dezembro','Barein',1834627),
(2024,'Dezembro','Belarus',116680),
(2024,'Dezembro','Belize',15642),
(2024,'Dezembro','Benin',41874),
(2024,'Dezembro','Bermudas',178856),
(2024,'Dezembro','Bolívia',126397039),
(2024,'Dezembro','Botsuana',86252),
(2024,'Dezembro','Brasil',84334714),
(2024,'Dezembro','Brunei',8945),
(2024,'Dezembro','Bulgária',6708689),
(2024,'Dezembro','Burkina Faso',7846),
(2024,'Dezembro','Butão',91979),
(2024,'Dezembro','Bélgica',161774447),
(2024,'Dezembro','Bósnia-Herzegovina',880734),
(2024,'Dezembro','Camarões',2739352),
(2024,'Dezembro','Camboja',7122995),
(2024,'Dezembro','Canadá',190919323),
(2024,'Dezembro','Catar',42241914),
(2024,'Dezembro','Cayman, Ilhas',930),
(2024,'Dezembro','Cazaquistão',8187127),
(2024,'Dezembro','Chade',225),
(2024,'Dezembro','Chile',359645636),
(2024,'Dezembro','China',5153394667),
(2024,'Dezembro','Chipre',453810),
(2024,'Dezembro','Cocos (Keeling), Ilhas',75921),
(2024,'Dezembro','Colômbia',152725460),
(2024,'Dezembro','Comores',1891),
(2024,'Dezembro','Coreia do Norte',29),
(2024,'Dezembro','Coreia do Sul',378407559),
(2024,'Dezembro','Costa Rica',14937900),
(2024,'Dezembro','Costa do Marfim',27468819),
(2024,'Dezembro','Coveite (Kuweit)',4873129),
(2024,'Dezembro','Croácia',758428),
(2024,'Dezembro','Cuba',251887),
(2024,'Dezembro','Curaçao',8609),
(2024,'Dezembro','Dinamarca',174961609),
(2024,'Dezembro','Dominica',4037),
(2024,'Dezembro','Egito',52488303),
(2024,'Dezembro','El Salvador',492413),
(2024,'Dezembro','Emirados Árabes Unidos',17008972),
(2024,'Dezembro','Equador',8493538),
(2024,'Dezembro','Eritreia',813),
(2024,'Dezembro','Eslováquia',40201543),
(2024,'Dezembro','Eslovênia',11415001),
(2024,'Dezembro','Espanha',292441060),
(2024,'Dezembro','Estados Unidos',3248624425),
(2024,'Dezembro','Estônia',2645603),
(2024,'Dezembro','Etiópia',112653),
(2024,'Dezembro','Falkland (Malvinas)',15),
(2024,'Dezembro','Filipinas',26447805),
(2024,'Dezembro','Finlândia',44375996),
(2024,'Dezembro','França',497466238),
(2024,'Dezembro','Gana',74436293),
(2024,'Dezembro','Geórgia',41836),
(2024,'Dezembro','Gibraltar',18846),
(2024,'Dezembro','Groenlândia',1943),
(2024,'Dezembro','Grécia',9540480),
(2024,'Dezembro','Guatemala',6490911),
(2024,'Dezembro','Guiana',74095391),
(2024,'Dezembro','Guiné Equatorial',71),
(2024,'Dezembro','Gâmbia',425),
(2024,'Dezembro','Haiti',267783),
(2024,'Dezembro','Honduras',2254104),
(2024,'Dezembro','Hong Kong',74701928),
(2024,'Dezembro','Hungria',46042880),
(2024,'Dezembro','Ilha de Man',7824),
(2024,'Dezembro','Indonésia',158844605),
(2024,'Dezembro','Irlanda',123244234),
(2024,'Dezembro','Irã',988953),
(2024,'Dezembro','Islândia',903880),
(2024,'Dezembro','Israel',70996167),
(2024,'Dezembro','Itália',457196711),
(2024,'Dezembro','Jamaica',10981),
(2024,'Dezembro','Japão',423767310),
(2024,'Dezembro','Jordânia',700884),
(2024,'Dezembro','Laos',91569),
(2024,'Dezembro','Lesoto',100),
(2024,'Dezembro','Letônia',3360003),
(2024,'Dezembro','Liechtenstein',369809),
(2024,'Dezembro','Lituânia',2508722),
(2024,'Dezembro','Luxemburgo',3930511),
(2024,'Dezembro','Líbano',1005869),
(2024,'Dezembro','Macau',347637),
(2024,'Dezembro','Macedônia',2279503),
(2024,'Dezembro','Madagascar',137830),
(2024,'Dezembro','Malavi',433096),
(2024,'Dezembro','Malta',2657237),
(2024,'Dezembro','Malásia',125435715),
(2024,'Dezembro','Marrocos',74591940),
(2024,'Dezembro','Marshall, Ilhas',88590),
(2024,'Dezembro','Maurício',122844),
(2024,'Dezembro','Mianmar',745468),
(2024,'Dezembro','Micronésia',1123),
(2024,'Dezembro','Moldávia',535049),
(2024,'Dezembro','Montenegro',420),
(2024,'Dezembro','Moçambique',41000),
(2024,'Dezembro','México',486762498),
(2024,'Dezembro','Mônaco',693982),
(2024,'Dezembro','Namíbia',537537),
(2024,'Dezembro','Nepal',36473),
(2024,'Dezembro','Nicarágua',506845),
(2024,'Dezembro','Nigéria',56324611),
(2024,'Dezembro','Noruega',43844881),
(2024,'Dezembro','Nova Zelândia',3794730),
(2024,'Dezembro','Omã',54322008),
(2024,'Dezembro','Palestina',2305),
(2024,'Dezembro','Panamá',1032320),
(2024,'Dezembro','Papua Nova Guiné',78),
(2024,'Dezembro','Paquistão',11827959),
(2024,'Dezembro','Paraguai',242889908),
(2024,'Dezembro','Países Baixos (Holanda)',136315394),
(2024,'Dezembro','Peru',93457792),
(2024,'Dezembro','Polinésia Francesa',49),
(2024,'Dezembro','Polônia',65678895),
(2024,'Dezembro','Porto Rico',29945546),
(2024,'Dezembro','Portugal',102337699),
(2024,'Dezembro','Quirguistão',3502),
(2024,'Dezembro','Quênia',191773),
(2024,'Dezembro','Reino Unido',269910526),
(2024,'Dezembro','República Centro-Africana',5214),
(2024,'Dezembro','República Dominicana',3385657),
(2024,'Dezembro','Reunião',4),
(2024,'Dezembro','Romênia',33228069),
(2024,'Dezembro','Ruanda',123838),
(2024,'Dezembro','Rússia',695521258),
(2024,'Dezembro','Samoa',59550),
(2024,'Dezembro','Samoa Americana',53489),
(2024,'Dezembro','San Marino',917159),
(2024,'Dezembro','Seicheles',36133),
(2024,'Dezembro','Senegal',2593269),
(2024,'Dezembro','Serra Leoa',3175),
(2024,'Dezembro','Singapura',67083827),
(2024,'Dezembro','Somália',1723),
(2024,'Dezembro','Sri Lanka',5434813),
(2024,'Dezembro','Suazilândia',5833),
(2024,'Dezembro','Sudão',79091),
(2024,'Dezembro','Sudão do Sul',730),
(2024,'Dezembro','Suécia',219827889),
(2024,'Dezembro','Suíça',204846493),
(2024,'Dezembro','São Cristóvão e Névis',1026),
(2024,'Dezembro','São Vicente e Granadinas',147),
(2024,'Dezembro','Sérvia',4185673),
(2024,'Dezembro','Síria',4080),
(2024,'Dezembro','Tadjiquistão',2459),
(2024,'Dezembro','Tailândia',219511391),
(2024,'Dezembro','Taiwan (Formosa)',186549786),
(2024,'Dezembro','Tanzânia',577),
(2024,'Dezembro','Tcheca, República',63079788),
(2024,'Dezembro','Terras Austrais Francesas',51),
(2024,'Dezembro','Trinidad e Tobago',41855462),
(2024,'Dezembro','Tunísia',5395385),
(2024,'Dezembro','Turcas e Caicos, Ilhas',0),
(2024,'Dezembro','Turcomenistão',7869773),
(2024,'Dezembro','Turquia',106305552),
(2024,'Dezembro','Ucrânia',3135531),
(2024,'Dezembro','Uruguai',187503268),
(2024,'Dezembro','Uzbequistão',2534553),
(2024,'Dezembro','Vaticano',339),
(2024,'Dezembro','Venezuela',15753619),
(2024,'Dezembro','Vietnã',256345444),
(2024,'Dezembro','Virgens, Ilhas (Britânicas)',99323),
(2024,'Dezembro','Zimbábue',601219),
(2024,'Dezembro','Zâmbia',29371),
(2024,'Dezembro','África do Sul',43834459),
(2024,'Dezembro','Áustria',107695333),
(2024,'Dezembro','Índia',588576246),
(2024,'Novembro','Afeganistão',202477),
(2024,'Novembro','Aland, Ilhas',67369),
(2024,'Novembro','Albânia',658325),
(2024,'Novembro','Alemanha',962747307),
(2024,'Novembro','Andorra',974),
(2024,'Novembro','Angola',72869496),
(2024,'Novembro','Anguilla',5890),
(2024,'Novembro','Antígua e Barbuda',414),
(2024,'Novembro','Argentina',1194027917),
(2024,'Novembro','Argélia',154981892),
(2024,'Novembro','Armênia',55676),
(2024,'Novembro','Aruba',407),
(2024,'Novembro','Arábia Saudita',234497055),
(2024,'Novembro','Austrália',50155632),
(2024,'Novembro','Azerbaijão',1794518),
(2024,'Novembro','Bancos Centrais',15),
(2024,'Novembro','Bangladesh',23889513),
(2024,'Novembro','Barbados',36421),
(2024,'Novembro','Barein',21857484),
(2024,'Novembro','Belarus',216823),
(2024,'Novembro','Belize',12128),
(2024,'Novembro','Benin',48636),
(2024,'Novembro','Bolívia',121292070),
(2024,'Novembro','Bonaire, Saint Eustatius e Saba',3681),
(2024,'Novembro','Botsuana',20580),
(2024,'Novembro','Brasil',37219432),
(2024,'Novembro','Bulgária',8600840),
(2024,'Novembro','Burkina Faso',382),
(2024,'Novembro','Butão',60676),
(2024,'Novembro','Bélgica',142796424),
(2024,'Novembro','Bósnia-Herzegovina',851646),
(2024,'Novembro','Camarões',260957),
(2024,'Novembro','Camboja',9129133),
(2024,'Novembro','Canadá',191205325),
(2024,'Novembro','Catar',42201505),
(2024,'Novembro','Cayman, Ilhas',1284),
(2024,'Novembro','Cazaquistão',26002854),
(2024,'Novembro','Chile',380789471),
(2024,'Novembro','China',5530371147),
(2024,'Novembro','Chipre',125194),
(2024,'Novembro','Cocos (Keeling), Ilhas',48099),
(2024,'Novembro','Colômbia',146358047),
(2024,'Novembro','Comores',3297),
(2024,'Novembro','Congo, República Democrática',67610748),
(2024,'Novembro','Coreia do Sul',395422436),
(2024,'Novembro','Costa Rica',11004822),
(2024,'Novembro','Costa do Marfim',44802663),
(2024,'Novembro','Coveite (Kuweit)',45943065),
(2024,'Novembro','Croácia',1650816),
(2024,'Novembro','Cuba',214968),
(2024,'Novembro','Curaçao',873),
(2024,'Novembro','Dinamarca',145670199),
(2024,'Novembro','Dominica',305),
(2024,'Novembro','Egito',76656831),
(2024,'Novembro','El Salvador',387571),
(2024,'Novembro','Emirados Árabes Unidos',33361352),
(2024,'Novembro','Equador',13819538),
(2024,'Novembro','Eritreia',957),
(2024,'Novembro','Eslováquia',44834807),
(2024,'Novembro','Eslovênia',12220828),
(2024,'Novembro','Espanha',290788780),
(2024,'Novembro','Estados Unidos',3077959420),
(2024,'Novembro','Estônia',4271865),
(2024,'Novembro','Etiópia',72256),
(2024,'Novembro','Filipinas',26265326),
(2024,'Novembro','Finlândia',52645255),
(2024,'Novembro','França',510192416),
(2024,'Novembro','Gabão',91823564),
(2024,'Novembro','Gana',1440673),
(2024,'Novembro','Geórgia',103813),
(2024,'Novembro','Grécia',5939016),
(2024,'Novembro','Guatemala',8638162),
(2024,'Novembro','Guiana',75082395),
(2024,'Novembro','Guiana Francesa',740),
(2024,'Novembro','Guiné Equatorial',870),
(2024,'Novembro','Haiti',125977),
(2024,'Novembro','Honduras',1585033),
(2024,'Novembro','Hong Kong',70255467),
(2024,'Novembro','Hungria',46014252),
(2024,'Novembro','Indonésia',192800385),
(2024,'Novembro','Irlanda',125434308),
(2024,'Novembro','Irã',1513767),
(2024,'Novembro','Islândia',1052077),
(2024,'Novembro','Israel',98731542),
(2024,'Novembro','Itália',496980594),
(2024,'Novembro','Iêmen',207),
(2024,'Novembro','Jamaica',4147),
(2024,'Novembro','Japão',388369693),
(2024,'Novembro','Jordânia',7924830),
(2024,'Novembro','Laos',362338),
(2024,'Novembro','Lesoto',901),
(2024,'Novembro','Letônia',1504240),
(2024,'Novembro','Liechtenstein',816460),
(2024,'Novembro','Lituânia',2785589),
(2024,'Novembro','Luxemburgo',7713905),
(2024,'Novembro','Líbano',51938),
(2024,'Novembro','Líbia',745),
(2024,'Novembro','Macau',174819),
(2024,'Novembro','Macedônia',1115632),
(2024,'Novembro','Madagascar',359700),
(2024,'Novembro','Malavi',125345),
(2024,'Novembro','Maldivas',1080),
(2024,'Novembro','Mali',82133),
(2024,'Novembro','Malta',24532079),
(2024,'Novembro','Malásia',132884334),
(2024,'Novembro','Marianas do Norte, Ilhas',99),
(2024,'Novembro','Marrocos',43667317),
(2024,'Novembro','Marshall, Ilhas',33398),
(2024,'Novembro','Mauritânia',7380),
(2024,'Novembro','Maurício',262848),
(2024,'Novembro','Mianmar',907447),
(2024,'Novembro','Moldávia',305303),
(2024,'Novembro','Mongólia',72284),
(2024,'Novembro','Montenegro',619),
(2024,'Novembro','Moçambique',1311),
(2024,'Novembro','México',540796664),
(2024,'Novembro','Mônaco',1033776),
(2024,'Novembro','Namíbia',304921),
(2024,'Novembro','Nepal',23169),
(2024,'Novembro','Nicarágua',394490),
(2024,'Novembro','Nigéria',70342983),
(2024,'Novembro','Niue',11019),
(2024,'Novembro','Noruega',68121735),
(2024,'Novembro','Nova Zelândia',4726898),
(2024,'Novembro','Omã',96366160),
(2024,'Novembro','Panamá',929048),
(2024,'Novembro','Papua Nova Guiné',26916),
(2024,'Novembro','Paquistão',14870516),
(2024,'Novembro','Paraguai',286046913),
(2024,'Novembro','Países Baixos (Holanda)',135217343),
(2024,'Novembro','Peru',121603170),
(2024,'Novembro','Polinésia Francesa',6248),
(2024,'Novembro','Polônia',75955776),
(2024,'Novembro','Porto Rico',39226535),
(2024,'Novembro','Portugal',95403714),
(2024,'Novembro','Quirguistão',10),
(2024,'Novembro','Quênia',140138),
(2024,'Novembro','Reino Unido',325427603),
(2024,'Novembro','República Centro-Africana',20878),
(2024,'Novembro','República Dominicana',3681060),
(2024,'Novembro','Reunião',44177),
(2024,'Novembro','Romênia',36827365),
(2024,'Novembro','Rússia',743499798),
(2024,'Novembro','Samoa',163814),
(2024,'Novembro','Samoa Americana',33684),
(2024,'Novembro','San Marino',919587),
(2024,'Novembro','Seicheles',58054),
(2024,'Novembro','Senegal',397154),
(2024,'Novembro','Serra Leoa',11204),
(2024,'Novembro','Singapura',68412216),
(2024,'Novembro','Somália',1783),
(2024,'Novembro','Sri Lanka',8826752),
(2024,'Novembro','Suazilândia',7432),
(2024,'Novembro','Sudão',175618),
(2024,'Novembro','Suécia',140292245),
(2024,'Novembro','Suíça',220078200),
(2024,'Novembro','São Cristóvão e Névis',715),
(2024,'Novembro','Sérvia',4326756),
(2024,'Novembro','Tadjiquistão',1913),
(2024,'Novembro','Tailândia',194767945),
(2024,'Novembro','Taiwan (Formosa)',212539070),
(2024,'Novembro','Tanzânia',52013),
(2024,'Novembro','Tcheca, República',61596468),
(2024,'Novembro','Terras Austrais Francesas',341),
(2024,'Novembro','Trinidad e Tobago',35385410),
(2024,'Novembro','Tunísia',6833120),
(2024,'Novembro','Turcomenistão',5422342),
(2024,'Novembro','Turquia',115848562),
(2024,'Novembro','Ucrânia',12492432),
(2024,'Novembro','Uganda',117),
(2024,'Novembro','Uruguai',187113018),
(2024,'Novembro','Uzbequistão',2287459),
(2024,'Novembro','Vaticano',446),
(2024,'Novembro','Venezuela',30066472),
(2024,'Novembro','Vietnã',308376869),
(2024,'Novembro','Virgens, Ilhas (Britânicas)',239032),
(2024,'Novembro','Zimbábue',291671),
(2024,'Novembro','Zâmbia',117494),
(2024,'Novembro','África do Sul',57239290),
(2024,'Novembro','Áustria',111343161),
(2024,'Novembro','Índia',621208174),
(2024,'Outubro','Afeganistão',269321),
(2024,'Outubro','Aland, Ilhas',25436),
(2024,'Outubro','Albânia',1021707),
(2024,'Outubro','Alemanha',1213637690),
(2024,'Outubro','Andorra',361),
(2024,'Outubro','Angola',73228180),
(2024,'Outubro','Anguilla',14571),
(2024,'Outubro','Antígua e Barbuda',107),
(2024,'Outubro','Argentina',1430641766),
(2024,'Outubro','Argélia',141844518),
(2024,'Outubro','Armênia',3208),
(2024,'Outubro','Aruba',2974),
(2024,'Outubro','Arábia Saudita',303876031),
(2024,'Outubro','Austrália',149043321),
(2024,'Outubro','Azerbaijão',20016795),
(2024,'Outubro','Bahamas',2417),
(2024,'Outubro','Bancos Centrais',4626),
(2024,'Outubro','Bangladesh',26869671),
(2024,'Outubro','Barbados',60880),
(2024,'Outubro','Barein',13535496),
(2024,'Outubro','Belarus',223574),
(2024,'Outubro','Belize',61760),
(2024,'Outubro','Benin',159425),
(2024,'Outubro','Bolívia',121337330),
(2024,'Outubro','Botsuana',28526),
(2024,'Outubro','Brasil',55971120),
(2024,'Outubro','Brunei',4274500),
(2024,'Outubro','Bulgária',9001781),
(2024,'Outubro','Burkina Faso',34),
(2024,'Outubro','Burundi',9),
(2024,'Outubro','Butão',47294),
(2024,'Outubro','Bélgica',188032764),
(2024,'Outubro','Bósnia-Herzegovina',684420),
(2024,'Outubro','Camarões',359576),
(2024,'Outubro','Camboja',9165261),
(2024,'Outubro','Canadá',195177382),
(2024,'Outubro','Catar',41390305),
(2024,'Outubro','Cayman, Ilhas',705),
(2024,'Outubro','Cazaquistão',10771141),
(2024,'Outubro','Chade',116),
(2024,'Outubro','Chile',513569441),
(2024,'Outubro','China',6652706173),
(2024,'Outubro','Chipre',42960),
(2024,'Outubro','Christmas (Navidad), Ilha',31700),
(2024,'Outubro','Cocos (Keeling), Ilhas',76686),
(2024,'Outubro','Colômbia',237549100),
(2024,'Outubro','Coreia do Sul',519400321),
(2024,'Outubro','Costa Rica',13122736),
(2024,'Outubro','Costa do Marfim',64505801),
(2024,'Outubro','Coveite (Kuweit)',62428080),
(2024,'Outubro','Croácia',1515414),
(2024,'Outubro','Cuba',285555),
(2024,'Outubro','Curaçao',101459),
(2024,'Outubro','Dinamarca',93196524),
(2024,'Outubro','Dominica',26),
(2024,'Outubro','Egito',95059956),
(2024,'Outubro','El Salvador',735454),
(2024,'Outubro','Emirados Árabes Unidos',91647253),
(2024,'Outubro','Equador',9095471),
(2024,'Outubro','Eslováquia',26456539),
(2024,'Outubro','Eslovênia',26981612),
(2024,'Outubro','Espanha',343529066),
(2024,'Outubro','Estados Unidos',3629863928),
(2024,'Outubro','Estônia',5358412),
(2024,'Outubro','Etiópia',42162),
(2024,'Outubro','Falkland (Malvinas)',16),
(2024,'Outubro','Filipinas',33092495),
(2024,'Outubro','Finlândia',53201604),
(2024,'Outubro','França',567988625),
(2024,'Outubro','Gabão',93870355),
(2024,'Outubro','Gana',1837652),
(2024,'Outubro','Geórgia',28966),
(2024,'Outubro','Geórgia do Sul e Sandwich do Sul, Ilhas',140),
(2024,'Outubro','Gibraltar',23886),
(2024,'Outubro','Granada',35),
(2024,'Outubro','Grécia',4020859),
(2024,'Outubro','Guatemala',7490356),
(2024,'Outubro','Guiana',76489039),
(2024,'Outubro','Guiné Equatorial',501),
(2024,'Outubro','Gâmbia',76),
(2024,'Outubro','Haiti',38224),
(2024,'Outubro','Honduras',1671806),
(2024,'Outubro','Hong Kong',89664110),
(2024,'Outubro','Hungria',46552628),
(2024,'Outubro','Indonésia',146671869),
(2024,'Outubro','Iraque',52029),
(2024,'Outubro','Irlanda',58248637),
(2024,'Outubro','Irã',1722608),
(2024,'Outubro','Islândia',482101),
(2024,'Outubro','Israel',103298567),
(2024,'Outubro','Itália',508922094),
(2024,'Outubro','Iêmen',85),
(2024,'Outubro','Jamaica',10039),
(2024,'Outubro','Japão',517789277),
(2024,'Outubro','Jersey',4912562),
(2024,'Outubro','Jordânia',843674),
(2024,'Outubro','Laos',1150637),
(2024,'Outubro','Letônia',3727545),
(2024,'Outubro','Liechtenstein',860057),
(2024,'Outubro','Lituânia',3960707),
(2024,'Outubro','Luxemburgo',3163223),
(2024,'Outubro','Líbano',7607329),
(2024,'Outubro','Macau',38309),
(2024,'Outubro','Macedônia',2188728),
(2024,'Outubro','Madagascar',1011661),
(2024,'Outubro','Malavi',319488),
(2024,'Outubro','Malta',1461718),
(2024,'Outubro','Malásia',156374313),
(2024,'Outubro','Marrocos',145159782),
(2024,'Outubro','Marshall, Ilhas',61329),
(2024,'Outubro','Mauritânia',11059),
(2024,'Outubro','Maurício',141433),
(2024,'Outubro','Mianmar',886660),
(2024,'Outubro','Moldávia',262920),
(2024,'Outubro','Montenegro',310),
(2024,'Outubro','Moçambique',803689),
(2024,'Outubro','México',635873461),
(2024,'Outubro','Mônaco',536768),
(2024,'Outubro','Namíbia',109631),
(2024,'Outubro','Nauru',85776),
(2024,'Outubro','Nepal',63220),
(2024,'Outubro','Nicarágua',486617),
(2024,'Outubro','Nigéria',105771981),
(2024,'Outubro','Niue',166),
(2024,'Outubro','Noruega',69182692),
(2024,'Outubro','Nova Zelândia',6647979),
(2024,'Outubro','Omã',63619109),
(2024,'Outubro','Organizações Internacionais',1853),
(2024,'Outubro','Palau',1183),
(2024,'Outubro','Palestina',48225),
(2024,'Outubro','Panamá',990100),
(2024,'Outubro','Papua Nova Guiné',73),
(2024,'Outubro','Paquistão',13181787),
(2024,'Outubro','Paraguai',322169400),
(2024,'Outubro','Países Baixos (Holanda)',196429432),
(2024,'Outubro','Peru',139777355),
(2024,'Outubro','Polinésia Francesa',9),
(2024,'Outubro','Polônia',89457570),
(2024,'Outubro','Porto Rico',80375510),
(2024,'Outubro','Portugal',112335244),
(2024,'Outubro','Quirguistão',327),
(2024,'Outubro','Quênia',166840),
(2024,'Outubro','Reino Unido',322043965),
(2024,'Outubro','República Centro-Africana',30798),
(2024,'Outubro','República Dominicana',2415428),
(2024,'Outubro','Reunião',8200),
(2024,'Outubro','Romênia',45800058),
(2024,'Outubro','Rússia',1053077976),
(2024,'Outubro','Samoa',51712),
(2024,'Outubro','Samoa Americana',37421),
(2024,'Outubro','San Marino',1044579),
(2024,'Outubro','Seicheles',8324),
(2024,'Outubro','Senegal',12845109),
(2024,'Outubro','Serra Leoa',22145),
(2024,'Outubro','Singapura',64418854),
(2024,'Outubro','Sri Lanka',7259644),
(2024,'Outubro','Suazilândia',26175),
(2024,'Outubro','Sudão',30998),
(2024,'Outubro','Suécia',223263535),
(2024,'Outubro','Suíça',296712625),
(2024,'Outubro','São Cristóvão e Névis',4742),
(2024,'Outubro','Sérvia',5288649),
(2024,'Outubro','Síria',1360),
(2024,'Outubro','Tadjiquistão',235581),
(2024,'Outubro','Tailândia',216350468),
(2024,'Outubro','Taiwan (Formosa)',230187100),
(2024,'Outubro','Tanzânia',198488),
(2024,'Outubro','Tcheca, República',68363644),
(2024,'Outubro','Terras Austrais Francesas',66),
(2024,'Outubro','Trinidad e Tobago',53990635),
(2024,'Outubro','Tunísia',10723627),
(2024,'Outubro','Turcas e Caicos, Ilhas',757),
(2024,'Outubro','Turcomenistão',16928718),
(2024,'Outubro','Turquia',141118074),
(2024,'Outubro','Tuvalu',4810),
(2024,'Outubro','Ucrânia',1571776),
(2024,'Outubro','Uganda',117),
(2024,'Outubro','Uruguai',194320731),
(2024,'Outubro','Uzbequistão',11291686),
(2024,'Outubro','Vaticano',284),
(2024,'Outubro','Venezuela',28310402),
(2024,'Outubro','Vietnã',326947595),
(2024,'Outubro','Virgens, Ilhas (Britânicas)',209376),
(2024,'Outubro','Zimbábue',30089),
(2024,'Outubro','Zâmbia',188592),
(2024,'Outubro','África do Sul',83809396),
(2024,'Outubro','Áustria',100306407),
(2024,'Outubro','Índia',806651108),
(2024,'Setembro','Afeganistão',197829),
(2024,'Setembro','Aland, Ilhas',96822),
(2024,'Setembro','Albânia',466759),
(2024,'Setembro','Alemanha',1240585897),
(2024,'Setembro','Andorra',2),
(2024,'Setembro','Angola',156157261),
(2024,'Setembro','Anguilla',41146),
(2024,'Setembro','Argentina',1272584164),
(2024,'Setembro','Argélia',79113765),
(2024,'Setembro','Armênia',8404),
(2024,'Setembro','Aruba',1571),
(2024,'Setembro','Arábia Saudita',275110589),
(2024,'Setembro','Austrália',105798849),
(2024,'Setembro','Azerbaijão',24114),
(2024,'Setembro','Bahamas',129),
(2024,'Setembro','Bancos Centrais',35710),
(2024,'Setembro','Bangladesh',13166725),
(2024,'Setembro','Barbados',8291),
(2024,'Setembro','Barein',11304696),
(2024,'Setembro','Belarus',30299),
(2024,'Setembro','Belize',21943),
(2024,'Setembro','Benin',341),
(2024,'Setembro','Bermudas',67278),
(2024,'Setembro','Bolívia',123545617),
(2024,'Setembro','Botsuana',41599),
(2024,'Setembro','Brasil',70291337),
(2024,'Setembro','Bulgária',9749182),
(2024,'Setembro','Burkina Faso',111),
(2024,'Setembro','Butão',85085),
(2024,'Setembro','Bélgica',147996784),
(2024,'Setembro','Bósnia-Herzegovina',1182625),
(2024,'Setembro','Camarões',758433),
(2024,'Setembro','Camboja',8601560),
(2024,'Setembro','Canadá',238074599),
(2024,'Setembro','Catar',61626583),
(2024,'Setembro','Cayman, Ilhas',77947),
(2024,'Setembro','Cazaquistão',4849091),
(2024,'Setembro','Chade',4370),
(2024,'Setembro','Chile',401661492),
(2024,'Setembro','China',5773936291),
(2024,'Setembro','Chipre',347802),
(2024,'Setembro','Cocos (Keeling), Ilhas',5064),
(2024,'Setembro','Colômbia',190241222),
(2024,'Setembro','Comores',41753),
(2024,'Setembro','Coreia do Sul',409161733),
(2024,'Setembro','Costa Rica',10961725),
(2024,'Setembro','Costa do Marfim',6738665),
(2024,'Setembro','Coveite (Kuweit)',120401385),
(2024,'Setembro','Croácia',6654533),
(2024,'Setembro','Cuba',106764),
(2024,'Setembro','Curaçao',20009),
(2024,'Setembro','Dinamarca',86369890),
(2024,'Setembro','Dominica',1101),
(2024,'Setembro','Egito',132028003),
(2024,'Setembro','El Salvador',809002),
(2024,'Setembro','Emirados Árabes Unidos',15239107),
(2024,'Setembro','Equador',12023808),
(2024,'Setembro','Eritreia',25447),
(2024,'Setembro','Eslováquia',25431001),
(2024,'Setembro','Eslovênia',13749589),
(2024,'Setembro','Espanha',311466604),
(2024,'Setembro','Estados Unidos',3803506931),
(2024,'Setembro','Estônia',4186421),
(2024,'Setembro','Etiópia',77654),
(2024,'Setembro','Falkland (Malvinas)',5),
(2024,'Setembro','Filipinas',32345481),
(2024,'Setembro','Finlândia',50642727),
(2024,'Setembro','França',545901437),
(2024,'Setembro','Gabão',37968009),
(2024,'Setembro','Gana',2219929),
(2024,'Setembro','Geórgia',29407),
(2024,'Setembro','Grécia',2349575),
(2024,'Setembro','Guatemala',10632105),
(2024,'Setembro','Guernsey',9994),
(2024,'Setembro','Guiana',75277030),
(2024,'Setembro','Guiné Equatorial',39288803),
(2024,'Setembro','Gâmbia',77),
(2024,'Setembro','Haiti',219106),
(2024,'Setembro','Honduras',2611846),
(2024,'Setembro','Hong Kong',74154091),
(2024,'Setembro','Hungria',49004959),
(2024,'Setembro','Indonésia',162681016),
(2024,'Setembro','Iraque',212),
(2024,'Setembro','Irlanda',82285467),
(2024,'Setembro','Irã',1251782),
(2024,'Setembro','Islândia',669843),
(2024,'Setembro','Israel',109468708),
(2024,'Setembro','Itália',512640250),
(2024,'Setembro','Iêmen',36),
(2024,'Setembro','Jamaica',2833),
(2024,'Setembro','Japão',431725996),
(2024,'Setembro','Jordânia',11073699),
(2024,'Setembro','Kiribati',428),
(2024,'Setembro','Laos',541473),
(2024,'Setembro','Lesoto',921),
(2024,'Setembro','Letônia',3343357),
(2024,'Setembro','Liechtenstein',763469),
(2024,'Setembro','Lituânia',4186848),
(2024,'Setembro','Luxemburgo',4137620),
(2024,'Setembro','Líbano',148490),
(2024,'Setembro','Macau',78254),
(2024,'Setembro','Macedônia',2941707),
(2024,'Setembro','Madagascar',651560),
(2024,'Setembro','Mali',173800),
(2024,'Setembro','Malta',1170759),
(2024,'Setembro','Malásia',139710224),
(2024,'Setembro','Marrocos',141371045),
(2024,'Setembro','Marshall, Ilhas',77130),
(2024,'Setembro','Mauritânia',10102),
(2024,'Setembro','Maurício',112725),
(2024,'Setembro','Mianmar',587171),
(2024,'Setembro','Micronésia',45),
(2024,'Setembro','Moldávia',361859),
(2024,'Setembro','Mongólia',2535),
(2024,'Setembro','Montenegro',31),
(2024,'Setembro','México',416887085),
(2024,'Setembro','Mônaco',676925),
(2024,'Setembro','Namíbia',3930),
(2024,'Setembro','Nauru',717409),
(2024,'Setembro','Nepal',5729),
(2024,'Setembro','Nicarágua',437639),
(2024,'Setembro','Nigéria',50689992),
(2024,'Setembro','Norfolk, Ilha',1311),
(2024,'Setembro','Noruega',68837346),
(2024,'Setembro','Nova Caledônia',4446),
(2024,'Setembro','Nova Zelândia',5443120),
(2024,'Setembro','Omã',53890330),
(2024,'Setembro','Palestina',360),
(2024,'Setembro','Panamá',1952338),
(2024,'Setembro','Paquistão',13716105),
(2024,'Setembro','Paraguai',299374682),
(2024,'Setembro','Países Baixos (Holanda)',228279114),
(2024,'Setembro','Peru',115656467),
(2024,'Setembro','Polinésia Francesa',4217),
(2024,'Setembro','Polônia',104564257),
(2024,'Setembro','Porto Rico',93561477),
(2024,'Setembro','Portugal',108447792),
(2024,'Setembro','Quirguistão',19),
(2024,'Setembro','Quênia',6840),
(2024,'Setembro','Reino Unido',321830310),
(2024,'Setembro','República Centro-Africana',334),
(2024,'Setembro','República Dominicana',3624259),
(2024,'Setembro','Romênia',32531765),
(2024,'Setembro','Ruanda',463),
(2024,'Setembro','Rússia',963212011),
(2024,'Setembro','Samoa',84786),
(2024,'Setembro','Samoa Americana',89658),
(2024,'Setembro','San Marino',1386815),
(2024,'Setembro','Senegal',37659255),
(2024,'Setembro','Serra Leoa',8150),
(2024,'Setembro','Singapura',67968390),
(2024,'Setembro','Somália',406),
(2024,'Setembro','Sri Lanka',10746302),
(2024,'Setembro','Suazilândia',72808),
(2024,'Setembro','Suécia',228659735),
(2024,'Setembro','Suíça',256141203),
(2024,'Setembro','São Cristóvão e Névis',15199),
(2024,'Setembro','São Tomé e Príncipe',138),
(2024,'Setembro','Sérvia',4290489),
(2024,'Setembro','Tadjiquistão',253468),
(2024,'Setembro','Tailândia',185149894),
(2024,'Setembro','Taiwan (Formosa)',242617152),
(2024,'Setembro','Tanzânia',127673),
(2024,'Setembro','Tcheca, República',68957109),
(2024,'Setembro','Terras Austrais Francesas',179),
(2024,'Setembro','Território Britânico do Oceano Índico',100030),
(2024,'Setembro','Timor Leste',155),
(2024,'Setembro','Toquelau',8793),
(2024,'Setembro','Trinidad e Tobago',35148493),
(2024,'Setembro','Tunísia',5046562),
(2024,'Setembro','Turcomenistão',15430392),
(2024,'Setembro','Turquia',112678856),
(2024,'Setembro','Tuvalu',96),
(2024,'Setembro','Ucrânia',10277490),
(2024,'Setembro','Uruguai',206342752),
(2024,'Setembro','Uzbequistão',46414022),
(2024,'Setembro','Vaticano',491),
(2024,'Setembro','Venezuela',50938084),
(2024,'Setembro','Vietnã',323410001),
(2024,'Setembro','Virgens, Ilhas (Britânicas)',5503),
(2024,'Setembro','Zimbábue',25729),
(2024,'Setembro','Zâmbia',67),
(2024,'Setembro','África do Sul',41586509),
(2024,'Setembro','Áustria',132618294),
(2024,'Setembro','Índia',741469188),
(2024,'Agosto','Afeganistão',127470),
(2024,'Agosto','Aland, Ilhas',177749),
(2024,'Agosto','Albânia',336430),
(2024,'Agosto','Alemanha',1271106004),
(2024,'Agosto','Andorra',580),
(2024,'Agosto','Angola',78591940),
(2024,'Agosto','Anguilla',14840),
(2024,'Agosto','Argentina',1165537084),
(2024,'Agosto','Argélia',166794053),
(2024,'Agosto','Armênia',19795),
(2024,'Agosto','Arábia Saudita',405381351),
(2024,'Agosto','Austrália',101788497),
(2024,'Agosto','Azerbaijão',297216),
(2024,'Agosto','Bahamas',12122),
(2024,'Agosto','Bancos Centrais',6835),
(2024,'Agosto','Bangladesh',18411695),
(2024,'Agosto','Barein',18871543),
(2024,'Agosto','Belarus',83257),
(2024,'Agosto','Belize',19026),
(2024,'Agosto','Benin',138),
(2024,'Agosto','Bermudas',110976),
(2024,'Agosto','Bolívia',118023183),
(2024,'Agosto','Botsuana',249),
(2024,'Agosto','Brasil',34652068),
(2024,'Agosto','Brunei',21461601),
(2024,'Agosto','Bulgária',8756986),
(2024,'Agosto','Burkina Faso',52600),
(2024,'Agosto','Butão',65260),
(2024,'Agosto','Bélgica',157221937),
(2024,'Agosto','Bósnia-Herzegovina',865106),
(2024,'Agosto','Camarões',7924),
(2024,'Agosto','Camboja',7128830),
(2024,'Agosto','Canadá',258537538),
(2024,'Agosto','Catar',149897837),
(2024,'Agosto','Cayman, Ilhas',1257),
(2024,'Agosto','Cazaquistão',1951566),
(2024,'Agosto','Chade',5429),
(2024,'Agosto','Chile',395843035),
(2024,'Agosto','China',5802738502),
(2024,'Agosto','Chipre',220942),
(2024,'Agosto','Cocos (Keeling), Ilhas',142),
(2024,'Agosto','Colômbia',220797330),
(2024,'Agosto','Comores',10637),
(2024,'Agosto','Coreia do Norte',229),
(2024,'Agosto','Coreia do Sul',458051957),
(2024,'Agosto','Costa Rica',13604717),
(2024,'Agosto','Costa do Marfim',7062665),
(2024,'Agosto','Coveite (Kuweit)',1920766),
(2024,'Agosto','Croácia',3867414),
(2024,'Agosto','Cuba',280911),
(2024,'Agosto','Curaçao',50895),
(2024,'Agosto','Dinamarca',136768863),
(2024,'Agosto','Dominica',315),
(2024,'Agosto','Egito',102401466),
(2024,'Agosto','El Salvador',560938),
(2024,'Agosto','Emirados Árabes Unidos',107332921),
(2024,'Agosto','Equador',10282502),
(2024,'Agosto','Eritreia',8209),
(2024,'Agosto','Eslováquia',40023000),
(2024,'Agosto','Eslovênia',21211158),
(2024,'Agosto','Espanha',383087755),
(2024,'Agosto','Estados Unidos',3817128870),
(2024,'Agosto','Estônia',6791819),
(2024,'Agosto','Etiópia',143049),
(2024,'Agosto','Falkland (Malvinas)',11),
(2024,'Agosto','Filipinas',25256787),
(2024,'Agosto','Finlândia',67327543),
(2024,'Agosto','França',577132809),
(2024,'Agosto','Gana',891867),
(2024,'Agosto','Geórgia',807848),
(2024,'Agosto','Gibraltar',35419),
(2024,'Agosto','Grécia',5883949),
(2024,'Agosto','Guatemala',6980786),
(2024,'Agosto','Guiana',159985),
(2024,'Agosto','Guiné',6951),
(2024,'Agosto','Gâmbia',34608),
(2024,'Agosto','Honduras',2450395),
(2024,'Agosto','Hong Kong',74180517),
(2024,'Agosto','Hungria',55712113),
(2024,'Agosto','Indonésia',198918563),
(2024,'Agosto','Iraque',24069),
(2024,'Agosto','Irlanda',147504865),
(2024,'Agosto','Irã',533701),
(2024,'Agosto','Islândia',1001655),
(2024,'Agosto','Israel',86818650),
(2024,'Agosto','Itália',627651585),
(2024,'Agosto','Iêmen',40260),
(2024,'Agosto','Jamaica',10729),
(2024,'Agosto','Japão',632239507),
(2024,'Agosto','Jordânia',18433041),
(2024,'Agosto','Laos',1171783),
(2024,'Agosto','Lesoto',97),
(2024,'Agosto','Letônia',2932797),
(2024,'Agosto','Libéria',114270),
(2024,'Agosto','Liechtenstein',742198),
(2024,'Agosto','Lituânia',4112871),
(2024,'Agosto','Luxemburgo',6641575),
(2024,'Agosto','Líbano',58559),
(2024,'Agosto','Macau',126882),
(2024,'Agosto','Macedônia',4658633),
(2024,'Agosto','Madagascar',175454),
(2024,'Agosto','Malavi',60411),
(2024,'Agosto','Mali',478),
(2024,'Agosto','Malta',55318544),
(2024,'Agosto','Malásia',123542842),
(2024,'Agosto','Marrocos',245945353),
(2024,'Agosto','Marshall, Ilhas',158),
(2024,'Agosto','Maurício',391517),
(2024,'Agosto','Mianmar',1534924),
(2024,'Agosto','Moldávia',1557433),
(2024,'Agosto','Mongólia',153228),
(2024,'Agosto','Montenegro',189),
(2024,'Agosto','Montserrat',3023),
(2024,'Agosto','Moçambique',6243),
(2024,'Agosto','México',555134689),
(2024,'Agosto','Mônaco',127212),
(2024,'Agosto','Namíbia',70794),
(2024,'Agosto','Nauru',656486),
(2024,'Agosto','Nepal',164598),
(2024,'Agosto','Nicarágua',611451),
(2024,'Agosto','Nigéria',97995611),
(2024,'Agosto','Noruega',64186874),
(2024,'Agosto','Nova Caledônia',24891),
(2024,'Agosto','Nova Zelândia',7446693),
(2024,'Agosto','Omã',145759637),
(2024,'Agosto','Palestina',60424),
(2024,'Agosto','Panamá',734003),
(2024,'Agosto','Papua Nova Guiné',21793),
(2024,'Agosto','Paquistão',12720518),
(2024,'Agosto','Paraguai',297281161),
(2024,'Agosto','Países Baixos (Holanda)',212672854),
(2024,'Agosto','Peru',117381533),
(2024,'Agosto','Polinésia Francesa',2948),
(2024,'Agosto','Polônia',98359820),
(2024,'Agosto','Porto Rico',56665290),
(2024,'Agosto','Portugal',104016444),
(2024,'Agosto','Quirguistão',124720),
(2024,'Agosto','Quênia',150631),
(2024,'Agosto','Reino Unido',263975732),
(2024,'Agosto','República Centro-Africana',448),
(2024,'Agosto','República Dominicana',2442771),
(2024,'Agosto','Reunião',177),
(2024,'Agosto','Romênia',33009057),
(2024,'Agosto','Ruanda',24145),
(2024,'Agosto','Rússia',1018708970),
(2024,'Agosto','Samoa',138581),
(2024,'Agosto','Samoa Americana',84383),
(2024,'Agosto','San Marino',539470),
(2024,'Agosto','Seicheles',36178),
(2024,'Agosto','Senegal',3307535),
(2024,'Agosto','Serra Leoa',24867),
(2024,'Agosto','Singapura',90036338),
(2024,'Agosto','Somália',1877),
(2024,'Agosto','Sri Lanka',5041525),
(2024,'Agosto','Suazilândia',14752),
(2024,'Agosto','Suécia',186879648),
(2024,'Agosto','Suíça',297064566),
(2024,'Agosto','São Cristóvão e Névis',14972),
(2024,'Agosto','Sérvia',3839118),
(2024,'Agosto','Síria',79441),
(2024,'Agosto','Tadjiquistão',454120),
(2024,'Agosto','Tailândia',213604230),
(2024,'Agosto','Taiwan (Formosa)',231844842),
(2024,'Agosto','Tanzânia',446625),
(2024,'Agosto','Tcheca, República',70608502),
(2024,'Agosto','Terras Austrais Francesas',41),
(2024,'Agosto','Timor Leste',155),
(2024,'Agosto','Toquelau',131142),
(2024,'Agosto','Trinidad e Tobago',42576054),
(2024,'Agosto','Tunísia',6219107),
(2024,'Agosto','Turcomenistão',3003),
(2024,'Agosto','Turquia',105924390),
(2024,'Agosto','Ucrânia',2494100),
(2024,'Agosto','Uganda',396),
(2024,'Agosto','Uruguai',204060084),
(2024,'Agosto','Uzbequistão',73180093),
(2024,'Agosto','Vaticano',1413),
(2024,'Agosto','Venezuela',28942471),
(2024,'Agosto','Vietnã',336515057),
(2024,'Agosto','Virgens, Ilhas (Britânicas)',121713),
(2024,'Agosto','Zimbábue',992606),
(2024,'Agosto','Zâmbia',211963),
(2024,'Agosto','África do Sul',43544780),
(2024,'Agosto','Áustria',124974571),
(2024,'Agosto','Índia',558926271),
(2024,'Julho','Afeganistão',102365),
(2024,'Julho','Aland, Ilhas',6987),
(2024,'Julho','Albânia',228097),
(2024,'Julho','Alemanha',1208639958),
(2024,'Julho','Andorra',20559),
(2024,'Julho','Angola',103767421),
(2024,'Julho','Anguilla',11902),
(2024,'Julho','Antártica',14),
(2024,'Julho','Argentina',1198050886),
(2024,'Julho','Argélia',133227097),
(2024,'Julho','Armênia',17101),
(2024,'Julho','Aruba',1220),
(2024,'Julho','Arábia Saudita',288484159),
(2024,'Julho','Austrália',135267197),
(2024,'Julho','Azerbaijão',148809),
(2024,'Julho','Bancos Centrais',9),
(2024,'Julho','Bangladesh',13014638),
(2024,'Julho','Barbados',56843),
(2024,'Julho','Barein',7333873),
(2024,'Julho','Belarus',78077),
(2024,'Julho','Belize',2858),
(2024,'Julho','Bermudas',17299),
(2024,'Julho','Bolívia',113517264),
(2024,'Julho','Brasil',41537123),
(2024,'Julho','Brunei',163),
(2024,'Julho','Bulgária',9681258),
(2024,'Julho','Burkina Faso',54),
(2024,'Julho','Butão',34662),
(2024,'Julho','Bélgica',173765726),
(2024,'Julho','Bósnia-Herzegovina',1057809),
(2024,'Julho','Camarões',964417),
(2024,'Julho','Camboja',12043373),
(2024,'Julho','Canadá',309745102),
(2024,'Julho','Catar',125137412),
(2024,'Julho','Cayman, Ilhas',13011),
(2024,'Julho','Cazaquistão',1918497),
(2024,'Julho','Chade',256),
(2024,'Julho','Chile',466515088),
(2024,'Julho','China',5521808048),
(2024,'Julho','Chipre',67234),
(2024,'Julho','Cocos (Keeling), Ilhas',21930),
(2024,'Julho','Colômbia',182983414),
(2024,'Julho','Comores',17490),
(2024,'Julho','Coreia do Sul',454635201),
(2024,'Julho','Costa Rica',10046568),
(2024,'Julho','Costa do Marfim',6214189),
(2024,'Julho','Coveite (Kuweit)',1280429),
(2024,'Julho','Croácia',1643962),
(2024,'Julho','Cuba',436722),
(2024,'Julho','Curaçao',14735),
(2024,'Julho','Dinamarca',199552898),
(2024,'Julho','Dominica',611),
(2024,'Julho','Egito',105545449),
(2024,'Julho','El Salvador',428887),
(2024,'Julho','Emirados Árabes Unidos',19816124),
(2024,'Julho','Equador',7745477),
(2024,'Julho','Eritreia',7018),
(2024,'Julho','Eslováquia',28295395),
(2024,'Julho','Eslovênia',13208487),
(2024,'Julho','Espanha',412735889),
(2024,'Julho','Estados Unidos',3612934782),
(2024,'Julho','Estônia',5616040),
(2024,'Julho','Etiópia',31753),
(2024,'Julho','Falkland (Malvinas)',18),
(2024,'Julho','Filipinas',28473103),
(2024,'Julho','Finlândia',59146239),
(2024,'Julho','França',516023573),
(2024,'Julho','Gabão',60569866),
(2024,'Julho','Gana',2682146),
(2024,'Julho','Geórgia',200392),
(2024,'Julho','Gibraltar',45253),
(2024,'Julho','Grécia',23159958),
(2024,'Julho','Guadalupe',243),
(2024,'Julho','Guatemala',3036343),
(2024,'Julho','Guernsey',19149),
(2024,'Julho','Guiana',80920326),
(2024,'Julho','Guiné Equatorial',538),
(2024,'Julho','Gâmbia',25383),
(2024,'Julho','Haiti',88696),
(2024,'Julho','Honduras',1850451),
(2024,'Julho','Hong Kong',75903527),
(2024,'Julho','Hungria',50499739),
(2024,'Julho','Ilha de Man',32018),
(2024,'Julho','Indonésia',189850542),
(2024,'Julho','Iraque',12342),
(2024,'Julho','Irlanda',103939384),
(2024,'Julho','Irã',364976),
(2024,'Julho','Islândia',1152536),
(2024,'Julho','Israel',109842140),
(2024,'Julho','Itália',565883507),
(2024,'Julho','Iêmen',13),
(2024,'Julho','Jamaica',2812),
(2024,'Julho','Japão',464446211),
(2024,'Julho','Jordânia',19127110),
(2024,'Julho','Laos',8009180),
(2024,'Julho','Lesoto',1232),
(2024,'Julho','Letônia',3063281),
(2024,'Julho','Libéria',117715),
(2024,'Julho','Liechtenstein',852671),
(2024,'Julho','Lituânia',2937417),
(2024,'Julho','Luxemburgo',3735297),
(2024,'Julho','Líbano',170441),
(2024,'Julho','Macau',7483),
(2024,'Julho','Macedônia',2849216),
(2024,'Julho','Madagascar',594088),
(2024,'Julho','Malavi',3401990),
(2024,'Julho','Maldivas',39410),
(2024,'Julho','Mali',169355),
(2024,'Julho','Malta',53698565),
(2024,'Julho','Malásia',130143319),
(2024,'Julho','Marrocos',163199485),
(2024,'Julho','Marshall, Ilhas',13529),
(2024,'Julho','Maurício',17210),
(2024,'Julho','Mianmar',557934),
(2024,'Julho','Moldávia',303319),
(2024,'Julho','Montenegro',39101),
(2024,'Julho','Montserrat',589),
(2024,'Julho','Moçambique',785134),
(2024,'Julho','México',445356539),
(2024,'Julho','Mônaco',589798),
(2024,'Julho','Namíbia',11626),
(2024,'Julho','Nauru',388643),
(2024,'Julho','Nepal',21395),
(2024,'Julho','Nicarágua',222630),
(2024,'Julho','Nigéria',162680623),
(2024,'Julho','Noruega',127043834),
(2024,'Julho','Nova Zelândia',8163353),
(2024,'Julho','Omã',21376251),
(2024,'Julho','Organizações Internacionais',2913),
(2024,'Julho','Palestina',228),
(2024,'Julho','Panamá',1371815),
(2024,'Julho','Paquistão',11293332),
(2024,'Julho','Paraguai',310385423),
(2024,'Julho','Países Baixos (Holanda)',183175586),
(2024,'Julho','Peru',141172546),
(2024,'Julho','Polinésia Francesa',51165),
(2024,'Julho','Polônia',98204697),
(2024,'Julho','Porto Rico',87451135),
(2024,'Julho','Portugal',75366387),
(2024,'Julho','Quirguistão',19),
(2024,'Julho','Quênia',154468),
(2024,'Julho','Reino Unido',257882716),
(2024,'Julho','República Centro-Africana',29),
(2024,'Julho','República Dominicana',2054415),
(2024,'Julho','Romênia',37134066),
(2024,'Julho','Ruanda',380),
(2024,'Julho','Rússia',1167242085),
(2024,'Julho','Salomão, Ilhas',1098),
(2024,'Julho','Samoa',9222),
(2024,'Julho','Samoa Americana',49860),
(2024,'Julho','San Marino',842923),
(2024,'Julho','Seicheles',6247),
(2024,'Julho','Senegal',5541355),
(2024,'Julho','Serra Leoa',10006),
(2024,'Julho','Singapura',65926205),
(2024,'Julho','Somália',3107),
(2024,'Julho','Sri Lanka',7235522),
(2024,'Julho','Suazilândia',4208),
(2024,'Julho','Suécia',199352657),
(2024,'Julho','Suíça',238526004),
(2024,'Julho','São Cristóvão e Névis',32050),
(2024,'Julho','Sérvia',4880614),
(2024,'Julho','Tadjiquistão',8684),
(2024,'Julho','Tailândia',233371710),
(2024,'Julho','Taiwan (Formosa)',250827058),
(2024,'Julho','Tanzânia',237786),
(2024,'Julho','Tcheca, República',68818921),
(2024,'Julho','Terras Austrais Francesas',27),
(2024,'Julho','Timor Leste',672),
(2024,'Julho','Tonga',165),
(2024,'Julho','Toquelau',136177),
(2024,'Julho','Trinidad e Tobago',28313624),
(2024,'Julho','Tunísia',5959868),
(2024,'Julho','Turcomenistão',8),
(2024,'Julho','Turquia',107309704),
(2024,'Julho','Ucrânia',4400396),
(2024,'Julho','Uruguai',199386092),
(2024,'Julho','Uzbequistão',39165859),
(2024,'Julho','Venezuela',41228588),
(2024,'Julho','Vietnã',284049896),
(2024,'Julho','Virgens, Ilhas (Britânicas)',169351),
(2024,'Julho','Zâmbia',31477),
(2024,'Julho','África do Sul',49520312),
(2024,'Julho','Áustria',109337951),
(2024,'Julho','Índia',544911947),
(2024,'Junho','Afeganistão',20232),
(2024,'Junho','Aland, Ilhas',9460),
(2024,'Junho','Albânia',433962),
(2024,'Junho','Alemanha',1194827909),
(2024,'Junho','Andorra',680),
(2024,'Junho','Angola',82499759),
(2024,'Junho','Anguilla',16557),
(2024,'Junho','Antígua e Barbuda',6175),
(2024,'Junho','Argentina',1009744476),
(2024,'Junho','Argélia',72026465),
(2024,'Junho','Armênia',18051),
(2024,'Junho','Aruba',1810),
(2024,'Junho','Arábia Saudita',166826629),
(2024,'Junho','Austrália',121583095),
(2024,'Junho','Azerbaijão',148608),
(2024,'Junho','Bangladesh',20299877),
(2024,'Junho','Barbados',108),
(2024,'Junho','Barein',6708616),
(2024,'Junho','Belarus',67268),
(2024,'Junho','Belize',3040),
(2024,'Junho','Benin',27),
(2024,'Junho','Bolívia',105644872),
(2024,'Junho','Brasil',43097804),
(2024,'Junho','Brunei',18454580),
(2024,'Junho','Bulgária',8211061),
(2024,'Junho','Burkina Faso',170),
(2024,'Junho','Butão',66797),
(2024,'Junho','Bélgica',150257866),
(2024,'Junho','Bósnia-Herzegovina',1021712),
(2024,'Junho','Camarões',489321),
(2024,'Junho','Camboja',6945242),
(2024,'Junho','Canadá',291887159),
(2024,'Junho','Catar',46946814),
(2024,'Junho','Cayman, Ilhas',1880),
(2024,'Junho','Cazaquistão',15598331),
(2024,'Junho','Chile',471635570),
(2024,'Junho','China',5841394471),
(2024,'Junho','Chipre',329685),
(2024,'Junho','Cocos (Keeling), Ilhas',53712),
(2024,'Junho','Colômbia',139762579),
(2024,'Junho','Comores',7470),
(2024,'Junho','Congo',5171),
(2024,'Junho','Coreia do Sul',417022903),
(2024,'Junho','Costa Rica',9794708),
(2024,'Junho','Costa do Marfim',5655380),
(2024,'Junho','Coveite (Kuweit)',633),
(2024,'Junho','Croácia',851960),
(2024,'Junho','Cuba',167132),
(2024,'Junho','Curaçao',13229),
(2024,'Junho','Dinamarca',186791000),
(2024,'Junho','Dominica',4541),
(2024,'Junho','Egito',116692374),
(2024,'Junho','El Salvador',421923),
(2024,'Junho','Emirados Árabes Unidos',208561448),
(2024,'Junho','Equador',10930033),
(2024,'Junho','Eritreia',60151),
(2024,'Junho','Eslováquia',73046984),
(2024,'Junho','Eslovênia',11964460),
(2024,'Junho','Espanha',283117666),
(2024,'Junho','Estados Unidos',3337858525),
(2024,'Junho','Estônia',5862027),
(2024,'Junho','Etiópia',7636),
(2024,'Junho','Falkland (Malvinas)',1417),
(2024,'Junho','Filipinas',21786605),
(2024,'Junho','Finlândia',51408785),
(2024,'Junho','França',474315351),
(2024,'Junho','Gabão',83964480),
(2024,'Junho','Gana',1971759),
(2024,'Junho','Geórgia',467608),
(2024,'Junho','Granada',222),
(2024,'Junho','Grécia',7920952),
(2024,'Junho','Guadalupe',8674),
(2024,'Junho','Guatemala',5981617),
(2024,'Junho','Guernsey',3069),
(2024,'Junho','Guiana',81953921),
(2024,'Junho','Guiné Equatorial',9893),
(2024,'Junho','Gâmbia',95),
(2024,'Junho','Haiti',87444),
(2024,'Junho','Honduras',2051830),
(2024,'Junho','Hong Kong',112230264),
(2024,'Junho','Hungria',54760248),
(2024,'Junho','Indonésia',135976834),
(2024,'Junho','Iraque',51618),
(2024,'Junho','Irlanda',70686754),
(2024,'Junho','Irã',609159),
(2024,'Junho','Islândia',989075),
(2024,'Junho','Israel',133721188),
(2024,'Junho','Itália',600576923),
(2024,'Junho','Iêmen',1003),
(2024,'Junho','Jamaica',190),
(2024,'Junho','Japão',426820552),
(2024,'Junho','Jersey',147),
(2024,'Junho','Jordânia',5767299),
(2024,'Junho','Kiribati',6114),
(2024,'Junho','Laos',312557),
(2024,'Junho','Letônia',2248938),
(2024,'Junho','Liechtenstein',771398),
(2024,'Junho','Lituânia',9848281),
(2024,'Junho','Luxemburgo',4180888),
(2024,'Junho','Líbano',304520),
(2024,'Junho','Macau',80896),
(2024,'Junho','Macedônia',1444016),
(2024,'Junho','Madagascar',507968),
(2024,'Junho','Malavi',4759442),
(2024,'Junho','Mali',38),
(2024,'Junho','Malta',27886882),
(2024,'Junho','Malásia',115229976),
(2024,'Junho','Marrocos',169446080),
(2024,'Junho','Marshall, Ilhas',36973),
(2024,'Junho','Maurício',4781),
(2024,'Junho','Mianmar',858267),
(2024,'Junho','Micronésia',14),
(2024,'Junho','Moldávia',373129),
(2024,'Junho','Mongólia',387),
(2024,'Junho','Montenegro',26),
(2024,'Junho','Moçambique',538),
(2024,'Junho','México',463441572),
(2024,'Junho','Mônaco',294552),
(2024,'Junho','Namíbia',18606),
(2024,'Junho','Nauru',129197),
(2024,'Junho','Nepal',7230),
(2024,'Junho','Nicarágua',544468),
(2024,'Junho','Nigéria',122728679),
(2024,'Junho','Niue',439),
(2024,'Junho','Noruega',45404982),
(2024,'Junho','Nova Caledônia',12370),
(2024,'Junho','Nova Zelândia',6852784),
(2024,'Junho','Níger',2),
(2024,'Junho','Omã',118291947),
(2024,'Junho','Palau',107),
(2024,'Junho','Palestina',119669),
(2024,'Junho','Panamá',2080463),
(2024,'Junho','Paquistão',12146393),
(2024,'Junho','Paraguai',326959846),
(2024,'Junho','Países Baixos (Holanda)',125164822),
(2024,'Junho','Peru',106500928),
(2024,'Junho','Polinésia Francesa',1433),
(2024,'Junho','Polônia',91643920),
(2024,'Junho','Porto Rico',34554639),
(2024,'Junho','Portugal',102928346),
(2024,'Junho','Quirguistão',19),
(2024,'Junho','Quênia',163362),
(2024,'Junho','Reino Unido',223525375),
(2024,'Junho','República Centro-Africana',171),
(2024,'Junho','República Dominicana',2301228),
(2024,'Junho','Romênia',33422397),
(2024,'Junho','Ruanda',14900),
(2024,'Junho','Rússia',1129911082),
(2024,'Junho','Samoa',28841),
(2024,'Junho','Samoa Americana',56868),
(2024,'Junho','San Marino',448973),
(2024,'Junho','Seicheles',9348),
(2024,'Junho','Senegal',278297),
(2024,'Junho','Serra Leoa',43958),
(2024,'Junho','Singapura',47545741),
(2024,'Junho','Sri Lanka',6732460),
(2024,'Junho','Suazilândia',2463),
(2024,'Junho','Suécia',172429074),
(2024,'Junho','Suíça',219384298),
(2024,'Junho','Svalbard e Jan Mayen',4107),
(2024,'Junho','São Bartolomeu',18),
(2024,'Junho','São Cristóvão e Névis',21996),
(2024,'Junho','Sérvia',2879425),
(2024,'Junho','Tadjiquistão',6544),
(2024,'Junho','Tailândia',197118666),
(2024,'Junho','Taiwan (Formosa)',225001408),
(2024,'Junho','Tanzânia',384098),
(2024,'Junho','Tcheca, República',57396048),
(2024,'Junho','Terras Austrais Francesas',143),
(2024,'Junho','Toquelau',117490),
(2024,'Junho','Trinidad e Tobago',22467268),
(2024,'Junho','Tunísia',5587065),
(2024,'Junho','Turcomenistão',10853),
(2024,'Junho','Turquia',101352770),
(2024,'Junho','Ucrânia',5051406),
(2024,'Junho','Uruguai',156140013),
(2024,'Junho','Uzbequistão',32201973),
(2024,'Junho','Venezuela',29354606),
(2024,'Junho','Vietnã',254163671),
(2024,'Junho','Virgens, Ilhas (Britânicas)',76967),
(2024,'Junho','Zimbábue',945535),
(2024,'Junho','Zâmbia',242782),
(2024,'Junho','África do Sul',67598737),
(2024,'Junho','Áustria',109860100),
(2024,'Junho','Índia',641084437),
(2024,'Maio','Afeganistão',28233),
(2024,'Maio','Aland, Ilhas',9253),
(2024,'Maio','Albânia',774067),
(2024,'Maio','Alemanha',1202004427),
(2024,'Maio','Angola',182528838),
(2024,'Maio','Anguilla',14127),
(2024,'Maio','Argentina',1118436669),
(2024,'Maio','Argélia',10614423),
(2024,'Maio','Armênia',31411),
(2024,'Maio','Aruba',506),
(2024,'Maio','Arábia Saudita',262451340),
(2024,'Maio','Austrália',148748735),
(2024,'Maio','Azerbaijão',398135),
(2024,'Maio','Bancos Centrais',49),
(2024,'Maio','Bangladesh',16071772),
(2024,'Maio','Barein',6442816),
(2024,'Maio','Belarus',444452),
(2024,'Maio','Bolívia',115151457),
(2024,'Maio','Bonaire, Saint Eustatius e Saba',1980),
(2024,'Maio','Botsuana',305),
(2024,'Maio','Brasil',24971676),
(2024,'Maio','Bulgária',7590736),
(2024,'Maio','Burkina Faso',131),
(2024,'Maio','Butão',64968),
(2024,'Maio','Bélgica',135064374),
(2024,'Maio','Bósnia-Herzegovina',907597),
(2024,'Maio','Cabo Verde',45),
(2024,'Maio','Camarões',577454),
(2024,'Maio','Camboja',6201599),
(2024,'Maio','Canadá',242199177),
(2024,'Maio','Catar',64559194),
(2024,'Maio','Cayman, Ilhas',6267),
(2024,'Maio','Cazaquistão',7033715),
(2024,'Maio','Chade',100),
(2024,'Maio','Chile',418483335),
(2024,'Maio','China',4570311711),
(2024,'Maio','Chipre',116528),
(2024,'Maio','Cocos (Keeling), Ilhas',14125),
(2024,'Maio','Colômbia',156274118),
(2024,'Maio','Comores',605),
(2024,'Maio','Congo, República Democrática',219),
(2024,'Maio','Coreia do Sul',412553840),
(2024,'Maio','Costa Rica',9796518),
(2024,'Maio','Costa do Marfim',3350375),
(2024,'Maio','Coveite (Kuweit)',55387),
(2024,'Maio','Croácia',1551097),
(2024,'Maio','Cuba',253914),
(2024,'Maio','Curaçao',227741),
(2024,'Maio','Dinamarca',211615591),
(2024,'Maio','Dominica',51),
(2024,'Maio','Egito',51779833),
(2024,'Maio','El Salvador',310358),
(2024,'Maio','Emirados Árabes Unidos',18557429),
(2024,'Maio','Equador',7645174),
(2024,'Maio','Eritreia',33),
(2024,'Maio','Eslováquia',64484951),
(2024,'Maio','Eslovênia',32750736),
(2024,'Maio','Espanha',447115711),
(2024,'Maio','Estados Unidos',3814946608),
(2024,'Maio','Estônia',4449740),
(2024,'Maio','Etiópia',114285),
(2024,'Maio','Fiji',5092),
(2024,'Maio','Filipinas',21734361),
(2024,'Maio','Finlândia',46390388),
(2024,'Maio','França',603876867),
(2024,'Maio','Gabão',59158559),
(2024,'Maio','Gana',81815164),
(2024,'Maio','Geórgia',23558),
(2024,'Maio','Gibraltar',20681),
(2024,'Maio','Grécia',20298820),
(2024,'Maio','Guatemala',4303157),
(2024,'Maio','Guiana',81271983),
(2024,'Maio','Gâmbia',75),
(2024,'Maio','Haiti',69506),
(2024,'Maio','Honduras',2390941),
(2024,'Maio','Hong Kong',93907635),
(2024,'Maio','Hungria',50507565),
(2024,'Maio','Indonésia',98777680),
(2024,'Maio','Irlanda',102891229),
(2024,'Maio','Irã',764548),
(2024,'Maio','Islândia',961335),
(2024,'Maio','Israel',114699570),
(2024,'Maio','Itália',527828698),
(2024,'Maio','Jamaica',8451),
(2024,'Maio','Japão',393890239),
(2024,'Maio','Jersey',84215796),
(2024,'Maio','Jordânia',14170840),
(2024,'Maio','Kiribati',2080),
(2024,'Maio','Laos',155203),
(2024,'Maio','Letônia',3489041),
(2024,'Maio','Liechtenstein',702254),
(2024,'Maio','Lituânia',3890808),
(2024,'Maio','Luxemburgo',3835703),
(2024,'Maio','Líbano',127112),
(2024,'Maio','Macau',86451),
(2024,'Maio','Macedônia',1952669),
(2024,'Maio','Madagascar',892488),
(2024,'Maio','Malavi',75918),
(2024,'Maio','Maldivas',7882),
(2024,'Maio','Malta',809308),
(2024,'Maio','Malásia',133976301),
(2024,'Maio','Marrocos',113785398),
(2024,'Maio','Marshall, Ilhas',81149),
(2024,'Maio','Maurício',745465),
(2024,'Maio','Mianmar',433028),
(2024,'Maio','Micronésia',25),
(2024,'Maio','Moldávia',446109),
(2024,'Maio','Mongólia',32618),
(2024,'Maio','Montenegro',1297),
(2024,'Maio','Montserrat',190),
(2024,'Maio','México',445496118),
(2024,'Maio','Mônaco',513210),
(2024,'Maio','Namíbia',73589),
(2024,'Maio','Nauru',214282),
(2024,'Maio','Nepal',3848),
(2024,'Maio','Nicarágua',476243),
(2024,'Maio','Nigéria',146342726),
(2024,'Maio','Niue',8217),
(2024,'Maio','Noruega',125573700),
(2024,'Maio','Nova Caledônia',2132),
(2024,'Maio','Nova Zelândia',14006217),
(2024,'Maio','Níger',11487),
(2024,'Maio','Omã',34906121),
(2024,'Maio','Panamá',949558),
(2024,'Maio','Papua Nova Guiné',20892),
(2024,'Maio','Paquistão',12670628),
(2024,'Maio','Paraguai',317293916),
(2024,'Maio','Países Baixos (Holanda)',156407407),
(2024,'Maio','Peru',124078465),
(2024,'Maio','Polônia',86957517),
(2024,'Maio','Porto Rico',41251861),
(2024,'Maio','Portugal',128770874),
(2024,'Maio','Quirguistão',10),
(2024,'Maio','Quênia',859),
(2024,'Maio','Reino Unido',230401704),
(2024,'Maio','República Centro-Africana',155),
(2024,'Maio','República Dominicana',3478629),
(2024,'Maio','Romênia',32078851),
(2024,'Maio','Rússia',1091277121),
(2024,'Maio','Samoa',44234),
(2024,'Maio','Samoa Americana',37576),
(2024,'Maio','San Marino',858244),
(2024,'Maio','Seicheles',29470),
(2024,'Maio','Senegal',314459),
(2024,'Maio','Serra Leoa',29628),
(2024,'Maio','Singapura',75275114),
(2024,'Maio','Sri Lanka',7834872),
(2024,'Maio','Suazilândia',15608),
(2024,'Maio','Sudão',14614),
(2024,'Maio','Suécia',192311819),
(2024,'Maio','Suíça',302646386),
(2024,'Maio','São Cristóvão e Névis',12846),
(2024,'Maio','Sérvia',4672731),
(2024,'Maio','Síria',79403),
(2024,'Maio','Tadjiquistão',319712),
(2024,'Maio','Tailândia',165143568),
(2024,'Maio','Taiwan (Formosa)',192494762),
(2024,'Maio','Tanzânia',45649),
(2024,'Maio','Tcheca, República',60856285),
(2024,'Maio','Terras Austrais Francesas',359),
(2024,'Maio','Togo',1284),
(2024,'Maio','Toquelau',193651),
(2024,'Maio','Trinidad e Tobago',23012148),
(2024,'Maio','Tunísia',6204189),
(2024,'Maio','Turcomenistão',1926622),
(2024,'Maio','Turquia',97642088),
(2024,'Maio','Tuvalu',1142),
(2024,'Maio','Ucrânia',3357995),
(2024,'Maio','Uganda',5000),
(2024,'Maio','Uruguai',199778329),
(2024,'Maio','Uzbequistão',49494674),
(2024,'Maio','Venezuela',36687494),
(2024,'Maio','Vietnã',302650971),
(2024,'Maio','Zimbábue',350),
(2024,'Maio','Zâmbia',317001),
(2024,'Maio','África do Sul',57508738),
(2024,'Maio','Áustria',139652644),
(2024,'Maio','Índia',524137324),
(2024,'Abril','Afeganistão',9506),
(2024,'Abril','Aland, Ilhas',11141),
(2024,'Abril','Albânia',334785),
(2024,'Abril','Alemanha',1170932324),
(2024,'Abril','Andorra',35237),
(2024,'Abril','Angola',92144172),
(2024,'Abril','Anguilla',4407),
(2024,'Abril','Argentina',1212828004),
(2024,'Abril','Argélia',165387239),
(2024,'Abril','Armênia',693258),
(2024,'Abril','Aruba',1013),
(2024,'Abril','Arábia Saudita',319814421),
(2024,'Abril','Austrália',121227124),
(2024,'Abril','Azerbaijão',148608),
(2024,'Abril','Bahamas',34),
(2024,'Abril','Bangladesh',27564852),
(2024,'Abril','Barbados',25288),
(2024,'Abril','Barein',58905443),
(2024,'Abril','Belarus',509545),
(2024,'Abril','Belize',11559),
(2024,'Abril','Bermudas',171961),
(2024,'Abril','Bolívia',144244754),
(2024,'Abril','Bonaire, Saint Eustatius e Saba',670),
(2024,'Abril','Botsuana',8824),
(2024,'Abril','Brasil',68855259),
(2024,'Abril','Brunei',26465333),
(2024,'Abril','Bulgária',7238455),
(2024,'Abril','Burkina Faso',92),
(2024,'Abril','Burundi',12076),
(2024,'Abril','Butão',50756),
(2024,'Abril','Bélgica',136755449),
(2024,'Abril','Bósnia-Herzegovina',849809),
(2024,'Abril','Camarões',890793),
(2024,'Abril','Camboja',9705102),
(2024,'Abril','Canadá',271779171),
(2024,'Abril','Catar',40073753),
(2024,'Abril','Cayman, Ilhas',5734),
(2024,'Abril','Cazaquistão',6476324),
(2024,'Abril','Chade',199),
(2024,'Abril','Chile',497334896),
(2024,'Abril','China',4665532045),
(2024,'Abril','Chipre',249991),
(2024,'Abril','Cocos (Keeling), Ilhas',21365),
(2024,'Abril','Colômbia',175469446),
(2024,'Abril','Congo',95038241),
(2024,'Abril','Cook, Ilhas',2351),
(2024,'Abril','Coreia do Sul',481105405),
(2024,'Abril','Costa Rica',12634572),
(2024,'Abril','Costa do Marfim',44874424),
(2024,'Abril','Coveite (Kuweit)',70898888),
(2024,'Abril','Croácia',5202378),
(2024,'Abril','Cuba',346384),
(2024,'Abril','Curaçao',8882),
(2024,'Abril','Dinamarca',121347866),
(2024,'Abril','Egito',63907872),
(2024,'Abril','El Salvador',381340),
(2024,'Abril','Emirados Árabes Unidos',18859470),
(2024,'Abril','Equador',11625291),
(2024,'Abril','Eslováquia',29622507),
(2024,'Abril','Eslovênia',18173521),
(2024,'Abril','Espanha',295681120),
(2024,'Abril','Estados Unidos',3322592308),
(2024,'Abril','Estônia',4800032),
(2024,'Abril','Etiópia',1801),
(2024,'Abril','Falkland (Malvinas)',37),
(2024,'Abril','Filipinas',26402208),
(2024,'Abril','Finlândia',63106155),
(2024,'Abril','França',544310636),
(2024,'Abril','Gabão',60765518),
(2024,'Abril','Gana',91839420),
(2024,'Abril','Geórgia',98206),
(2024,'Abril','Geórgia do Sul e Sandwich do Sul, Ilhas',4692),
(2024,'Abril','Grécia',7503707),
(2024,'Abril','Guatemala',6384223),
(2024,'Abril','Guernsey',20038),
(2024,'Abril','Guiana',60747364),
(2024,'Abril','Gâmbia',91),
(2024,'Abril','Haiti',68646),
(2024,'Abril','Honduras',1412458),
(2024,'Abril','Hong Kong',72096582),
(2024,'Abril','Hungria',50630124),
(2024,'Abril','Indonésia',175766603),
(2024,'Abril','Irlanda',118636950),
(2024,'Abril','Irã',712608),
(2024,'Abril','Islândia',1655968),
(2024,'Abril','Israel',84562409),
(2024,'Abril','Itália',473675629),
(2024,'Abril','Jamaica',984),
(2024,'Abril','Japão',532623206),
(2024,'Abril','Jordânia',13358238),
(2024,'Abril','Laos',257615),
(2024,'Abril','Letônia',3620179),
(2024,'Abril','Libéria',421),
(2024,'Abril','Liechtenstein',609790),
(2024,'Abril','Lituânia',3616967),
(2024,'Abril','Luxemburgo',5095436),
(2024,'Abril','Líbano',64082),
(2024,'Abril','Macau',106758),
(2024,'Abril','Macedônia',1589088),
(2024,'Abril','Madagascar',940965),
(2024,'Abril','Malavi',553171),
(2024,'Abril','Maldivas',63056),
(2024,'Abril','Mali',2767),
(2024,'Abril','Malta',953227),
(2024,'Abril','Malásia',121697422),
(2024,'Abril','Marrocos',121334351),
(2024,'Abril','Marshall, Ilhas',17742),
(2024,'Abril','Mauritânia',486),
(2024,'Abril','Maurício',115587),
(2024,'Abril','Mianmar',954701),
(2024,'Abril','Micronésia',399),
(2024,'Abril','Moldávia',346204),
(2024,'Abril','Montenegro',1030),
(2024,'Abril','Moçambique',606666),
(2024,'Abril','México',507997235),
(2024,'Abril','Mônaco',132676),
(2024,'Abril','Namíbia',231060),
(2024,'Abril','Nauru',327163),
(2024,'Abril','Nepal',3842),
(2024,'Abril','Nicarágua',323433),
(2024,'Abril','Nigéria',52714584),
(2024,'Abril','Niue',1701),
(2024,'Abril','Noruega',53367202),
(2024,'Abril','Nova Zelândia',6313794),
(2024,'Abril','Omã',96770509),
(2024,'Abril','Panamá',1234241),
(2024,'Abril','Paquistão',12982166),
(2024,'Abril','Paraguai',318305977),
(2024,'Abril','Países Baixos (Holanda)',204594331),
(2024,'Abril','Peru',148822358),
(2024,'Abril','Polônia',87843505),
(2024,'Abril','Porto Rico',65822894),
(2024,'Abril','Portugal',119616870),
(2024,'Abril','Quênia',186828),
(2024,'Abril','Reino Unido',278947119),
(2024,'Abril','República Dominicana',3166470),
(2024,'Abril','Romênia',39954097),
(2024,'Abril','Rússia',876388004),
(2024,'Abril','Saara Ocidental',180),
(2024,'Abril','Samoa',7104),
(2024,'Abril','Samoa Americana',682589),
(2024,'Abril','San Marino',841972),
(2024,'Abril','Seicheles',16),
(2024,'Abril','Senegal',632534),
(2024,'Abril','Serra Leoa',18073),
(2024,'Abril','Singapura',67769852),
(2024,'Abril','Sri Lanka',5760567),
(2024,'Abril','Suazilândia',4372),
(2024,'Abril','Sudão do Sul',54),
(2024,'Abril','Suriname',10758),
(2024,'Abril','Suécia',173690749),
(2024,'Abril','Suíça',283146439),
(2024,'Abril','São Cristóvão e Névis',18997),
(2024,'Abril','Sérvia',2781385),
(2024,'Abril','Tadjiquistão',12944),
(2024,'Abril','Tailândia',243633595),
(2024,'Abril','Taiwan (Formosa)',237585288),
(2024,'Abril','Tanzânia',240248),
(2024,'Abril','Tcheca, República',72084235),
(2024,'Abril','Toquelau',200892),
(2024,'Abril','Trinidad e Tobago',15789967),
(2024,'Abril','Tunísia',3852771),
(2024,'Abril','Turcas e Caicos, Ilhas',758),
(2024,'Abril','Turcomenistão',414),
(2024,'Abril','Turquia',112905007),
(2024,'Abril','Ucrânia',6614693),
(2024,'Abril','Uruguai',208840378),
(2024,'Abril','Uzbequistão',49868559),
(2024,'Abril','Vaticano',28),
(2024,'Abril','Venezuela',58006088),
(2024,'Abril','Vietnã',302472362),
(2024,'Abril','Virgens, Ilhas (Britânicas)',112758),
(2024,'Abril','Zimbábue',987709),
(2024,'Abril','Zâmbia',145984),
(2024,'Abril','África do Sul',61261575),
(2024,'Abril','Áustria',114237039),
(2024,'Abril','Índia',527282388),
(2024,'Março','Afeganistão',8181),
(2024,'Março','Aland, Ilhas',6962),
(2024,'Março','Albânia',708015),
(2024,'Março','Alemanha',1150443925),
(2024,'Março','Andorra',7038),
(2024,'Março','Angola',22),
(2024,'Março','Anguilla',8035),
(2024,'Março','Argentina',1218939262),
(2024,'Março','Argélia',158465440),
(2024,'Março','Armênia',6026),
(2024,'Março','Aruba',1295),
(2024,'Março','Arábia Saudita',203851763),
(2024,'Março','Austrália',178096422),
(2024,'Março','Azerbaijão',151063),
(2024,'Março','Bahamas',106879),
(2024,'Março','Bangladesh',19731945),
(2024,'Março','Barbados',60249),
(2024,'Março','Barein',12752663),
(2024,'Março','Belarus',20116613),
(2024,'Março','Belize',5464),
(2024,'Março','Bermudas',53848),
(2024,'Março','Bolívia',98360997),
(2024,'Março','Bonaire, Saint Eustatius e Saba',842),
(2024,'Março','Botsuana',249),
(2024,'Março','Brasil',32474131),
(2024,'Março','Brunei',51338),
(2024,'Março','Bulgária',7038609),
(2024,'Março','Burkina Faso',6),
(2024,'Março','Butão',43164),
(2024,'Março','Bélgica',146422203),
(2024,'Março','Bósnia-Herzegovina',436440),
(2024,'Março','Cabo Verde',10311),
(2024,'Março','Camarões',970627),
(2024,'Março','Camboja',6674651),
(2024,'Março','Canadá',199657262),
(2024,'Março','Catar',33064921),
(2024,'Março','Cayman, Ilhas',18771),
(2024,'Março','Cazaquistão',3151880),
(2024,'Março','Chade',259),
(2024,'Março','Chile',337450782),
(2024,'Março','China',4584700812),
(2024,'Março','Chipre',54823),
(2024,'Março','Cocos (Keeling), Ilhas',12078),
(2024,'Março','Colômbia',157750712),
(2024,'Março','Comores',8929),
(2024,'Março','Congo, República Democrática',88),
(2024,'Março','Coreia do Norte',43740),
(2024,'Março','Coreia do Sul',412416118),
(2024,'Março','Costa Rica',11371399),
(2024,'Março','Costa do Marfim',17300030),
(2024,'Março','Coveite (Kuweit)',215164348),
(2024,'Março','Croácia',1867308),
(2024,'Março','Cuba',187062),
(2024,'Março','Curaçao',113232),
(2024,'Março','Dinamarca',78228977),
(2024,'Março','Dominica',603),
(2024,'Março','Egito',47690193),
(2024,'Março','El Salvador',995553),
(2024,'Março','Emirados Árabes Unidos',174093344),
(2024,'Março','Equador',6346371),
(2024,'Março','Eritreia',1706),
(2024,'Março','Eslováquia',23478349),
(2024,'Março','Eslovênia',14920716),
(2024,'Março','Espanha',252866570),
(2024,'Março','Estados Unidos',3001840769),
(2024,'Março','Estônia',4495195),
(2024,'Março','Etiópia',55),
(2024,'Março','Filipinas',25903298),
(2024,'Março','Finlândia',74255543),
(2024,'Março','França',473853353),
(2024,'Março','Gabão',84458070),
(2024,'Março','Gana',163694012),
(2024,'Março','Geórgia',399890),
(2024,'Março','Gibraltar',76),
(2024,'Março','Grécia',6852415),
(2024,'Março','Guatemala',4947303),
(2024,'Março','Guiana',88905589),
(2024,'Março','Guiné-Bissau',141),
(2024,'Março','Gâmbia',17714),
(2024,'Março','Haiti',100114),
(2024,'Março','Honduras',2189731),
(2024,'Março','Hong Kong',65552663),
(2024,'Março','Hungria',51641008),
(2024,'Março','Indonésia',129085357),
(2024,'Março','Iraque',13511),
(2024,'Março','Irlanda',96996297),
(2024,'Março','Irã',288241),
(2024,'Março','Islândia',1465821),
(2024,'Março','Israel',86940222),
(2024,'Março','Itália',570183825),
(2024,'Março','Iêmen',56),
(2024,'Março','Jamaica',2922),
(2024,'Março','Japão',419498684),
(2024,'Março','Jordânia',1771696),
(2024,'Março','Laos',114459),
(2024,'Março','Lesoto',63),
(2024,'Março','Letônia',2076114),
(2024,'Março','Liechtenstein',717911),
(2024,'Março','Lituânia',2681272),
(2024,'Março','Luxemburgo',3028964),
(2024,'Março','Líbano',104018),
(2024,'Março','Macau',32029),
(2024,'Março','Macedônia',2238125),
(2024,'Março','Madagascar',219082),
(2024,'Março','Maldivas',7882),
(2024,'Março','Malta',1307557),
(2024,'Março','Malásia',120036094),
(2024,'Março','Marrocos',47430286),
(2024,'Março','Marshall, Ilhas',8490),
(2024,'Março','Maurício',78143),
(2024,'Março','Mianmar',821885),
(2024,'Março','Moldávia',331375),
(2024,'Março','Mongólia',214),
(2024,'Março','Montenegro',269),
(2024,'Março','Moçambique',30346),
(2024,'Março','México',432704458),
(2024,'Março','Mônaco',304619),
(2024,'Março','Namíbia',6589),
(2024,'Março','Nauru',233760),
(2024,'Março','Nepal',3666),
(2024,'Março','Nicarágua',471804),
(2024,'Março','Nigéria',117562048),
(2024,'Março','Niue',526),
(2024,'Março','Noruega',136354609),
(2024,'Março','Nova Caledônia',10573),
(2024,'Março','Nova Zelândia',8950692),
(2024,'Março','Níger',132),
(2024,'Março','Omã',55989360),
(2024,'Março','Pacífico, Ilhas do (EUA)',7140),
(2024,'Março','Panamá',1134925),
(2024,'Março','Paquistão',9191356),
(2024,'Março','Paraguai',238991932),
(2024,'Março','Países Baixos (Holanda)',280280465),
(2024,'Março','Peru',130510689),
(2024,'Março','Pitcairn',763),
(2024,'Março','Polinésia Francesa',2533),
(2024,'Março','Polônia',83485852),
(2024,'Março','Porto Rico',107529848),
(2024,'Março','Portugal',120337670),
(2024,'Março','Quirguistão',10),
(2024,'Março','Quênia',25965),
(2024,'Março','Reino Unido',232586588),
(2024,'Março','República Dominicana',2498060),
(2024,'Março','Romênia',28048124),
(2024,'Março','Rússia',779439485),
(2024,'Março','Salomão, Ilhas',629),
(2024,'Março','Samoa',71068),
(2024,'Março','Samoa Americana',64027),
(2024,'Março','San Marino',2422574),
(2024,'Março','Seicheles',7539),
(2024,'Março','Senegal',145293),
(2024,'Março','Serra Leoa',11256),
(2024,'Março','Singapura',72935789),
(2024,'Março','Somália',180),
(2024,'Março','Sri Lanka',5824296),
(2024,'Março','Suazilândia',8598),
(2024,'Março','Suriname',13500),
(2024,'Março','Suécia',196645461),
(2024,'Março','Suíça',276615660),
(2024,'Março','Svalbard e Jan Mayen',1946),
(2024,'Março','São Cristóvão e Névis',20985),
(2024,'Março','Sérvia',3079554),
(2024,'Março','Síria',91548),
(2024,'Março','Tadjiquistão',381101),
(2024,'Março','Tailândia',188413290),
(2024,'Março','Taiwan (Formosa)',195692706),
(2024,'Março','Tanzânia',1412),
(2024,'Março','Tcheca, República',65265922),
(2024,'Março','Terras Austrais Francesas',1058),
(2024,'Março','Toquelau',75995),
(2024,'Março','Trinidad e Tobago',27069840),
(2024,'Março','Tunísia',5649558),
(2024,'Março','Turcomenistão',5259),
(2024,'Março','Turquia',94375025),
(2024,'Março','Ucrânia',3091595),
(2024,'Março','Uruguai',197476076),
(2024,'Março','Uzbequistão',47664757),
(2024,'Março','Venezuela',49607070),
(2024,'Março','Vietnã',321207700),
(2024,'Março','Virgens, Ilhas (Britânicas)',170874),
(2024,'Março','Zimbábue',60254),
(2024,'Março','África do Sul',46092136),
(2024,'Março','Áustria',120506628),
(2024,'Março','Índia',437197423),
(2024,'Fevereiro','Afeganistão',35910),
(2024,'Fevereiro','Aland, Ilhas',6536),
(2024,'Fevereiro','Albânia',298935),
(2024,'Fevereiro','Alemanha',1023715880),
(2024,'Fevereiro','Andorra',33),
(2024,'Fevereiro','Angola',86144565),
(2024,'Fevereiro','Anguilla',235),
(2024,'Fevereiro','Argentina',717274011),
(2024,'Fevereiro','Argélia',138932798),
(2024,'Fevereiro','Armênia',63180),
(2024,'Fevereiro','Aruba',2788),
(2024,'Fevereiro','Arábia Saudita',198262433),
(2024,'Fevereiro','Austrália',100189657),
(2024,'Fevereiro','Bangladesh',17509240),
(2024,'Fevereiro','Barbados',37191),
(2024,'Fevereiro','Barein',9992540),
(2024,'Fevereiro','Belarus',8630591),
(2024,'Fevereiro','Belize',17320),
(2024,'Fevereiro','Benin',102),
(2024,'Fevereiro','Bermudas',77112),
(2024,'Fevereiro','Bolívia',121278664),
(2024,'Fevereiro','Bouvet, Ilha',1888),
(2024,'Fevereiro','Brasil',22267021),
(2024,'Fevereiro','Brunei',15543299),
(2024,'Fevereiro','Bulgária',5012801),
(2024,'Fevereiro','Burkina Faso',137),
(2024,'Fevereiro','Butão',53480),
(2024,'Fevereiro','Bélgica',129192085),
(2024,'Fevereiro','Bósnia-Herzegovina',746881),
(2024,'Fevereiro','Cabo Verde',537),
(2024,'Fevereiro','Camarões',60292),
(2024,'Fevereiro','Camboja',8325718),
(2024,'Fevereiro','Canadá',166939913),
(2024,'Fevereiro','Catar',19684548),
(2024,'Fevereiro','Cayman, Ilhas',3858),
(2024,'Fevereiro','Cazaquistão',1653370),
(2024,'Fevereiro','Chile',357390892),
(2024,'Fevereiro','China',4480440603),
(2024,'Fevereiro','Chipre',150462),
(2024,'Fevereiro','Cocos (Keeling), Ilhas',11345),
(2024,'Fevereiro','Colômbia',179119875),
(2024,'Fevereiro','Congo, República Democrática',49),
(2024,'Fevereiro','Cook, Ilhas',1881),
(2024,'Fevereiro','Coreia do Sul',411048915),
(2024,'Fevereiro','Costa Rica',12414084),
(2024,'Fevereiro','Costa do Marfim',35423809),
(2024,'Fevereiro','Coveite (Kuweit)',57375647),
(2024,'Fevereiro','Croácia',1463040),
(2024,'Fevereiro','Cuba',108469),
(2024,'Fevereiro','Curaçao',6578),
(2024,'Fevereiro','Dinamarca',121366252),
(2024,'Fevereiro','Dominica',601),
(2024,'Fevereiro','Egito',28086650),
(2024,'Fevereiro','El Salvador',331597),
(2024,'Fevereiro','Emirados Árabes Unidos',179821266),
(2024,'Fevereiro','Equador',9263494),
(2024,'Fevereiro','Eritreia',4244),
(2024,'Fevereiro','Eslováquia',25583992),
(2024,'Fevereiro','Eslovênia',7014005),
(2024,'Fevereiro','Espanha',332787313),
(2024,'Fevereiro','Estados Unidos',2785468706),
(2024,'Fevereiro','Estônia',4061600),
(2024,'Fevereiro','Etiópia',53660),
(2024,'Fevereiro','Falkland (Malvinas)',8),
(2024,'Fevereiro','Fiji',339),
(2024,'Fevereiro','Filipinas',20974596),
(2024,'Fevereiro','Finlândia',44885276),
(2024,'Fevereiro','França',384486647),
(2024,'Fevereiro','Gabão',55516797),
(2024,'Fevereiro','Gana',1884539),
(2024,'Fevereiro','Geórgia',90242),
(2024,'Fevereiro','Gibraltar',23721),
(2024,'Fevereiro','Grécia',9390767),
(2024,'Fevereiro','Guatemala',4031694),
(2024,'Fevereiro','Guernsey',3496),
(2024,'Fevereiro','Guiana',83843582),
(2024,'Fevereiro','Gâmbia',76),
(2024,'Fevereiro','Haiti',189720),
(2024,'Fevereiro','Honduras',1645198),
(2024,'Fevereiro','Hong Kong',79659293),
(2024,'Fevereiro','Hungria',38089859),
(2024,'Fevereiro','Indonésia',125139730),
(2024,'Fevereiro','Irlanda',95920730),
(2024,'Fevereiro','Irã',498167),
(2024,'Fevereiro','Islândia',415823),
(2024,'Fevereiro','Israel',87710824),
(2024,'Fevereiro','Itália',514650727),
(2024,'Fevereiro','Jamaica',743),
(2024,'Fevereiro','Japão',341019289),
(2024,'Fevereiro','Jordânia',4238661),
(2024,'Fevereiro','Laos',430308),
(2024,'Fevereiro','Lesoto',340),
(2024,'Fevereiro','Letônia',1856082),
(2024,'Fevereiro','Liechtenstein',465769),
(2024,'Fevereiro','Lituânia',32986798),
(2024,'Fevereiro','Luxemburgo',2303469),
(2024,'Fevereiro','Líbano',271222),
(2024,'Fevereiro','Macau',116674),
(2024,'Fevereiro','Macedônia',1894138),
(2024,'Fevereiro','Madagascar',333386),
(2024,'Fevereiro','Malavi',533421),
(2024,'Fevereiro','Maldivas',7882),
(2024,'Fevereiro','Mali',220),
(2024,'Fevereiro','Malta',915931),
(2024,'Fevereiro','Malásia',127801542),
(2024,'Fevereiro','Marrocos',66916669),
(2024,'Fevereiro','Mauritânia',150202),
(2024,'Fevereiro','Maurício',168575),
(2024,'Fevereiro','Mianmar',1238393),
(2024,'Fevereiro','Moldávia',320775),
(2024,'Fevereiro','Mongólia',306339),
(2024,'Fevereiro','Montenegro',6),
(2024,'Fevereiro','México',359039954),
(2024,'Fevereiro','Mônaco',240171),
(2024,'Fevereiro','Namíbia',2490),
(2024,'Fevereiro','Nepal',81887),
(2024,'Fevereiro','Nicarágua',409090),
(2024,'Fevereiro','Nigéria',43470985),
(2024,'Fevereiro','Norfolk, Ilha',146484),
(2024,'Fevereiro','Noruega',83281055),
(2024,'Fevereiro','Nova Caledônia',10489),
(2024,'Fevereiro','Nova Zelândia',3188254),
(2024,'Fevereiro','Omã',22625332),
(2024,'Fevereiro','Palestina',73521),
(2024,'Fevereiro','Panamá',871562),
(2024,'Fevereiro','Papua Nova Guiné',19469),
(2024,'Fevereiro','Paquistão',9299270),
(2024,'Fevereiro','Paraguai',238446848),
(2024,'Fevereiro','Países Baixos (Holanda)',151127160),
(2024,'Fevereiro','Peru',97324555),
(2024,'Fevereiro','Polinésia Francesa',12960),
(2024,'Fevereiro','Polônia',67621470),
(2024,'Fevereiro','Porto Rico',61056146),
(2024,'Fevereiro','Portugal',89609081),
(2024,'Fevereiro','Quirguistão',48),
(2024,'Fevereiro','Quênia',42337),
(2024,'Fevereiro','Reino Unido',205809018),
(2024,'Fevereiro','República Dominicana',2969673),
(2024,'Fevereiro','Romênia',26453482),
(2024,'Fevereiro','Ruanda',1378),
(2024,'Fevereiro','Rússia',688973101),
(2024,'Fevereiro','Samoa',537),
(2024,'Fevereiro','Samoa Americana',15191),
(2024,'Fevereiro','San Marino',1476089),
(2024,'Fevereiro','Seicheles',10283),
(2024,'Fevereiro','Senegal',243035),
(2024,'Fevereiro','Serra Leoa',19213),
(2024,'Fevereiro','Singapura',53500353),
(2024,'Fevereiro','Somália',1098),
(2024,'Fevereiro','Sri Lanka',5977408),
(2024,'Fevereiro','Suazilândia',316),
(2024,'Fevereiro','Suriname',1682750),
(2024,'Fevereiro','Suécia',180869574),
(2024,'Fevereiro','Suíça',259577026),
(2024,'Fevereiro','São Cristóvão e Névis',8774),
(2024,'Fevereiro','Sérvia',1820786),
(2024,'Fevereiro','Síria',91651),
(2024,'Fevereiro','Tadjiquistão',78643),
(2024,'Fevereiro','Tailândia',145284926),
(2024,'Fevereiro','Taiwan (Formosa)',209508648),
(2024,'Fevereiro','Tanzânia',386506),
(2024,'Fevereiro','Tcheca, República',44992852),
(2024,'Fevereiro','Território Britânico do Oceano Índico',647),
(2024,'Fevereiro','Toquelau',46488),
(2024,'Fevereiro','Trinidad e Tobago',27695006),
(2024,'Fevereiro','Tunísia',5185522),
(2024,'Fevereiro','Turcas e Caicos, Ilhas',4061),
(2024,'Fevereiro','Turcomenistão',1087),
(2024,'Fevereiro','Turquia',89068936),
(2024,'Fevereiro','Ucrânia',1811659),
(2024,'Fevereiro','Uruguai',145726800),
(2024,'Fevereiro','Uzbequistão',13724479),
(2024,'Fevereiro','Venezuela',35233245),
(2024,'Fevereiro','Vietnã',309751988),
(2024,'Fevereiro','Virgens, Ilhas (Britânicas)',173189),
(2024,'Fevereiro','Zimbábue',198160),
(2024,'Fevereiro','Zâmbia',65666),
(2024,'Fevereiro','África do Sul',48156924),
(2024,'Fevereiro','Áustria',113933573),
(2024,'Fevereiro','Índia',415311609),
(2024,'Janeiro','Afeganistão',9766),
(2024,'Janeiro','Aland, Ilhas',1482),
(2024,'Janeiro','Albânia',363190),
(2024,'Janeiro','Alemanha',1096014455),
(2024,'Janeiro','Andorra',4042),
(2024,'Janeiro','Angola',78588067),
(2024,'Janeiro','Argentina',796542328),
(2024,'Janeiro','Argélia',67618346),
(2024,'Janeiro','Armênia',4639),
(2024,'Janeiro','Arábia Saudita',275346367),
(2024,'Janeiro','Austrália',139571436),
(2024,'Janeiro','Bangladesh',22638712),
(2024,'Janeiro','Barbados',26610),
(2024,'Janeiro','Barein',30519199),
(2024,'Janeiro','Belarus',16610184),
(2024,'Janeiro','Belize',17658),
(2024,'Janeiro','Bermudas',156252),
(2024,'Janeiro','Bolívia',146513800),
(2024,'Janeiro','Botsuana',10037),
(2024,'Janeiro','Brasil',30624195),
(2024,'Janeiro','Bulgária',7435276),
(2024,'Janeiro','Burkina Faso',51769),
(2024,'Janeiro','Butão',57827),
(2024,'Janeiro','Bélgica',156685499),
(2024,'Janeiro','Bósnia-Herzegovina',1153786),
(2024,'Janeiro','Cabo Verde',65711),
(2024,'Janeiro','Camarões',405916),
(2024,'Janeiro','Camboja',7813389),
(2024,'Janeiro','Canadá',227611967),
(2024,'Janeiro','Catar',70569805),
(2024,'Janeiro','Cayman, Ilhas',36964),
(2024,'Janeiro','Cazaquistão',2226392),
(2024,'Janeiro','Chade',535),
(2024,'Janeiro','Chile',352203614),
(2024,'Janeiro','China',5059011101),
(2024,'Janeiro','Chipre',122990),
(2024,'Janeiro','Christmas (Navidad), Ilha',17229),
(2024,'Janeiro','Cocos (Keeling), Ilhas',21779),
(2024,'Janeiro','Colômbia',178210505),
(2024,'Janeiro','Comores',2524),
(2024,'Janeiro','Congo',3),
(2024,'Janeiro','Coreia do Sul',407981516),
(2024,'Janeiro','Costa Rica',9357550),
(2024,'Janeiro','Costa do Marfim',22920968),
(2024,'Janeiro','Coveite (Kuweit)',250),
(2024,'Janeiro','Croácia',1290114),
(2024,'Janeiro','Cuba',214997),
(2024,'Janeiro','Curaçao',4922),
(2024,'Janeiro','Dinamarca',123259774),
(2024,'Janeiro','Dominica',755),
(2024,'Janeiro','Egito',68205736),
(2024,'Janeiro','El Salvador',705955),
(2024,'Janeiro','Emirados Árabes Unidos',14367167),
(2024,'Janeiro','Equador',11006389),
(2024,'Janeiro','Eritreia',50443),
(2024,'Janeiro','Eslováquia',24652291),
(2024,'Janeiro','Eslovênia',16092987),
(2024,'Janeiro','Espanha',331367311),
(2024,'Janeiro','Estados Unidos',3199692183),
(2024,'Janeiro','Estônia',4299715),
(2024,'Janeiro','Etiópia',41235),
(2024,'Janeiro','Filipinas',25228360),
(2024,'Janeiro','Finlândia',65945075),
(2024,'Janeiro','França',494297882),
(2024,'Janeiro','Gabão',80761679),
(2024,'Janeiro','Gana',1209063),
(2024,'Janeiro','Geórgia',398796),
(2024,'Janeiro','Gibraltar',34),
(2024,'Janeiro','Grécia',11322959),
(2024,'Janeiro','Guatemala',4263881),
(2024,'Janeiro','Guernsey',2998),
(2024,'Janeiro','Guiana',85269548),
(2024,'Janeiro','Guiné-Bissau',54831),
(2024,'Janeiro','Haiti',185562),
(2024,'Janeiro','Honduras',1828140),
(2024,'Janeiro','Hong Kong',126907813),
(2024,'Janeiro','Hungria',48456259),
(2024,'Janeiro','Indonésia',157528811),
(2024,'Janeiro','Iraque',75575),
(2024,'Janeiro','Irlanda',150634720),
(2024,'Janeiro','Irã',461969),
(2024,'Janeiro','Islândia',2372305),
(2024,'Janeiro','Israel',63967555),
(2024,'Janeiro','Itália',532063336),
(2024,'Janeiro','Iêmen',37),
(2024,'Janeiro','Jamaica',1464),
(2024,'Janeiro','Japão',458819508),
(2024,'Janeiro','Jordânia',12957029),
(2024,'Janeiro','Laos',185139),
(2024,'Janeiro','Letônia',2485198),
(2024,'Janeiro','Liechtenstein',850447),
(2024,'Janeiro','Lituânia',16784398),
(2024,'Janeiro','Luxemburgo',7747615),
(2024,'Janeiro','Líbano',171965),
(2024,'Janeiro','Macau',78748),
(2024,'Janeiro','Macedônia',2224862),
(2024,'Janeiro','Madagascar',324214),
(2024,'Janeiro','Malavi',520852),
(2024,'Janeiro','Mali',279),
(2024,'Janeiro','Malta',602041),
(2024,'Janeiro','Malásia',128846181),
(2024,'Janeiro','Marrocos',54907324),
(2024,'Janeiro','Maurício',9870),
(2024,'Janeiro','Mianmar',1451650),
(2024,'Janeiro','Micronésia',1118),
(2024,'Janeiro','Moldávia',89455),
(2024,'Janeiro','Mongólia',911084),
(2024,'Janeiro','Montserrat',1148),
(2024,'Janeiro','Moçambique',410931),
(2024,'Janeiro','México',477785780),
(2024,'Janeiro','Mônaco',249626),
(2024,'Janeiro','Namíbia',622),
(2024,'Janeiro','Nepal',16974),
(2024,'Janeiro','Nicarágua',515770),
(2024,'Janeiro','Nigéria',86601305),
(2024,'Janeiro','Noruega',50295737),
(2024,'Janeiro','Nova Caledônia',2248),
(2024,'Janeiro','Nova Zelândia',3721246),
(2024,'Janeiro','Níger',2339),
(2024,'Janeiro','Omã',36586067),
(2024,'Janeiro','Pacífico, Ilhas do (EUA)',156),
(2024,'Janeiro','Panamá',1566507),
(2024,'Janeiro','Paquistão',14278213),
(2024,'Janeiro','Paraguai',281972361),
(2024,'Janeiro','Países Baixos (Holanda)',296674902),
(2024,'Janeiro','Peru',98771024),
(2024,'Janeiro','Polinésia Francesa',5245),
(2024,'Janeiro','Polônia',79067891),
(2024,'Janeiro','Porto Rico',48064366),
(2024,'Janeiro','Portugal',106219004),
(2024,'Janeiro','Quirguistão',212),
(2024,'Janeiro','Quênia',7353),
(2024,'Janeiro','Reino Unido',213421436),
(2024,'Janeiro','República Dominicana',2288858),
(2024,'Janeiro','Romênia',29268451),
(2024,'Janeiro','Rússia',758219123),
(2024,'Janeiro','Samoa',94771),
(2024,'Janeiro','Samoa Americana',51866),
(2024,'Janeiro','San Marino',1287048),
(2024,'Janeiro','Santa Helena',183),
(2024,'Janeiro','Santa Lúcia',148),
(2024,'Janeiro','Seicheles',5036),
(2024,'Janeiro','Senegal',186771),
(2024,'Janeiro','Serra Leoa',22927),
(2024,'Janeiro','Singapura',66201558),
(2024,'Janeiro','Somália',234),
(2024,'Janeiro','Sri Lanka',5903111),
(2024,'Janeiro','Suazilândia',8108),
(2024,'Janeiro','Suriname',2255),
(2024,'Janeiro','Suécia',203279944),
(2024,'Janeiro','Suíça',239516256),
(2024,'Janeiro','São Cristóvão e Névis',3650),
(2024,'Janeiro','Sérvia',2772619),
(2024,'Janeiro','Síria',71666),
(2024,'Janeiro','Tadjiquistão',285505),
(2024,'Janeiro','Tailândia',237032481),
(2024,'Janeiro','Taiwan (Formosa)',246113484),
(2024,'Janeiro','Tanzânia',91504),
(2024,'Janeiro','Tcheca, República',58146958),
(2024,'Janeiro','Tonga',213),
(2024,'Janeiro','Toquelau',213609),
(2024,'Janeiro','Trinidad e Tobago',35040198),
(2024,'Janeiro','Tunísia',5585205),
(2024,'Janeiro','Turcomenistão',185119),
(2024,'Janeiro','Turquia',106199646),
(2024,'Janeiro','Ucrânia',1386388),
(2024,'Janeiro','Uganda',7000),
(2024,'Janeiro','Uruguai',170579698),
(2024,'Janeiro','Uzbequistão',35537120),
(2024,'Janeiro','Venezuela',18073847),
(2024,'Janeiro','Vietnã',316413224),
(2024,'Janeiro','Virgens, Ilhas (Britânicas)',105999),
(2024,'Janeiro','Zimbábue',27062),
(2024,'Janeiro','Zâmbia',720),
(2024,'Janeiro','África do Sul',57197383),
(2024,'Janeiro','Áustria',126130866),
(2024,'Janeiro','Índia',443174556),
(2023,'Dezembro','Afeganistão',8650),
(2023,'Dezembro','Aland, Ilhas',27709),
(2023,'Dezembro','Albânia',75023),
(2023,'Dezembro','Alemanha',981757133),
(2023,'Dezembro','Andorra',1689),
(2023,'Dezembro','Angola',40595),
(2023,'Dezembro','Anguilla',4240),
(2023,'Dezembro','Argentina',887853488),
(2023,'Dezembro','Argélia',103556573),
(2023,'Dezembro','Armênia',6541),
(2023,'Dezembro','Aruba',126),
(2023,'Dezembro','Arábia Saudita',244828333),
(2023,'Dezembro','Austrália',147240799),
(2023,'Dezembro','Azerbaijão',148907),
(2023,'Dezembro','Bangladesh',14956345),
(2023,'Dezembro','Barbados',21398),
(2023,'Dezembro','Barein',6491155),
(2023,'Dezembro','Belarus',23260725),
(2023,'Dezembro','Belize',1528),
(2023,'Dezembro','Bermudas',260279),
(2023,'Dezembro','Bolívia',126825133),
(2023,'Dezembro','Botsuana',8918),
(2023,'Dezembro','Brasil',19769046),
(2023,'Dezembro','Brunei',585),
(2023,'Dezembro','Bulgária',6638740),
(2023,'Dezembro','Burkina Faso',11),
(2023,'Dezembro','Bélgica',176595793),
(2023,'Dezembro','Bósnia-Herzegovina',524472),
(2023,'Dezembro','Camarões',554364),
(2023,'Dezembro','Camboja',5254508),
(2023,'Dezembro','Canadá',234157730),
(2023,'Dezembro','Catar',24366016),
(2023,'Dezembro','Cayman, Ilhas',1592),
(2023,'Dezembro','Cazaquistão',2552652),
(2023,'Dezembro','Chile',377445789),
(2023,'Dezembro','China',4621504568),
(2023,'Dezembro','Chipre',15950),
(2023,'Dezembro','Christmas (Navidad), Ilha',1206),
(2023,'Dezembro','Cocos (Keeling), Ilhas',14467),
(2023,'Dezembro','Colômbia',148170774),
(2023,'Dezembro','Coreia do Sul',394311113),
(2023,'Dezembro','Costa Rica',11675012),
(2023,'Dezembro','Costa do Marfim',3608044),
(2023,'Dezembro','Coveite (Kuweit)',12948565),
(2023,'Dezembro','Croácia',2932945),
(2023,'Dezembro','Cuba',119104),
(2023,'Dezembro','Curaçao',15069),
(2023,'Dezembro','Dinamarca',102200534),
(2023,'Dezembro','Dominica',2424),
(2023,'Dezembro','Egito',20404661),
(2023,'Dezembro','El Salvador',617031),
(2023,'Dezembro','Emirados Árabes Unidos',19599659),
(2023,'Dezembro','Equador',7631603),
(2023,'Dezembro','Eritreia',747),
(2023,'Dezembro','Eslováquia',33016688),
(2023,'Dezembro','Eslovênia',8991162),
(2023,'Dezembro','Espanha',293453263),
(2023,'Dezembro','Estados Unidos',3004581491),
(2023,'Dezembro','Estônia',2720711),
(2023,'Dezembro','Etiópia',46632),
(2023,'Dezembro','Filipinas',28279435),
(2023,'Dezembro','Finlândia',52161780),
(2023,'Dezembro','França',384898070),
(2023,'Dezembro','Gana',2229374),
(2023,'Dezembro','Geórgia',37054),
(2023,'Dezembro','Gibraltar',11759),
(2023,'Dezembro','Groenlândia',23),
(2023,'Dezembro','Grécia',7806322),
(2023,'Dezembro','Guatemala',5707008),
(2023,'Dezembro','Guiana',101293),
(2023,'Dezembro','Guiana Francesa',404),
(2023,'Dezembro','Guiné',599),
(2023,'Dezembro','Guiné-Bissau',29565),
(2023,'Dezembro','Gâmbia',6492),
(2023,'Dezembro','Haiti',30794),
(2023,'Dezembro','Honduras',1796205),
(2023,'Dezembro','Hong Kong',68599659),
(2023,'Dezembro','Hungria',41403216),
(2023,'Dezembro','Indonésia',113904246),
(2023,'Dezembro','Iraque',563492),
(2023,'Dezembro','Irlanda',103843290),
(2023,'Dezembro','Irã',442663),
(2023,'Dezembro','Islândia',843859),
(2023,'Dezembro','Israel',94629428),
(2023,'Dezembro','Itália',460849242),
(2023,'Dezembro','Japão',406796098),
(2023,'Dezembro','Jordânia',10952327),
(2023,'Dezembro','Laos',162389),
(2023,'Dezembro','Letônia',1768211),
(2023,'Dezembro','Liechtenstein',744528),
(2023,'Dezembro','Lituânia',18310262),
(2023,'Dezembro','Luxemburgo',3058632),
(2023,'Dezembro','Líbano',300761),
(2023,'Dezembro','Macau',24558),
(2023,'Dezembro','Macedônia',2910725),
(2023,'Dezembro','Madagascar',318576),
(2023,'Dezembro','Malavi',34544),
(2023,'Dezembro','Malta',46031814),
(2023,'Dezembro','Malásia',125122604),
(2023,'Dezembro','Marrocos',88969720),
(2023,'Dezembro','Marshall, Ilhas',34521),
(2023,'Dezembro','Mauritânia',327837),
(2023,'Dezembro','Maurício',33380),
(2023,'Dezembro','Mianmar',852885),
(2023,'Dezembro','Moldávia',249082),
(2023,'Dezembro','Mongólia',616476),
(2023,'Dezembro','Montenegro',42713),
(2023,'Dezembro','Montserrat',260),
(2023,'Dezembro','Moçambique',2040),
(2023,'Dezembro','México',438164710),
(2023,'Dezembro','Mônaco',202551),
(2023,'Dezembro','Namíbia',3261),
(2023,'Dezembro','Nepal',2813),
(2023,'Dezembro','Nicarágua',354645),
(2023,'Dezembro','Nigéria',79341496),
(2023,'Dezembro','Noruega',55517594),
(2023,'Dezembro','Nova Zelândia',7489960),
(2023,'Dezembro','Omã',180278852),
(2023,'Dezembro','Pacífico, Ilhas do (EUA)',4459),
(2023,'Dezembro','Palestina',70576),
(2023,'Dezembro','Panamá',1157558),
(2023,'Dezembro','Paquistão',15484389),
(2023,'Dezembro','Paraguai',246930480),
(2023,'Dezembro','Países Baixos (Holanda)',200766400),
(2023,'Dezembro','Peru',72342025),
(2023,'Dezembro','Polinésia Francesa',3176),
(2023,'Dezembro','Polônia',59764994),
(2023,'Dezembro','Porto Rico',21575320),
(2023,'Dezembro','Portugal',120196086),
(2023,'Dezembro','Quênia',3635),
(2023,'Dezembro','Reino Unido',206876866),
(2023,'Dezembro','República Dominicana',3734364),
(2023,'Dezembro','Reunião',1571),
(2023,'Dezembro','Romênia',21469512),
(2023,'Dezembro','Rússia',1520906700),
(2023,'Dezembro','Samoa',72970),
(2023,'Dezembro','Samoa Americana',3753),
(2023,'Dezembro','San Marino',621160),
(2023,'Dezembro','Seicheles',7065),
(2023,'Dezembro','Senegal',247012),
(2023,'Dezembro','Serra Leoa',10237),
(2023,'Dezembro','Singapura',50300206),
(2023,'Dezembro','Sri Lanka',6684063),
(2023,'Dezembro','Suazilândia',452),
(2023,'Dezembro','Suriname',20),
(2023,'Dezembro','Suécia',199522860),
(2023,'Dezembro','Suíça',157628547),
(2023,'Dezembro','São Cristóvão e Névis',835),
(2023,'Dezembro','Sérvia',2526535),
(2023,'Dezembro','Tailândia',176010246),
(2023,'Dezembro','Taiwan (Formosa)',183168388),
(2023,'Dezembro','Tanzânia',91200),
(2023,'Dezembro','Tcheca, República',52136783),
(2023,'Dezembro','Terras Austrais Francesas',185),
(2023,'Dezembro','Toquelau',173855),
(2023,'Dezembro','Trinidad e Tobago',15475957),
(2023,'Dezembro','Tunísia',4940219),
(2023,'Dezembro','Turcomenistão',12709564),
(2023,'Dezembro','Turquia',88481920),
(2023,'Dezembro','Ucrânia',6370786),
(2023,'Dezembro','Uruguai',169385461),
(2023,'Dezembro','Uzbequistão',75075025),
(2023,'Dezembro','Venezuela',46975865),
(2023,'Dezembro','Vietnã',247846257),
(2023,'Dezembro','Virgens, Ilhas (Britânicas)',2640),
(2023,'Dezembro','Zimbábue',31660),
(2023,'Dezembro','África do Sul',28185483),
(2023,'Dezembro','Áustria',102338095),
(2023,'Dezembro','Índia',433732977),
(2023,'Novembro','Afeganistão',7958),
(2023,'Novembro','Aland, Ilhas',2771),
(2023,'Novembro','Albânia',209586),
(2023,'Novembro','Alemanha',984294851),
(2023,'Novembro','Angola',17049566),
(2023,'Novembro','Anguilla',8000),
(2023,'Novembro','Argentina',956277149),
(2023,'Novembro','Argélia',72320387),
(2023,'Novembro','Armênia',6633),
(2023,'Novembro','Aruba',502),
(2023,'Novembro','Arábia Saudita',348563495),
(2023,'Novembro','Austrália',117054350),
(2023,'Novembro','Bangladesh',15962799),
(2023,'Novembro','Barbados',48568),
(2023,'Novembro','Barein',7190152),
(2023,'Novembro','Belarus',13733768),
(2023,'Novembro','Bolívia',139972367),
(2023,'Novembro','Brasil',38629704),
(2023,'Novembro','Bulgária',7375192),
(2023,'Novembro','Burkina Faso',36),
(2023,'Novembro','Butão',31615),
(2023,'Novembro','Bélgica',165036755),
(2023,'Novembro','Bósnia-Herzegovina',378463),
(2023,'Novembro','Camarões',61403),
(2023,'Novembro','Camboja',8437263),
(2023,'Novembro','Canadá',223785692),
(2023,'Novembro','Catar',70870721),
(2023,'Novembro','Cayman, Ilhas',752),
(2023,'Novembro','Cazaquistão',4980135),
(2023,'Novembro','Chade',6130),
(2023,'Novembro','Chile',348594804),
(2023,'Novembro','China',4465622502),
(2023,'Novembro','Chipre',219016),
(2023,'Novembro','Christmas (Navidad), Ilha',28659),
(2023,'Novembro','Colômbia',218961806),
(2023,'Novembro','Comores',8500),
(2023,'Novembro','Congo, República Democrática',860112),
(2023,'Novembro','Coreia do Norte',2),
(2023,'Novembro','Coreia do Sul',363680895),
(2023,'Novembro','Costa Rica',12295351),
(2023,'Novembro','Costa do Marfim',2422638),
(2023,'Novembro','Coveite (Kuweit)',69906964),
(2023,'Novembro','Croácia',3761055),
(2023,'Novembro','Cuba',95788),
(2023,'Novembro','Curaçao',2779),
(2023,'Novembro','Dinamarca',114940387),
(2023,'Novembro','Dominica',30),
(2023,'Novembro','Egito',28957551),
(2023,'Novembro','El Salvador',397369),
(2023,'Novembro','Emirados Árabes Unidos',185154315),
(2023,'Novembro','Equador',8448949),
(2023,'Novembro','Eritreia',242),
(2023,'Novembro','Eslováquia',36451421),
(2023,'Novembro','Eslovênia',7646219),
(2023,'Novembro','Espanha',315503922),
(2023,'Novembro','Estados Unidos',2596011249),
(2023,'Novembro','Estônia',3262931),
(2023,'Novembro','Etiópia',3909),
(2023,'Novembro','Filipinas',23196695),
(2023,'Novembro','Finlândia',54499765),
(2023,'Novembro','França',452974444),
(2023,'Novembro','Gabão',65157089),
(2023,'Novembro','Gana',71518902),
(2023,'Novembro','Geórgia',396426),
(2023,'Novembro','Gibraltar',82026),
(2023,'Novembro','Grécia',3157233),
(2023,'Novembro','Guatemala',3932603),
(2023,'Novembro','Haiti',50845),
(2023,'Novembro','Honduras',2140037),
(2023,'Novembro','Hong Kong',52392145),
(2023,'Novembro','Hungria',44557265),
(2023,'Novembro','Ilha de Man',27659),
(2023,'Novembro','Indonésia',113548269),
(2023,'Novembro','Irlanda',90386957),
(2023,'Novembro','Irã',151522),
(2023,'Novembro','Islândia',713644),
(2023,'Novembro','Israel',92899270),
(2023,'Novembro','Itália',456395543),
(2023,'Novembro','Iêmen',38),
(2023,'Novembro','Jamaica',15192),
(2023,'Novembro','Japão',494603544),
(2023,'Novembro','Jordânia',2657141),
(2023,'Novembro','Laos',349676),
(2023,'Novembro','Letônia',2006544),
(2023,'Novembro','Liechtenstein',1122875),
(2023,'Novembro','Lituânia',2735527),
(2023,'Novembro','Luxemburgo',3663650),
(2023,'Novembro','Líbano',80272),
(2023,'Novembro','Líbia',141),
(2023,'Novembro','Macau',16746),
(2023,'Novembro','Macedônia',1736178),
(2023,'Novembro','Madagascar',530906),
(2023,'Novembro','Maldivas',7882),
(2023,'Novembro','Malta',1142484),
(2023,'Novembro','Malásia',116747858),
(2023,'Novembro','Marrocos',126040754),
(2023,'Novembro','Mauritânia',378540),
(2023,'Novembro','Maurício',86474),
(2023,'Novembro','Mianmar',1254245),
(2023,'Novembro','Moldávia',225068),
(2023,'Novembro','Mongólia',135373),
(2023,'Novembro','Montenegro',32),
(2023,'Novembro','Moçambique',374916),
(2023,'Novembro','México',492681118),
(2023,'Novembro','Mônaco',712461),
(2023,'Novembro','Nepal',17585),
(2023,'Novembro','Nicarágua',627194),
(2023,'Novembro','Nigéria',117374138),
(2023,'Novembro','Noruega',72132844),
(2023,'Novembro','Nova Caledônia',10414),
(2023,'Novembro','Nova Zelândia',4254050),
(2023,'Novembro','Níger',819),
(2023,'Novembro','Omã',94034812),
(2023,'Novembro','Pacífico, Ilhas do (EUA)',172),
(2023,'Novembro','Palau',70),
(2023,'Novembro','Panamá',1235481),
(2023,'Novembro','Papua Nova Guiné',21802),
(2023,'Novembro','Paquistão',15461770),
(2023,'Novembro','Paraguai',265846900),
(2023,'Novembro','Países Baixos (Holanda)',164380497),
(2023,'Novembro','Peru',92675235),
(2023,'Novembro','Polinésia Francesa',164),
(2023,'Novembro','Polônia',69971452),
(2023,'Novembro','Porto Rico',24431554),
(2023,'Novembro','Portugal',90782008),
(2023,'Novembro','Quirguistão',11354),
(2023,'Novembro','Quênia',129299),
(2023,'Novembro','Reino Unido',250387634),
(2023,'Novembro','República Centro-Africana',3403),
(2023,'Novembro','República Dominicana',1758191),
(2023,'Novembro','Romênia',35618534),
(2023,'Novembro','Rússia',813787818),
(2023,'Novembro','Samoa',53241),
(2023,'Novembro','Samoa Americana',37286),
(2023,'Novembro','San Marino',702535),
(2023,'Novembro','Seicheles',783),
(2023,'Novembro','Senegal',670966),
(2023,'Novembro','Serra Leoa',33872),
(2023,'Novembro','Singapura',48847651),
(2023,'Novembro','Sri Lanka',5444116),
(2023,'Novembro','Suazilândia',5541),
(2023,'Novembro','Sudão',6388),
(2023,'Novembro','Suécia',181348793),
(2023,'Novembro','Suíça',285185228),
(2023,'Novembro','São Cristóvão e Névis',67),
(2023,'Novembro','Sérvia',2579835),
(2023,'Novembro','Síria',905),
(2023,'Novembro','Tadjiquistão',9441),
(2023,'Novembro','Tailândia',154602454),
(2023,'Novembro','Taiwan (Formosa)',188305490),
(2023,'Novembro','Tanzânia',307000),
(2023,'Novembro','Tcheca, República',61406070),
(2023,'Novembro','Terras Austrais Francesas',92),
(2023,'Novembro','Toquelau',146675),
(2023,'Novembro','Trinidad e Tobago',19409607),
(2023,'Novembro','Tunísia',3652439),
(2023,'Novembro','Turcas e Caicos, Ilhas',117),
(2023,'Novembro','Turcomenistão',60216),
(2023,'Novembro','Turquia',92166398),
(2023,'Novembro','Ucrânia',1310051),
(2023,'Novembro','Uruguai',172094194),
(2023,'Novembro','Uzbequistão',100158194),
(2023,'Novembro','Venezuela',29296296),
(2023,'Novembro','Vietnã',241503751),
(2023,'Novembro','Virgens, Ilhas (Britânicas)',18),
(2023,'Novembro','Zimbábue',212240),
(2023,'Novembro','Zâmbia',266),
(2023,'Novembro','África do Sul',42033566),
(2023,'Novembro','Áustria',109658727),
(2023,'Novembro','Índia',488123038),
(2023,'Outubro','Afeganistão',23554),
(2023,'Outubro','Aland, Ilhas',5472),
(2023,'Outubro','Albânia',19133),
(2023,'Outubro','Alemanha',1069965350),
(2023,'Outubro','Andorra',447980),
(2023,'Outubro','Angola',78049),
(2023,'Outubro','Anguilla',9120),
(2023,'Outubro','Argentina',1099251063),
(2023,'Outubro','Argélia',147744849),
(2023,'Outubro','Armênia',21624),
(2023,'Outubro','Aruba',538),
(2023,'Outubro','Arábia Saudita',193387128),
(2023,'Outubro','Austrália',200854522),
(2023,'Outubro','Azerbaijão',46145),
(2023,'Outubro','Bangladesh',14049415),
(2023,'Outubro','Barein',30521605),
(2023,'Outubro','Belarus',32993212),
(2023,'Outubro','Belize',191),
(2023,'Outubro','Benin',109008),
(2023,'Outubro','Bermudas',16864),
(2023,'Outubro','Bolívia',99802450),
(2023,'Outubro','Bonaire, Saint Eustatius e Saba',1112),
(2023,'Outubro','Botsuana',11947),
(2023,'Outubro','Brasil',42377572),
(2023,'Outubro','Bulgária',7867211),
(2023,'Outubro','Burkina Faso',13),
(2023,'Outubro','Butão',54150),
(2023,'Outubro','Bélgica',195908238),
(2023,'Outubro','Bósnia-Herzegovina',487420),
(2023,'Outubro','Cabo Verde',43),
(2023,'Outubro','Camarões',170),
(2023,'Outubro','Camboja',4251990),
(2023,'Outubro','Canadá',249460765),
(2023,'Outubro','Catar',95416487),
(2023,'Outubro','Cayman, Ilhas',6585),
(2023,'Outubro','Cazaquistão',5242589),
(2023,'Outubro','Chile',445827813),
(2023,'Outubro','China',4540527402),
(2023,'Outubro','Chipre',212556),
(2023,'Outubro','Colômbia',201859855),
(2023,'Outubro','Comores',2872),
(2023,'Outubro','Congo, República Democrática',63940),
(2023,'Outubro','Coreia do Sul',388411915),
(2023,'Outubro','Costa Rica',11007253),
(2023,'Outubro','Costa do Marfim',4478429),
(2023,'Outubro','Coveite (Kuweit)',124459141),
(2023,'Outubro','Croácia',3064713),
(2023,'Outubro','Cuba',114573),
(2023,'Outubro','Curaçao',35906),
(2023,'Outubro','Dinamarca',74250654),
(2023,'Outubro','Dominica',769),
(2023,'Outubro','Egito',32032716),
(2023,'Outubro','El Salvador',530222),
(2023,'Outubro','Emirados Árabes Unidos',110673598),
(2023,'Outubro','Equador',8830166),
(2023,'Outubro','Eritreia',126),
(2023,'Outubro','Eslováquia',29669975),
(2023,'Outubro','Eslovênia',8670858),
(2023,'Outubro','Espanha',276041944),
(2023,'Outubro','Estados Unidos',3457517291),
(2023,'Outubro','Estônia',3195874),
(2023,'Outubro','Etiópia',78619),
(2023,'Outubro','Filipinas',31490608),
(2023,'Outubro','Finlândia',60144697),
(2023,'Outubro','França',424486636),
(2023,'Outubro','Gabão',56757086),
(2023,'Outubro','Gana',384003),
(2023,'Outubro','Geórgia',20012),
(2023,'Outubro','Gibraltar',12366),
(2023,'Outubro','Grécia',4934798),
(2023,'Outubro','Guadalupe',38),
(2023,'Outubro','Guatemala',6812922),
(2023,'Outubro','Guiana',187738166),
(2023,'Outubro','Guiné-Bissau',41900),
(2023,'Outubro','Gâmbia',142),
(2023,'Outubro','Haiti',29812),
(2023,'Outubro','Honduras',2678296),
(2023,'Outubro','Hong Kong',51551520),
(2023,'Outubro','Hungria',43933489),
(2023,'Outubro','Indonésia',93258222),
(2023,'Outubro','Iraque',210412),
(2023,'Outubro','Irlanda',59931164),
(2023,'Outubro','Irã',335866),
(2023,'Outubro','Islândia',1024914),
(2023,'Outubro','Israel',96686979),
(2023,'Outubro','Itália',465593679),
(2023,'Outubro','Jamaica',3680),
(2023,'Outubro','Japão',381855215),
(2023,'Outubro','Jordânia',1338593),
(2023,'Outubro','Laos',250683),
(2023,'Outubro','Letônia',2297294),
(2023,'Outubro','Liechtenstein',1095220),
(2023,'Outubro','Lituânia',2884051),
(2023,'Outubro','Luxemburgo',4693735),
(2023,'Outubro','Líbano',3526248),
(2023,'Outubro','Líbia',69),
(2023,'Outubro','Macau',162184),
(2023,'Outubro','Macedônia',2298323),
(2023,'Outubro','Madagascar',215729),
(2023,'Outubro','Malavi',173265),
(2023,'Outubro','Maldivas',7882),
(2023,'Outubro','Malta',28364814),
(2023,'Outubro','Malásia',135255671),
(2023,'Outubro','Marrocos',124877205),
(2023,'Outubro','Marshall, Ilhas',1960),
(2023,'Outubro','Mauritânia',270),
(2023,'Outubro','Maurício',42602),
(2023,'Outubro','Mianmar',435035),
(2023,'Outubro','Micronésia',3829),
(2023,'Outubro','Moldávia',226205),
(2023,'Outubro','Mongólia',478075),
(2023,'Outubro','Montenegro',1198),
(2023,'Outubro','Moçambique',27000),
(2023,'Outubro','México',522361866),
(2023,'Outubro','Mônaco',190643),
(2023,'Outubro','Nepal',30863),
(2023,'Outubro','Nicarágua',972880),
(2023,'Outubro','Nigéria',146341392),
(2023,'Outubro','Noruega',73150065),
(2023,'Outubro','Nova Caledônia',1068),
(2023,'Outubro','Nova Zelândia',6107450),
(2023,'Outubro','Omã',36702359),
(2023,'Outubro','Pacífico, Ilhas do (EUA)',3488),
(2023,'Outubro','Panamá',1855062),
(2023,'Outubro','Paquistão',9878418),
(2023,'Outubro','Paraguai',261896732),
(2023,'Outubro','Países Baixos (Holanda)',233438008),
(2023,'Outubro','Peru',113764128),
(2023,'Outubro','Polinésia Francesa',7664),
(2023,'Outubro','Polônia',54171523),
(2023,'Outubro','Porto Rico',34460343),
(2023,'Outubro','Portugal',97131315),
(2023,'Outubro','Quirguistão',89915),
(2023,'Outubro','Quênia',17263),
(2023,'Outubro','Reino Unido',226906791),
(2023,'Outubro','República Centro-Africana',15648),
(2023,'Outubro','República Dominicana',1428327),
(2023,'Outubro','Romênia',35328364),
(2023,'Outubro','Rússia',833938318),
(2023,'Outubro','Samoa',143178),
(2023,'Outubro','Samoa Americana',28310),
(2023,'Outubro','San Marino',336433),
(2023,'Outubro','Santa Helena',17814),
(2023,'Outubro','Seicheles',54702),
(2023,'Outubro','Senegal',511069),
(2023,'Outubro','Serra Leoa',18485),
(2023,'Outubro','Singapura',114173141),
(2023,'Outubro','Sint Maarten',695),
(2023,'Outubro','Somália',467),
(2023,'Outubro','Sri Lanka',5176651),
(2023,'Outubro','Suazilândia',25205),
(2023,'Outubro','Suécia',166196887),
(2023,'Outubro','Suíça',247063423),
(2023,'Outubro','São Cristóvão e Névis',658),
(2023,'Outubro','Sérvia',2026030),
(2023,'Outubro','Tadjiquistão',346427),
(2023,'Outubro','Tailândia',138298088),
(2023,'Outubro','Taiwan (Formosa)',199324948),
(2023,'Outubro','Tanzânia',311051),
(2023,'Outubro','Tcheca, República',66930874),
(2023,'Outubro','Timor Leste',13),
(2023,'Outubro','Toquelau',138921),
(2023,'Outubro','Trinidad e Tobago',28663990),
(2023,'Outubro','Tunísia',4659448),
(2023,'Outubro','Turcas e Caicos, Ilhas',1020),
(2023,'Outubro','Turcomenistão',10),
(2023,'Outubro','Turquia',91677093),
(2023,'Outubro','Tuvalu',176),
(2023,'Outubro','Ucrânia',1239675),
(2023,'Outubro','Uruguai',222456987),
(2023,'Outubro','Uzbequistão',57404890),
(2023,'Outubro','Venezuela',21017550),
(2023,'Outubro','Vietnã',270253387),
(2023,'Outubro','Virgens, Ilhas (Britânicas)',114943),
(2023,'Outubro','Zimbábue',20275),
(2023,'Outubro','Zâmbia',67),
(2023,'Outubro','África do Sul',44896385),
(2023,'Outubro','Áustria',96969553),
(2023,'Outubro','Índia',539690559),
(2023,'Setembro','Afeganistão',37100),
(2023,'Setembro','Aland, Ilhas',9840),
(2023,'Setembro','Albânia',79880),
(2023,'Setembro','Alemanha',1016510353),
(2023,'Setembro','Andorra',1773),
(2023,'Setembro','Angola',30541),
(2023,'Setembro','Anguilla',11620),
(2023,'Setembro','Argentina',984567975),
(2023,'Setembro','Argélia',146751727),
(2023,'Setembro','Armênia',18007),
(2023,'Setembro','Aruba',52),
(2023,'Setembro','Arábia Saudita',386930178),
(2023,'Setembro','Austrália',61194586),
(2023,'Setembro','Azerbaijão',148608),
(2023,'Setembro','Bangladesh',14505060),
(2023,'Setembro','Barbados',31650),
(2023,'Setembro','Barein',4879463),
(2023,'Setembro','Belarus',29257306),
(2023,'Setembro','Belize',188841),
(2023,'Setembro','Bermudas',16451),
(2023,'Setembro','Bolívia',112326739),
(2023,'Setembro','Bonaire, Saint Eustatius e Saba',1338),
(2023,'Setembro','Brasil',26809952),
(2023,'Setembro','Brunei',52634),
(2023,'Setembro','Bulgária',6197541),
(2023,'Setembro','Burkina Faso',7),
(2023,'Setembro','Burundi',4428),
(2023,'Setembro','Butão',62241),
(2023,'Setembro','Bélgica',135831231),
(2023,'Setembro','Bósnia-Herzegovina',531295),
(2023,'Setembro','Camarões',97783),
(2023,'Setembro','Camboja',4756432),
(2023,'Setembro','Canadá',245547113),
(2023,'Setembro','Catar',77646408),
(2023,'Setembro','Cayman, Ilhas',38107),
(2023,'Setembro','Cazaquistão',3479734),
(2023,'Setembro','Chade',21085),
(2023,'Setembro','Chile',368066110),
(2023,'Setembro','China',4825296236),
(2023,'Setembro','Chipre',44506),
(2023,'Setembro','Cocos (Keeling), Ilhas',4057),
(2023,'Setembro','Colômbia',143052403),
(2023,'Setembro','Congo, República Democrática',439),
(2023,'Setembro','Coreia do Norte',2172),
(2023,'Setembro','Coreia do Sul',367668802),
(2023,'Setembro','Costa Rica',11958132),
(2023,'Setembro','Costa do Marfim',3218547),
(2023,'Setembro','Coveite (Kuweit)',208),
(2023,'Setembro','Croácia',899207),
(2023,'Setembro','Cuba',153142),
(2023,'Setembro','Curaçao',17628),
(2023,'Setembro','Dinamarca',76377354),
(2023,'Setembro','Egito',78813420),
(2023,'Setembro','El Salvador',277637),
(2023,'Setembro','Emirados Árabes Unidos',114400872),
(2023,'Setembro','Equador',8878699),
(2023,'Setembro','Eritreia',64),
(2023,'Setembro','Eslováquia',31486006),
(2023,'Setembro','Eslovênia',9407650),
(2023,'Setembro','Espanha',323128401),
(2023,'Setembro','Estados Unidos',2683276019),
(2023,'Setembro','Estônia',2838959),
(2023,'Setembro','Etiópia',297),
(2023,'Setembro','Filipinas',27347505),
(2023,'Setembro','Finlândia',44460395),
(2023,'Setembro','França',451680369),
(2023,'Setembro','Gana',176177156),
(2023,'Setembro','Geórgia',162357),
(2023,'Setembro','Gibraltar',94),
(2023,'Setembro','Granada',939),
(2023,'Setembro','Groenlândia',528),
(2023,'Setembro','Grécia',4596808),
(2023,'Setembro','Guatemala',7138636),
(2023,'Setembro','Guiné Equatorial',52945),
(2023,'Setembro','Haiti',9517),
(2023,'Setembro','Honduras',2651384),
(2023,'Setembro','Hong Kong',59556954),
(2023,'Setembro','Hungria',38631792),
(2023,'Setembro','Indonésia',130739068),
(2023,'Setembro','Iraque',429823),
(2023,'Setembro','Irlanda',93763061),
(2023,'Setembro','Irã',435934),
(2023,'Setembro','Islândia',857674),
(2023,'Setembro','Israel',88536884),
(2023,'Setembro','Itália',442640215),
(2023,'Setembro','Jamaica',32370),
(2023,'Setembro','Japão',414657238),
(2023,'Setembro','Jordânia',10967771),
(2023,'Setembro','Laos',301351),
(2023,'Setembro','Letônia',1269366),
(2023,'Setembro','Liechtenstein',1064335),
(2023,'Setembro','Lituânia',33760987),
(2023,'Setembro','Luxemburgo',3398168),
(2023,'Setembro','Líbano',302695),
(2023,'Setembro','Líbia',604),
(2023,'Setembro','Macau',155365),
(2023,'Setembro','Macedônia',1334225),
(2023,'Setembro','Madagascar',492479),
(2023,'Setembro','Maldivas',38724),
(2023,'Setembro','Malta',1024045),
(2023,'Setembro','Malásia',122376347),
(2023,'Setembro','Marrocos',140337724),
(2023,'Setembro','Martinica',4590),
(2023,'Setembro','Mauritânia',152015),
(2023,'Setembro','Maurício',64625),
(2023,'Setembro','Mianmar',1143038),
(2023,'Setembro','Moldávia',177974),
(2023,'Setembro','Mongólia',213840),
(2023,'Setembro','Montenegro',80),
(2023,'Setembro','México',479067045),
(2023,'Setembro','Mônaco',301934),
(2023,'Setembro','Namíbia',434),
(2023,'Setembro','Nepal',16817),
(2023,'Setembro','Nicarágua',468200),
(2023,'Setembro','Nigéria',15775676),
(2023,'Setembro','Noruega',35882827),
(2023,'Setembro','Nova Caledônia',2163),
(2023,'Setembro','Nova Zelândia',7829963),
(2023,'Setembro','Omã',85675075),
(2023,'Setembro','Palestina',59),
(2023,'Setembro','Panamá',2145973),
(2023,'Setembro','Paquistão',10607837),
(2023,'Setembro','Paraguai',264237453),
(2023,'Setembro','Países Baixos (Holanda)',248896933),
(2023,'Setembro','Peru',156143500),
(2023,'Setembro','Polinésia Francesa',14285),
(2023,'Setembro','Polônia',64821365),
(2023,'Setembro','Porto Rico',35457341),
(2023,'Setembro','Portugal',96203607),
(2023,'Setembro','Quênia',33080),
(2023,'Setembro','Reino Unido',219934807),
(2023,'Setembro','República Centro-Africana',1481),
(2023,'Setembro','República Dominicana',2056367),
(2023,'Setembro','Romênia',29477015),
(2023,'Setembro','Rússia',1023023501),
(2023,'Setembro','Samoa',122665),
(2023,'Setembro','Samoa Americana',34869),
(2023,'Setembro','San Marino',2048950),
(2023,'Setembro','Santa Lúcia',3761),
(2023,'Setembro','Seicheles',111012),
(2023,'Setembro','Senegal',280754),
(2023,'Setembro','Serra Leoa',38721),
(2023,'Setembro','Singapura',97650451),
(2023,'Setembro','Somália',42453),
(2023,'Setembro','Sri Lanka',6820128),
(2023,'Setembro','Suazilândia',5163),
(2023,'Setembro','Suriname',846),
(2023,'Setembro','Suécia',124069364),
(2023,'Setembro','Suíça',204439243),
(2023,'Setembro','São Cristóvão e Névis',2356),
(2023,'Setembro','São Tomé e Príncipe',67),
(2023,'Setembro','Sérvia',2567445),
(2023,'Setembro','Síria',174486),
(2023,'Setembro','Tadjiquistão',5975),
(2023,'Setembro','Tailândia',157985217),
(2023,'Setembro','Taiwan (Formosa)',187473376),
(2023,'Setembro','Tanzânia',21097),
(2023,'Setembro','Tcheca, República',50786450),
(2023,'Setembro','Toquelau',116026),
(2023,'Setembro','Trinidad e Tobago',33953645),
(2023,'Setembro','Tunísia',8035292),
(2023,'Setembro','Turcomenistão',5996),
(2023,'Setembro','Turquia',87664712),
(2023,'Setembro','Ucrânia',1966568),
(2023,'Setembro','Uganda',27876),
(2023,'Setembro','Uruguai',158494295),
(2023,'Setembro','Uzbequistão',63653812),
(2023,'Setembro','Venezuela',18047795),
(2023,'Setembro','Vietnã',252033410),
(2023,'Setembro','Virgens, Ilhas (Britânicas)',15304),
(2023,'Setembro','Zimbábue',135451),
(2023,'Setembro','África do Sul',49524730),
(2023,'Setembro','Áustria',94325001),
(2023,'Setembro','Índia',539771780),
(2023,'Agosto','Afeganistão',30557),
(2023,'Agosto','Aland, Ilhas',1571),
(2023,'Agosto','Albânia',237322),
(2023,'Agosto','Alemanha',1239411428),
(2023,'Agosto','Andorra',298),
(2023,'Agosto','Angola',83374733),
(2023,'Agosto','Anguilla',6585),
(2023,'Agosto','Argentina',1139162925),
(2023,'Agosto','Argélia',113695555),
(2023,'Agosto','Armênia',22172),
(2023,'Agosto','Aruba',187),
(2023,'Agosto','Arábia Saudita',347268622),
(2023,'Agosto','Austrália',65373685),
(2023,'Agosto','Azerbaijão',13043),
(2023,'Agosto','Bahamas',52),
(2023,'Agosto','Bangladesh',15301306),
(2023,'Agosto','Barbados',41145),
(2023,'Agosto','Barein',22152356),
(2023,'Agosto','Belarus',37692123),
(2023,'Agosto','Belize',27795),
(2023,'Agosto','Bermudas',67009),
(2023,'Agosto','Bolívia',109420684),
(2023,'Agosto','Bonaire, Saint Eustatius e Saba',1430),
(2023,'Agosto','Brasil',24593580),
(2023,'Agosto','Bulgária',12473377),
(2023,'Agosto','Burkina Faso',26),
(2023,'Agosto','Burundi',214),
(2023,'Agosto','Butão',58308),
(2023,'Agosto','Bélgica',171497711),
(2023,'Agosto','Bósnia-Herzegovina',459469),
(2023,'Agosto','Cabo Verde',2),
(2023,'Agosto','Camarões',40241),
(2023,'Agosto','Camboja',6980781),
(2023,'Agosto','Canadá',365902746),
(2023,'Agosto','Catar',21652243),
(2023,'Agosto','Cayman, Ilhas',3799),
(2023,'Agosto','Cazaquistão',1385349),
(2023,'Agosto','Chile',355641421),
(2023,'Agosto','China',5014074143),
(2023,'Agosto','Chipre',387223),
(2023,'Agosto','Cocos (Keeling), Ilhas',28558),
(2023,'Agosto','Colômbia',155891998),
(2023,'Agosto','Congo, República Democrática',1275563),
(2023,'Agosto','Coreia do Norte',1097),
(2023,'Agosto','Coreia do Sul',396387403),
(2023,'Agosto','Costa Rica',13553580),
(2023,'Agosto','Costa do Marfim',6360807),
(2023,'Agosto','Coveite (Kuweit)',223),
(2023,'Agosto','Croácia',916342),
(2023,'Agosto','Cuba',268299),
(2023,'Agosto','Curaçao',9576),
(2023,'Agosto','Dinamarca',134085620),
(2023,'Agosto','Djibuti',3185),
(2023,'Agosto','Egito',53269358),
(2023,'Agosto','El Salvador',600892),
(2023,'Agosto','Emirados Árabes Unidos',29474878),
(2023,'Agosto','Equador',9024029),
(2023,'Agosto','Eritreia',10410),
(2023,'Agosto','Eslováquia',32978972),
(2023,'Agosto','Eslovênia',9523595),
(2023,'Agosto','Espanha',301548731),
(2023,'Agosto','Estados Unidos',3213672171),
(2023,'Agosto','Estônia',3966972),
(2023,'Agosto','Etiópia',24720),
(2023,'Agosto','Filipinas',26902482),
(2023,'Agosto','Finlândia',72072161),
(2023,'Agosto','França',502898878),
(2023,'Agosto','Gana',82713212),
(2023,'Agosto','Geórgia',42777),
(2023,'Agosto','Gibraltar',715),
(2023,'Agosto','Granada',40),
(2023,'Agosto','Grécia',5255281),
(2023,'Agosto','Guatemala',5721517),
(2023,'Agosto','Guiana',87725145),
(2023,'Agosto','Gâmbia',266),
(2023,'Agosto','Haiti',94124),
(2023,'Agosto','Honduras',2316714),
(2023,'Agosto','Hong Kong',70658974),
(2023,'Agosto','Hungria',39425688),
(2023,'Agosto','Indonésia',133773959),
(2023,'Agosto','Iraque',659336),
(2023,'Agosto','Irlanda',46418268),
(2023,'Agosto','Irã',369852),
(2023,'Agosto','Islândia',792114),
(2023,'Agosto','Israel',150754742),
(2023,'Agosto','Itália',545434826),
(2023,'Agosto','Jamaica',179),
(2023,'Agosto','Japão',424397125),
(2023,'Agosto','Jordânia',32525476),
(2023,'Agosto','Kiribati',8),
(2023,'Agosto','Laos',225203),
(2023,'Agosto','Letônia',2056909),
(2023,'Agosto','Liechtenstein',1223302),
(2023,'Agosto','Lituânia',3570602),
(2023,'Agosto','Luxemburgo',3687378),
(2023,'Agosto','Líbano',7599405),
(2023,'Agosto','Macau',61791),
(2023,'Agosto','Macedônia',3931776),
(2023,'Agosto','Madagascar',842531),
(2023,'Agosto','Malavi',323169),
(2023,'Agosto','Maldivas',39410),
(2023,'Agosto','Mali',113),
(2023,'Agosto','Malta',1108305),
(2023,'Agosto','Malásia',140654879),
(2023,'Agosto','Marrocos',155535261),
(2023,'Agosto','Marshall, Ilhas',16706),
(2023,'Agosto','Maurício',30844),
(2023,'Agosto','Mianmar',1569237),
(2023,'Agosto','Moldávia',491256),
(2023,'Agosto','Mongólia',322758),
(2023,'Agosto','Montenegro',389),
(2023,'Agosto','Moçambique',1711),
(2023,'Agosto','México',456699440),
(2023,'Agosto','Mônaco',871526),
(2023,'Agosto','Namíbia',5),
(2023,'Agosto','Nepal',8650),
(2023,'Agosto','Nicarágua',319502),
(2023,'Agosto','Nigéria',14711241),
(2023,'Agosto','Niue',20),
(2023,'Agosto','Norfolk, Ilha',1816),
(2023,'Agosto','Noruega',55035288),
(2023,'Agosto','Nova Caledônia',14200),
(2023,'Agosto','Nova Zelândia',11726643),
(2023,'Agosto','Omã',16034146),
(2023,'Agosto','Pacífico, Ilhas do (EUA)',1407),
(2023,'Agosto','Palestina',1073),
(2023,'Agosto','Panamá',1116120),
(2023,'Agosto','Papua Nova Guiné',22350),
(2023,'Agosto','Paquistão',11049886),
(2023,'Agosto','Paraguai',276209130),
(2023,'Agosto','Países Baixos (Holanda)',232109725),
(2023,'Agosto','Peru',190058671),
(2023,'Agosto','Pitcairn',5458),
(2023,'Agosto','Polônia',68647812),
(2023,'Agosto','Porto Rico',76317053),
(2023,'Agosto','Portugal',101435226),
(2023,'Agosto','Quirguistão',1478),
(2023,'Agosto','Quênia',6164),
(2023,'Agosto','Reino Unido',272338712),
(2023,'Agosto','República Dominicana',4301874),
(2023,'Agosto','Romênia',30022119),
(2023,'Agosto','Rússia',1058698120),
(2023,'Agosto','Samoa',148605),
(2023,'Agosto','Samoa Americana',32772),
(2023,'Agosto','San Marino',1612656),
(2023,'Agosto','Seicheles',75263),
(2023,'Agosto','Senegal',297604),
(2023,'Agosto','Serra Leoa',40181),
(2023,'Agosto','Singapura',86347958),
(2023,'Agosto','Sri Lanka',7402311),
(2023,'Agosto','Suazilândia',52668),
(2023,'Agosto','Suriname',528),
(2023,'Agosto','Suécia',189046885),
(2023,'Agosto','Suíça',247861764),
(2023,'Agosto','São Cristóvão e Névis',3749),
(2023,'Agosto','São Tomé e Príncipe',175),
(2023,'Agosto','Sérvia',3277199),
(2023,'Agosto','Tailândia',180117123),
(2023,'Agosto','Taiwan (Formosa)',213112886),
(2023,'Agosto','Tanzânia',47103),
(2023,'Agosto','Tcheca, República',59335356),
(2023,'Agosto','Toquelau',162513),
(2023,'Agosto','Trinidad e Tobago',26824219),
(2023,'Agosto','Tunísia',4576285),
(2023,'Agosto','Turcas e Caicos, Ilhas',208),
(2023,'Agosto','Turcomenistão',4751),
(2023,'Agosto','Turquia',100236157),
(2023,'Agosto','Ucrânia',1265231),
(2023,'Agosto','Uganda',6083),
(2023,'Agosto','Uruguai',217560597),
(2023,'Agosto','Uzbequistão',38064059),
(2023,'Agosto','Venezuela',36840691),
(2023,'Agosto','Vietnã',270565592),
(2023,'Agosto','Virgens, Ilhas (Britânicas)',844629),
(2023,'Agosto','Zimbábue',5896),
(2023,'Agosto','Zâmbia',249210),
(2023,'Agosto','África do Sul',31882885),
(2023,'Agosto','Áustria',107614557),
(2023,'Agosto','Índia',699626276),
(2023,'Julho','Afeganistão',36457),
(2023,'Julho','Aland, Ilhas',7807),
(2023,'Julho','Albânia',286043),
(2023,'Julho','Alemanha',1261297324),
(2023,'Julho','Andorra',653),
(2023,'Julho','Angola',49307),
(2023,'Julho','Anguilla',15352),
(2023,'Julho','Antártica',1200),
(2023,'Julho','Antígua e Barbuda',216),
(2023,'Julho','Argentina',1000391959),
(2023,'Julho','Argélia',144066637),
(2023,'Julho','Armênia',3128),
(2023,'Julho','Arábia Saudita',412842337),
(2023,'Julho','Austrália',223449748),
(2023,'Julho','Bahamas',6195),
(2023,'Julho','Bancos Centrais',50),
(2023,'Julho','Bangladesh',11212900),
(2023,'Julho','Barbados',37379),
(2023,'Julho','Barein',21228857),
(2023,'Julho','Belarus',50209742),
(2023,'Julho','Belize',87249),
(2023,'Julho','Bermudas',10516),
(2023,'Julho','Bolívia',105773493),
(2023,'Julho','Bonaire, Saint Eustatius e Saba',281),
(2023,'Julho','Brasil',34143301),
(2023,'Julho','Brunei',28),
(2023,'Julho','Bulgária',7985655),
(2023,'Julho','Burkina Faso',15),
(2023,'Julho','Butão',57919),
(2023,'Julho','Bélgica',231901101),
(2023,'Julho','Bósnia-Herzegovina',892486),
(2023,'Julho','Camarões',717788),
(2023,'Julho','Camboja',7588060),
(2023,'Julho','Canadá',275232663),
(2023,'Julho','Catar',70656758),
(2023,'Julho','Cayman, Ilhas',597),
(2023,'Julho','Cazaquistão',2116336),
(2023,'Julho','Chile',346645323),
(2023,'Julho','China',4190018286),
(2023,'Julho','Chipre',92),
(2023,'Julho','Cocos (Keeling), Ilhas',49),
(2023,'Julho','Colômbia',179988362),
(2023,'Julho','Comores',2202),
(2023,'Julho','Coreia do Norte',399),
(2023,'Julho','Coreia do Sul',424547791),
(2023,'Julho','Costa Rica',9000852),
(2023,'Julho','Costa do Marfim',6499380),
(2023,'Julho','Coveite (Kuweit)',474),
(2023,'Julho','Croácia',1454421),
(2023,'Julho','Cuba',284906),
(2023,'Julho','Curaçao',8903),
(2023,'Julho','Dinamarca',140056133),
(2023,'Julho','Egito',65858599),
(2023,'Julho','El Salvador',419218),
(2023,'Julho','Emirados Árabes Unidos',111687143),
(2023,'Julho','Equador',8243983),
(2023,'Julho','Eritreia',27862),
(2023,'Julho','Eslováquia',45479768),
(2023,'Julho','Eslovênia',11968685),
(2023,'Julho','Espanha',340792079),
(2023,'Julho','Estados Unidos',3361194081),
(2023,'Julho','Estônia',4930315),
(2023,'Julho','Etiópia',14370),
(2023,'Julho','Falkland (Malvinas)',49),
(2023,'Julho','Filipinas',24450888),
(2023,'Julho','Finlândia',72854377),
(2023,'Julho','França',526496401),
(2023,'Julho','Gabão',81528583),
(2023,'Julho','Gana',72776134),
(2023,'Julho','Geórgia',102326),
(2023,'Julho','Grécia',6452040),
(2023,'Julho','Guatemala',4128362),
(2023,'Julho','Guiana',80104945),
(2023,'Julho','Guiné',5000),
(2023,'Julho','Gâmbia',15271),
(2023,'Julho','Haiti',130725),
(2023,'Julho','Honduras',1776896),
(2023,'Julho','Hong Kong',72236899),
(2023,'Julho','Hungria',36947191),
(2023,'Julho','Indonésia',127301252),
(2023,'Julho','Iraque',225092),
(2023,'Julho','Irlanda',62314079),
(2023,'Julho','Irã',273767),
(2023,'Julho','Islândia',954219),
(2023,'Julho','Israel',140243807),
(2023,'Julho','Itália',536349080),
(2023,'Julho','Jamaica',4515),
(2023,'Julho','Japão',397238845),
(2023,'Julho','Jordânia',8898249),
(2023,'Julho','Laos',229640),
(2023,'Julho','Lesoto',4953),
(2023,'Julho','Letônia',1833359),
(2023,'Julho','Libéria',152),
(2023,'Julho','Liechtenstein',825131),
(2023,'Julho','Lituânia',4049249),
(2023,'Julho','Luxemburgo',2856469),
(2023,'Julho','Líbano',26882),
(2023,'Julho','Macau',145907),
(2023,'Julho','Macedônia',258415),
(2023,'Julho','Madagascar',93603),
(2023,'Julho','Maldivas',15764),
(2023,'Julho','Malta',1088287),
(2023,'Julho','Malásia',122809768),
(2023,'Julho','Marrocos',57380892),
(2023,'Julho','Marshall, Ilhas',17577),
(2023,'Julho','Maurício',166306),
(2023,'Julho','Mianmar',945945),
(2023,'Julho','Micronésia',234),
(2023,'Julho','Moldávia',281376),
(2023,'Julho','Mongólia',115630),
(2023,'Julho','Moçambique',23000),
(2023,'Julho','México',396212548),
(2023,'Julho','Mônaco',293157),
(2023,'Julho','Namíbia',930),
(2023,'Julho','Nepal',41231),
(2023,'Julho','Nicarágua',76291),
(2023,'Julho','Nigéria',19118629),
(2023,'Julho','Noruega',61647078),
(2023,'Julho','Nova Zelândia',6476768),
(2023,'Julho','Omã',51553204),
(2023,'Julho','Palestina',57360),
(2023,'Julho','Panamá',474876),
(2023,'Julho','Paquistão',9740529),
(2023,'Julho','Paraguai',262176776),
(2023,'Julho','Países Baixos (Holanda)',179065223),
(2023,'Julho','Peru',180319185),
(2023,'Julho','Polinésia Francesa',1088),
(2023,'Julho','Polônia',85027874),
(2023,'Julho','Porto Rico',45473610),
(2023,'Julho','Portugal',77142229),
(2023,'Julho','Quirguistão',169),
(2023,'Julho','Quênia',136512),
(2023,'Julho','Reino Unido',251519971),
(2023,'Julho','República Centro-Africana',152),
(2023,'Julho','República Dominicana',3025755),
(2023,'Julho','Reunião',4821),
(2023,'Julho','Romênia',27317805),
(2023,'Julho','Ruanda',1383),
(2023,'Julho','Rússia',696855167),
(2023,'Julho','Samoa',10452),
(2023,'Julho','Samoa Americana',32831),
(2023,'Julho','San Marino',1841649),
(2023,'Julho','Seicheles',121341),
(2023,'Julho','Senegal',285678),
(2023,'Julho','Serra Leoa',38172),
(2023,'Julho','Singapura',48250875),
(2023,'Julho','Somália',192),
(2023,'Julho','Sri Lanka',6424882),
(2023,'Julho','Suazilândia',6691),
(2023,'Julho','Suécia',179614120),
(2023,'Julho','Suíça',244034004),
(2023,'Julho','São Cristóvão e Névis',108),
(2023,'Julho','Sérvia',3606290),
(2023,'Julho','Tadjiquistão',1890),
(2023,'Julho','Tailândia',180391935),
(2023,'Julho','Taiwan (Formosa)',193106882),
(2023,'Julho','Tanzânia',982),
(2023,'Julho','Tcheca, República',51296714),
(2023,'Julho','Terras Austrais Francesas',130),
(2023,'Julho','Timor Leste',315),
(2023,'Julho','Togo',62),
(2023,'Julho','Toquelau',130204),
(2023,'Julho','Trinidad e Tobago',18924631),
(2023,'Julho','Tunísia',5567705),
(2023,'Julho','Turcas e Caicos, Ilhas',131),
(2023,'Julho','Turcomenistão',86587),
(2023,'Julho','Turquia',83675000),
(2023,'Julho','Ucrânia',1302697),
(2023,'Julho','Uganda',13490),
(2023,'Julho','Uruguai',177399614),
(2023,'Julho','Uzbequistão',20394411),
(2023,'Julho','Venezuela',38170017),
(2023,'Julho','Vietnã',255431417),
(2023,'Julho','Virgens, Ilhas (Americanas)',30362),
(2023,'Julho','Virgens, Ilhas (Britânicas)',277743),
(2023,'Julho','Zâmbia',372292),
(2023,'Julho','África do Sul',51830412),
(2023,'Julho','Áustria',91871264),
(2023,'Julho','Índia',554299292),
(2023,'Junho','Afeganistão',2790),
(2023,'Junho','Aland, Ilhas',4317),
(2023,'Junho','Albânia',318204),
(2023,'Junho','Alemanha',1114508379),
(2023,'Junho','Andorra',7850),
(2023,'Junho','Anguilla',251243),
(2023,'Junho','Antígua e Barbuda',36433),
(2023,'Junho','Argentina',927227756),
(2023,'Junho','Argélia',65520715),
(2023,'Junho','Armênia',23062),
(2023,'Junho','Arábia Saudita',331135426),
(2023,'Junho','Austrália',301905339),
(2023,'Junho','Bangladesh',15048714),
(2023,'Junho','Barbados',77895),
(2023,'Junho','Barein',8331300),
(2023,'Junho','Belarus',23472921),
(2023,'Junho','Belize',2400),
(2023,'Junho','Bermudas',50780),
(2023,'Junho','Bolívia',108570115),
(2023,'Junho','Bonaire, Saint Eustatius e Saba',586),
(2023,'Junho','Botsuana',6842),
(2023,'Junho','Brasil',18988389),
(2023,'Junho','Brunei',354),
(2023,'Junho','Bulgária',5719469),
(2023,'Junho','Burkina Faso',6),
(2023,'Junho','Butão',58277),
(2023,'Junho','Bélgica',153212705),
(2023,'Junho','Bósnia-Herzegovina',550654),
(2023,'Junho','Camarões',945430),
(2023,'Junho','Camboja',6078121),
(2023,'Junho','Canadá',258215360),
(2023,'Junho','Catar',37345496),
(2023,'Junho','Cayman, Ilhas',51251),
(2023,'Junho','Cazaquistão',3999769),
(2023,'Junho','Chile',293316751),
(2023,'Junho','China',4552417879),
(2023,'Junho','Chipre',356693),
(2023,'Junho','Christmas (Navidad), Ilha',30246),
(2023,'Junho','Cocos (Keeling), Ilhas',44689),
(2023,'Junho','Colômbia',220587333),
(2023,'Junho','Congo',4631),
(2023,'Junho','Congo, República Democrática',1224967),
(2023,'Junho','Cook, Ilhas',146),
(2023,'Junho','Coreia do Norte',1555),
(2023,'Junho','Coreia do Sul',396219044),
(2023,'Junho','Costa Rica',10359979),
(2023,'Junho','Costa do Marfim',3504638),
(2023,'Junho','Coveite (Kuweit)',57326146),
(2023,'Junho','Croácia',1101752),
(2023,'Junho','Cuba',285113),
(2023,'Junho','Curaçao',94565),
(2023,'Junho','Dinamarca',74733158),
(2023,'Junho','Dominica',2451),
(2023,'Junho','Egito',38856093),
(2023,'Junho','El Salvador',872516),
(2023,'Junho','Emirados Árabes Unidos',97937486),
(2023,'Junho','Equador',9872681),
(2023,'Junho','Eritreia',26512),
(2023,'Junho','Eslováquia',35687709),
(2023,'Junho','Eslovênia',9567260),
(2023,'Junho','Espanha',338318527),
(2023,'Junho','Estados Unidos',2946024226),
(2023,'Junho','Estônia',3141875),
(2023,'Junho','Etiópia',2359),
(2023,'Junho','Filipinas',22872591),
(2023,'Junho','Finlândia',95202516),
(2023,'Junho','França',466463095),
(2023,'Junho','Gabão',114414581),
(2023,'Junho','Gana',280072),
(2023,'Junho','Geórgia',51167),
(2023,'Junho','Gibraltar',946),
(2023,'Junho','Grécia',3806201),
(2023,'Junho','Guam',45),
(2023,'Junho','Guatemala',3764250),
(2023,'Junho','Guiana',74239065),
(2023,'Junho','Guiné',3669),
(2023,'Junho','Gâmbia',7331),
(2023,'Junho','Haiti',97879),
(2023,'Junho','Heard e ilhas mcdonald, Ilha',4280),
(2023,'Junho','Honduras',1155053),
(2023,'Junho','Hong Kong',59448941),
(2023,'Junho','Hungria',51656193),
(2023,'Junho','Indonésia',104608913),
(2023,'Junho','Iraque',31487),
(2023,'Junho','Irlanda',139304925),
(2023,'Junho','Irã',298791),
(2023,'Junho','Islândia',710843),
(2023,'Junho','Israel',136177352),
(2023,'Junho','Itália',490703566),
(2023,'Junho','Jamaica',11558),
(2023,'Junho','Japão',449528050),
(2023,'Junho','Jordânia',19238209),
(2023,'Junho','Laos',270260),
(2023,'Junho','Lesoto',238),
(2023,'Junho','Letônia',2392722),
(2023,'Junho','Libéria',20),
(2023,'Junho','Liechtenstein',1464327),
(2023,'Junho','Lituânia',3364489),
(2023,'Junho','Luxemburgo',3921202),
(2023,'Junho','Líbano',229782),
(2023,'Junho','Macau',128436),
(2023,'Junho','Macedônia',1480123),
(2023,'Junho','Madagascar',742918),
(2023,'Junho','Malavi',537874),
(2023,'Junho','Maldivas',70938),
(2023,'Junho','Malta',5687592),
(2023,'Junho','Malásia',117162831),
(2023,'Junho','Marrocos',85873882),
(2023,'Junho','Marshall, Ilhas',6),
(2023,'Junho','Mauritânia',14584),
(2023,'Junho','Maurício',85232),
(2023,'Junho','Mianmar',1089069),
(2023,'Junho','Moldávia',149465),
(2023,'Junho','Mongólia',70255),
(2023,'Junho','Montenegro',6580),
(2023,'Junho','México',401922862),
(2023,'Junho','Mônaco',340238),
(2023,'Junho','Namíbia',340898),
(2023,'Junho','Nepal',3758),
(2023,'Junho','Nicarágua',198226),
(2023,'Junho','Nigéria',40271333),
(2023,'Junho','Noruega',50328283),
(2023,'Junho','Nova Zelândia',8810506),
(2023,'Junho','Omã',18897354),
(2023,'Junho','Pacífico, Ilhas do (EUA)',1335),
(2023,'Junho','Palestina',65330),
(2023,'Junho','Panamá',298509),
(2023,'Junho','Paquistão',9859786),
(2023,'Junho','Paraguai',221504984),
(2023,'Junho','Países Baixos (Holanda)',245000883),
(2023,'Junho','Peru',162129596),
(2023,'Junho','Polinésia Francesa',323),
(2023,'Junho','Polônia',67050469),
(2023,'Junho','Porto Rico',16452497),
(2023,'Junho','Portugal',66757961),
(2023,'Junho','Quirguistão',4025),
(2023,'Junho','Quênia',97788),
(2023,'Junho','Reino Unido',245335605),
(2023,'Junho','República Centro-Africana',47223),
(2023,'Junho','República Dominicana',3093878),
(2023,'Junho','Reunião',5),
(2023,'Junho','Romênia',30658062),
(2023,'Junho','Rússia',799778440),
(2023,'Junho','Samoa',125568),
(2023,'Junho','Samoa Americana',46377),
(2023,'Junho','San Marino',1611435),
(2023,'Junho','Santa Helena',8340),
(2023,'Junho','Seicheles',26024),
(2023,'Junho','Senegal',371224),
(2023,'Junho','Serra Leoa',38121),
(2023,'Junho','Singapura',79293555),
(2023,'Junho','Somália',1262),
(2023,'Junho','Sri Lanka',5477843),
(2023,'Junho','Suazilândia',32838),
(2023,'Junho','Sudão',26816),
(2023,'Junho','Suriname',7186),
(2023,'Junho','Suécia',146434950),
(2023,'Junho','Suíça',233366299),
(2023,'Junho','Svalbard e Jan Mayen',273),
(2023,'Junho','Sérvia',3825341),
(2023,'Junho','Síria',48247),
(2023,'Junho','Tadjiquistão',291774),
(2023,'Junho','Tailândia',150061628),
(2023,'Junho','Taiwan (Formosa)',217111469),
(2023,'Junho','Tanzânia',32955),
(2023,'Junho','Tcheca, República',52258695),
(2023,'Junho','Território Britânico do Oceano Índico',65),
(2023,'Junho','Toquelau',33288),
(2023,'Junho','Trinidad e Tobago',28292559),
(2023,'Junho','Tunísia',3760530),
(2023,'Junho','Turcomenistão',253),
(2023,'Junho','Turquia',108779832),
(2023,'Junho','Ucrânia',1463179),
(2023,'Junho','Uganda',22908),
(2023,'Junho','Uruguai',158531560),
(2023,'Junho','Uzbequistão',169690),
(2023,'Junho','Venezuela',19740034),
(2023,'Junho','Vietnã',201682038),
(2023,'Junho','Virgens, Ilhas (Britânicas)',291714),
(2023,'Junho','Zimbábue',33198),
(2023,'Junho','Zâmbia',66571),
(2023,'Junho','África do Sul',52166566),
(2023,'Junho','Áustria',105505642),
(2023,'Junho','Índia',630848491),
(2023,'Maio','Afeganistão',36449),
(2023,'Maio','Aland, Ilhas',2185),
(2023,'Maio','Albânia',139151),
(2023,'Maio','Alemanha',1116971512),
(2023,'Maio','Andorra',4),
(2023,'Maio','Angola',166221908),
(2023,'Maio','Anguilla',261903),
(2023,'Maio','Argentina',1164204400),
(2023,'Maio','Argélia',276019501),
(2023,'Maio','Armênia',28655),
(2023,'Maio','Arábia Saudita',232330676),
(2023,'Maio','Austrália',320844133),
(2023,'Maio','Azerbaijão',2145),
(2023,'Maio','Bangladesh',16085664),
(2023,'Maio','Barbados',104408),
(2023,'Maio','Barein',4195537),
(2023,'Maio','Belarus',40511786),
(2023,'Maio','Belize',12752),
(2023,'Maio','Bermudas',111702),
(2023,'Maio','Bolívia',130385793),
(2023,'Maio','Brasil',48038910),
(2023,'Maio','Bulgária',6297291),
(2023,'Maio','Butão',60613),
(2023,'Maio','Bélgica',199633730),
(2023,'Maio','Bósnia-Herzegovina',906861),
(2023,'Maio','Camarões',886403),
(2023,'Maio','Camboja',7854895),
(2023,'Maio','Canadá',419045346),
(2023,'Maio','Catar',65113990),
(2023,'Maio','Cayman, Ilhas',203264),
(2023,'Maio','Cazaquistão',11943155),
(2023,'Maio','Chade',242),
(2023,'Maio','Chile',324255337),
(2023,'Maio','China',4552095621),
(2023,'Maio','Chipre',189706),
(2023,'Maio','Cocos (Keeling), Ilhas',770),
(2023,'Maio','Colômbia',269044215),
(2023,'Maio','Congo',644),
(2023,'Maio','Congo, República Democrática',427507),
(2023,'Maio','Coreia do Sul',426103565),
(2023,'Maio','Costa Rica',13400858),
(2023,'Maio','Costa do Marfim',6476145),
(2023,'Maio','Coveite (Kuweit)',47301407),
(2023,'Maio','Croácia',978538),
(2023,'Maio','Cuba',277925),
(2023,'Maio','Curaçao',662),
(2023,'Maio','Dinamarca',142212753),
(2023,'Maio','Dominica',131),
(2023,'Maio','Egito',45709650),
(2023,'Maio','El Salvador',763506),
(2023,'Maio','Emirados Árabes Unidos',87627815),
(2023,'Maio','Equador',12810471),
(2023,'Maio','Eslováquia',45712304),
(2023,'Maio','Eslovênia',9236201),
(2023,'Maio','Espanha',375406307),
(2023,'Maio','Estados Unidos',3697934791),
(2023,'Maio','Estônia',3135038),
(2023,'Maio','Etiópia',16),
(2023,'Maio','Faroe, Ilhas',168),
(2023,'Maio','Filipinas',23428495),
(2023,'Maio','Finlândia',76428056),
(2023,'Maio','França',605504463),
(2023,'Maio','Gana',518279),
(2023,'Maio','Geórgia',95381),
(2023,'Maio','Grécia',3645899),
(2023,'Maio','Guatemala',6562208),
(2023,'Maio','Guernsey',9370),
(2023,'Maio','Guiana',50400),
(2023,'Maio','Guiné-Bissau',256330),
(2023,'Maio','Haiti',100523),
(2023,'Maio','Honduras',1797167),
(2023,'Maio','Hong Kong',63878096),
(2023,'Maio','Hungria',50287944),
(2023,'Maio','Indonésia',163312189),
(2023,'Maio','Irlanda',63956206),
(2023,'Maio','Irã',397538),
(2023,'Maio','Islândia',1491541),
(2023,'Maio','Israel',131196780),
(2023,'Maio','Itália',501478757),
(2023,'Maio','Jamaica',12002),
(2023,'Maio','Japão',462030943),
(2023,'Maio','Jordânia',873871),
(2023,'Maio','Laos',210629),
(2023,'Maio','Lesoto',1841),
(2023,'Maio','Letônia',3130287),
(2023,'Maio','Liechtenstein',597211),
(2023,'Maio','Lituânia',23103798),
(2023,'Maio','Luxemburgo',5796935),
(2023,'Maio','Líbano',142151),
(2023,'Maio','Líbia',114),
(2023,'Maio','Macau',21294),
(2023,'Maio','Macedônia',2009118),
(2023,'Maio','Madagascar',133943),
(2023,'Maio','Malavi',109091),
(2023,'Maio','Maldivas',31528),
(2023,'Maio','Malta',2092266),
(2023,'Maio','Malásia',120449532),
(2023,'Maio','Marrocos',119697011),
(2023,'Maio','Mauritânia',12092),
(2023,'Maio','Maurício',45145),
(2023,'Maio','Mianmar',990517),
(2023,'Maio','Micronésia',750),
(2023,'Maio','Moldávia',227076),
(2023,'Maio','Mongólia',8500),
(2023,'Maio','Montserrat',207),
(2023,'Maio','México',511659460),
(2023,'Maio','Mônaco',346080),
(2023,'Maio','Namíbia',3004580),
(2023,'Maio','Nepal',18235),
(2023,'Maio','Nicarágua',336099),
(2023,'Maio','Nigéria',78715228),
(2023,'Maio','Niue',12602),
(2023,'Maio','Noruega',39868703),
(2023,'Maio','Nova Caledônia',194),
(2023,'Maio','Nova Zelândia',8251036),
(2023,'Maio','Níger',69),
(2023,'Maio','Omã',43998974),
(2023,'Maio','Palestina',130),
(2023,'Maio','Panamá',951732),
(2023,'Maio','Paquistão',11295087),
(2023,'Maio','Paraguai',237601609),
(2023,'Maio','Países Baixos (Holanda)',185529518),
(2023,'Maio','Peru',131409451),
(2023,'Maio','Polinésia Francesa',11801),
(2023,'Maio','Polônia',78385370),
(2023,'Maio','Porto Rico',67174462),
(2023,'Maio','Portugal',65082069),
(2023,'Maio','Quênia',5351),
(2023,'Maio','Reino Unido',269771128),
(2023,'Maio','República Dominicana',2442091),
(2023,'Maio','Romênia',29258725),
(2023,'Maio','Rússia',762762367),
(2023,'Maio','Samoa',89063),
(2023,'Maio','Samoa Americana',17297),
(2023,'Maio','San Marino',824419),
(2023,'Maio','Seicheles',35710),
(2023,'Maio','Senegal',765577),
(2023,'Maio','Serra Leoa',42745),
(2023,'Maio','Singapura',84388084),
(2023,'Maio','Somália',3744),
(2023,'Maio','Sri Lanka',5960344),
(2023,'Maio','Suazilândia',28593),
(2023,'Maio','Suriname',39636),
(2023,'Maio','Suécia',291650356),
(2023,'Maio','Suíça',213580844),
(2023,'Maio','São Cristóvão e Névis',2043),
(2023,'Maio','Sérvia',3253002),
(2023,'Maio','Síria',20714),
(2023,'Maio','Tadjiquistão',26811),
(2023,'Maio','Tailândia',195887331),
(2023,'Maio','Taiwan (Formosa)',210440412),
(2023,'Maio','Tanzânia',2827),
(2023,'Maio','Tcheca, República',59760928),
(2023,'Maio','Togo',162),
(2023,'Maio','Toquelau',66200),
(2023,'Maio','Trinidad e Tobago',36082741),
(2023,'Maio','Tunísia',4202120),
(2023,'Maio','Turcas e Caicos, Ilhas',882),
(2023,'Maio','Turcomenistão',61158),
(2023,'Maio','Turquia',88111437),
(2023,'Maio','Ucrânia',1350683),
(2023,'Maio','Uganda',12974),
(2023,'Maio','Uruguai',179684823),
(2023,'Maio','Uzbequistão',442240),
(2023,'Maio','Venezuela',56631399),
(2023,'Maio','Vietnã',272411902),
(2023,'Maio','Virgens, Ilhas (Americanas)',388),
(2023,'Maio','Virgens, Ilhas (Britânicas)',258028),
(2023,'Maio','Zimbábue',731),
(2023,'Maio','Zâmbia',151126),
(2023,'Maio','África do Sul',50525503),
(2023,'Maio','Áustria',121169219),
(2023,'Maio','Índia',556746366),
(2023,'Abril','Afeganistão',34951),
(2023,'Abril','Aland, Ilhas',27337),
(2023,'Abril','Albânia',47298),
(2023,'Abril','Alemanha',947952402),
(2023,'Abril','Andorra',7060),
(2023,'Abril','Angola',182448278),
(2023,'Abril','Anguilla',58675),
(2023,'Abril','Antártica',197),
(2023,'Abril','Argentina',888808888),
(2023,'Abril','Argélia',33740402),
(2023,'Abril','Armênia',1325),
(2023,'Abril','Aruba',174),
(2023,'Abril','Arábia Saudita',342247583),
(2023,'Abril','Austrália',88119532),
(2023,'Abril','Bangladesh',25313792),
(2023,'Abril','Barein',9314196),
(2023,'Abril','Belarus',30216676),
(2023,'Abril','Belize',91920),
(2023,'Abril','Benin',144),
(2023,'Abril','Bermudas',512),
(2023,'Abril','Bolívia',151708742),
(2023,'Abril','Bouvet, Ilha',10311),
(2023,'Abril','Brasil',32961376),
(2023,'Abril','Brunei',1266),
(2023,'Abril','Bulgária',6298824),
(2023,'Abril','Butão',57257),
(2023,'Abril','Bélgica',329175867),
(2023,'Abril','Bósnia-Herzegovina',1313573),
(2023,'Abril','Cabo Verde',10031),
(2023,'Abril','Camarões',1505965),
(2023,'Abril','Camboja',7345921),
(2023,'Abril','Canadá',369689133),
(2023,'Abril','Catar',56558442),
(2023,'Abril','Cayman, Ilhas',313603),
(2023,'Abril','Cazaquistão',6106790),
(2023,'Abril','Chile',361593476),
(2023,'Abril','China',3879102754),
(2023,'Abril','Chipre',369211),
(2023,'Abril','Cocos (Keeling), Ilhas',5468),
(2023,'Abril','Colômbia',217411051),
(2023,'Abril','Comores',3603),
(2023,'Abril','Congo',77576504),
(2023,'Abril','Congo, República Democrática',940252),
(2023,'Abril','Coreia do Sul',343814545),
(2023,'Abril','Costa Rica',8847413),
(2023,'Abril','Costa do Marfim',15798456),
(2023,'Abril','Coveite (Kuweit)',119269),
(2023,'Abril','Croácia',3978636),
(2023,'Abril','Cuba',273391),
(2023,'Abril','Curaçao',11033),
(2023,'Abril','Dinamarca',78764733),
(2023,'Abril','Dominica',26),
(2023,'Abril','Egito',28127145),
(2023,'Abril','El Salvador',247409),
(2023,'Abril','Emirados Árabes Unidos',88872940),
(2023,'Abril','Equador',6083615),
(2023,'Abril','Eslováquia',43676623),
(2023,'Abril','Eslovênia',7215897),
(2023,'Abril','Espanha',339201222),
(2023,'Abril','Estados Unidos',3253243839),
(2023,'Abril','Estônia',3286569),
(2023,'Abril','Etiópia',6444),
(2023,'Abril','Filipinas',23231922),
(2023,'Abril','Finlândia',70770846),
(2023,'Abril','França',448395316),
(2023,'Abril','Gabão',78321595),
(2023,'Abril','Gana',12088016),
(2023,'Abril','Geórgia',9217),
(2023,'Abril','Grécia',3601478),
(2023,'Abril','Guatemala',5440227),
(2023,'Abril','Guernsey',1793),
(2023,'Abril','Guiana',168606595),
(2023,'Abril','Guiné',5957),
(2023,'Abril','Haiti',151144),
(2023,'Abril','Honduras',947643),
(2023,'Abril','Hong Kong',55421730),
(2023,'Abril','Hungria',35055433),
(2023,'Abril','Indonésia',127396182),
(2023,'Abril','Irlanda',94084945),
(2023,'Abril','Irã',384263),
(2023,'Abril','Islândia',776485),
(2023,'Abril','Israel',121539516),
(2023,'Abril','Itália',516030938),
(2023,'Abril','Jamaica',16775),
(2023,'Abril','Japão',462535888),
(2023,'Abril','Jordânia',2886806),
(2023,'Abril','Laos',219628),
(2023,'Abril','Letônia',3163866),
(2023,'Abril','Liechtenstein',828229),
(2023,'Abril','Lituânia',3461250),
(2023,'Abril','Luxemburgo',3433451),
(2023,'Abril','Líbano',180730),
(2023,'Abril','Macau',156520),
(2023,'Abril','Macedônia',2674594),
(2023,'Abril','Madagascar',733948),
(2023,'Abril','Malavi',90041),
(2023,'Abril','Maldivas',55174),
(2023,'Abril','Malta',1317023),
(2023,'Abril','Malásia',123480116),
(2023,'Abril','Marrocos',179555454),
(2023,'Abril','Marshall, Ilhas',62158),
(2023,'Abril','Mauritânia',164931),
(2023,'Abril','Maurício',94718),
(2023,'Abril','Mianmar',765287),
(2023,'Abril','Moldávia',204114),
(2023,'Abril','Mongólia',192824),
(2023,'Abril','Montserrat',1782),
(2023,'Abril','México',422552062),
(2023,'Abril','Mônaco',453907),
(2023,'Abril','Namíbia',2426),
(2023,'Abril','Nauru',40),
(2023,'Abril','Nepal',9450),
(2023,'Abril','Nicarágua',229172),
(2023,'Abril','Nigéria',28041794),
(2023,'Abril','Noruega',48826798),
(2023,'Abril','Nova Zelândia',3339560),
(2023,'Abril','Níger',2478),
(2023,'Abril','Omã',3797798),
(2023,'Abril','Palau',7779),
(2023,'Abril','Panamá',840292),
(2023,'Abril','Papua Nova Guiné',59927),
(2023,'Abril','Paquistão',9590588),
(2023,'Abril','Paraguai',215440477),
(2023,'Abril','Países Baixos (Holanda)',253956341),
(2023,'Abril','Peru',106123398),
(2023,'Abril','Polinésia Francesa',2489),
(2023,'Abril','Polônia',76756726),
(2023,'Abril','Porto Rico',29717931),
(2023,'Abril','Portugal',58674994),
(2023,'Abril','Quirguistão',605),
(2023,'Abril','Quênia',38733),
(2023,'Abril','Reino Unido',213018530),
(2023,'Abril','República Dominicana',2228368),
(2023,'Abril','Romênia',30101324),
(2023,'Abril','Ruanda',330),
(2023,'Abril','Rússia',715490685),
(2023,'Abril','Salomão, Ilhas',2646),
(2023,'Abril','Samoa',1829),
(2023,'Abril','Samoa Americana',66302),
(2023,'Abril','San Marino',886742),
(2023,'Abril','Seicheles',980),
(2023,'Abril','Senegal',499781),
(2023,'Abril','Serra Leoa',35755),
(2023,'Abril','Singapura',80194009),
(2023,'Abril','Sri Lanka',9125249),
(2023,'Abril','Suazilândia',3393),
(2023,'Abril','Suécia',144782161),
(2023,'Abril','Suíça',222610052),
(2023,'Abril','São Cristóvão e Névis',2182),
(2023,'Abril','Sérvia',4542974),
(2023,'Abril','Síria',2757796),
(2023,'Abril','Tadjiquistão',21077),
(2023,'Abril','Tailândia',156709416),
(2023,'Abril','Taiwan (Formosa)',211272414),
(2023,'Abril','Tanzânia',115722),
(2023,'Abril','Tcheca, República',61457129),
(2023,'Abril','Toquelau',169839),
(2023,'Abril','Trinidad e Tobago',28644550),
(2023,'Abril','Tunísia',11442344),
(2023,'Abril','Turcomenistão',8),
(2023,'Abril','Turquia',82865416),
(2023,'Abril','Tuvalu',10),
(2023,'Abril','Ucrânia',1179169),
(2023,'Abril','Uganda',20300),
(2023,'Abril','Uruguai',152973945),
(2023,'Abril','Uzbequistão',342112),
(2023,'Abril','Venezuela',39094225),
(2023,'Abril','Vietnã',249398963),
(2023,'Abril','Virgens, Ilhas (Britânicas)',5544),
(2023,'Abril','África do Sul',36146701),
(2023,'Abril','Áustria',106344602),
(2023,'Abril','Índia',504368059),
(2023,'Março','Afeganistão',15260),
(2023,'Março','Aland, Ilhas',7739),
(2023,'Março','Albânia',145607),
(2023,'Março','Alemanha',1339637230),
(2023,'Março','Andorra',128),
(2023,'Março','Angola',16221080),
(2023,'Março','Anguilla',61050),
(2023,'Março','Antígua e Barbuda',1569),
(2023,'Março','Argentina',1184296032),
(2023,'Março','Argélia',117539543),
(2023,'Março','Armênia',32533),
(2023,'Março','Aruba',13123),
(2023,'Março','Arábia Saudita',231676489),
(2023,'Março','Austrália',222110834),
(2023,'Março','Bahamas',9109),
(2023,'Março','Bangladesh',24980532),
(2023,'Março','Barbados',24820),
(2023,'Março','Barein',6092654),
(2023,'Março','Belarus',34575240),
(2023,'Março','Benin',245),
(2023,'Março','Bermudas',156163),
(2023,'Março','Bolívia',131758083),
(2023,'Março','Bonaire, Saint Eustatius e Saba',569),
(2023,'Março','Botsuana',7216),
(2023,'Março','Brasil',24824491),
(2023,'Março','Brunei',15456971),
(2023,'Março','Bulgária',6236071),
(2023,'Março','Burkina Faso',1858),
(2023,'Março','Butão',81185),
(2023,'Março','Bélgica',437896695),
(2023,'Março','Bósnia-Herzegovina',799248),
(2023,'Março','Cabo Verde',22963),
(2023,'Março','Camarões',308142),
(2023,'Março','Camboja',4403136),
(2023,'Março','Canadá',339721744),
(2023,'Março','Catar',53635170),
(2023,'Março','Cayman, Ilhas',82669),
(2023,'Março','Cazaquistão',11302789),
(2023,'Março','Chade',51),
(2023,'Março','Chile',402875524),
(2023,'Março','China',4234731549),
(2023,'Março','Chipre',46493),
(2023,'Março','Colômbia',213818189),
(2023,'Março','Congo',72385990),
(2023,'Março','Coreia do Sul',600278584),
(2023,'Março','Costa Rica',13583329),
(2023,'Março','Costa do Marfim',28072870),
(2023,'Março','Coveite (Kuweit)',4693467),
(2023,'Março','Croácia',1243278),
(2023,'Março','Cuba',196068),
(2023,'Março','Curaçao',1734),
(2023,'Março','Dinamarca',115135557),
(2023,'Março','Dominica',2827),
(2023,'Março','Egito',45485081),
(2023,'Março','El Salvador',903471),
(2023,'Março','Emirados Árabes Unidos',38995601),
(2023,'Março','Equador',10909650),
(2023,'Março','Eritreia',18432),
(2023,'Março','Eslováquia',45140747),
(2023,'Março','Eslovênia',13127545),
(2023,'Março','Espanha',406933721),
(2023,'Março','Estados Unidos',3748098553),
(2023,'Março','Estônia',3996622),
(2023,'Março','Etiópia',1378),
(2023,'Março','Fiji',28200),
(2023,'Março','Filipinas',27012152),
(2023,'Março','Finlândia',91077762),
(2023,'Março','França',474500422),
(2023,'Março','Gabão',78372338),
(2023,'Março','Gana',314475),
(2023,'Março','Geórgia',239168),
(2023,'Março','Groenlândia',30841),
(2023,'Março','Grécia',4996431),
(2023,'Março','Guatemala',7871536),
(2023,'Março','Guiana',73724355),
(2023,'Março','Guiné',22),
(2023,'Março','Guiné-Bissau',104201),
(2023,'Março','Gâmbia',64),
(2023,'Março','Haiti',22169),
(2023,'Março','Honduras',1198636),
(2023,'Março','Hong Kong',61169035),
(2023,'Março','Hungria',58015199),
(2023,'Março','Indonésia',126483468),
(2023,'Março','Irlanda',64430357),
(2023,'Março','Irã',470999),
(2023,'Março','Islândia',1988130),
(2023,'Março','Israel',110528984),
(2023,'Março','Itália',518042212),
(2023,'Março','Iêmen',126),
(2023,'Março','Jamaica',25117),
(2023,'Março','Japão',453237478),
(2023,'Março','Jordânia',13551666),
(2023,'Março','Laos',212937),
(2023,'Março','Lesoto',690),
(2023,'Março','Letônia',2817652),
(2023,'Março','Libéria',61133),
(2023,'Março','Liechtenstein',1155451),
(2023,'Março','Lituânia',3744967),
(2023,'Março','Luxemburgo',5276155),
(2023,'Março','Líbano',527),
(2023,'Março','Macau',78709),
(2023,'Março','Macedônia',1225730),
(2023,'Março','Madagascar',144369),
(2023,'Março','Malavi',79377),
(2023,'Março','Maldivas',1022),
(2023,'Março','Malta',832844),
(2023,'Março','Malásia',120328555),
(2023,'Março','Marrocos',126685082),
(2023,'Março','Marshall, Ilhas',9742),
(2023,'Março','Maurício',190115),
(2023,'Março','Mianmar',1205137),
(2023,'Março','Moldávia',261491),
(2023,'Março','Mongólia',302480),
(2023,'Março','Montenegro',19),
(2023,'Março','Montserrat',2831),
(2023,'Março','México',556500001),
(2023,'Março','Mônaco',271771),
(2023,'Março','Namíbia',4432),
(2023,'Março','Nepal',28986),
(2023,'Março','Nicarágua',429498),
(2023,'Março','Nigéria',26865058),
(2023,'Março','Noruega',77199844),
(2023,'Março','Nova Caledônia',10703),
(2023,'Março','Nova Zelândia',7302103),
(2023,'Março','Níger',13272),
(2023,'Março','Omã',23640406),
(2023,'Março','Palau',32),
(2023,'Março','Panamá',1785428),
(2023,'Março','Paquistão',8915343),
(2023,'Março','Paraguai',237802001),
(2023,'Março','Países Baixos (Holanda)',352226608),
(2023,'Março','Peru',128966168),
(2023,'Março','Pitcairn',153),
(2023,'Março','Polinésia Francesa',5),
(2023,'Março','Polônia',80359840),
(2023,'Março','Porto Rico',40248596),
(2023,'Março','Portugal',118543797),
(2023,'Março','Quirguistão',64),
(2023,'Março','Quênia',955171),
(2023,'Março','Reino Unido',264074282),
(2023,'Março','República Dominicana',4080994),
(2023,'Março','Reunião',9),
(2023,'Março','Romênia',33914878),
(2023,'Março','Ruanda',989),
(2023,'Março','Rússia',750417412),
(2023,'Março','Salomão, Ilhas',2697),
(2023,'Março','Samoa',1376),
(2023,'Março','Samoa Americana',13770),
(2023,'Março','San Marino',891668),
(2023,'Março','Seicheles',11275),
(2023,'Março','Senegal',325116),
(2023,'Março','Serra Leoa',28066),
(2023,'Março','Singapura',140904310),
(2023,'Março','Sri Lanka',5483478),
(2023,'Março','Suazilândia',4004),
(2023,'Março','Suécia',193834539),
(2023,'Março','Suíça',232485065),
(2023,'Março','São Cristóvão e Névis',1361),
(2023,'Março','São Vicente e Granadinas',3172),
(2023,'Março','Sérvia',4966617),
(2023,'Março','Tadjiquistão',8554),
(2023,'Março','Tailândia',161941479),
(2023,'Março','Taiwan (Formosa)',208553877),
(2023,'Março','Tanzânia',227373),
(2023,'Março','Tcheca, República',62599519),
(2023,'Março','Território Britânico do Oceano Índico',5683),
(2023,'Março','Toquelau',60510),
(2023,'Março','Trinidad e Tobago',39654840),
(2023,'Março','Tunísia',4434588),
(2023,'Março','Turcomenistão',4641),
(2023,'Março','Turquia',103740391),
(2023,'Março','Ucrânia',1798654),
(2023,'Março','Uganda',19573),
(2023,'Março','Uruguai',226774833),
(2023,'Março','Uzbequistão',166125),
(2023,'Março','Venezuela',31628043),
(2023,'Março','Vietnã',269877015),
(2023,'Março','Virgens, Ilhas (Britânicas)',287608),
(2023,'Março','Zimbábue',1),
(2023,'Março','Zâmbia',125136),
(2023,'Março','África do Sul',56427120),
(2023,'Março','Áustria',120648482),
(2023,'Março','Índia',852267771),
(2023,'Fevereiro','Afeganistão',27190),
(2023,'Fevereiro','Aland, Ilhas',8327),
(2023,'Fevereiro','Albânia',1040950),
(2023,'Fevereiro','Alemanha',942641346),
(2023,'Fevereiro','Angola',152096266),
(2023,'Fevereiro','Anguilla',24505),
(2023,'Fevereiro','Argentina',943003437),
(2023,'Fevereiro','Argélia',206600817),
(2023,'Fevereiro','Armênia',32443),
(2023,'Fevereiro','Arábia Saudita',200701623),
(2023,'Fevereiro','Austrália',68046258),
(2023,'Fevereiro','Azerbaijão',5960),
(2023,'Fevereiro','Bangladesh',17064311),
(2023,'Fevereiro','Barbados',95173),
(2023,'Fevereiro','Barein',4263053),
(2023,'Fevereiro','Belarus',30574691),
(2023,'Fevereiro','Belize',8657),
(2023,'Fevereiro','Benin',20),
(2023,'Fevereiro','Bermudas',34231),
(2023,'Fevereiro','Bolívia',146575679),
(2023,'Fevereiro','Bonaire, Saint Eustatius e Saba',592),
(2023,'Fevereiro','Brasil',21402948),
(2023,'Fevereiro','Bulgária',4720867),
(2023,'Fevereiro','Butão',27018),
(2023,'Fevereiro','Bélgica',395566137),
(2023,'Fevereiro','Bósnia-Herzegovina',247648),
(2023,'Fevereiro','Cabo Verde',25372),
(2023,'Fevereiro','Camarões',33),
(2023,'Fevereiro','Camboja',6008964),
(2023,'Fevereiro','Canadá',188976040),
(2023,'Fevereiro','Catar',51765666),
(2023,'Fevereiro','Cayman, Ilhas',2940),
(2023,'Fevereiro','Cazaquistão',4382385),
(2023,'Fevereiro','Chile',354284253),
(2023,'Fevereiro','China',3706026899),
(2023,'Fevereiro','Chipre',177525),
(2023,'Fevereiro','Colômbia',118002711),
(2023,'Fevereiro','Comores',20995),
(2023,'Fevereiro','Congo, República Democrática',1454896),
(2023,'Fevereiro','Coreia do Sul',324060820),
(2023,'Fevereiro','Costa Rica',10654552),
(2023,'Fevereiro','Costa do Marfim',25376988),
(2023,'Fevereiro','Coveite (Kuweit)',9739443),
(2023,'Fevereiro','Croácia',791626),
(2023,'Fevereiro','Cuba',2547),
(2023,'Fevereiro','Curaçao',656),
(2023,'Fevereiro','Dinamarca',83047502),
(2023,'Fevereiro','Dominica',341),
(2023,'Fevereiro','Egito',31287913),
(2023,'Fevereiro','El Salvador',562881),
(2023,'Fevereiro','Emirados Árabes Unidos',195623121),
(2023,'Fevereiro','Equador',5484052),
(2023,'Fevereiro','Eslováquia',40018746),
(2023,'Fevereiro','Eslovênia',9433629),
(2023,'Fevereiro','Espanha',382138106),
(2023,'Fevereiro','Estados Unidos',2866156051),
(2023,'Fevereiro','Estônia',23433230),
(2023,'Fevereiro','Etiópia',10434),
(2023,'Fevereiro','Filipinas',23637715),
(2023,'Fevereiro','Finlândia',61669926),
(2023,'Fevereiro','França',329015675),
(2023,'Fevereiro','Gabão',5960),
(2023,'Fevereiro','Gana',9897530),
(2023,'Fevereiro','Geórgia',52963),
(2023,'Fevereiro','Granada',28),
(2023,'Fevereiro','Grécia',4445407),
(2023,'Fevereiro','Guatemala',3839894),
(2023,'Fevereiro','Guiana',157745115),
(2023,'Fevereiro','Gâmbia',28),
(2023,'Fevereiro','Haiti',396),
(2023,'Fevereiro','Honduras',1780961),
(2023,'Fevereiro','Hong Kong',57867475),
(2023,'Fevereiro','Hungria',58715532),
(2023,'Fevereiro','Indonésia',105684271),
(2023,'Fevereiro','Iraque',269582),
(2023,'Fevereiro','Irlanda',79190813),
(2023,'Fevereiro','Irã',174769),
(2023,'Fevereiro','Islândia',1693428),
(2023,'Fevereiro','Israel',89172387),
(2023,'Fevereiro','Itália',413641443),
(2023,'Fevereiro','Iêmen',474),
(2023,'Fevereiro','Jamaica',5174),
(2023,'Fevereiro','Japão',337844704),
(2023,'Fevereiro','Jordânia',17821539),
(2023,'Fevereiro','Laos',106249),
(2023,'Fevereiro','Letônia',1770780),
(2023,'Fevereiro','Liechtenstein',1061562),
(2023,'Fevereiro','Lituânia',2402032),
(2023,'Fevereiro','Luxemburgo',2716226),
(2023,'Fevereiro','Líbano',74042),
(2023,'Fevereiro','Macau',198206),
(2023,'Fevereiro','Macedônia',1419096),
(2023,'Fevereiro','Madagascar',112605),
(2023,'Fevereiro','Malta',802918),
(2023,'Fevereiro','Malásia',91151286),
(2023,'Fevereiro','Marrocos',121041563),
(2023,'Fevereiro','Maurício',53818),
(2023,'Fevereiro','Mianmar',747862),
(2023,'Fevereiro','Moldávia',84629),
(2023,'Fevereiro','Montenegro',1019),
(2023,'Fevereiro','Montserrat',551),
(2023,'Fevereiro','Moçambique',733315),
(2023,'Fevereiro','México',365413269),
(2023,'Fevereiro','Mônaco',644091),
(2023,'Fevereiro','Namíbia',107),
(2023,'Fevereiro','Nauru',1536),
(2023,'Fevereiro','Nepal',10713),
(2023,'Fevereiro','Nicarágua',605248),
(2023,'Fevereiro','Nigéria',49760692),
(2023,'Fevereiro','Noruega',60695309),
(2023,'Fevereiro','Nova Caledônia',6745),
(2023,'Fevereiro','Nova Zelândia',4999029),
(2023,'Fevereiro','Omã',24182005),
(2023,'Fevereiro','Pacífico, Ilhas do (EUA)',11624),
(2023,'Fevereiro','Palestina',357),
(2023,'Fevereiro','Panamá',1028441),
(2023,'Fevereiro','Papua Nova Guiné',9270),
(2023,'Fevereiro','Paquistão',8748688),
(2023,'Fevereiro','Paraguai',237901612),
(2023,'Fevereiro','Países Baixos (Holanda)',272909424),
(2023,'Fevereiro','Peru',105257158),
(2023,'Fevereiro','Polinésia Francesa',11869),
(2023,'Fevereiro','Polônia',62100107),
(2023,'Fevereiro','Porto Rico',40825915),
(2023,'Fevereiro','Portugal',94244930),
(2023,'Fevereiro','Quirguistão',1145),
(2023,'Fevereiro','Quênia',23207),
(2023,'Fevereiro','Reino Unido',198271580),
(2023,'Fevereiro','República Centro-Africana',95),
(2023,'Fevereiro','República Dominicana',1759704),
(2023,'Fevereiro','Reunião',3),
(2023,'Fevereiro','Romênia',23039638),
(2023,'Fevereiro','Rússia',550393832),
(2023,'Fevereiro','Samoa',14413),
(2023,'Fevereiro','Samoa Americana',33908),
(2023,'Fevereiro','San Marino',962318),
(2023,'Fevereiro','Seicheles',156),
(2023,'Fevereiro','Senegal',124017),
(2023,'Fevereiro','Serra Leoa',22707),
(2023,'Fevereiro','Singapura',52935246),
(2023,'Fevereiro','Sri Lanka',4607307),
(2023,'Fevereiro','Suazilândia',83),
(2023,'Fevereiro','Suécia',127083338),
(2023,'Fevereiro','Suíça',229647380),
(2023,'Fevereiro','São Cristóvão e Névis',5505),
(2023,'Fevereiro','Sérvia',5183956),
(2023,'Fevereiro','Tadjiquistão',35058),
(2023,'Fevereiro','Tailândia',148066394),
(2023,'Fevereiro','Taiwan (Formosa)',166988557),
(2023,'Fevereiro','Tanzânia',968),
(2023,'Fevereiro','Tcheca, República',60247667),
(2023,'Fevereiro','Togo',28478341),
(2023,'Fevereiro','Toquelau',40420),
(2023,'Fevereiro','Trinidad e Tobago',31308970),
(2023,'Fevereiro','Tunísia',3044994),
(2023,'Fevereiro','Turcomenistão',109437),
(2023,'Fevereiro','Turquia',88121296),
(2023,'Fevereiro','Ucrânia',906611),
(2023,'Fevereiro','Uganda',432),
(2023,'Fevereiro','Uruguai',129449562),
(2023,'Fevereiro','Uzbequistão',13181150),
(2023,'Fevereiro','Venezuela',39624779),
(2023,'Fevereiro','Vietnã',218138164),
(2023,'Fevereiro','Virgens, Ilhas (Americanas)',4048),
(2023,'Fevereiro','Virgens, Ilhas (Britânicas)',83177),
(2023,'Fevereiro','Zimbábue',0),
(2023,'Fevereiro','África do Sul',47095831),
(2023,'Fevereiro','Áustria',104412913),
(2023,'Fevereiro','Índia',514606582),
(2023,'Janeiro','Afeganistão',37735),
(2023,'Janeiro','Aland, Ilhas',32023),
(2023,'Janeiro','Albânia',1041065),
(2023,'Janeiro','Alemanha',1132289454),
(2023,'Janeiro','Andorra',6),
(2023,'Janeiro','Angola',90581472),
(2023,'Janeiro','Anguilla',34560),
(2023,'Janeiro','Argentina',822461874),
(2023,'Janeiro','Argélia',397185244),
(2023,'Janeiro','Arábia Saudita',259910609),
(2023,'Janeiro','Austrália',184028552),
(2023,'Janeiro','Bangladesh',19312817),
(2023,'Janeiro','Barbados',57906),
(2023,'Janeiro','Barein',90371730),
(2023,'Janeiro','Belarus',25912697),
(2023,'Janeiro','Belize',14186),
(2023,'Janeiro','Benin',31),
(2023,'Janeiro','Bermudas',34205),
(2023,'Janeiro','Bolívia',157346193),
(2023,'Janeiro','Brasil',22289163),
(2023,'Janeiro','Brunei',8),
(2023,'Janeiro','Bulgária',4626455),
(2023,'Janeiro','Butão',39032),
(2023,'Janeiro','Bélgica',524158264),
(2023,'Janeiro','Bósnia-Herzegovina',688333),
(2023,'Janeiro','Camarões',80624),
(2023,'Janeiro','Camboja',6712995),
(2023,'Janeiro','Canadá',206427836),
(2023,'Janeiro','Catar',73523501),
(2023,'Janeiro','Cayman, Ilhas',365243),
(2023,'Janeiro','Cazaquistão',14057076),
(2023,'Janeiro','Chile',334771254),
(2023,'Janeiro','China',4594339309),
(2023,'Janeiro','Chipre',112908),
(2023,'Janeiro','Christmas (Navidad), Ilha',3371),
(2023,'Janeiro','Cocos (Keeling), Ilhas',80176),
(2023,'Janeiro','Colômbia',201705707),
(2023,'Janeiro','Comores',28624),
(2023,'Janeiro','Congo',71946915),
(2023,'Janeiro','Congo, República Democrática',2339935),
(2023,'Janeiro','Coreia do Sul',401386072),
(2023,'Janeiro','Costa Rica',11692669),
(2023,'Janeiro','Costa do Marfim',43410850),
(2023,'Janeiro','Coveite (Kuweit)',73963021),
(2023,'Janeiro','Croácia',1273149),
(2023,'Janeiro','Cuba',110664),
(2023,'Janeiro','Curaçao',38852),
(2023,'Janeiro','Dinamarca',119642445),
(2023,'Janeiro','Egito',20167836),
(2023,'Janeiro','El Salvador',930203),
(2023,'Janeiro','Emirados Árabes Unidos',122370983),
(2023,'Janeiro','Equador',7950998),
(2023,'Janeiro','Eslováquia',28330691),
(2023,'Janeiro','Eslovênia',10747539),
(2023,'Janeiro','Espanha',291076744),
(2023,'Janeiro','Estados Unidos',3131187206),
(2023,'Janeiro','Estônia',3744299),
(2023,'Janeiro','Etiópia',1635),
(2023,'Janeiro','Filipinas',28063770),
(2023,'Janeiro','Finlândia',69666942),
(2023,'Janeiro','França',437190153),
(2023,'Janeiro','Gana',1707108),
(2023,'Janeiro','Geórgia',136014),
(2023,'Janeiro','Grécia',5808102),
(2023,'Janeiro','Guatemala',6312549),
(2023,'Janeiro','Guiana',156339765),
(2023,'Janeiro','Guiana Francesa',152),
(2023,'Janeiro','Guiné',3065),
(2023,'Janeiro','Guiné Equatorial',243),
(2023,'Janeiro','Haiti',75685),
(2023,'Janeiro','Honduras',1979258),
(2023,'Janeiro','Hong Kong',70998669),
(2023,'Janeiro','Hungria',45154713),
(2023,'Janeiro','Indonésia',125391296),
(2023,'Janeiro','Iraque',4779),
(2023,'Janeiro','Irlanda',61543341),
(2023,'Janeiro','Irã',59165),
(2023,'Janeiro','Islândia',1736917),
(2023,'Janeiro','Israel',99588563),
(2023,'Janeiro','Itália',505702240),
(2023,'Janeiro','Iêmen',1330),
(2023,'Janeiro','Jamaica',19974),
(2023,'Janeiro','Japão',443786502),
(2023,'Janeiro','Jersey',118),
(2023,'Janeiro','Jordânia',6876624),
(2023,'Janeiro','Laos',277934),
(2023,'Janeiro','Letônia',2173782),
(2023,'Janeiro','Libéria',61814),
(2023,'Janeiro','Liechtenstein',1461184),
(2023,'Janeiro','Lituânia',4323690),
(2023,'Janeiro','Luxemburgo',4340210),
(2023,'Janeiro','Líbano',128590),
(2023,'Janeiro','Líbia',81325),
(2023,'Janeiro','Macau',1552341),
(2023,'Janeiro','Macedônia',2144223),
(2023,'Janeiro','Madagascar',502762),
(2023,'Janeiro','Malavi',60678),
(2023,'Janeiro','Malta',2574443),
(2023,'Janeiro','Malásia',133123516),
(2023,'Janeiro','Marrocos',86089117),
(2023,'Janeiro','Maurício',30220),
(2023,'Janeiro','Mianmar',1822506),
(2023,'Janeiro','Moldávia',203555),
(2023,'Janeiro','Mongólia',167403),
(2023,'Janeiro','Montenegro',100),
(2023,'Janeiro','Montserrat',14576),
(2023,'Janeiro','Moçambique',1029306),
(2023,'Janeiro','México',498128431),
(2023,'Janeiro','Mônaco',136197),
(2023,'Janeiro','Namíbia',4827),
(2023,'Janeiro','Nepal',4856),
(2023,'Janeiro','Nicarágua',233570),
(2023,'Janeiro','Nigéria',140873141),
(2023,'Janeiro','Niue',47),
(2023,'Janeiro','Noruega',54543686),
(2023,'Janeiro','Nova Caledônia',2081),
(2023,'Janeiro','Nova Zelândia',9953427),
(2023,'Janeiro','Níger',1402),
(2023,'Janeiro','Omã',96449851),
(2023,'Janeiro','Pacífico, Ilhas do (EUA)',243919),
(2023,'Janeiro','Panamá',938018),
(2023,'Janeiro','Paquistão',11061366),
(2023,'Janeiro','Paraguai',224837512),
(2023,'Janeiro','Países Baixos (Holanda)',250007259),
(2023,'Janeiro','Peru',141437240),
(2023,'Janeiro','Polônia',82795024),
(2023,'Janeiro','Porto Rico',22264611),
(2023,'Janeiro','Portugal',76617923),
(2023,'Janeiro','Quirguistão',60692),
(2023,'Janeiro','Quênia',258678),
(2023,'Janeiro','Reino Unido',210732972),
(2023,'Janeiro','República Dominicana',2353045),
(2023,'Janeiro','Romênia',27212931),
(2023,'Janeiro','Ruanda',375),
(2023,'Janeiro','Rússia',486575251),
(2023,'Janeiro','Salomão, Ilhas',6427),
(2023,'Janeiro','Samoa',152762),
(2023,'Janeiro','Samoa Americana',19530),
(2023,'Janeiro','San Marino',2510453),
(2023,'Janeiro','Seicheles',32521),
(2023,'Janeiro','Senegal',109434),
(2023,'Janeiro','Serra Leoa',2182),
(2023,'Janeiro','Singapura',54410527),
(2023,'Janeiro','Sri Lanka',7305530),
(2023,'Janeiro','Suazilândia',1724),
(2023,'Janeiro','Suécia',143669053),
(2023,'Janeiro','Suíça',232131991),
(2023,'Janeiro','São Cristóvão e Névis',1597),
(2023,'Janeiro','Sérvia',3554255),
(2023,'Janeiro','Tailândia',170495783),
(2023,'Janeiro','Taiwan (Formosa)',235817514),
(2023,'Janeiro','Tanzânia',443661),
(2023,'Janeiro','Tcheca, República',60025540),
(2023,'Janeiro','Timor Leste',12296),
(2023,'Janeiro','Togo',17725917),
(2023,'Janeiro','Toquelau',155447),
(2023,'Janeiro','Trinidad e Tobago',42089692),
(2023,'Janeiro','Tunísia',4681894),
(2023,'Janeiro','Turcas e Caicos, Ilhas',5019),
(2023,'Janeiro','Turcomenistão',109162),
(2023,'Janeiro','Turquia',116872439),
(2023,'Janeiro','Ucrânia',1190085),
(2023,'Janeiro','Uganda',350),
(2023,'Janeiro','Uruguai',175354355),
(2023,'Janeiro','Uzbequistão',211908),
(2023,'Janeiro','Venezuela',35669808),
(2023,'Janeiro','Vietnã',258422333),
(2023,'Janeiro','Virgens, Ilhas (Britânicas)',345256),
(2023,'Janeiro','Zâmbia',411637),
(2023,'Janeiro','África do Sul',86400450),
(2023,'Janeiro','Áustria',146738690),
(2023,'Janeiro','Índia',559068084),
(2022,'Dezembro','Afeganistão',21392),
(2022,'Dezembro','Aland, Ilhas',59768),
(2022,'Dezembro','Albânia',51807),
(2022,'Dezembro','Alemanha',1086205973),
(2022,'Dezembro','Andorra',335),
(2022,'Dezembro','Angola',177248943),
(2022,'Dezembro','Anguilla',18411),
(2022,'Dezembro','Argentina',981309696),
(2022,'Dezembro','Argélia',284199334),
(2022,'Dezembro','Armênia',55859),
(2022,'Dezembro','Arábia Saudita',155501550),
(2022,'Dezembro','Austrália',198306980),
(2022,'Dezembro','Bancos Centrais',3612),
(2022,'Dezembro','Bangladesh',15263205),
(2022,'Dezembro','Barbados',61699),
(2022,'Dezembro','Barein',12621940),
(2022,'Dezembro','Belarus',18077009),
(2022,'Dezembro','Belize',3319),
(2022,'Dezembro','Benin',94),
(2022,'Dezembro','Bermudas',222495),
(2022,'Dezembro','Bolívia',165117172),
(2022,'Dezembro','Brasil',20684162),
(2022,'Dezembro','Brunei',20372977),
(2022,'Dezembro','Bulgária',4647709),
(2022,'Dezembro','Butão',26136),
(2022,'Dezembro','Bélgica',458263030),
(2022,'Dezembro','Bósnia-Herzegovina',279062),
(2022,'Dezembro','Camarões',123761),
(2022,'Dezembro','Camboja',7598620),
(2022,'Dezembro','Canadá',254840280),
(2022,'Dezembro','Catar',68380739),
(2022,'Dezembro','Cayman, Ilhas',178087),
(2022,'Dezembro','Cazaquistão',5434062),
(2022,'Dezembro','Chile',298495531),
(2022,'Dezembro','China',4723530721),
(2022,'Dezembro','Chipre',394441),
(2022,'Dezembro','Colômbia',157866202),
(2022,'Dezembro','Comores',572),
(2022,'Dezembro','Congo, República Democrática',860352),
(2022,'Dezembro','Coreia do Norte',49),
(2022,'Dezembro','Coreia do Sul',352111896),
(2022,'Dezembro','Costa Rica',12611529),
(2022,'Dezembro','Costa do Marfim',2450591),
(2022,'Dezembro','Coveite (Kuweit)',20102337),
(2022,'Dezembro','Croácia',1083630),
(2022,'Dezembro','Cuba',382926),
(2022,'Dezembro','Curaçao',8771),
(2022,'Dezembro','Dinamarca',75269906),
(2022,'Dezembro','Egito',26907553),
(2022,'Dezembro','El Salvador',764339),
(2022,'Dezembro','Emirados Árabes Unidos',273466770),
(2022,'Dezembro','Equador',5576703),
(2022,'Dezembro','Eslováquia',20233741),
(2022,'Dezembro','Eslovênia',8911654),
(2022,'Dezembro','Espanha',357361267),
(2022,'Dezembro','Estados Unidos',3837500158),
(2022,'Dezembro','Estônia',3266919),
(2022,'Dezembro','Etiópia',26981),
(2022,'Dezembro','Filipinas',26226568),
(2022,'Dezembro','Finlândia',42427225),
(2022,'Dezembro','França',401999365),
(2022,'Dezembro','Gana',879855),
(2022,'Dezembro','Geórgia',254381),
(2022,'Dezembro','Geórgia do Sul e Sandwich do Sul, Ilhas',2797),
(2022,'Dezembro','Granada',126),
(2022,'Dezembro','Grécia',3967776),
(2022,'Dezembro','Guatemala',5847528),
(2022,'Dezembro','Guernsey',17989),
(2022,'Dezembro','Guiana',165623148),
(2022,'Dezembro','Guiana Francesa',814),
(2022,'Dezembro','Gâmbia',4410),
(2022,'Dezembro','Haiti',127),
(2022,'Dezembro','Honduras',1953888),
(2022,'Dezembro','Hong Kong',54811173),
(2022,'Dezembro','Hungria',37981614),
(2022,'Dezembro','Indonésia',123081826),
(2022,'Dezembro','Irlanda',86845468),
(2022,'Dezembro','Irã',258389),
(2022,'Dezembro','Islândia',1326731),
(2022,'Dezembro','Israel',106173145),
(2022,'Dezembro','Itália',416833891),
(2022,'Dezembro','Iêmen',8),
(2022,'Dezembro','Jamaica',21827),
(2022,'Dezembro','Japão',403715453),
(2022,'Dezembro','Jordânia',3603598),
(2022,'Dezembro','Laos',383785),
(2022,'Dezembro','Lesoto',1335),
(2022,'Dezembro','Letônia',32754067),
(2022,'Dezembro','Liechtenstein',324439),
(2022,'Dezembro','Lituânia',3292058),
(2022,'Dezembro','Luxemburgo',6938549),
(2022,'Dezembro','Líbano',216876),
(2022,'Dezembro','Macau',907167),
(2022,'Dezembro','Macedônia',1250472),
(2022,'Dezembro','Madagascar',803726),
(2022,'Dezembro','Malavi',174689),
(2022,'Dezembro','Malta',575666),
(2022,'Dezembro','Malásia',115521210),
(2022,'Dezembro','Marrocos',30989412),
(2022,'Dezembro','Maurício',44341),
(2022,'Dezembro','Mianmar',1872575),
(2022,'Dezembro','Moldávia',274534),
(2022,'Dezembro','Mongólia',28490),
(2022,'Dezembro','Montenegro',1178),
(2022,'Dezembro','Montserrat',3214),
(2022,'Dezembro','Moçambique',1251298),
(2022,'Dezembro','México',446434353),
(2022,'Dezembro','Mônaco',1121862),
(2022,'Dezembro','Namíbia',701),
(2022,'Dezembro','Nepal',170209),
(2022,'Dezembro','Nicarágua',489072),
(2022,'Dezembro','Nigéria',386712077),
(2022,'Dezembro','Niue',62),
(2022,'Dezembro','Noruega',79866596),
(2022,'Dezembro','Nova Caledônia',827),
(2022,'Dezembro','Nova Zelândia',7021675),
(2022,'Dezembro','Níger',16),
(2022,'Dezembro','Omã',112824451),
(2022,'Dezembro','Pacífico, Ilhas do (EUA)',216350),
(2022,'Dezembro','Palestina',46900),
(2022,'Dezembro','Panamá',1362734),
(2022,'Dezembro','Paquistão',8897332),
(2022,'Dezembro','Paraguai',290092783),
(2022,'Dezembro','Países Baixos (Holanda)',384344170),
(2022,'Dezembro','Peru',91733413),
(2022,'Dezembro','Pitcairn',92),
(2022,'Dezembro','Polinésia Francesa',9384),
(2022,'Dezembro','Polônia',73592978),
(2022,'Dezembro','Porto Rico',35868607),
(2022,'Dezembro','Portugal',90448571),
(2022,'Dezembro','Quirguistão',1556),
(2022,'Dezembro','Quênia',91473),
(2022,'Dezembro','Reino Unido',256055373),
(2022,'Dezembro','República Dominicana',2331591),
(2022,'Dezembro','Reunião',4),
(2022,'Dezembro','Romênia',22742688),
(2022,'Dezembro','Rússia',737015113),
(2022,'Dezembro','Salomão, Ilhas',3677),
(2022,'Dezembro','Samoa',45051),
(2022,'Dezembro','Samoa Americana',16584),
(2022,'Dezembro','San Marino',1069950),
(2022,'Dezembro','Seicheles',192248),
(2022,'Dezembro','Senegal',59597),
(2022,'Dezembro','Serra Leoa',28849),
(2022,'Dezembro','Singapura',108675001),
(2022,'Dezembro','Somália',1805),
(2022,'Dezembro','Sri Lanka',6390502),
(2022,'Dezembro','Suazilândia',1736),
(2022,'Dezembro','Suriname',60),
(2022,'Dezembro','Suécia',141181518),
(2022,'Dezembro','Suíça',174089522),
(2022,'Dezembro','São Cristóvão e Névis',11024),
(2022,'Dezembro','Sérvia',11189931),
(2022,'Dezembro','Síria',5187),
(2022,'Dezembro','Tadjiquistão',129488),
(2022,'Dezembro','Tailândia',171670487),
(2022,'Dezembro','Taiwan (Formosa)',182435233),
(2022,'Dezembro','Tanzânia',2886),
(2022,'Dezembro','Tcheca, República',64398538),
(2022,'Dezembro','Togo',82885444),
(2022,'Dezembro','Toquelau',214583),
(2022,'Dezembro','Trinidad e Tobago',51748204),
(2022,'Dezembro','Tunísia',3566769),
(2022,'Dezembro','Turquia',115445240),
(2022,'Dezembro','Ucrânia',2567674),
(2022,'Dezembro','Uruguai',144168773),
(2022,'Dezembro','Uzbequistão',109809),
(2022,'Dezembro','Venezuela',36926435),
(2022,'Dezembro','Vietnã',208983318),
(2022,'Dezembro','Virgens, Ilhas (Britânicas)',70276),
(2022,'Dezembro','Zâmbia',52),
(2022,'Dezembro','África do Sul',49323594),
(2022,'Dezembro','Áustria',134990885),
(2022,'Dezembro','Índia',891116745),
(2022,'Novembro','Afeganistão',86503),
(2022,'Novembro','Aland, Ilhas',155875),
(2022,'Novembro','Albânia',86980),
(2022,'Novembro','Alemanha',1059306767),
(2022,'Novembro','Andorra',1908),
(2022,'Novembro','Angola',99670105),
(2022,'Novembro','Anguilla',13903),
(2022,'Novembro','Argentina',1245474042),
(2022,'Novembro','Argélia',119575674),
(2022,'Novembro','Armênia',3360),
(2022,'Novembro','Arábia Saudita',499445539),
(2022,'Novembro','Austrália',192887721),
(2022,'Novembro','Azerbaijão',222912),
(2022,'Novembro','Bancos Centrais',908),
(2022,'Novembro','Bangladesh',10447629),
(2022,'Novembro','Barbados',62946),
(2022,'Novembro','Barein',3685484),
(2022,'Novembro','Belarus',280732),
(2022,'Novembro','Belize',187),
(2022,'Novembro','Bermudas',12493),
(2022,'Novembro','Bolívia',137713290),
(2022,'Novembro','Bonaire, Saint Eustatius e Saba',1120),
(2022,'Novembro','Brasil',21220747),
(2022,'Novembro','Brunei',6),
(2022,'Novembro','Bulgária',6587035),
(2022,'Novembro','Butão',28507),
(2022,'Novembro','Bélgica',313853846),
(2022,'Novembro','Bósnia-Herzegovina',591820),
(2022,'Novembro','Camarões',33317),
(2022,'Novembro','Camboja',5072280),
(2022,'Novembro','Canadá',207289369),
(2022,'Novembro','Catar',136997683),
(2022,'Novembro','Cayman, Ilhas',3856),
(2022,'Novembro','Cazaquistão',21115711),
(2022,'Novembro','Chile',342760192),
(2022,'Novembro','China',4997555572),
(2022,'Novembro','Chipre',212705),
(2022,'Novembro','Christmas (Navidad), Ilha',8145),
(2022,'Novembro','Cocos (Keeling), Ilhas',8119),
(2022,'Novembro','Colômbia',137343746),
(2022,'Novembro','Comores',23224),
(2022,'Novembro','Congo',47245586),
(2022,'Novembro','Congo, República Democrática',1966018),
(2022,'Novembro','Coreia do Norte',1200),
(2022,'Novembro','Coreia do Sul',378376540),
(2022,'Novembro','Costa Rica',15557231),
(2022,'Novembro','Costa do Marfim',7927315),
(2022,'Novembro','Coveite (Kuweit)',65782182),
(2022,'Novembro','Croácia',1280334),
(2022,'Novembro','Cuba',602947),
(2022,'Novembro','Curaçao',11973),
(2022,'Novembro','Dinamarca',94308589),
(2022,'Novembro','Djibuti',492),
(2022,'Novembro','Dominica',105),
(2022,'Novembro','Egito',14276025),
(2022,'Novembro','El Salvador',961852),
(2022,'Novembro','Emirados Árabes Unidos',19961863),
(2022,'Novembro','Equador',13747731),
(2022,'Novembro','Eritreia',3420),
(2022,'Novembro','Eslováquia',43106269),
(2022,'Novembro','Eslovênia',8854333),
(2022,'Novembro','Espanha',263044907),
(2022,'Novembro','Estados Unidos',3595327461),
(2022,'Novembro','Estônia',3591138),
(2022,'Novembro','Etiópia',6497),
(2022,'Novembro','Faroe, Ilhas',96),
(2022,'Novembro','Filipinas',25826818),
(2022,'Novembro','Finlândia',98720835),
(2022,'Novembro','França',429507331),
(2022,'Novembro','Gana',441291),
(2022,'Novembro','Geórgia',46746),
(2022,'Novembro','Groenlândia',224),
(2022,'Novembro','Grécia',4719580),
(2022,'Novembro','Guatemala',6056390),
(2022,'Novembro','Guiné',12),
(2022,'Novembro','Guiné Equatorial',373),
(2022,'Novembro','Gâmbia',67),
(2022,'Novembro','Haiti',9984),
(2022,'Novembro','Honduras',2543525),
(2022,'Novembro','Hong Kong',61341738),
(2022,'Novembro','Hungria',49847439),
(2022,'Novembro','Indonésia',161906067),
(2022,'Novembro','Iraque',102705),
(2022,'Novembro','Irlanda',81943266),
(2022,'Novembro','Irã',206966),
(2022,'Novembro','Islândia',2851140),
(2022,'Novembro','Israel',128922039),
(2022,'Novembro','Itália',491994008),
(2022,'Novembro','Jamaica',7225),
(2022,'Novembro','Japão',423526551),
(2022,'Novembro','Jersey',3375),
(2022,'Novembro','Jordânia',26602986),
(2022,'Novembro','Laos',328135),
(2022,'Novembro','Lesoto',653),
(2022,'Novembro','Letônia',2391996),
(2022,'Novembro','Liechtenstein',878802),
(2022,'Novembro','Lituânia',12574487),
(2022,'Novembro','Luxemburgo',4430804),
(2022,'Novembro','Líbano',447455),
(2022,'Novembro','Macau',241929),
(2022,'Novembro','Macedônia',794250),
(2022,'Novembro','Madagascar',129294),
(2022,'Novembro','Malavi',22478),
(2022,'Novembro','Mali',298112),
(2022,'Novembro','Malta',1627452),
(2022,'Novembro','Malásia',155134809),
(2022,'Novembro','Marrocos',33911726),
(2022,'Novembro','Marshall, Ilhas',21315),
(2022,'Novembro','Maurício',27411),
(2022,'Novembro','Mianmar',895738),
(2022,'Novembro','Moldávia',369409),
(2022,'Novembro','Mongólia',135990),
(2022,'Novembro','Montenegro',9203),
(2022,'Novembro','Montserrat',133),
(2022,'Novembro','México',544503342),
(2022,'Novembro','Mônaco',861684),
(2022,'Novembro','Namíbia',147),
(2022,'Novembro','Nepal',10897),
(2022,'Novembro','Nicarágua',657241),
(2022,'Novembro','Nigéria',284871282),
(2022,'Novembro','Noruega',127478153),
(2022,'Novembro','Nova Caledônia',27),
(2022,'Novembro','Nova Zelândia',4034423),
(2022,'Novembro','Omã',95609417),
(2022,'Novembro','Palestina',70),
(2022,'Novembro','Panamá',1058891),
(2022,'Novembro','Papua Nova Guiné',22772),
(2022,'Novembro','Paquistão',7410155),
(2022,'Novembro','Paraguai',302624497),
(2022,'Novembro','Países Baixos (Holanda)',224496481),
(2022,'Novembro','Peru',124051136),
(2022,'Novembro','Polônia',71915504),
(2022,'Novembro','Porto Rico',23533182),
(2022,'Novembro','Portugal',108911672),
(2022,'Novembro','Quirguistão',491),
(2022,'Novembro','Quênia',272282),
(2022,'Novembro','Reino Unido',283835744),
(2022,'Novembro','República Dominicana',2912192),
(2022,'Novembro','Romênia',30661619),
(2022,'Novembro','Rússia',420246128),
(2022,'Novembro','Salomão, Ilhas',9797),
(2022,'Novembro','Samoa',60958),
(2022,'Novembro','Samoa Americana',7743),
(2022,'Novembro','San Marino',1739220),
(2022,'Novembro','Seicheles',46102),
(2022,'Novembro','Senegal',195313),
(2022,'Novembro','Serra Leoa',27358),
(2022,'Novembro','Singapura',74669339),
(2022,'Novembro','Sri Lanka',5284690),
(2022,'Novembro','Suazilândia',1665),
(2022,'Novembro','Sudão do Sul',373),
(2022,'Novembro','Suécia',178091419),
(2022,'Novembro','Suíça',221354556),
(2022,'Novembro','São Cristóvão e Névis',639),
(2022,'Novembro','Sérvia',5505631),
(2022,'Novembro','Síria',12154),
(2022,'Novembro','Tadjiquistão',229457),
(2022,'Novembro','Tailândia',191662457),
(2022,'Novembro','Taiwan (Formosa)',226170912),
(2022,'Novembro','Tanzânia',327229),
(2022,'Novembro','Tcheca, República',57715812),
(2022,'Novembro','Toquelau',122086),
(2022,'Novembro','Trinidad e Tobago',30364647),
(2022,'Novembro','Tunísia',5744448),
(2022,'Novembro','Turquia',129865522),
(2022,'Novembro','Ucrânia',2765207),
(2022,'Novembro','Uganda',1328),
(2022,'Novembro','Uruguai',169233446),
(2022,'Novembro','Uzbequistão',84100),
(2022,'Novembro','Vanuatu',2551),
(2022,'Novembro','Venezuela',39377501),
(2022,'Novembro','Vietnã',262837807),
(2022,'Novembro','Virgens, Ilhas (Britânicas)',150000),
(2022,'Novembro','Zimbábue',23090),
(2022,'Novembro','Zâmbia',72118),
(2022,'Novembro','África do Sul',51153310),
(2022,'Novembro','Áustria',109657361),
(2022,'Novembro','Índia',679854810),
(2022,'Outubro','Afeganistão',12862),
(2022,'Outubro','Aland, Ilhas',122451),
(2022,'Outubro','Albânia',80149),
(2022,'Outubro','Alemanha',1181446101),
(2022,'Outubro','Andorra',461),
(2022,'Outubro','Angola',98199383),
(2022,'Outubro','Anguilla',87688),
(2022,'Outubro','Argentina',1168683359),
(2022,'Outubro','Argélia',99541515),
(2022,'Outubro','Armênia',26442),
(2022,'Outubro','Arábia Saudita',509115235),
(2022,'Outubro','Austrália',118467014),
(2022,'Outubro','Azerbaijão',150972),
(2022,'Outubro','Bancos Centrais',94),
(2022,'Outubro','Bangladesh',15390804),
(2022,'Outubro','Barein',4736878),
(2022,'Outubro','Belarus',16313999),
(2022,'Outubro','Belize',7696),
(2022,'Outubro','Bolívia',113434247),
(2022,'Outubro','Bonaire, Saint Eustatius e Saba',165),
(2022,'Outubro','Botsuana',7866),
(2022,'Outubro','Brasil',21341049),
(2022,'Outubro','Bulgária',5666560),
(2022,'Outubro','Butão',70444),
(2022,'Outubro','Bélgica',270825399),
(2022,'Outubro','Bósnia-Herzegovina',423516),
(2022,'Outubro','Camarões',608192),
(2022,'Outubro','Camboja',4539842),
(2022,'Outubro','Canadá',423048262),
(2022,'Outubro','Catar',148539388),
(2022,'Outubro','Cayman, Ilhas',362300),
(2022,'Outubro','Cazaquistão',2440736),
(2022,'Outubro','Chile',368282531),
(2022,'Outubro','China',5474808931),
(2022,'Outubro','Chipre',299729),
(2022,'Outubro','Cocos (Keeling), Ilhas',23052),
(2022,'Outubro','Colômbia',192704158),
(2022,'Outubro','Comores',21085),
(2022,'Outubro','Congo',43739102),
(2022,'Outubro','Congo, República Democrática',1289942),
(2022,'Outubro','Coreia do Sul',439916781),
(2022,'Outubro','Costa Rica',10487514),
(2022,'Outubro','Costa do Marfim',9885134),
(2022,'Outubro','Coveite (Kuweit)',69330717),
(2022,'Outubro','Croácia',1612560),
(2022,'Outubro','Cuba',76160),
(2022,'Outubro','Curaçao',20048),
(2022,'Outubro','Dinamarca',65790895),
(2022,'Outubro','Djibuti',305),
(2022,'Outubro','Dominica',114),
(2022,'Outubro','Egito',51036317),
(2022,'Outubro','El Salvador',890465),
(2022,'Outubro','Emirados Árabes Unidos',280991896),
(2022,'Outubro','Equador',9304932),
(2022,'Outubro','Eritreia',7014),
(2022,'Outubro','Eslováquia',24801201),
(2022,'Outubro','Eslovênia',10111111),
(2022,'Outubro','Espanha',300893689),
(2022,'Outubro','Estados Unidos',4543698138),
(2022,'Outubro','Estônia',3919446),
(2022,'Outubro','Etiópia',76249),
(2022,'Outubro','Fiji',47001),
(2022,'Outubro','Filipinas',27338754),
(2022,'Outubro','Finlândia',49534140),
(2022,'Outubro','França',391703336),
(2022,'Outubro','Gana',1569710),
(2022,'Outubro','Geórgia',159228),
(2022,'Outubro','Geórgia do Sul e Sandwich do Sul, Ilhas',3721),
(2022,'Outubro','Grécia',1665550),
(2022,'Outubro','Guatemala',3229417),
(2022,'Outubro','Guiana',202934),
(2022,'Outubro','Guiné',59),
(2022,'Outubro','Gâmbia',134),
(2022,'Outubro','Haiti',33231),
(2022,'Outubro','Honduras',1894633),
(2022,'Outubro','Hong Kong',67938488),
(2022,'Outubro','Hungria',37776624),
(2022,'Outubro','Indonésia',174247495),
(2022,'Outubro','Iraque',453495),
(2022,'Outubro','Irlanda',48846189),
(2022,'Outubro','Irã',464128),
(2022,'Outubro','Islândia',352025),
(2022,'Outubro','Israel',168866393),
(2022,'Outubro','Itália',427062423),
(2022,'Outubro','Iêmen',753),
(2022,'Outubro','Jamaica',4567),
(2022,'Outubro','Japão',380234932),
(2022,'Outubro','Jersey',37),
(2022,'Outubro','Jordânia',4002583),
(2022,'Outubro','Laos',191533),
(2022,'Outubro','Lesoto',223),
(2022,'Outubro','Letônia',2560220),
(2022,'Outubro','Libéria',5025),
(2022,'Outubro','Liechtenstein',930745),
(2022,'Outubro','Lituânia',4824425),
(2022,'Outubro','Luxemburgo',4246258),
(2022,'Outubro','Líbano',209977),
(2022,'Outubro','Macau',966763),
(2022,'Outubro','Macedônia',2224950),
(2022,'Outubro','Madagascar',145362),
(2022,'Outubro','Malavi',176780),
(2022,'Outubro','Malta',1431290),
(2022,'Outubro','Malásia',126964378),
(2022,'Outubro','Marrocos',101433117),
(2022,'Outubro','Martinica',406),
(2022,'Outubro','Maurício',67449),
(2022,'Outubro','Mianmar',1157119),
(2022,'Outubro','Moldávia',339532),
(2022,'Outubro','Montenegro',9),
(2022,'Outubro','Moçambique',76105),
(2022,'Outubro','México',516323689),
(2022,'Outubro','Mônaco',302965),
(2022,'Outubro','Namíbia',410),
(2022,'Outubro','Nepal',3707),
(2022,'Outubro','Nicarágua',406719),
(2022,'Outubro','Nigéria',161260100),
(2022,'Outubro','Niue',2006),
(2022,'Outubro','Noruega',75285658),
(2022,'Outubro','Nova Caledônia',22176),
(2022,'Outubro','Nova Zelândia',4711888),
(2022,'Outubro','Omã',115247009),
(2022,'Outubro','Pacífico, Ilhas do (EUA)',101005),
(2022,'Outubro','Panamá',804374),
(2022,'Outubro','Paquistão',8546634),
(2022,'Outubro','Paraguai',331761395),
(2022,'Outubro','Países Baixos (Holanda)',493860070),
(2022,'Outubro','Peru',132232872),
(2022,'Outubro','Polinésia Francesa',1534),
(2022,'Outubro','Polônia',69529985),
(2022,'Outubro','Porto Rico',56179162),
(2022,'Outubro','Portugal',76915427),
(2022,'Outubro','Quirguistão',37),
(2022,'Outubro','Quênia',131240),
(2022,'Outubro','Reino Unido',260682894),
(2022,'Outubro','República Dominicana',2836949),
(2022,'Outubro','Reunião',19521),
(2022,'Outubro','Romênia',41369190),
(2022,'Outubro','Rússia',458809002),
(2022,'Outubro','Samoa',139228),
(2022,'Outubro','San Marino',765294),
(2022,'Outubro','Seicheles',22482),
(2022,'Outubro','Senegal',166086),
(2022,'Outubro','Serra Leoa',16924),
(2022,'Outubro','Singapura',104377099),
(2022,'Outubro','Sint Maarten',0),
(2022,'Outubro','Somália',35034),
(2022,'Outubro','Sri Lanka',7368363),
(2022,'Outubro','Suazilândia',3302),
(2022,'Outubro','Suriname',38464),
(2022,'Outubro','Suécia',152095321),
(2022,'Outubro','Suíça',230579080),
(2022,'Outubro','São Cristóvão e Névis',4820),
(2022,'Outubro','São Martinho, Ilha de (parte francesa)',19),
(2022,'Outubro','Sérvia',9214523),
(2022,'Outubro','Tadjiquistão',25880),
(2022,'Outubro','Tailândia',191295751),
(2022,'Outubro','Taiwan (Formosa)',258067266),
(2022,'Outubro','Tanzânia',318012),
(2022,'Outubro','Tcheca, República',53925273),
(2022,'Outubro','Togo',762),
(2022,'Outubro','Toquelau',161196),
(2022,'Outubro','Trinidad e Tobago',50436776),
(2022,'Outubro','Tunísia',4473069),
(2022,'Outubro','Turcomenistão',1135),
(2022,'Outubro','Turquia',102195872),
(2022,'Outubro','Tuvalu',99),
(2022,'Outubro','Ucrânia',2818778),
(2022,'Outubro','Uruguai',158130150),
(2022,'Outubro','Uzbequistão',59),
(2022,'Outubro','Venezuela',28948931),
(2022,'Outubro','Vietnã',263690723),
(2022,'Outubro','Virgens, Ilhas (Americanas)',1576),
(2022,'Outubro','Virgens, Ilhas (Britânicas)',21915466),
(2022,'Outubro','Zâmbia',454775),
(2022,'Outubro','África do Sul',66482908),
(2022,'Outubro','Áustria',141005358),
(2022,'Outubro','Índia',677287723),
(2022,'Setembro','Afeganistão',14902),
(2022,'Setembro','Aland, Ilhas',87957),
(2022,'Setembro','Albânia',60101),
(2022,'Setembro','Alemanha',1195120736),
(2022,'Setembro','Andorra',1156),
(2022,'Setembro','Angola',133597833),
(2022,'Setembro','Anguilla',50715),
(2022,'Setembro','Argentina',1208569803),
(2022,'Setembro','Argélia',160381856),
(2022,'Setembro','Armênia',16267),
(2022,'Setembro','Aruba',595),
(2022,'Setembro','Arábia Saudita',684961082),
(2022,'Setembro','Austrália',89118779),
(2022,'Setembro','Azerbaijão',357),
(2022,'Setembro','Bahamas',91),
(2022,'Setembro','Bangladesh',15581340),
(2022,'Setembro','Barbados',8778),
(2022,'Setembro','Barein',10097921),
(2022,'Setembro','Belarus',19546654),
(2022,'Setembro','Belize',55796),
(2022,'Setembro','Benin',31),
(2022,'Setembro','Bermudas',174),
(2022,'Setembro','Bolívia',156642293),
(2022,'Setembro','Bonaire, Saint Eustatius e Saba',146),
(2022,'Setembro','Botsuana',445),
(2022,'Setembro','Brasil',43447760),
(2022,'Setembro','Bulgária',6990639),
(2022,'Setembro','Butão',51120),
(2022,'Setembro','Bélgica',281207982),
(2022,'Setembro','Bósnia-Herzegovina',240297),
(2022,'Setembro','Camarões',146645),
(2022,'Setembro','Camboja',6263138),
(2022,'Setembro','Canadá',506840286),
(2022,'Setembro','Catar',80440365),
(2022,'Setembro','Cayman, Ilhas',315269),
(2022,'Setembro','Cazaquistão',16678392),
(2022,'Setembro','Chile',394722595),
(2022,'Setembro','China',5808882994),
(2022,'Setembro','Chipre',333272),
(2022,'Setembro','Christmas (Navidad), Ilha',11),
(2022,'Setembro','Cocos (Keeling), Ilhas',698),
(2022,'Setembro','Colômbia',224924078),
(2022,'Setembro','Comores',25290),
(2022,'Setembro','Congo',137708460),
(2022,'Setembro','Congo, República Democrática',205662),
(2022,'Setembro','Coreia do Sul',443819974),
(2022,'Setembro','Costa Rica',13685984),
(2022,'Setembro','Costa do Marfim',9573314),
(2022,'Setembro','Coveite (Kuweit)',1450011),
(2022,'Setembro','Croácia',3155986),
(2022,'Setembro','Curaçao',13911),
(2022,'Setembro','Dinamarca',103889590),
(2022,'Setembro','Djibuti',108),
(2022,'Setembro','Dominica',324),
(2022,'Setembro','Egito',43876436),
(2022,'Setembro','El Salvador',726024),
(2022,'Setembro','Emirados Árabes Unidos',359698733),
(2022,'Setembro','Equador',9423250),
(2022,'Setembro','Eritreia',1336),
(2022,'Setembro','Eslováquia',33300861),
(2022,'Setembro','Eslovênia',8968845),
(2022,'Setembro','Espanha',381157489),
(2022,'Setembro','Estados Unidos',4404441342),
(2022,'Setembro','Estônia',12543913),
(2022,'Setembro','Etiópia',10446),
(2022,'Setembro','Filipinas',28414477),
(2022,'Setembro','Finlândia',82976585),
(2022,'Setembro','França',425391389),
(2022,'Setembro','Gana',816782),
(2022,'Setembro','Geórgia',48466),
(2022,'Setembro','Grécia',11781795),
(2022,'Setembro','Guatemala',5771500),
(2022,'Setembro','Guiana',89045821),
(2022,'Setembro','Guiné-Bissau',199394),
(2022,'Setembro','Haiti',81502),
(2022,'Setembro','Honduras',2516147),
(2022,'Setembro','Hong Kong',85404470),
(2022,'Setembro','Hungria',52121751),
(2022,'Setembro','Indonésia',190329574),
(2022,'Setembro','Iraque',41539),
(2022,'Setembro','Irlanda',89747201),
(2022,'Setembro','Irã',2865134),
(2022,'Setembro','Islândia',1134440),
(2022,'Setembro','Israel',204124327),
(2022,'Setembro','Itália',466416844),
(2022,'Setembro','Jamaica',2782),
(2022,'Setembro','Japão',491948764),
(2022,'Setembro','Jordânia',1717012),
(2022,'Setembro','Kiribati',2352),
(2022,'Setembro','Laos',301304),
(2022,'Setembro','Letônia',2310190),
(2022,'Setembro','Liechtenstein',1173029),
(2022,'Setembro','Lituânia',9450599),
(2022,'Setembro','Luxemburgo',4372599),
(2022,'Setembro','Líbano',3726123),
(2022,'Setembro','Macau',157339),
(2022,'Setembro','Macedônia',1044010),
(2022,'Setembro','Madagascar',298085),
(2022,'Setembro','Malavi',462851),
(2022,'Setembro','Maldivas',840),
(2022,'Setembro','Malta',1372561),
(2022,'Setembro','Malásia',120263852),
(2022,'Setembro','Marrocos',142053626),
(2022,'Setembro','Marshall, Ilhas',19750),
(2022,'Setembro','Maurício',16678),
(2022,'Setembro','Mianmar',1245882),
(2022,'Setembro','Micronésia',8521),
(2022,'Setembro','Moldávia',578395),
(2022,'Setembro','Mongólia',260731),
(2022,'Setembro','Montenegro',3815),
(2022,'Setembro','Montserrat',313),
(2022,'Setembro','Moçambique',96269),
(2022,'Setembro','México',552763951),
(2022,'Setembro','Mônaco',237363),
(2022,'Setembro','Namíbia',17286),
(2022,'Setembro','Nepal',15729),
(2022,'Setembro','Nicarágua',603607),
(2022,'Setembro','Nigéria',113647549),
(2022,'Setembro','Noruega',73854225),
(2022,'Setembro','Nova Caledônia',2876),
(2022,'Setembro','Nova Zelândia',3787505),
(2022,'Setembro','Omã',105619475),
(2022,'Setembro','Panamá',743909),
(2022,'Setembro','Papua Nova Guiné',19858),
(2022,'Setembro','Paquistão',7359577),
(2022,'Setembro','Paraguai',333820177),
(2022,'Setembro','Países Baixos (Holanda)',193572423),
(2022,'Setembro','Peru',107222526),
(2022,'Setembro','Polinésia Francesa',6961),
(2022,'Setembro','Polônia',71308772),
(2022,'Setembro','Porto Rico',20082344),
(2022,'Setembro','Portugal',87535044),
(2022,'Setembro','Quirguistão',2410),
(2022,'Setembro','Quênia',38209),
(2022,'Setembro','Reino Unido',236348209),
(2022,'Setembro','República Dominicana',2348377),
(2022,'Setembro','Romênia',31229813),
(2022,'Setembro','Rússia',385450221),
(2022,'Setembro','Samoa',283205),
(2022,'Setembro','Samoa Americana',586),
(2022,'Setembro','San Marino',654060),
(2022,'Setembro','Seicheles',79330),
(2022,'Setembro','Senegal',582933),
(2022,'Setembro','Serra Leoa',47156),
(2022,'Setembro','Singapura',96038437),
(2022,'Setembro','Somália',1350),
(2022,'Setembro','Sri Lanka',6404532),
(2022,'Setembro','Suazilândia',6243),
(2022,'Setembro','Sudão',29288),
(2022,'Setembro','Suécia',283631266),
(2022,'Setembro','Suíça',210244261),
(2022,'Setembro','São Cristóvão e Névis',4549),
(2022,'Setembro','São Tomé e Príncipe',277),
(2022,'Setembro','Sérvia',9773822),
(2022,'Setembro','Síria',4651),
(2022,'Setembro','Tadjiquistão',2198),
(2022,'Setembro','Tailândia',189369777),
(2022,'Setembro','Taiwan (Formosa)',258231513),
(2022,'Setembro','Tanzânia',28455),
(2022,'Setembro','Tcheca, República',58590075),
(2022,'Setembro','Tonga',150),
(2022,'Setembro','Toquelau',218176),
(2022,'Setembro','Trinidad e Tobago',13593801),
(2022,'Setembro','Tunísia',7219374),
(2022,'Setembro','Turcomenistão',8),
(2022,'Setembro','Turquia',105491818),
(2022,'Setembro','Ucrânia',6411571),
(2022,'Setembro','Uganda',363),
(2022,'Setembro','Uruguai',165230042),
(2022,'Setembro','Uzbequistão',8766),
(2022,'Setembro','Venezuela',44295484),
(2022,'Setembro','Vietnã',238188355),
(2022,'Setembro','Virgens, Ilhas (Britânicas)',68984),
(2022,'Setembro','Zimbábue',24804),
(2022,'Setembro','Zâmbia',6),
(2022,'Setembro','África do Sul',106823158),
(2022,'Setembro','Áustria',123874313),
(2022,'Setembro','Índia',1104419780),
(2022,'Agosto','Afeganistão',7455),
(2022,'Agosto','Aland, Ilhas',248946),
(2022,'Agosto','Albânia',117005),
(2022,'Agosto','Alemanha',1299285725),
(2022,'Agosto','Andorra',110),
(2022,'Agosto','Angola',70807349),
(2022,'Agosto','Anguilla',16008),
(2022,'Agosto','Argentina',1314112334),
(2022,'Agosto','Argélia',89428836),
(2022,'Agosto','Armênia',58916),
(2022,'Agosto','Aruba',24),
(2022,'Agosto','Arábia Saudita',665495785),
(2022,'Agosto','Austrália',212498973),
(2022,'Agosto','Azerbaijão',148608),
(2022,'Agosto','Bangladesh',15142478),
(2022,'Agosto','Barbados',27040),
(2022,'Agosto','Barein',6626048),
(2022,'Agosto','Belarus',329538),
(2022,'Agosto','Belize',2522),
(2022,'Agosto','Benin',31),
(2022,'Agosto','Bermudas',2051),
(2022,'Agosto','Bolívia',150749181),
(2022,'Agosto','Bonaire, Saint Eustatius e Saba',13075),
(2022,'Agosto','Brasil',20722597),
(2022,'Agosto','Bulgária',5796325),
(2022,'Agosto','Burkina Faso',1957),
(2022,'Agosto','Butão',13509),
(2022,'Agosto','Bélgica',230156323),
(2022,'Agosto','Bósnia-Herzegovina',388478),
(2022,'Agosto','Camarões',47857),
(2022,'Agosto','Camboja',5903307),
(2022,'Agosto','Canadá',524298595),
(2022,'Agosto','Catar',76950904),
(2022,'Agosto','Cayman, Ilhas',101139),
(2022,'Agosto','Cazaquistão',18819445),
(2022,'Agosto','Chile',440503130),
(2022,'Agosto','China',6446476474),
(2022,'Agosto','Chipre',248088),
(2022,'Agosto','Colômbia',241218460),
(2022,'Agosto','Comores',17639),
(2022,'Agosto','Congo',51621275),
(2022,'Agosto','Congo, República Democrática',1061307),
(2022,'Agosto','Coreia do Sul',456330870),
(2022,'Agosto','Costa Rica',11901819),
(2022,'Agosto','Costa do Marfim',8297827),
(2022,'Agosto','Coveite (Kuweit)',9549557),
(2022,'Agosto','Croácia',1700169),
(2022,'Agosto','Cuba',386493),
(2022,'Agosto','Curaçao',480),
(2022,'Agosto','Dinamarca',85162556),
(2022,'Agosto','Dominica',3128),
(2022,'Agosto','Egito',69785239),
(2022,'Agosto','El Salvador',531033),
(2022,'Agosto','Emirados Árabes Unidos',130451683),
(2022,'Agosto','Equador',13451359),
(2022,'Agosto','Eritreia',16065),
(2022,'Agosto','Eslováquia',28288822),
(2022,'Agosto','Eslovênia',10011507),
(2022,'Agosto','Espanha',347649329),
(2022,'Agosto','Estados Unidos',5085660201),
(2022,'Agosto','Estônia',4185315),
(2022,'Agosto','Etiópia',3185),
(2022,'Agosto','Falkland (Malvinas)',140),
(2022,'Agosto','Faroe, Ilhas',828),
(2022,'Agosto','Fiji',36411),
(2022,'Agosto','Filipinas',26185435),
(2022,'Agosto','Finlândia',104243296),
(2022,'Agosto','França',478937598),
(2022,'Agosto','Gabão',502),
(2022,'Agosto','Gana',815678),
(2022,'Agosto','Geórgia',189326),
(2022,'Agosto','Gibraltar',2582159),
(2022,'Agosto','Groenlândia',61),
(2022,'Agosto','Grécia',4949702),
(2022,'Agosto','Guatemala',11185122),
(2022,'Agosto','Guiana',172629),
(2022,'Agosto','Guiné',884),
(2022,'Agosto','Gâmbia',960),
(2022,'Agosto','Haiti',28738),
(2022,'Agosto','Honduras',2608231),
(2022,'Agosto','Hong Kong',85873094),
(2022,'Agosto','Hungria',46685090),
(2022,'Agosto','Ilha de Man',31723),
(2022,'Agosto','Indonésia',184952057),
(2022,'Agosto','Irlanda',96540809),
(2022,'Agosto','Irã',48688688),
(2022,'Agosto','Islândia',1719984),
(2022,'Agosto','Israel',268161051),
(2022,'Agosto','Itália',501763917),
(2022,'Agosto','Japão',486438177),
(2022,'Agosto','Jordânia',1067897),
(2022,'Agosto','Kiribati',591),
(2022,'Agosto','Laos',242986),
(2022,'Agosto','Letônia',2015506),
(2022,'Agosto','Libéria',479654),
(2022,'Agosto','Liechtenstein',1051837),
(2022,'Agosto','Lituânia',4833570),
(2022,'Agosto','Luxemburgo',6654356),
(2022,'Agosto','Líbano',385482),
(2022,'Agosto','Macau',1136431),
(2022,'Agosto','Macedônia',2808631),
(2022,'Agosto','Madagascar',558050),
(2022,'Agosto','Malavi',544186),
(2022,'Agosto','Malta',1914119),
(2022,'Agosto','Malásia',131662026),
(2022,'Agosto','Marrocos',201258507),
(2022,'Agosto','Maurício',47285),
(2022,'Agosto','Mianmar',1334889),
(2022,'Agosto','Moldávia',291338),
(2022,'Agosto','Mongólia',174169),
(2022,'Agosto','Montserrat',2506),
(2022,'Agosto','Moçambique',101932),
(2022,'Agosto','México',540627699),
(2022,'Agosto','Mônaco',159170),
(2022,'Agosto','Namíbia',3961),
(2022,'Agosto','Nepal',2513),
(2022,'Agosto','Nicarágua',817567),
(2022,'Agosto','Nigéria',124676747),
(2022,'Agosto','Niue',12421),
(2022,'Agosto','Noruega',111724760),
(2022,'Agosto','Nova Caledônia',2034),
(2022,'Agosto','Nova Zelândia',8807164),
(2022,'Agosto','Níger',372),
(2022,'Agosto','Omã',25653328),
(2022,'Agosto','Panamá',2107296),
(2022,'Agosto','Paquistão',7976329),
(2022,'Agosto','Paraguai',310852171),
(2022,'Agosto','Países Baixos (Holanda)',203069613),
(2022,'Agosto','Peru',169135361),
(2022,'Agosto','Polinésia Francesa',754),
(2022,'Agosto','Polônia',74155800),
(2022,'Agosto','Porto Rico',27896593),
(2022,'Agosto','Portugal',107043024),
(2022,'Agosto','Quirguistão',78),
(2022,'Agosto','Quênia',139365),
(2022,'Agosto','Reino Unido',297556686),
(2022,'Agosto','República Dominicana',3670393),
(2022,'Agosto','Romênia',31273609),
(2022,'Agosto','Ruanda',575),
(2022,'Agosto','Rússia',677267018),
(2022,'Agosto','Samoa',188579),
(2022,'Agosto','Samoa Americana',222),
(2022,'Agosto','San Marino',1364338),
(2022,'Agosto','Seicheles',248007),
(2022,'Agosto','Senegal',474845),
(2022,'Agosto','Serra Leoa',33226),
(2022,'Agosto','Singapura',98975429),
(2022,'Agosto','Somália',1388),
(2022,'Agosto','Sri Lanka',9309287),
(2022,'Agosto','Suazilândia',831),
(2022,'Agosto','Suriname',131),
(2022,'Agosto','Suécia',171328249),
(2022,'Agosto','Suíça',267847648),
(2022,'Agosto','São Cristóvão e Névis',9450),
(2022,'Agosto','São Tomé e Príncipe',2919),
(2022,'Agosto','Sérvia',8763083),
(2022,'Agosto','Síria',3073369),
(2022,'Agosto','Tadjiquistão',2130),
(2022,'Agosto','Tailândia',207489812),
(2022,'Agosto','Taiwan (Formosa)',214953492),
(2022,'Agosto','Tanzânia',495735),
(2022,'Agosto','Tcheca, República',66177600),
(2022,'Agosto','Togo',29195),
(2022,'Agosto','Toquelau',138656),
(2022,'Agosto','Trinidad e Tobago',51980997),
(2022,'Agosto','Tunísia',5514767),
(2022,'Agosto','Turcomenistão',54994),
(2022,'Agosto','Turquia',140623709),
(2022,'Agosto','Ucrânia',4159388),
(2022,'Agosto','Uganda',249),
(2022,'Agosto','Uruguai',223320883),
(2022,'Agosto','Uzbequistão',106088),
(2022,'Agosto','Venezuela',35252444),
(2022,'Agosto','Vietnã',266974760),
(2022,'Agosto','Virgens, Ilhas (Americanas)',18),
(2022,'Agosto','Virgens, Ilhas (Britânicas)',125119),
(2022,'Agosto','Zimbábue',16810),
(2022,'Agosto','Zâmbia',585711),
(2022,'Agosto','África do Sul',100418412),
(2022,'Agosto','Áustria',141821385),
(2022,'Agosto','Índia',1069541357),
(2022,'Julho','Afeganistão',26972),
(2022,'Julho','Aland, Ilhas',113602),
(2022,'Julho','Albânia',64165),
(2022,'Julho','Alemanha',1156773163),
(2022,'Julho','Angola',22497022),
(2022,'Julho','Anguilla',68),
(2022,'Julho','Antígua e Barbuda',198),
(2022,'Julho','Argentina',1024859667),
(2022,'Julho','Argélia',40246494),
(2022,'Julho','Armênia',10142),
(2022,'Julho','Aruba',2192),
(2022,'Julho','Arábia Saudita',397741230),
(2022,'Julho','Austrália',250253064),
(2022,'Julho','Bangladesh',10827786),
(2022,'Julho','Barbados',15791),
(2022,'Julho','Barein',2999026),
(2022,'Julho','Belarus',5073670),
(2022,'Julho','Belize',16674),
(2022,'Julho','Benin',17),
(2022,'Julho','Bermudas',119838),
(2022,'Julho','Bolívia',133153996),
(2022,'Julho','Brasil',24791594),
(2022,'Julho','Brunei',245),
(2022,'Julho','Bulgária',10089271),
(2022,'Julho','Butão',8225),
(2022,'Julho','Bélgica',309856018),
(2022,'Julho','Bósnia-Herzegovina',446393),
(2022,'Julho','Cabo Verde',766),
(2022,'Julho','Camarões',2837),
(2022,'Julho','Camboja',6942710),
(2022,'Julho','Canadá',757468375),
(2022,'Julho','Catar',73875134),
(2022,'Julho','Cayman, Ilhas',380380),
(2022,'Julho','Cazaquistão',14143151),
(2022,'Julho','Chile',336771538),
(2022,'Julho','China',5304840768),
(2022,'Julho','Chipre',261006),
(2022,'Julho','Christmas (Navidad), Ilha',95),
(2022,'Julho','Colômbia',256974718),
(2022,'Julho','Comores',7407),
(2022,'Julho','Congo, República Democrática',364853),
(2022,'Julho','Coreia do Sul',394643319),
(2022,'Julho','Costa Rica',9490807),
(2022,'Julho','Costa do Marfim',8452084),
(2022,'Julho','Coveite (Kuweit)',15877793),
(2022,'Julho','Croácia',1289562),
(2022,'Julho','Cuba',3162),
(2022,'Julho','Curaçao',10240),
(2022,'Julho','Dinamarca',79103577),
(2022,'Julho','Dominica',51),
(2022,'Julho','Egito',58636292),
(2022,'Julho','El Salvador',253155),
(2022,'Julho','Emirados Árabes Unidos',391446601),
(2022,'Julho','Equador',8594066),
(2022,'Julho','Eritreia',5798),
(2022,'Julho','Eslováquia',35222492),
(2022,'Julho','Eslovênia',9268170),
(2022,'Julho','Espanha',369347135),
(2022,'Julho','Estados Unidos',4806224392),
(2022,'Julho','Estônia',4493660),
(2022,'Julho','Etiópia',48225),
(2022,'Julho','Filipinas',26316470),
(2022,'Julho','Finlândia',127850615),
(2022,'Julho','França',469893811),
(2022,'Julho','Gana',133953),
(2022,'Julho','Geórgia',403397),
(2022,'Julho','Gibraltar',12846994),
(2022,'Julho','Grécia',4379498),
(2022,'Julho','Guam',64),
(2022,'Julho','Guatemala',7414645),
(2022,'Julho','Guiana',58986163),
(2022,'Julho','Guiné',551),
(2022,'Julho','Gâmbia',272),
(2022,'Julho','Haiti',59700),
(2022,'Julho','Honduras',2369270),
(2022,'Julho','Hong Kong',73450263),
(2022,'Julho','Hungria',43994180),
(2022,'Julho','Indonésia',134746200),
(2022,'Julho','Irlanda',51490237),
(2022,'Julho','Irã',61231662),
(2022,'Julho','Islândia',971235),
(2022,'Julho','Israel',290745027),
(2022,'Julho','Itália',493534881),
(2022,'Julho','Jamaica',40),
(2022,'Julho','Japão',446765242),
(2022,'Julho','Jordânia',16526476),
(2022,'Julho','Laos',560538),
(2022,'Julho','Letônia',2037741),
(2022,'Julho','Libéria',913),
(2022,'Julho','Liechtenstein',1517855),
(2022,'Julho','Lituânia',3930995),
(2022,'Julho','Luxemburgo',3661188),
(2022,'Julho','Líbano',2285193),
(2022,'Julho','Macau',39652),
(2022,'Julho','Macedônia',896317),
(2022,'Julho','Madagascar',44986),
(2022,'Julho','Mali',48155),
(2022,'Julho','Malta',1822028),
(2022,'Julho','Malásia',140145177),
(2022,'Julho','Marrocos',295019932),
(2022,'Julho','Marshall, Ilhas',5856),
(2022,'Julho','Maurício',45967),
(2022,'Julho','Mianmar',718030),
(2022,'Julho','Micronésia',144),
(2022,'Julho','Moldávia',449292),
(2022,'Julho','Montenegro',32),
(2022,'Julho','Montserrat',732),
(2022,'Julho','Moçambique',133760),
(2022,'Julho','México',443078715),
(2022,'Julho','Mônaco',466004),
(2022,'Julho','Namíbia',9320),
(2022,'Julho','Nepal',55208),
(2022,'Julho','Nicarágua',780728),
(2022,'Julho','Nigéria',215488441),
(2022,'Julho','Noruega',111028153),
(2022,'Julho','Nova Caledônia',131),
(2022,'Julho','Nova Zelândia',7499965),
(2022,'Julho','Níger',2451),
(2022,'Julho','Omã',79552083),
(2022,'Julho','Panamá',2065749),
(2022,'Julho','Paquistão',10191204),
(2022,'Julho','Paraguai',349301962),
(2022,'Julho','Países Baixos (Holanda)',216097411),
(2022,'Julho','Peru',150124637),
(2022,'Julho','Polinésia Francesa',698),
(2022,'Julho','Polônia',91548469),
(2022,'Julho','Porto Rico',17730487),
(2022,'Julho','Portugal',92501230),
(2022,'Julho','Quênia',22211),
(2022,'Julho','Reino Unido',251587451),
(2022,'Julho','República Dominicana',2416538),
(2022,'Julho','Reunião',851),
(2022,'Julho','Romênia',31874573),
(2022,'Julho','Ruanda',2179),
(2022,'Julho','Rússia',929903058),
(2022,'Julho','Salomão, Ilhas',1336),
(2022,'Julho','Samoa',132087),
(2022,'Julho','Samoa Americana',6),
(2022,'Julho','San Marino',446341),
(2022,'Julho','Santa Lúcia',95),
(2022,'Julho','Seicheles',54414),
(2022,'Julho','Senegal',317728),
(2022,'Julho','Serra Leoa',27458),
(2022,'Julho','Singapura',94679989),
(2022,'Julho','Sri Lanka',4660806),
(2022,'Julho','Suazilândia',16708),
(2022,'Julho','Sudão',21956),
(2022,'Julho','Suécia',242531464),
(2022,'Julho','Suíça',186386236),
(2022,'Julho','São Cristóvão e Névis',1168),
(2022,'Julho','São Tomé e Príncipe',3),
(2022,'Julho','Sérvia',6331787),
(2022,'Julho','Tadjiquistão',924),
(2022,'Julho','Tailândia',159657453),
(2022,'Julho','Taiwan (Formosa)',209558020),
(2022,'Julho','Tanzânia',384357),
(2022,'Julho','Tcheca, República',57746247),
(2022,'Julho','Timor Leste',225),
(2022,'Julho','Tonga',202),
(2022,'Julho','Toquelau',187175),
(2022,'Julho','Trinidad e Tobago',61297558),
(2022,'Julho','Tunísia',10840581),
(2022,'Julho','Turcomenistão',11457304),
(2022,'Julho','Turquia',135550132),
(2022,'Julho','Ucrânia',2454967),
(2022,'Julho','Uruguai',138069758),
(2022,'Julho','Uzbequistão',2940),
(2022,'Julho','Vaticano',6),
(2022,'Julho','Venezuela',14862134),
(2022,'Julho','Vietnã',213103634),
(2022,'Julho','Virgens, Ilhas (Britânicas)',98914),
(2022,'Julho','Zimbábue',6980),
(2022,'Julho','África do Sul',82068648),
(2022,'Julho','Áustria',102942311),
(2022,'Julho','Índia',635873895),
(2022,'Junho','Afeganistão',20580),
(2022,'Junho','Aland, Ilhas',219850),
(2022,'Junho','Albânia',57711),
(2022,'Junho','Alemanha',1065541750),
(2022,'Junho','Angola',25635180),
(2022,'Junho','Argentina',1344768502),
(2022,'Junho','Argélia',41028913),
(2022,'Junho','Armênia',35585),
(2022,'Junho','Arábia Saudita',378683733),
(2022,'Junho','Austrália',472571664),
(2022,'Junho','Azerbaijão',407),
(2022,'Junho','Bangladesh',9675471),
(2022,'Junho','Barbados',44407),
(2022,'Junho','Barein',20520635),
(2022,'Junho','Belarus',65975071),
(2022,'Junho','Belize',26353),
(2022,'Junho','Bermudas',49002),
(2022,'Junho','Bolívia',132376904),
(2022,'Junho','Bonaire, Saint Eustatius e Saba',4366),
(2022,'Junho','Brasil',42735503),
(2022,'Junho','Brunei',88920),
(2022,'Junho','Bulgária',11948959),
(2022,'Junho','Butão',54907),
(2022,'Junho','Bélgica',223784108),
(2022,'Junho','Bósnia-Herzegovina',419970),
(2022,'Junho','Camarões',339402),
(2022,'Junho','Camboja',4093285),
(2022,'Junho','Canadá',766108849),
(2022,'Junho','Catar',70254532),
(2022,'Junho','Cayman, Ilhas',220324),
(2022,'Junho','Cazaquistão',11837501),
(2022,'Junho','Chile',430056448),
(2022,'Junho','China',4691993957),
(2022,'Junho','Chipre',170680),
(2022,'Junho','Colômbia',217268292),
(2022,'Junho','Comores',20527),
(2022,'Junho','Congo',3457726),
(2022,'Junho','Congo, República Democrática',209),
(2022,'Junho','Coreia do Sul',424213460),
(2022,'Junho','Costa Rica',7909947),
(2022,'Junho','Costa do Marfim',17691491),
(2022,'Junho','Coveite (Kuweit)',178),
(2022,'Junho','Croácia',756662),
(2022,'Junho','Cuba',472903),
(2022,'Junho','Curaçao',1173),
(2022,'Junho','Dinamarca',89046903),
(2022,'Junho','Egito',117373956),
(2022,'Junho','El Salvador',283298),
(2022,'Junho','Emirados Árabes Unidos',395984711),
(2022,'Junho','Equador',10797227),
(2022,'Junho','Eslováquia',24243371),
(2022,'Junho','Eslovênia',13853598),
(2022,'Junho','Espanha',302853643),
(2022,'Junho','Estados Unidos',4359770215),
(2022,'Junho','Estônia',3716604),
(2022,'Junho','Etiópia',1753),
(2022,'Junho','Filipinas',25683198),
(2022,'Junho','Finlândia',61968737),
(2022,'Junho','França',430950980),
(2022,'Junho','Gana',644622),
(2022,'Junho','Geórgia',120497),
(2022,'Junho','Grécia',3960592),
(2022,'Junho','Guam',147),
(2022,'Junho','Guatemala',6596087),
(2022,'Junho','Guiana',92479100),
(2022,'Junho','Guiana Francesa',513),
(2022,'Junho','Gâmbia',147),
(2022,'Junho','Haiti',33052),
(2022,'Junho','Honduras',1716229),
(2022,'Junho','Hong Kong',64779184),
(2022,'Junho','Hungria',31650312),
(2022,'Junho','Indonésia',210803022),
(2022,'Junho','Irlanda',69539286),
(2022,'Junho','Irã',320334),
(2022,'Junho','Islândia',3042879),
(2022,'Junho','Israel',258654760),
(2022,'Junho','Itália',453828616),
(2022,'Junho','Jamaica',562),
(2022,'Junho','Japão',459124894),
(2022,'Junho','Jordânia',15157780),
(2022,'Junho','Laos',240668),
(2022,'Junho','Letônia',1626754),
(2022,'Junho','Liechtenstein',1401877),
(2022,'Junho','Lituânia',7009258),
(2022,'Junho','Luxemburgo',4076498),
(2022,'Junho','Líbano',119858),
(2022,'Junho','Macau',336811),
(2022,'Junho','Macedônia',1154180),
(2022,'Junho','Madagascar',282885),
(2022,'Junho','Malavi',46901),
(2022,'Junho','Maldivas',1143),
(2022,'Junho','Mali',384877),
(2022,'Junho','Malta',1715739),
(2022,'Junho','Malásia',133958628),
(2022,'Junho','Marrocos',416466218),
(2022,'Junho','Maurício',85354),
(2022,'Junho','Mianmar',796094),
(2022,'Junho','Moldávia',225921),
(2022,'Junho','Mongólia',130701),
(2022,'Junho','Moçambique',124443),
(2022,'Junho','México',422525411),
(2022,'Junho','Mônaco',91650),
(2022,'Junho','Namíbia',1986),
(2022,'Junho','Nepal',948),
(2022,'Junho','Nicarágua',446241),
(2022,'Junho','Nigéria',266528113),
(2022,'Junho','Niue',38500),
(2022,'Junho','Noruega',82193866),
(2022,'Junho','Nova Caledônia',1430),
(2022,'Junho','Nova Zelândia',4759411),
(2022,'Junho','Níger',4500),
(2022,'Junho','Omã',194974915),
(2022,'Junho','Palestina',65458),
(2022,'Junho','Panamá',1997153),
(2022,'Junho','Papua Nova Guiné',18853),
(2022,'Junho','Paquistão',8949369),
(2022,'Junho','Paraguai',315872831),
(2022,'Junho','Países Baixos (Holanda)',197028949),
(2022,'Junho','Peru',145641886),
(2022,'Junho','Polinésia Francesa',7722),
(2022,'Junho','Polônia',69683084),
(2022,'Junho','Porto Rico',41183729),
(2022,'Junho','Portugal',69895118),
(2022,'Junho','Quirguistão',22),
(2022,'Junho','Quênia',67358),
(2022,'Junho','Reino Unido',193472760),
(2022,'Junho','República Dominicana',2393470),
(2022,'Junho','Romênia',29428903),
(2022,'Junho','Rússia',841499720),
(2022,'Junho','Salomão, Ilhas',1253),
(2022,'Junho','Samoa',132179),
(2022,'Junho','Samoa Americana',6),
(2022,'Junho','San Marino',1440870),
(2022,'Junho','Seicheles',60199),
(2022,'Junho','Senegal',11670),
(2022,'Junho','Serra Leoa',10454),
(2022,'Junho','Singapura',82877538),
(2022,'Junho','Sri Lanka',4415072),
(2022,'Junho','Suazilândia',7086),
(2022,'Junho','Suriname',10),
(2022,'Junho','Suécia',162997553),
(2022,'Junho','Suíça',251552431),
(2022,'Junho','São Cristóvão e Névis',1812),
(2022,'Junho','Sérvia',3233263),
(2022,'Junho','Síria',9448),
(2022,'Junho','Tadjiquistão',7883),
(2022,'Junho','Tailândia',172112134),
(2022,'Junho','Taiwan (Formosa)',220232540),
(2022,'Junho','Tanzânia',45106),
(2022,'Junho','Tcheca, República',49857376),
(2022,'Junho','Timor Leste',7),
(2022,'Junho','Toquelau',38745),
(2022,'Junho','Trinidad e Tobago',67051958),
(2022,'Junho','Tunísia',20277838),
(2022,'Junho','Turquia',112431416),
(2022,'Junho','Ucrânia',3096751),
(2022,'Junho','Uruguai',135510017),
(2022,'Junho','Uzbequistão',5569),
(2022,'Junho','Vanuatu',23715),
(2022,'Junho','Venezuela',25543625),
(2022,'Junho','Vietnã',248557536),
(2022,'Junho','Virgens, Ilhas (Britânicas)',70975),
(2022,'Junho','Zimbábue',38614),
(2022,'Junho','Zâmbia',1109321),
(2022,'Junho','África do Sul',83472698),
(2022,'Junho','Áustria',109686062),
(2022,'Junho','Índia',645263420),
(2022,'Maio','Afeganistão',57237),
(2022,'Maio','Aland, Ilhas',178700),
(2022,'Maio','Albânia',444558),
(2022,'Maio','Alemanha',1131885669),
(2022,'Maio','Andorra',1541),
(2022,'Maio','Angola',57988516),
(2022,'Maio','Anguilla',2200),
(2022,'Maio','Argentina',1222984930),
(2022,'Maio','Argélia',180919636),
(2022,'Maio','Armênia',23681),
(2022,'Maio','Arábia Saudita',395943947),
(2022,'Maio','Austrália',283479706),
(2022,'Maio','Azerbaijão',147508),
(2022,'Maio','Bahamas',2810266),
(2022,'Maio','Bangladesh',11334430),
(2022,'Maio','Barbados',43592),
(2022,'Maio','Barein',67963720),
(2022,'Maio','Belarus',38714704),
(2022,'Maio','Belize',387),
(2022,'Maio','Benin',525),
(2022,'Maio','Bermudas',64631),
(2022,'Maio','Bolívia',148505285),
(2022,'Maio','Bonaire, Saint Eustatius e Saba',5170),
(2022,'Maio','Brasil',21770606),
(2022,'Maio','Bulgária',80269376),
(2022,'Maio','Burkina Faso',3862),
(2022,'Maio','Butão',73415),
(2022,'Maio','Bélgica',240349387),
(2022,'Maio','Bósnia-Herzegovina',347366),
(2022,'Maio','Cabo Verde',5862),
(2022,'Maio','Camarões',147058),
(2022,'Maio','Camboja',4986604),
(2022,'Maio','Canadá',594017356),
(2022,'Maio','Catar',107365745),
(2022,'Maio','Cayman, Ilhas',151398),
(2022,'Maio','Cazaquistão',28696901),
(2022,'Maio','Chile',466058511),
(2022,'Maio','China',4601856559),
(2022,'Maio','Chipre',135934),
(2022,'Maio','Colômbia',210755231),
(2022,'Maio','Comores',105),
(2022,'Maio','Coreia do Sul',501347673),
(2022,'Maio','Costa Rica',10666642),
(2022,'Maio','Costa do Marfim',9474338),
(2022,'Maio','Coveite (Kuweit)',121470090),
(2022,'Maio','Croácia',758566),
(2022,'Maio','Cuba',4909),
(2022,'Maio','Curaçao',4904),
(2022,'Maio','Dinamarca',79645884),
(2022,'Maio','Dominica',807),
(2022,'Maio','Egito',50179219),
(2022,'Maio','El Salvador',339189),
(2022,'Maio','Emirados Árabes Unidos',203043811),
(2022,'Maio','Equador',8883511),
(2022,'Maio','Eslováquia',23097445),
(2022,'Maio','Eslovênia',10074947),
(2022,'Maio','Espanha',369171359),
(2022,'Maio','Estados Unidos',4866943267),
(2022,'Maio','Estônia',4383014),
(2022,'Maio','Etiópia',14298),
(2022,'Maio','Filipinas',24905927),
(2022,'Maio','Finlândia',95666095),
(2022,'Maio','França',455634115),
(2022,'Maio','Gana',1629562),
(2022,'Maio','Geórgia',220911),
(2022,'Maio','Gibraltar',38297863),
(2022,'Maio','Granada',363),
(2022,'Maio','Grécia',5011280),
(2022,'Maio','Guatemala',5197700),
(2022,'Maio','Guiana',458928),
(2022,'Maio','Guiné-Bissau',44526),
(2022,'Maio','Haiti',51148),
(2022,'Maio','Honduras',1957115),
(2022,'Maio','Hong Kong',65966879),
(2022,'Maio','Hungria',41447852),
(2022,'Maio','Indonésia',145540437),
(2022,'Maio','Irlanda',44879180),
(2022,'Maio','Irã',373699),
(2022,'Maio','Islândia',1328211),
(2022,'Maio','Israel',197342357),
(2022,'Maio','Itália',553145568),
(2022,'Maio','Iêmen',145),
(2022,'Maio','Jamaica',5630),
(2022,'Maio','Japão',480525210),
(2022,'Maio','Jordânia',110898978),
(2022,'Maio','Laos',249005),
(2022,'Maio','Lesoto',142),
(2022,'Maio','Letônia',2198017),
(2022,'Maio','Liechtenstein',1993872),
(2022,'Maio','Lituânia',10840375),
(2022,'Maio','Luxemburgo',4631014),
(2022,'Maio','Líbano',13597291),
(2022,'Maio','Macau',337753),
(2022,'Maio','Macedônia',1881109),
(2022,'Maio','Madagascar',584613),
(2022,'Maio','Malavi',52247),
(2022,'Maio','Mali',34923),
(2022,'Maio','Malta',948537),
(2022,'Maio','Malásia',125467629),
(2022,'Maio','Marrocos',413198679),
(2022,'Maio','Maurício',33658),
(2022,'Maio','Mianmar',954468),
(2022,'Maio','Moldávia',416683),
(2022,'Maio','Mongólia',606),
(2022,'Maio','Montenegro',902),
(2022,'Maio','Montserrat',501),
(2022,'Maio','Moçambique',30215),
(2022,'Maio','México',441792054),
(2022,'Maio','Mônaco',384549),
(2022,'Maio','Namíbia',8348),
(2022,'Maio','Nauru',23823),
(2022,'Maio','Nepal',16727),
(2022,'Maio','Nicarágua',351730),
(2022,'Maio','Nigéria',107422393),
(2022,'Maio','Norfolk, Ilha',2501),
(2022,'Maio','Noruega',70177291),
(2022,'Maio','Nova Caledônia',1090),
(2022,'Maio','Nova Zelândia',4860510),
(2022,'Maio','Níger',29469),
(2022,'Maio','Omã',204787742),
(2022,'Maio','Palestina',47339),
(2022,'Maio','Panamá',725177),
(2022,'Maio','Paquistão',9330912),
(2022,'Maio','Paraguai',343334835),
(2022,'Maio','Países Baixos (Holanda)',144239817),
(2022,'Maio','Peru',118859838),
(2022,'Maio','Polinésia Francesa',953),
(2022,'Maio','Polônia',106000107),
(2022,'Maio','Porto Rico',32996836),
(2022,'Maio','Portugal',68232951),
(2022,'Maio','Quirguistão',11247),
(2022,'Maio','Quênia',42140),
(2022,'Maio','Reino Unido',221257154),
(2022,'Maio','República Centro-Africana',1243),
(2022,'Maio','República Dominicana',2077174),
(2022,'Maio','Romênia',28552314),
(2022,'Maio','Ruanda',27600),
(2022,'Maio','Rússia',1036965924),
(2022,'Maio','Salomão, Ilhas',1251),
(2022,'Maio','Samoa',106997),
(2022,'Maio','Samoa Americana',30),
(2022,'Maio','San Marino',1333816),
(2022,'Maio','Santa Lúcia',238),
(2022,'Maio','Seicheles',4392),
(2022,'Maio','Senegal',145713),
(2022,'Maio','Serra Leoa',37271),
(2022,'Maio','Singapura',84140604),
(2022,'Maio','Sri Lanka',5867510),
(2022,'Maio','Suazilândia',9054),
(2022,'Maio','Sudão',43),
(2022,'Maio','Suécia',196592484),
(2022,'Maio','Suíça',239070245),
(2022,'Maio','São Cristóvão e Névis',7012),
(2022,'Maio','Sérvia',3370877),
(2022,'Maio','Tailândia',182021484),
(2022,'Maio','Taiwan (Formosa)',246890711),
(2022,'Maio','Tanzânia',52418),
(2022,'Maio','Tcheca, República',61556501),
(2022,'Maio','Timor Leste',4),
(2022,'Maio','Tonga',2022),
(2022,'Maio','Toquelau',118149),
(2022,'Maio','Trinidad e Tobago',119465896),
(2022,'Maio','Tunísia',28276010),
(2022,'Maio','Turquia',112059456),
(2022,'Maio','Ucrânia',2902143),
(2022,'Maio','Uganda',68),
(2022,'Maio','Uruguai',146491605),
(2022,'Maio','Uzbequistão',17996),
(2022,'Maio','Venezuela',19265137),
(2022,'Maio','Vietnã',270110112),
(2022,'Maio','Virgens, Ilhas (Britânicas)',171647),
(2022,'Maio','Zimbábue',13488),
(2022,'Maio','Zâmbia',25639),
(2022,'Maio','África do Sul',106488725),
(2022,'Maio','Áustria',138758638),
(2022,'Maio','Índia',769279568),
(2022,'Abril','Afeganistão',6265),
(2022,'Abril','Aland, Ilhas',12409),
(2022,'Abril','Albânia',137852),
(2022,'Abril','Alemanha',1045951690),
(2022,'Abril','Andorra',1231),
(2022,'Abril','Angola',60444330),
(2022,'Abril','Antígua e Barbuda',20),
(2022,'Abril','Argentina',1028241364),
(2022,'Abril','Argélia',14217292),
(2022,'Abril','Armênia',15949),
(2022,'Abril','Arábia Saudita',511362048),
(2022,'Abril','Austrália',255247558),
(2022,'Abril','Bahamas',38067860),
(2022,'Abril','Bangladesh',13527891),
(2022,'Abril','Barbados',57821),
(2022,'Abril','Barein',12368446),
(2022,'Abril','Belarus',31118569),
(2022,'Abril','Belize',390),
(2022,'Abril','Bolívia',187309878),
(2022,'Abril','Bonaire, Saint Eustatius e Saba',339),
(2022,'Abril','Botsuana',148),
(2022,'Abril','Brasil',16887754),
(2022,'Abril','Bulgária',9833982),
(2022,'Abril','Burkina Faso',20606),
(2022,'Abril','Burundi',140),
(2022,'Abril','Butão',18790),
(2022,'Abril','Bélgica',245973817),
(2022,'Abril','Bósnia-Herzegovina',496179),
(2022,'Abril','Camboja',6894134),
(2022,'Abril','Canadá',371189925),
(2022,'Abril','Catar',84342993),
(2022,'Abril','Cayman, Ilhas',1045505),
(2022,'Abril','Cazaquistão',20547190),
(2022,'Abril','Chile',401657303),
(2022,'Abril','China',3985631796),
(2022,'Abril','Chipre',350667),
(2022,'Abril','Cocos (Keeling), Ilhas',10868),
(2022,'Abril','Colômbia',163283903),
(2022,'Abril','Comores',25008),
(2022,'Abril','Congo, República Democrática',1160292),
(2022,'Abril','Coreia do Sul',471315455),
(2022,'Abril','Costa Rica',7388279),
(2022,'Abril','Costa do Marfim',16329146),
(2022,'Abril','Coveite (Kuweit)',68295),
(2022,'Abril','Croácia',2398489),
(2022,'Abril','Cuba',266759),
(2022,'Abril','Curaçao',25757),
(2022,'Abril','Dinamarca',81599758),
(2022,'Abril','Egito',114603788),
(2022,'Abril','El Salvador',681050),
(2022,'Abril','Emirados Árabes Unidos',40887140),
(2022,'Abril','Equador',5705347),
(2022,'Abril','Eslováquia',21495269),
(2022,'Abril','Eslovênia',7737174),
(2022,'Abril','Espanha',294147604),
(2022,'Abril','Estados Unidos',4371122039),
(2022,'Abril','Estônia',3601837),
(2022,'Abril','Etiópia',27178),
(2022,'Abril','Falkland (Malvinas)',61),
(2022,'Abril','Filipinas',27315002),
(2022,'Abril','Finlândia',56182049),
(2022,'Abril','França',342865367),
(2022,'Abril','Gana',263019),
(2022,'Abril','Geórgia',38654),
(2022,'Abril','Grécia',3091722),
(2022,'Abril','Guatemala',3821298),
(2022,'Abril','Guiné Equatorial',55),
(2022,'Abril','Gâmbia',73),
(2022,'Abril','Haiti',14336),
(2022,'Abril','Honduras',3318155),
(2022,'Abril','Hong Kong',51809025),
(2022,'Abril','Hungria',46221507),
(2022,'Abril','Indonésia',156173800),
(2022,'Abril','Iraque',4632),
(2022,'Abril','Irlanda',63872605),
(2022,'Abril','Irã',244361),
(2022,'Abril','Islândia',259593),
(2022,'Abril','Israel',206171623),
(2022,'Abril','Itália',469716048),
(2022,'Abril','Jamaica',1022),
(2022,'Abril','Japão',520051259),
(2022,'Abril','Jersey',715),
(2022,'Abril','Jordânia',433874),
(2022,'Abril','Laos',186921),
(2022,'Abril','Lesoto',90),
(2022,'Abril','Letônia',1803054),
(2022,'Abril','Liechtenstein',1712807),
(2022,'Abril','Lituânia',3747764),
(2022,'Abril','Luxemburgo',3430060),
(2022,'Abril','Líbano',8471489),
(2022,'Abril','Macau',1482428),
(2022,'Abril','Macedônia',1185187),
(2022,'Abril','Madagascar',67830),
(2022,'Abril','Malavi',179458),
(2022,'Abril','Mali',40620),
(2022,'Abril','Malta',2128128),
(2022,'Abril','Malásia',112122753),
(2022,'Abril','Marrocos',206355701),
(2022,'Abril','Marshall, Ilhas',9551),
(2022,'Abril','Maurício',24950),
(2022,'Abril','Mianmar',884423),
(2022,'Abril','Micronésia',3805),
(2022,'Abril','Moldávia',278921),
(2022,'Abril','Montenegro',17),
(2022,'Abril','Moçambique',55),
(2022,'Abril','México',376988634),
(2022,'Abril','Mônaco',336668),
(2022,'Abril','Namíbia',5464),
(2022,'Abril','Nepal',36579),
(2022,'Abril','Nicarágua',237661),
(2022,'Abril','Nigéria',61569374),
(2022,'Abril','Niue',96867),
(2022,'Abril','Noruega',56515089),
(2022,'Abril','Nova Zelândia',6424863),
(2022,'Abril','Níger',12198),
(2022,'Abril','Omã',12794378),
(2022,'Abril','Palau',0),
(2022,'Abril','Panamá',147302),
(2022,'Abril','Paquistão',9638828),
(2022,'Abril','Paraguai',314159122),
(2022,'Abril','Países Baixos (Holanda)',118836312),
(2022,'Abril','Peru',86422378),
(2022,'Abril','Polinésia Francesa',5360),
(2022,'Abril','Polônia',82693099),
(2022,'Abril','Porto Rico',34464678),
(2022,'Abril','Portugal',85370233),
(2022,'Abril','Quirguistão',234),
(2022,'Abril','Quênia',68760),
(2022,'Abril','Reino Unido',205350014),
(2022,'Abril','República Centro-Africana',27),
(2022,'Abril','República Dominicana',2314134),
(2022,'Abril','Romênia',25237435),
(2022,'Abril','Ruanda',2775),
(2022,'Abril','Rússia',785324911),
(2022,'Abril','Salomão, Ilhas',2504),
(2022,'Abril','Samoa',183291),
(2022,'Abril','San Marino',607762),
(2022,'Abril','Seicheles',36087),
(2022,'Abril','Senegal',85647),
(2022,'Abril','Serra Leoa',79134),
(2022,'Abril','Singapura',57373843),
(2022,'Abril','Sri Lanka',7150789),
(2022,'Abril','Suazilândia',1812),
(2022,'Abril','Suécia',146348733),
(2022,'Abril','Suíça',148241607),
(2022,'Abril','São Cristóvão e Névis',101),
(2022,'Abril','Sérvia',3164528),
(2022,'Abril','Síria',4356),
(2022,'Abril','Tailândia',183871304),
(2022,'Abril','Taiwan (Formosa)',255965086),
(2022,'Abril','Tanzânia',383162),
(2022,'Abril','Tcheca, República',60669564),
(2022,'Abril','Território Britânico do Oceano Índico',70565),
(2022,'Abril','Toquelau',66371),
(2022,'Abril','Trinidad e Tobago',35892390),
(2022,'Abril','Tunísia',27034123),
(2022,'Abril','Turquia',96415265),
(2022,'Abril','Ucrânia',5411022),
(2022,'Abril','Uruguai',128161740),
(2022,'Abril','Uzbequistão',8210),
(2022,'Abril','Venezuela',33645518),
(2022,'Abril','Vietnã',258959981),
(2022,'Abril','Virgens, Ilhas (Britânicas)',158511),
(2022,'Abril','Zimbábue',513),
(2022,'Abril','Zâmbia',642242),
(2022,'Abril','África do Sul',86160434),
(2022,'Abril','Áustria',87595565),
(2022,'Abril','Índia',610651231),
(2022,'Março','Afeganistão',21315),
(2022,'Março','Aland, Ilhas',9859),
(2022,'Março','Albânia',520665),
(2022,'Março','Alemanha',933518142),
(2022,'Março','Angola',1680),
(2022,'Março','Anguilla',3300),
(2022,'Março','Argentina',972867077),
(2022,'Março','Argélia',36889812),
(2022,'Março','Armênia',10029),
(2022,'Março','Arábia Saudita',570753337),
(2022,'Março','Austrália',121599121),
(2022,'Março','Azerbaijão',11736),
(2022,'Março','Bangladesh',18893554),
(2022,'Março','Barbados',30425),
(2022,'Março','Barein',42635892),
(2022,'Março','Belarus',71623595),
(2022,'Março','Belize',521),
(2022,'Março','Bermudas',117461),
(2022,'Março','Bolívia',177184529),
(2022,'Março','Botsuana',280),
(2022,'Março','Brasil',24955528),
(2022,'Março','Bulgária',6081692),
(2022,'Março','Butão',53347),
(2022,'Março','Bélgica',305010142),
(2022,'Março','Bósnia-Herzegovina',301174),
(2022,'Março','Camarões',155),
(2022,'Março','Camboja',5915615),
(2022,'Março','Canadá',261678628),
(2022,'Março','Catar',150604881),
(2022,'Março','Cayman, Ilhas',1426334),
(2022,'Março','Cazaquistão',9688216),
(2022,'Março','Chile',391206305),
(2022,'Março','China',5045328990),
(2022,'Março','Chipre',45037),
(2022,'Março','Cocos (Keeling), Ilhas',2859),
(2022,'Março','Colômbia',208843679),
(2022,'Março','Comores',278),
(2022,'Março','Congo, República Democrática',1423911),
(2022,'Março','Coreia do Sul',615241604),
(2022,'Março','Costa Rica',8420631),
(2022,'Março','Costa do Marfim',10286778),
(2022,'Março','Coveite (Kuweit)',266496),
(2022,'Março','Croácia',643732),
(2022,'Março','Cuba',90077),
(2022,'Março','Curaçao',23444),
(2022,'Março','Dinamarca',116131754),
(2022,'Março','Dominica',1672),
(2022,'Março','Egito',26562007),
(2022,'Março','El Salvador',514124),
(2022,'Março','Emirados Árabes Unidos',246273274),
(2022,'Março','Equador',6472980),
(2022,'Março','Eslováquia',28223603),
(2022,'Março','Eslovênia',9573578),
(2022,'Março','Espanha',304439452),
(2022,'Março','Estados Unidos',3811281725),
(2022,'Março','Estônia',3702740),
(2022,'Março','Etiópia',15614),
(2022,'Março','Falkland (Malvinas)',10),
(2022,'Março','Fiji',3571),
(2022,'Março','Filipinas',29459016),
(2022,'Março','Finlândia',186281503),
(2022,'Março','França',403775422),
(2022,'Março','Gabão',3233),
(2022,'Março','Gana',609160),
(2022,'Março','Geórgia',328287),
(2022,'Março','Gibraltar',442),
(2022,'Março','Grécia',6431858),
(2022,'Março','Guatemala',5398941),
(2022,'Março','Guernsey',60),
(2022,'Março','Guiana',73657953),
(2022,'Março','Haiti',73652),
(2022,'Março','Honduras',2494089),
(2022,'Março','Hong Kong',61125818),
(2022,'Março','Hungria',34554340),
(2022,'Março','Indonésia',112947456),
(2022,'Março','Irlanda',56242555),
(2022,'Março','Irã',575237),
(2022,'Março','Islândia',875414),
(2022,'Março','Israel',112748840),
(2022,'Março','Itália',527408454),
(2022,'Março','Iêmen',18),
(2022,'Março','Jamaica',13620),
(2022,'Março','Japão',405471407),
(2022,'Março','Jordânia',153455),
(2022,'Março','Laos',279594),
(2022,'Março','Lesoto',2928),
(2022,'Março','Letônia',1796183),
(2022,'Março','Liechtenstein',1789212),
(2022,'Março','Lituânia',2741505),
(2022,'Março','Luxemburgo',4056454),
(2022,'Março','Líbano',149123),
(2022,'Março','Macau',1479787),
(2022,'Março','Macedônia',1907026),
(2022,'Março','Madagascar',69855),
(2022,'Março','Malavi',81652),
(2022,'Março','Mali',49154),
(2022,'Março','Malta',1173955),
(2022,'Março','Malásia',137449277),
(2022,'Março','Marrocos',99332332),
(2022,'Março','Martinica',75),
(2022,'Março','Maurício',32786),
(2022,'Março','Mayotte',10050),
(2022,'Março','Mianmar',973554),
(2022,'Março','Moldávia',50941),
(2022,'Março','Montenegro',74),
(2022,'Março','México',409822909),
(2022,'Março','Mônaco',398936),
(2022,'Março','Namíbia',5366),
(2022,'Março','Nepal',134103),
(2022,'Março','Nicarágua',630729),
(2022,'Março','Nigéria',188994631),
(2022,'Março','Niue',45276),
(2022,'Março','Noruega',76015380),
(2022,'Março','Nova Caledônia',24),
(2022,'Março','Nova Zelândia',10277192),
(2022,'Março','Níger',396),
(2022,'Março','Omã',42335583),
(2022,'Março','Panamá',1558008),
(2022,'Março','Papua Nova Guiné',16329),
(2022,'Março','Paquistão',13374808),
(2022,'Março','Paraguai',317796945),
(2022,'Março','Países Baixos (Holanda)',193558224),
(2022,'Março','Peru',115355223),
(2022,'Março','Polinésia Francesa',320),
(2022,'Março','Polônia',77739398),
(2022,'Março','Porto Rico',56065052),
(2022,'Março','Portugal',91280628),
(2022,'Março','Quênia',136390),
(2022,'Março','Reino Unido',220063805),
(2022,'Março','República Dominicana',2803927),
(2022,'Março','Reunião',244),
(2022,'Março','Romênia',32308469),
(2022,'Março','Rússia',565229201),
(2022,'Março','Salomão, Ilhas',4366),
(2022,'Março','Samoa',283464),
(2022,'Março','Samoa Americana',137),
(2022,'Março','San Marino',1290683),
(2022,'Março','Seicheles',165),
(2022,'Março','Senegal',79966),
(2022,'Março','Serra Leoa',28290),
(2022,'Março','Singapura',76377364),
(2022,'Março','Sri Lanka',8958064),
(2022,'Março','Suazilândia',728),
(2022,'Março','Sudão',4605),
(2022,'Março','Suriname',203),
(2022,'Março','Suécia',272340054),
(2022,'Março','Suíça',194654357),
(2022,'Março','São Cristóvão e Névis',833),
(2022,'Março','Sérvia',3225297),
(2022,'Março','Tadjiquistão',1034730),
(2022,'Março','Tailândia',208147633),
(2022,'Março','Taiwan (Formosa)',267410367),
(2022,'Março','Tcheca, República',44829752),
(2022,'Março','Território Britânico do Oceano Índico',576),
(2022,'Março','Togo',38454670),
(2022,'Março','Toquelau',76354),
(2022,'Março','Trinidad e Tobago',52850450),
(2022,'Março','Tunísia',8187334),
(2022,'Março','Turcomenistão',9821308),
(2022,'Março','Turquia',104145320),
(2022,'Março','Tuvalu',73),
(2022,'Março','Ucrânia',6026559),
(2022,'Março','Uganda',9500),
(2022,'Março','Uruguai',149944637),
(2022,'Março','Uzbequistão',100032),
(2022,'Março','Venezuela',27155634),
(2022,'Março','Vietnã',272267296),
(2022,'Março','Virgens, Ilhas (Americanas)',25818),
(2022,'Março','Virgens, Ilhas (Britânicas)',96292),
(2022,'Março','Zimbábue',15868),
(2022,'Março','Zâmbia',173012),
(2022,'Março','África do Sul',71235332),
(2022,'Março','Áustria',142534358),
(2022,'Março','Índia',609916550),
(2022,'Fevereiro','Afeganistão',17748),
(2022,'Fevereiro','Aland, Ilhas',13115),
(2022,'Fevereiro','Albânia',38344),
(2022,'Fevereiro','Alemanha',793443681),
(2022,'Fevereiro','Andorra',4759),
(2022,'Fevereiro','Angola',34234),
(2022,'Fevereiro','Anguilla',5500),
(2022,'Fevereiro','Argentina',792202346),
(2022,'Fevereiro','Argélia',64677780),
(2022,'Fevereiro','Armênia',7182),
(2022,'Fevereiro','Arábia Saudita',212501250),
(2022,'Fevereiro','Austrália',215733458),
(2022,'Fevereiro','Azerbaijão',145534),
(2022,'Fevereiro','Bahamas',96),
(2022,'Fevereiro','Bangladesh',12937640),
(2022,'Fevereiro','Barbados',30669),
(2022,'Fevereiro','Barein',51212974),
(2022,'Fevereiro','Belarus',54200619),
(2022,'Fevereiro','Benin',38),
(2022,'Fevereiro','Bermudas',10298),
(2022,'Fevereiro','Bolívia',166200357),
(2022,'Fevereiro','Botsuana',4385),
(2022,'Fevereiro','Brasil',24217888),
(2022,'Fevereiro','Brunei',138),
(2022,'Fevereiro','Bulgária',6197154),
(2022,'Fevereiro','Burundi',4),
(2022,'Fevereiro','Butão',98941),
(2022,'Fevereiro','Bélgica',417790918),
(2022,'Fevereiro','Bósnia-Herzegovina',236047),
(2022,'Fevereiro','Cabo Verde',1),
(2022,'Fevereiro','Camarões',46062),
(2022,'Fevereiro','Camboja',3346032),
(2022,'Fevereiro','Canadá',333416285),
(2022,'Fevereiro','Catar',118044395),
(2022,'Fevereiro','Cayman, Ilhas',401209),
(2022,'Fevereiro','Cazaquistão',9192021),
(2022,'Fevereiro','Chade',71328),
(2022,'Fevereiro','Chile',392518244),
(2022,'Fevereiro','China',4547220250),
(2022,'Fevereiro','Chipre',50661),
(2022,'Fevereiro','Colômbia',154993405),
(2022,'Fevereiro','Comores',1433),
(2022,'Fevereiro','Congo',84524405),
(2022,'Fevereiro','Congo, República Democrática',202181),
(2022,'Fevereiro','Coreia do Sul',513310722),
(2022,'Fevereiro','Costa Rica',10590092),
(2022,'Fevereiro','Costa do Marfim',2204823),
(2022,'Fevereiro','Coveite (Kuweit)',25396314),
(2022,'Fevereiro','Croácia',506800),
(2022,'Fevereiro','Cuba',373431),
(2022,'Fevereiro','Curaçao',4636),
(2022,'Fevereiro','Dinamarca',64085061),
(2022,'Fevereiro','Djibuti',1618),
(2022,'Fevereiro','Dominica',174),
(2022,'Fevereiro','Egito',41254892),
(2022,'Fevereiro','El Salvador',491754),
(2022,'Fevereiro','Emirados Árabes Unidos',21820033),
(2022,'Fevereiro','Equador',8617245),
(2022,'Fevereiro','Eslováquia',18828311),
(2022,'Fevereiro','Eslovênia',6972349),
(2022,'Fevereiro','Espanha',237354064),
(2022,'Fevereiro','Estados Unidos',3539471182),
(2022,'Fevereiro','Estônia',3247055),
(2022,'Fevereiro','Etiópia',20692),
(2022,'Fevereiro','Filipinas',22868623),
(2022,'Fevereiro','Finlândia',185610977),
(2022,'Fevereiro','França',406022484),
(2022,'Fevereiro','Gana',319659),
(2022,'Fevereiro','Geórgia',39475),
(2022,'Fevereiro','Grécia',2234410),
(2022,'Fevereiro','Guatemala',2880876),
(2022,'Fevereiro','Guiné-Bissau',118340),
(2022,'Fevereiro','Haiti',38395),
(2022,'Fevereiro','Honduras',2728622),
(2022,'Fevereiro','Hong Kong',64272775),
(2022,'Fevereiro','Hungria',34136554),
(2022,'Fevereiro','Indonésia',138118370),
(2022,'Fevereiro','Irlanda',46470824),
(2022,'Fevereiro','Irã',22827055),
(2022,'Fevereiro','Islândia',1667260),
(2022,'Fevereiro','Israel',73622541),
(2022,'Fevereiro','Itália',422733377),
(2022,'Fevereiro','Jamaica',343),
(2022,'Fevereiro','Japão',413374580),
(2022,'Fevereiro','Jordânia',574530),
(2022,'Fevereiro','Laos',147580),
(2022,'Fevereiro','Lesoto',403),
(2022,'Fevereiro','Letônia',1262858),
(2022,'Fevereiro','Liechtenstein',1208086),
(2022,'Fevereiro','Lituânia',7217040),
(2022,'Fevereiro','Luxemburgo',2487056),
(2022,'Fevereiro','Líbano',164340),
(2022,'Fevereiro','Macau',1598523),
(2022,'Fevereiro','Macedônia',2378357),
(2022,'Fevereiro','Madagascar',732756),
(2022,'Fevereiro','Malavi',335428),
(2022,'Fevereiro','Mali',46784),
(2022,'Fevereiro','Malta',1554699),
(2022,'Fevereiro','Malásia',111095490),
(2022,'Fevereiro','Marianas do Norte, Ilhas',72),
(2022,'Fevereiro','Marrocos',64032534),
(2022,'Fevereiro','Marshall, Ilhas',820),
(2022,'Fevereiro','Maurício',76854),
(2022,'Fevereiro','Mianmar',422638),
(2022,'Fevereiro','Micronésia',159),
(2022,'Fevereiro','Moldávia',252197),
(2022,'Fevereiro','Moçambique',902795),
(2022,'Fevereiro','México',282738951),
(2022,'Fevereiro','Mônaco',269451),
(2022,'Fevereiro','Namíbia',3476),
(2022,'Fevereiro','Nepal',14278),
(2022,'Fevereiro','Nicarágua',148072),
(2022,'Fevereiro','Nigéria',77786058),
(2022,'Fevereiro','Niue',184672),
(2022,'Fevereiro','Noruega',77085296),
(2022,'Fevereiro','Nova Caledônia',824),
(2022,'Fevereiro','Nova Zelândia',4931597),
(2022,'Fevereiro','Omã',117060687),
(2022,'Fevereiro','Pacífico, Ilhas do (EUA)',14774),
(2022,'Fevereiro','Palestina',126877),
(2022,'Fevereiro','Panamá',272378),
(2022,'Fevereiro','Paquistão',9496313),
(2022,'Fevereiro','Paraguai',222516776),
(2022,'Fevereiro','Países Baixos (Holanda)',135160984),
(2022,'Fevereiro','Peru',111435271),
(2022,'Fevereiro','Polinésia Francesa',43),
(2022,'Fevereiro','Polônia',59390670),
(2022,'Fevereiro','Porto Rico',25250518),
(2022,'Fevereiro','Portugal',53796219),
(2022,'Fevereiro','Quênia',1363),
(2022,'Fevereiro','Reino Unido',183543454),
(2022,'Fevereiro','República Centro-Africana',1285),
(2022,'Fevereiro','República Dominicana',1996384),
(2022,'Fevereiro','Reunião',10),
(2022,'Fevereiro','Romênia',22428712),
(2022,'Fevereiro','Rússia',485307955),
(2022,'Fevereiro','Samoa',315838),
(2022,'Fevereiro','San Marino',1295219),
(2022,'Fevereiro','Seicheles',9423),
(2022,'Fevereiro','Senegal',1779),
(2022,'Fevereiro','Serra Leoa',32733),
(2022,'Fevereiro','Singapura',57080074),
(2022,'Fevereiro','Somália',1861),
(2022,'Fevereiro','Sri Lanka',6441869),
(2022,'Fevereiro','Suazilândia',572),
(2022,'Fevereiro','Suécia',105561664),
(2022,'Fevereiro','Suíça',165079533),
(2022,'Fevereiro','São Cristóvão e Névis',833),
(2022,'Fevereiro','Sérvia',1990763),
(2022,'Fevereiro','Síria',3708),
(2022,'Fevereiro','Tadjiquistão',1137728),
(2022,'Fevereiro','Tailândia',170863035),
(2022,'Fevereiro','Taiwan (Formosa)',218076414),
(2022,'Fevereiro','Tcheca, República',51598829),
(2022,'Fevereiro','Togo',6943598),
(2022,'Fevereiro','Toquelau',60305),
(2022,'Fevereiro','Trinidad e Tobago',41930858),
(2022,'Fevereiro','Tunísia',3738063),
(2022,'Fevereiro','Turcomenistão',6892451),
(2022,'Fevereiro','Turquia',90438666),
(2022,'Fevereiro','Ucrânia',4966017),
(2022,'Fevereiro','Uruguai',123646487),
(2022,'Fevereiro','Uzbequistão',1339),
(2022,'Fevereiro','Venezuela',37649251),
(2022,'Fevereiro','Vietnã',217524027),
(2022,'Fevereiro','Virgens, Ilhas (Americanas)',5),
(2022,'Fevereiro','Virgens, Ilhas (Britânicas)',4211),
(2022,'Fevereiro','Zâmbia',139634),
(2022,'Fevereiro','África do Sul',45677931),
(2022,'Fevereiro','Áustria',78621476),
(2022,'Fevereiro','Índia',588223301),
(2022,'Janeiro','Afeganistão',10268),
(2022,'Janeiro','Aland, Ilhas',2150),
(2022,'Janeiro','Albânia',86808),
(2022,'Janeiro','Alemanha',859264547),
(2022,'Janeiro','Andorra',589),
(2022,'Janeiro','Angola',20593418),
(2022,'Janeiro','Anguilla',2860),
(2022,'Janeiro','Argentina',795852598),
(2022,'Janeiro','Argélia',51346673),
(2022,'Janeiro','Armênia',20395),
(2022,'Janeiro','Arábia Saudita',324837622),
(2022,'Janeiro','Austrália',257450739),
(2022,'Janeiro','Azerbaijão',3001932),
(2022,'Janeiro','Bangladesh',10992476),
(2022,'Janeiro','Barbados',55095),
(2022,'Janeiro','Barein',7190084),
(2022,'Janeiro','Belarus',51688021),
(2022,'Janeiro','Belize',30),
(2022,'Janeiro','Benin',130),
(2022,'Janeiro','Bermudas',141032),
(2022,'Janeiro','Bolívia',139539010),
(2022,'Janeiro','Bonaire, Saint Eustatius e Saba',636),
(2022,'Janeiro','Brasil',22412697),
(2022,'Janeiro','Bulgária',8759125),
(2022,'Janeiro','Burkina Faso',62718),
(2022,'Janeiro','Burundi',30),
(2022,'Janeiro','Butão',12964),
(2022,'Janeiro','Bélgica',231320437),
(2022,'Janeiro','Bósnia-Herzegovina',492364),
(2022,'Janeiro','Cabo Verde',2056),
(2022,'Janeiro','Camarões',1125),
(2022,'Janeiro','Camboja',3891815),
(2022,'Janeiro','Canadá',164552349),
(2022,'Janeiro','Catar',92798634),
(2022,'Janeiro','Cayman, Ilhas',183626),
(2022,'Janeiro','Cazaquistão',4448321),
(2022,'Janeiro','Chile',358286354),
(2022,'Janeiro','China',5115837864),
(2022,'Janeiro','Chipre',150905),
(2022,'Janeiro','Colômbia',200513352),
(2022,'Janeiro','Congo',81574282),
(2022,'Janeiro','Congo, República Democrática',847164),
(2022,'Janeiro','Coreia do Sul',472047804),
(2022,'Janeiro','Costa Rica',6724064),
(2022,'Janeiro','Costa do Marfim',3081742),
(2022,'Janeiro','Coveite (Kuweit)',2137548),
(2022,'Janeiro','Croácia',2419207),
(2022,'Janeiro','Cuba',10100),
(2022,'Janeiro','Curaçao',37977),
(2022,'Janeiro','Dinamarca',121030822),
(2022,'Janeiro','Dominica',910),
(2022,'Janeiro','Egito',25623764),
(2022,'Janeiro','El Salvador',782176),
(2022,'Janeiro','Emirados Árabes Unidos',150115570),
(2022,'Janeiro','Equador',9191269),
(2022,'Janeiro','Eslováquia',16320025),
(2022,'Janeiro','Eslovênia',6029581),
(2022,'Janeiro','Espanha',243388492),
(2022,'Janeiro','Estados Unidos',4082911422),
(2022,'Janeiro','Estônia',2492405),
(2022,'Janeiro','Etiópia',138324),
(2022,'Janeiro','Faroe, Ilhas',34),
(2022,'Janeiro','Filipinas',23719956),
(2022,'Janeiro','Finlândia',50327481),
(2022,'Janeiro','França',324628472),
(2022,'Janeiro','Gana',522388),
(2022,'Janeiro','Geórgia',244813),
(2022,'Janeiro','Grécia',2332849),
(2022,'Janeiro','Guatemala',5696734),
(2022,'Janeiro','Guiana',87177677),
(2022,'Janeiro','Guiné',42),
(2022,'Janeiro','Gâmbia',218),
(2022,'Janeiro','Haiti',126416),
(2022,'Janeiro','Honduras',3155964),
(2022,'Janeiro','Hong Kong',81515254),
(2022,'Janeiro','Hungria',31315813),
(2022,'Janeiro','Indonésia',130924406),
(2022,'Janeiro','Irlanda',42846245),
(2022,'Janeiro','Irã',1117057),
(2022,'Janeiro','Islândia',1289860),
(2022,'Janeiro','Israel',103052170),
(2022,'Janeiro','Itália',344088376),
(2022,'Janeiro','Jamaica',11032),
(2022,'Janeiro','Japão',388631579),
(2022,'Janeiro','Jersey',7),
(2022,'Janeiro','Jordânia',677703),
(2022,'Janeiro','Kiribati',6101),
(2022,'Janeiro','Laos',187695),
(2022,'Janeiro','Lesoto',302),
(2022,'Janeiro','Letônia',1273972),
(2022,'Janeiro','Liechtenstein',1492717),
(2022,'Janeiro','Lituânia',1852127),
(2022,'Janeiro','Luxemburgo',2739883),
(2022,'Janeiro','Líbano',128648),
(2022,'Janeiro','Macau',1211437),
(2022,'Janeiro','Macedônia',1573860),
(2022,'Janeiro','Madagascar',86775),
(2022,'Janeiro','Mali',27335),
(2022,'Janeiro','Malta',2901205),
(2022,'Janeiro','Malásia',109955729),
(2022,'Janeiro','Marrocos',60203380),
(2022,'Janeiro','Maurício',15488),
(2022,'Janeiro','Mianmar',500150),
(2022,'Janeiro','Moldávia',84981),
(2022,'Janeiro','Mongólia',47257),
(2022,'Janeiro','Moçambique',298),
(2022,'Janeiro','México',305867852),
(2022,'Janeiro','Mônaco',515856),
(2022,'Janeiro','Namíbia',1860),
(2022,'Janeiro','Nepal',5599),
(2022,'Janeiro','Nicarágua',329869),
(2022,'Janeiro','Nigéria',116944052),
(2022,'Janeiro','Niue',27029),
(2022,'Janeiro','Noruega',67906176),
(2022,'Janeiro','Nova Zelândia',5186463),
(2022,'Janeiro','Níger',21712),
(2022,'Janeiro','Omã',53646679),
(2022,'Janeiro','Pacífico, Ilhas do (EUA)',61034),
(2022,'Janeiro','Panamá',1237963),
(2022,'Janeiro','Papua Nova Guiné',21327),
(2022,'Janeiro','Paquistão',6944675),
(2022,'Janeiro','Paraguai',204033850),
(2022,'Janeiro','Países Baixos (Holanda)',248387503),
(2022,'Janeiro','Peru',84817163),
(2022,'Janeiro','Polinésia Francesa',4400),
(2022,'Janeiro','Polônia',79555219),
(2022,'Janeiro','Porto Rico',17351626),
(2022,'Janeiro','Portugal',58058180),
(2022,'Janeiro','Quirguistão',64),
(2022,'Janeiro','Quênia',252356),
(2022,'Janeiro','Reino Unido',175424729),
(2022,'Janeiro','República Centro-Africana',56478),
(2022,'Janeiro','República Dominicana',984225),
(2022,'Janeiro','Reunião',287),
(2022,'Janeiro','Romênia',18993393),
(2022,'Janeiro','Ruanda',355),
(2022,'Janeiro','Rússia',529983810),
(2022,'Janeiro','Salomão, Ilhas',3687),
(2022,'Janeiro','Samoa',71681),
(2022,'Janeiro','Samoa Americana',401),
(2022,'Janeiro','San Marino',1533757),
(2022,'Janeiro','Seicheles',29030),
(2022,'Janeiro','Senegal',228029),
(2022,'Janeiro','Serra Leoa',13720),
(2022,'Janeiro','Singapura',61209891),
(2022,'Janeiro','Somália',31179),
(2022,'Janeiro','Sri Lanka',4770389),
(2022,'Janeiro','Suazilândia',9369),
(2022,'Janeiro','Suriname',9),
(2022,'Janeiro','Suécia',125991629),
(2022,'Janeiro','Suíça',170919569),
(2022,'Janeiro','São Cristóvão e Névis',236),
(2022,'Janeiro','Sérvia',1615463),
(2022,'Janeiro','Tadjiquistão',5190521),
(2022,'Janeiro','Tailândia',149798533),
(2022,'Janeiro','Taiwan (Formosa)',248385811),
(2022,'Janeiro','Tanzânia',67),
(2022,'Janeiro','Tcheca, República',44829956),
(2022,'Janeiro','Toquelau',124767),
(2022,'Janeiro','Trinidad e Tobago',55669708),
(2022,'Janeiro','Tunísia',4538757),
(2022,'Janeiro','Turquia',89437778),
(2022,'Janeiro','Ucrânia',7372638),
(2022,'Janeiro','Uganda',384),
(2022,'Janeiro','Uruguai',154248152),
(2022,'Janeiro','Uzbequistão',3610),
(2022,'Janeiro','Venezuela',17924803),
(2022,'Janeiro','Vietnã',262365670),
(2022,'Janeiro','Virgens, Ilhas (Americanas)',240),
(2022,'Janeiro','Virgens, Ilhas (Britânicas)',69399),
(2022,'Janeiro','Zimbábue',77062),
(2022,'Janeiro','Zâmbia',201837),
(2022,'Janeiro','África do Sul',58576816),
(2022,'Janeiro','Áustria',68013830),
(2022,'Janeiro','Índia',568756350)