year,month,country_name,usd_value
2026,Abril,Afeganistão,17220
2026,Abril,Albânia,12767309
2026,Abril,Alemanha,631464735
2026,Abril,Angola,35189877
2026,Abril,Anguilla,53285
2026,Abril,Antártica,615
2026,Abril,Antígua e Barbuda,2564074
2026,Abril,Argentina,1266538951
2026,Abril,Argélia,283548223
2026,Abril,Armênia,944481
2026,Abril,Aruba,4820358
2026,Abril,Arábia Saudita,209881899
2026,Abril,Austrália,57816467
2026,Abril,Azerbaijão,3896585
2026,Abril,Bahamas,25199519
2026,Abril,Bangladesh,286354633
2026,Abril,Barbados,2677039
2026,Abril,Barein,4368592
2026,Abril,Belarus,998325
2026,Abril,Belize,1860134
2026,Abril,Benin,11662673
2026,Abril,Bermudas,2934332
2026,Abril,Bolívia,125282667
2026,Abril,Bonaire Saint Eustatius e Saba,280305
2026,Abril,Botsuana,74725
2026,Abril,Brasil,5062883
2026,Abril,Brunei,87033
2026,Abril,Bulgária,155502283
2026,Abril,Burkina Faso,459892
2026,Abril,Bélgica,306509274
2026,Abril,Bósnia-Herzegovina,290488
2026,Abril,Cabo Verde,3833398
2026,Abril,Camarões,1642638
2026,Abril,Camboja,4188269
2026,Abril,Canadá,615007713
2026,Abril,Catar,19591155
2026,Abril,Cayman Ilhas,1488933
2026,Abril,Cazaquistão,6039153
2026,Abril,Chade,920838
2026,Abril,Chile,499464066
2026,Abril,China,11729731999
2026,Abril,Chipre,8286032
2026,Abril,Colômbia,390589842
2026,Abril,Comores,286250
2026,Abril,Congo,9618347
2026,Abril,Congo República Democrática,22216473
2026,Abril,Coreia do Sul,504721675
2026,Abril,Costa Rica,34343829
2026,Abril,Costa do Marfim,16578748
2026,Abril,Coveite (Kuweit),13867264
2026,Abril,Croácia,3640628
2026,Abril,Cuba,27678465
2026,Abril,Curaçao,5602572
2026,Abril,Dinamarca,41675790
2026,Abril,Djibuti,807128
2026,Abril,Dominica,509971
2026,Abril,Egito,243755856
2026,Abril,El Salvador,14992077
2026,Abril,Emirados Árabes Unidos,159981353
2026,Abril,Equador,96173571
2026,Abril,Eslováquia,2318169
2026,Abril,Eslovênia,17122945
2026,Abril,Espanha,823897028
2026,Abril,Estados Unidos,3159151009
2026,Abril,Estônia,13801249
2026,Abril,Etiópia,2621959
2026,Abril,Faroe Ilhas,1855
2026,Abril,Fiji,39299
2026,Abril,Filipinas,215486124
2026,Abril,Finlândia,59822966
2026,Abril,França,353253000
2026,Abril,Gabão,4526197
2026,Abril,Gana,27032284
2026,Abril,Geórgia,37097468
2026,Abril,Geórgia do Sul e Sandwich do Sul Ilhas,5026
2026,Abril,Gibraltar,83678
2026,Abril,Granada,2202108
2026,Abril,Groenlândia,15223
2026,Abril,Grécia,52333987
2026,Abril,Guadalupe,857364
2026,Abril,Guam,15462
2026,Abril,Guatemala,31957048
2026,Abril,Guiana,35791660
2026,Abril,Guiana Francesa,1670336
2026,Abril,Guiné,23053114
2026,Abril,Guiné Equatorial,2514622
2026,Abril,Guiné-Bissau,429752
2026,Abril,Gâmbia,26077504
2026,Abril,Haiti,7825888
2026,Abril,Heard e ilhas mcdonald Ilha,692269
2026,Abril,Honduras,18382503
2026,Abril,Hong Kong,118160751
2026,Abril,Hungria,3548975
2026,Abril,Ilha de Man,945123
2026,Abril,Indonésia,525024553
2026,Abril,Iraque,71050725
2026,Abril,Irlanda,19667870
2026,Abril,Irã,341649140
2026,Abril,Islândia,20721538
2026,Abril,Israel,49459784
2026,Abril,Itália,584107482
2026,Abril,Iêmen,16935316
2026,Abril,Jamaica,9996974
2026,Abril,Japão,561592474
2026,Abril,Jordânia,45153133
2026,Abril,Laos,1207778
2026,Abril,Lesoto,2849
2026,Abril,Letônia,9341933
2026,Abril,Libéria,58344439
2026,Abril,Liechtenstein,4512619
2026,Abril,Lituânia,2979986
2026,Abril,Luxemburgo,4880556
2026,Abril,Líbano,54570352
2026,Abril,Líbia,35126659
2026,Abril,Macau,130905
2026,Abril,Macedônia,3345341
2026,Abril,Madagascar,1132227
2026,Abril,Malavi,378276
2026,Abril,Maldivas,2261291
2026,Abril,Mali,379956
2026,Abril,Malta,15439039
2026,Abril,Malásia,154401993
2026,Abril,Marrocos,50416943
2026,Abril,Marshall Ilhas,36161229
2026,Abril,Martinica,545757
2026,Abril,Mauritânia,15056789
2026,Abril,Maurício,5281049
2026,Abril,Mayotte,178296
2026,Abril,Mianmar,417238
2026,Abril,Micronésia,28706
2026,Abril,Moldávia,58783
2026,Abril,Mongólia,340004
2026,Abril,Montenegro,6050705
2026,Abril,Montserrat,20161
2026,Abril,Moçambique,1496831
2026,Abril,México,744352662
2026,Abril,Mônaco,585
2026,Abril,Namíbia,3328436
2026,Abril,Nepal,301114
2026,Abril,Nicarágua,6236657
2026,Abril,Nigéria,28660473
2026,Abril,Noruega,116845441
2026,Abril,Nova Caledônia,1921833
2026,Abril,Nova Zelândia,7723090
2026,Abril,Níger,109020
2026,Abril,Omã,50242520
2026,Abril,Palau,25849
2026,Abril,Palestina,4808845
2026,Abril,Panamá,240797778
2026,Abril,Papua Nova Guiné,617231
2026,Abril,Paquistão,255608940
2026,Abril,Paraguai,318952054
2026,Abril,Países Baixos (Holanda),1095367169
2026,Abril,Peru,283659752
2026,Abril,Polinésia Francesa,748030
2026,Abril,Polônia,247374484
2026,Abril,Porto Rico,20467736
2026,Abril,Portugal,96739848
2026,Abril,Quirguistão,92420
2026,Abril,Quênia,6142967
2026,Abril,Reino Unido,311014172
2026,Abril,República Centro-Africana,536232
2026,Abril,República Dominicana,55912299
2026,Abril,Reunião,359810
2026,Abril,Romênia,3817209
2026,Abril,Ruanda,36925
2026,Abril,Rússia,105505357
2026,Abril,Salomão Ilhas,119485
2026,Abril,Samoa,417363
2026,Abril,San Marino,31555
2026,Abril,Santa Lúcia,1074506
2026,Abril,Seicheles,1248404
2026,Abril,Senegal,21155187
2026,Abril,Serra Leoa,4413380
2026,Abril,Singapura,1130657400
2026,Abril,Sint Maarten,1430371
2026,Abril,Somália,10399914
2026,Abril,Sri Lanka,4254751
2026,Abril,Sudão,15526481
2026,Abril,Sudão do Sul,257184
2026,Abril,Suriname,5359706
2026,Abril,Suécia,60413333
2026,Abril,Suíça,324236406
2026,Abril,São Bartolomeu,77963
2026,Abril,São Cristóvão e Névis,511997
2026,Abril,São Martinho Ilha de (parte francesa),227947
2026,Abril,São Tomé e Príncipe,118260
2026,Abril,São Vicente e Granadinas,1271061
2026,Abril,Sérvia,6271806
2026,Abril,Síria,4976190
2026,Abril,Tailândia,272379187
2026,Abril,Taiwan (Formosa),206889933
2026,Abril,Tanzânia,2584989
2026,Abril,Tcheca República,11421626
2026,Abril,Território Britânico do Oceano Índico,30417
2026,Abril,Timor Leste,1199327
2026,Abril,Togo,57204440
2026,Abril,Tonga,834614
2026,Abril,Toquelau,28440
2026,Abril,Trinidad e Tobago,44595010
2026,Abril,Tunísia,26174114
2026,Abril,Turcas e Caicos Ilhas,193744
2026,Abril,Turcomenistão,301368
2026,Abril,Turquia,610361585
2026,Abril,Ucrânia,5277727
2026,Abril,Uganda,1145107
2026,Abril,Uruguai,295911293
2026,Abril,Uzbequistão,12380238
2026,Abril,Vanuatu,406296
2026,Abril,Vaticano,11648
2026,Abril,Venezuela,63320784
2026,Abril,Vietnã,406760354
2026,Abril,Virgens Ilhas (Americanas),112468
2026,Abril,Virgens Ilhas (Britânicas),240638
2026,Abril,Wallis e Futuna Ilhas,5874
2026,Abril,Zimbábue,450644
2026,Abril,Zâmbia,331508
2026,Abril,África do Sul,104596170
2026,Abril,Áustria,9889203
2026,Abril,Índia,804603074
2026,Março,Afeganistão,29068
2026,Março,Albânia,15127244
2026,Março,Alemanha,496944416
2026,Março,Andorra,66901
2026,Março,Angola,55847581
2026,Março,Anguilla,11979
2026,Março,Antígua e Barbuda,2847593
2026,Março,Argentina,1463333090
2026,Março,Argélia,208677823
2026,Março,Armênia,1202360
2026,Março,Aruba,3953183
2026,Março,Arábia Saudita,247859940
2026,Março,Austrália,77220568
2026,Março,Azerbaijão,5040012
2026,Março,Bahamas,13576401
2026,Março,Bangladesh,317227811
2026,Março,Barbados,1393040
2026,Março,Barein,18178619
2026,Março,Belarus,902376
2026,Março,Belize,475728
2026,Março,Benin,9844823
2026,Março,Bermudas,865090
2026,Março,Bolívia,123630419
2026,Março,Bonaire Saint Eustatius e Saba,230200
2026,Março,Brasil,18694163
2026,Março,Brunei,86408
2026,Março,Bulgária,7436734
2026,Março,Burkina Faso,7995418
2026,Março,Burundi,1017058
2026,Março,Bélgica,342199696
2026,Março,Bósnia-Herzegovina,740965
2026,Março,Cabo Verde,4247765
2026,Março,Camarões,12811735
2026,Março,Camboja,3467783
2026,Março,Canadá,645606980
2026,Março,Catar,25291092
2026,Março,Cayman Ilhas,1578653
2026,Março,Cazaquistão,10866571
2026,Março,Chade,1808825
2026,Março,Chile,675280306
2026,Março,China,10579498164
2026,Março,Chipre,8540807
2026,Março,Colômbia,359116662
2026,Março,Comores,532864
2026,Março,Congo,11268734
2026,Março,Congo República Democrática,19723122
2026,Março,Coreia do Sul,355420082
2026,Março,Costa Rica,22989603
2026,Março,Costa do Marfim,13875214
2026,Março,Coveite (Kuweit),13249501
2026,Março,Croácia,14651103
2026,Março,Cuba,19188733
2026,Março,Curaçao,5053770
2026,Março,Dinamarca,45750721
2026,Março,Djibuti,1068103
2026,Março,Dominica,251706
2026,Março,Egito,462358002
2026,Março,El Salvador,25919574
2026,Março,Emirados Árabes Unidos,204666740
2026,Março,Equador,105446906
2026,Março,Eslováquia,2142074
2026,Março,Eslovênia,51190439
2026,Março,Espanha,842282220
2026,Março,Estados Unidos,2859527152
2026,Março,Estônia,6978592
2026,Março,Etiópia,4068571
2026,Março,Faroe Ilhas,41810
2026,Março,Fiji,54951
2026,Março,Filipinas,212214724
2026,Março,Finlândia,22561797
2026,Março,França,261212948
2026,Março,Gabão,7026620
2026,Março,Gana,36285859
2026,Março,Geórgia,29647636
2026,Março,Gibraltar,203574
2026,Março,Granada,1091997
2026,Março,Grécia,62292399
2026,Março,Guadalupe,301264
2026,Março,Guam,37733
2026,Março,Guatemala,33887066
2026,Março,Guiana,16889232
2026,Março,Guiana Francesa,658280
2026,Março,Guiné,13122680
2026,Março,Guiné Equatorial,3257263
2026,Março,Guiné-Bissau,876203
2026,Março,Gâmbia,16233491
2026,Março,Haiti,5908947
2026,Março,Honduras,14336104
2026,Março,Hong Kong,116667845
2026,Março,Hungria,3407316
2026,Março,Ilha de Man,1010436
2026,Março,Indonésia,358884269
2026,Março,Iraque,43264464
2026,Março,Irlanda,18870668
2026,Março,Irã,122606665
2026,Março,Islândia,11132096
2026,Março,Israel,47918293
2026,Março,Itália,459732472
2026,Março,Iêmen,34824409
2026,Março,Jamaica,7608352
2026,Março,Japão,505128919
2026,Março,Jordânia,27760450
2026,Março,Laos,995006
2026,Março,Letônia,13038842
2026,Março,Libéria,37394103
2026,Março,Liechtenstein,305270
2026,Março,Lituânia,3196743
2026,Março,Luxemburgo,81723817
2026,Março,Líbano,45118097
2026,Março,Líbia,23722780
2026,Março,Macau,427881
2026,Março,Macedônia,1668752
2026,Março,Madagascar,838633
2026,Março,Malavi,351786
2026,Março,Maldivas,3067390
2026,Março,Mali,313678
2026,Março,Malta,10434490
2026,Março,Malásia,129029054
2026,Março,Marrocos,36994810
2026,Março,Marshall Ilhas,36786789
2026,Março,Martinica,992173
2026,Março,Mauritânia,17796652
2026,Março,Maurício,3663977
2026,Março,Mayotte,594823
2026,Março,Mianmar,64050144
2026,Março,Micronésia,33111
2026,Março,Moldávia,60893
2026,Março,Mongólia,1041322
2026,Março,Montenegro,9701077
2026,Março,Montserrat,72287
2026,Março,Moçambique,13235786
2026,Março,México,734494768
2026,Março,Mônaco,23713
2026,Março,Namíbia,3232270
2026,Março,Nepal,310557
2026,Março,Nicarágua,6787413
2026,Março,Nigéria,89007791
2026,Março,Noruega,98036394
2026,Março,Nova Caledônia,894293
2026,Março,Nova Zelândia,10311550
2026,Março,Níger,79595
2026,Março,Omã,25517282
2026,Março,Pacífico Ilhas do (EUA),710825
2026,Março,Palau,44602
2026,Março,Palestina,7497630
2026,Março,Panamá,190666111
2026,Março,Papua Nova Guiné,543086
2026,Março,Paquistão,169212668
2026,Março,Paraguai,365196278
2026,Março,Países Baixos (Holanda),900021315
2026,Março,Peru,337066511
2026,Março,Pitcairn,21002
2026,Março,Polinésia Francesa,967524
2026,Março,Polônia,154740301
2026,Março,Porto Rico,8444837
2026,Março,Portugal,168481103
2026,Março,Quirguistão,106429
2026,Março,Quênia,23616473
2026,Março,Reino Unido,403988053
2026,Março,República Centro-Africana,586501
2026,Março,República Dominicana,46464152
2026,Março,Reunião,352147
2026,Março,Romênia,14769319
2026,Março,Ruanda,28932
2026,Março,Rússia,164240168
2026,Março,Salomão Ilhas,59026
2026,Março,Samoa,434804
2026,Março,Samoa Americana,304137
2026,Março,San Marino,16466
2026,Março,Santa Lúcia,526086
2026,Março,Seicheles,929038
2026,Março,Senegal,45297033
2026,Março,Serra Leoa,4487995
2026,Março,Singapura,619601604
2026,Março,Sint Maarten,1217330
2026,Março,Somália,1266154
2026,Março,Sri Lanka,5290818
2026,Março,Suazilândia,325953
2026,Março,Sudão do Sul,403165
2026,Março,Suriname,9208003
2026,Março,Suécia,133291847
2026,Março,Suíça,141701447
2026,Março,São Bartolomeu,515655
2026,Março,São Cristóvão e Névis,406495
2026,Março,São Martinho Ilha de (parte francesa),724523
2026,Março,São Tomé e Príncipe,679966
2026,Março,São Vicente e Granadinas,690480
2026,Março,Sérvia,5839172
2026,Março,Síria,1499779
2026,Março,Tadjiquistão,30861
2026,Março,Tailândia,326042812
2026,Março,Taiwan (Formosa),96436702
2026,Março,Tanzânia,3588680
2026,Março,Tcheca República,4374663
2026,Março,Território Britânico do Oceano Índico,36381
2026,Março,Timor Leste,1549041
2026,Março,Togo,52521155
2026,Março,Tonga,796975
2026,Março,Toquelau,8719
2026,Março,Trinidad e Tobago,17333550
2026,Março,Tunísia,49144170
2026,Março,Turcas e Caicos Ilhas,239835
2026,Março,Turcomenistão,1114270
2026,Março,Turquia,501427759
2026,Março,Ucrânia,7731287
2026,Março,Uganda,4779166
2026,Março,Uruguai,282490317
2026,Março,Uzbequistão,12361294
2026,Março,Vanuatu,135662
2026,Março,Venezuela,76747773
2026,Março,Vietnã,328982641
2026,Março,Virgens Ilhas (Americanas),13701
2026,Março,Virgens Ilhas (Britânicas),341870
2026,Março,Zimbábue,822423
2026,Março,Zâmbia,511897
2026,Março,África do Sul,151497889
2026,Março,Áustria,9197923
2026,Março,Índia,1042781671
2026,Fevereiro,Afeganistão,106157
2026,Fevereiro,Aland Ilhas,349
2026,Fevereiro,Albânia,11797251
2026,Fevereiro,Alemanha,680205115
2026,Fevereiro,Andorra,16766
2026,Fevereiro,Angola,40818350
2026,Fevereiro,Anguilla,7992
2026,Fevereiro,Antígua e Barbuda,2710588
2026,Fevereiro,Argentina,1051376996
2026,Fevereiro,Argélia,213652526
2026,Fevereiro,Armênia,738565
2026,Fevereiro,Aruba,2631375
2026,Fevereiro,Arábia Saudita,206828114
2026,Fevereiro,Austrália,43878765
2026,Fevereiro,Azerbaijão,2520178
2026,Fevereiro,Bahamas,12432667
2026,Fevereiro,Bangladesh,229142288
2026,Fevereiro,Barbados,2018582
2026,Fevereiro,Barein,20824186
2026,Fevereiro,Belarus,107903
2026,Fevereiro,Belize,746675
2026,Fevereiro,Benin,7838342
2026,Fevereiro,Bermudas,1339273
2026,Fevereiro,Bolívia,96424072
2026,Fevereiro,Bonaire Saint Eustatius e Saba,378701
2026,Fevereiro,Brasil,38517886
2026,Fevereiro,Bulgária,134282136
2026,Fevereiro,Burkina Faso,1097702
2026,Fevereiro,Burundi,1019250
2026,Fevereiro,Bélgica,233713033
2026,Fevereiro,Bósnia-Herzegovina,658406
2026,Fevereiro,Cabo Verde,3450885
2026,Fevereiro,Camarões,3566895
2026,Fevereiro,Camboja,3087584
2026,Fevereiro,Canadá,586349919
2026,Fevereiro,Catar,49472215
2026,Fevereiro,Cayman Ilhas,119664
2026,Fevereiro,Cazaquistão,1727124
2026,Fevereiro,Chade,687833
2026,Fevereiro,Chile,459936944
2026,Fevereiro,China,7242990173
2026,Fevereiro,Chipre,7035943
2026,Fevereiro,Colômbia,244515998
2026,Fevereiro,Comores,222455
2026,Fevereiro,Congo,8259187
2026,Fevereiro,Congo República Democrática,31633554
2026,Fevereiro,Coreia do Sul,350480632
2026,Fevereiro,Costa Rica,21795915
2026,Fevereiro,Costa do Marfim,7912565
2026,Fevereiro,Coveite (Kuweit),28644948
2026,Fevereiro,Croácia,3411411
2026,Fevereiro,Cuba,20160036
2026,Fevereiro,Curaçao,3796081
2026,Fevereiro,Dinamarca,57263012
2026,Fevereiro,Djibuti,698391
2026,Fevereiro,Dominica,141978
2026,Fevereiro,Egito,268686805
2026,Fevereiro,El Salvador,10091781
2026,Fevereiro,Emirados Árabes Unidos,321369348
2026,Fevereiro,Equador,80406950
2026,Fevereiro,Eslováquia,1532900
2026,Fevereiro,Eslovênia,11733957
2026,Fevereiro,Espanha,609415450
2026,Fevereiro,Estados Unidos,2529823738
2026,Fevereiro,Estônia,10227739
2026,Fevereiro,Etiópia,1362919
2026,Fevereiro,Faroe Ilhas,11598
2026,Fevereiro,Fiji,394684
2026,Fevereiro,Filipinas,171860677
2026,Fevereiro,Finlândia,98468792
2026,Fevereiro,França,275502649
2026,Fevereiro,Gabão,4634551
2026,Fevereiro,Gana,21107143
2026,Fevereiro,Geórgia,25915962
2026,Fevereiro,Gibraltar,420708
2026,Fevereiro,Granada,770063
2026,Fevereiro,Grécia,33235122
2026,Fevereiro,Guadalupe,573627
2026,Fevereiro,Guam,10325
2026,Fevereiro,Guatemala,21365060
2026,Fevereiro,Guiana,8818641
2026,Fevereiro,Guiana Francesa,522234
2026,Fevereiro,Guiné,9529812
2026,Fevereiro,Guiné Equatorial,3673883
2026,Fevereiro,Guiné-Bissau,398596
2026,Fevereiro,Gâmbia,20530436
2026,Fevereiro,Haiti,4843429
2026,Fevereiro,Honduras,10448331
2026,Fevereiro,Hong Kong,97660735
2026,Fevereiro,Hungria,2232551
2026,Fevereiro,Ilha de Man,2558
2026,Fevereiro,Indonésia,142474759
2026,Fevereiro,Iraque,130271722
2026,Fevereiro,Irlanda,12360806
2026,Fevereiro,Irã,80993440
2026,Fevereiro,Islândia,11431121
2026,Fevereiro,Israel,49388487
2026,Fevereiro,Itália,472154032
2026,Fevereiro,Iêmen,33080597
2026,Fevereiro,Jamaica,7686284
2026,Fevereiro,Japão,485378942
2026,Fevereiro,Jordânia,30158594
2026,Fevereiro,Laos,1376631
2026,Fevereiro,Letônia,8644650
2026,Fevereiro,Libéria,24337985
2026,Fevereiro,Liechtenstein,1668632
2026,Fevereiro,Lituânia,2194497
2026,Fevereiro,Luxemburgo,2673268
2026,Fevereiro,Líbano,44079050
2026,Fevereiro,Líbia,34331765
2026,Fevereiro,Macau,454750
2026,Fevereiro,Macedônia,2101738
2026,Fevereiro,Madagascar,224565
2026,Fevereiro,Malavi,578512
2026,Fevereiro,Maldivas,2685718
2026,Fevereiro,Mali,225759
2026,Fevereiro,Malta,7880408
2026,Fevereiro,Malásia,254389373
2026,Fevereiro,Marrocos,34690618
2026,Fevereiro,Marshall Ilhas,20444384
2026,Fevereiro,Martinica,511542
2026,Fevereiro,Mauritânia,9037203
2026,Fevereiro,Maurício,15633233
2026,Fevereiro,Mayotte,1682863
2026,Fevereiro,Mianmar,1413468
2026,Fevereiro,Micronésia,46020
2026,Fevereiro,Moldávia,37361
2026,Fevereiro,Mongólia,437397
2026,Fevereiro,Montenegro,3083169
2026,Fevereiro,Montserrat,53868
2026,Fevereiro,Moçambique,4656674
2026,Fevereiro,México,633814927
2026,Fevereiro,Mônaco,1846
2026,Fevereiro,Namíbia,2756083
2026,Fevereiro,Nepal,188706
2026,Fevereiro,Nicarágua,5369750
2026,Fevereiro,Nigéria,95060049
2026,Fevereiro,Norfolk Ilha,65022
2026,Fevereiro,Noruega,100995060
2026,Fevereiro,Nova Caledônia,1141559
2026,Fevereiro,Nova Zelândia,11218950
2026,Fevereiro,Níger,86030
2026,Fevereiro,Omã,155831491
2026,Fevereiro,Pacífico Ilhas do (EUA),84554
2026,Fevereiro,Palau,126630
2026,Fevereiro,Palestina,7114599
2026,Fevereiro,Panamá,112625012
2026,Fevereiro,Papua Nova Guiné,221602
2026,Fevereiro,Paquistão,132572958
2026,Fevereiro,Paraguai,286485467
2026,Fevereiro,Países Baixos (Holanda),933335755
2026,Fevereiro,Peru,273551796
2026,Fevereiro,Pitcairn,4254
2026,Fevereiro,Polinésia Francesa,603347
2026,Fevereiro,Polônia,203059034
2026,Fevereiro,Porto Rico,14354069
2026,Fevereiro,Portugal,315988400
2026,Fevereiro,Quirguistão,30000
2026,Fevereiro,Quênia,9907427
2026,Fevereiro,Reino Unido,393877711
2026,Fevereiro,República Centro-Africana,587515
2026,Fevereiro,República Dominicana,45002720
2026,Fevereiro,Reunião,356104
2026,Fevereiro,Romênia,22383449
2026,Fevereiro,Ruanda,67109
2026,Fevereiro,Rússia,112677352
2026,Fevereiro,Samoa,293978
2026,Fevereiro,Samoa Americana,12597
2026,Fevereiro,San Marino,16792
2026,Fevereiro,Santa Lúcia,587345
2026,Fevereiro,Seicheles,1228867
2026,Fevereiro,Senegal,28370926
2026,Fevereiro,Serra Leoa,3790293
2026,Fevereiro,Singapura,717611398
2026,Fevereiro,Sint Maarten,1367858
2026,Fevereiro,Somália,1874651
2026,Fevereiro,Sri Lanka,3726684
2026,Fevereiro,Sudão do Sul,314888
2026,Fevereiro,Suriname,3185737
2026,Fevereiro,Suécia,88463673
2026,Fevereiro,Suíça,246793208
2026,Fevereiro,São Bartolomeu,114063
2026,Fevereiro,São Cristóvão e Névis,172309
2026,Fevereiro,São Martinho Ilha de (parte francesa),24536
2026,Fevereiro,São Tomé e Príncipe,169742
2026,Fevereiro,São Vicente e Granadinas,287070
2026,Fevereiro,Sérvia,7380824
2026,Fevereiro,Síria,3351311
2026,Fevereiro,Tadjiquistão,46747
2026,Fevereiro,Tailândia,228202946
2026,Fevereiro,Taiwan (Formosa),116069210
2026,Fevereiro,Tanzânia,1894108
2026,Fevereiro,Tcheca República,8880831
2026,Fevereiro,Território Britânico do Oceano Índico,6210
2026,Fevereiro,Timor Leste,432910
2026,Fevereiro,Togo,33551563
2026,Fevereiro,Tonga,631396
2026,Fevereiro,Trinidad e Tobago,26502888
2026,Fevereiro,Tunísia,3241326
2026,Fevereiro,Turcas e Caicos Ilhas,30237
2026,Fevereiro,Turcomenistão,304711
2026,Fevereiro,Turquia,355522996
2026,Fevereiro,Ucrânia,4190189
2026,Fevereiro,Uganda,3862711
2026,Fevereiro,Uruguai,280691458
2026,Fevereiro,Uzbequistão,7776966
2026,Fevereiro,Vanuatu,412873
2026,Fevereiro,Venezuela,67833704
2026,Fevereiro,Vietnã,378041974
2026,Fevereiro,Virgens Ilhas (Americanas),5365
2026,Fevereiro,Virgens Ilhas (Britânicas),61736
2026,Fevereiro,Zimbábue,184737
2026,Fevereiro,Zâmbia,582731
2026,Fevereiro,África do Sul,80576572
2026,Fevereiro,Áustria,6652305
2026,Fevereiro,Índia,797036685
2026,Janeiro,Afeganistão,147324
2026,Janeiro,Albânia,13409571
2026,Janeiro,Alemanha,461700919
2026,Janeiro,Angola,32908033
2026,Janeiro,Anguilla,71463
2026,Janeiro,Antígua e Barbuda,1886324
2026,Janeiro,Argentina,920607135
2026,Janeiro,Argélia,194863206
2026,Janeiro,Armênia,1238299
2026,Janeiro,Aruba,2169691
2026,Janeiro,Arábia Saudita,245296592
2026,Janeiro,Austrália,40493127
2026,Janeiro,Azerbaijão,2158836
2026,Janeiro,Bahamas,65931837
2026,Janeiro,Bangladesh,216183887
2026,Janeiro,Barbados,1888167
2026,Janeiro,Barein,62864041
2026,Janeiro,Belarus,875747
2026,Janeiro,Belize,1818701
2026,Janeiro,Benin,8470378
2026,Janeiro,Bermudas,1988188
2026,Janeiro,Bolívia,92332524
2026,Janeiro,Bonaire Saint Eustatius e Saba,78043
2026,Janeiro,Botsuana,43044
2026,Janeiro,Brasil,71901468
2026,Janeiro,Brunei,81680
2026,Janeiro,Bulgária,68943415
2026,Janeiro,Burkina Faso,402146
2026,Janeiro,Burundi,37578
2026,Janeiro,Bélgica,349659343
2026,Janeiro,Bósnia-Herzegovina,815181
2026,Janeiro,Cabo Verde,5399657
2026,Janeiro,Camarões,8615928
2026,Janeiro,Camboja,2232554
2026,Janeiro,Canadá,601205001
2026,Janeiro,Catar,31956476
2026,Janeiro,Cayman Ilhas,198748
2026,Janeiro,Cazaquistão,5593513
2026,Janeiro,Chade,450935
2026,Janeiro,Chile,524190493
2026,Janeiro,China,6213672756
2026,Janeiro,Chipre,5653664
2026,Janeiro,Colômbia,297471416
2026,Janeiro,Comores,803349
2026,Janeiro,Congo,16849392
2026,Janeiro,Congo República Democrática,23840586
2026,Janeiro,Coreia do Sul,435111178
2026,Janeiro,Costa Rica,24384720
2026,Janeiro,Costa do Marfim,9316448
2026,Janeiro,Coveite (Kuweit),44845716
2026,Janeiro,Croácia,5806411
2026,Janeiro,Cuba,21882766
2026,Janeiro,Curaçao,3730385
2026,Janeiro,Dinamarca,41143416
2026,Janeiro,Djibuti,8222776
2026,Janeiro,Dominica,578667
2026,Janeiro,Egito,229695224
2026,Janeiro,El Salvador,26087936
2026,Janeiro,Emirados Árabes Unidos,600961466
2026,Janeiro,Equador,66563904
2026,Janeiro,Eslováquia,733157
2026,Janeiro,Eslovênia,50622828
2026,Janeiro,Espanha,540690881
2026,Janeiro,Estados Unidos,2373458941
2026,Janeiro,Estônia,5647463
2026,Janeiro,Etiópia,2776597
2026,Janeiro,Fiji,34919
2026,Janeiro,Filipinas,169890761
2026,Janeiro,Finlândia,92255334
2026,Janeiro,França,260535393
2026,Janeiro,Gabão,8379403
2026,Janeiro,Gana,36069244
2026,Janeiro,Geórgia,21001924
2026,Janeiro,Granada,971794
2026,Janeiro,Grécia,24471841
2026,Janeiro,Guadalupe,667046
2026,Janeiro,Guam,169969
2026,Janeiro,Guatemala,28007525
2026,Janeiro,Guiana,18772806
2026,Janeiro,Guiana Francesa,525510
2026,Janeiro,Guiné,16975572
2026,Janeiro,Guiné Equatorial,5238884
2026,Janeiro,Guiné-Bissau,1245108
2026,Janeiro,Gâmbia,17872201
2026,Janeiro,Haiti,5653052
2026,Janeiro,Honduras,23792935
2026,Janeiro,Hong Kong,97683761
2026,Janeiro,Hungria,2556562
2026,Janeiro,Ilha de Man,686648
2026,Janeiro,Indonésia,265368748
2026,Janeiro,Iraque,159850623
2026,Janeiro,Irlanda,12430636
2026,Janeiro,Irã,362309286
2026,Janeiro,Islândia,9902947
2026,Janeiro,Israel,57493404
2026,Janeiro,Itália,424151102
2026,Janeiro,Iêmen,67211418
2026,Janeiro,Jamaica,6883021
2026,Janeiro,Japão,381310170
2026,Janeiro,Jordânia,42010497
2026,Janeiro,Laos,1462492
2026,Janeiro,Letônia,9632323
2026,Janeiro,Libéria,32997083
2026,Janeiro,Liechtenstein,1031
2026,Janeiro,Lituânia,1395551
2026,Janeiro,Luxemburgo,2993924
2026,Janeiro,Líbano,23807766
2026,Janeiro,Líbia,36143807
2026,Janeiro,Macau,33910
2026,Janeiro,Macedônia,1699479
2026,Janeiro,Madagascar,579966
2026,Janeiro,Malavi,182679
2026,Janeiro,Maldivas,2471730
2026,Janeiro,Mali,118342
2026,Janeiro,Malta,13352096
2026,Janeiro,Malásia,234851008
2026,Janeiro,Marrocos,126237664
2026,Janeiro,Marshall Ilhas,16507617
2026,Janeiro,Martinica,365127
2026,Janeiro,Mauritânia,4598788
2026,Janeiro,Maurício,3362637
2026,Janeiro,Mayotte,1055577
2026,Janeiro,Mianmar,1756197
2026,Janeiro,Micronésia,35625
2026,Janeiro,Moldávia,38107
2026,Janeiro,Mongólia,585853
2026,Janeiro,Montenegro,2434310
2026,Janeiro,Montserrat,44103
2026,Janeiro,Moçambique,11089120
2026,Janeiro,México,411178650
2026,Janeiro,Mônaco,10
2026,Janeiro,Namíbia,3126610
2026,Janeiro,Nepal,197016
2026,Janeiro,Nicarágua,6291069
2026,Janeiro,Nigéria,62692661
2026,Janeiro,Norfolk Ilha,76085
2026,Janeiro,Noruega,92654537
2026,Janeiro,Nova Caledônia,1487002
2026,Janeiro,Nova Zelândia,5823053
2026,Janeiro,Níger,77137
2026,Janeiro,Omã,57773252
2026,Janeiro,Pacífico Ilhas do (EUA),22599
2026,Janeiro,Palau,163218
2026,Janeiro,Palestina,11102979
2026,Janeiro,Panamá,111943808
2026,Janeiro,Papua Nova Guiné,884885
2026,Janeiro,Paquistão,125094723
2026,Janeiro,Paraguai,261674879
2026,Janeiro,Países Baixos (Holanda),860028597
2026,Janeiro,Peru,294574173
2026,Janeiro,Pitcairn,5008
2026,Janeiro,Polinésia Francesa,412247
2026,Janeiro,Polônia,178651727
2026,Janeiro,Porto Rico,9141063
2026,Janeiro,Portugal,355028455
2026,Janeiro,Quirguistão,19189
2026,Janeiro,Quênia,9082082
2026,Janeiro,Reino Unido,276580378
2026,Janeiro,República Centro-Africana,610149
2026,Janeiro,República Dominicana,104112629
2026,Janeiro,Reunião,337928
2026,Janeiro,Romênia,13117433
2026,Janeiro,Rússia,102760477
2026,Janeiro,Saara Ocidental,26
2026,Janeiro,Samoa,353129
2026,Janeiro,Samoa Americana,868621
2026,Janeiro,San Marino,293401
2026,Janeiro,Santa Lúcia,515930
2026,Janeiro,Seicheles,1395489
2026,Janeiro,Senegal,24425616
2026,Janeiro,Serra Leoa,16732062
2026,Janeiro,Singapura,222258726
2026,Janeiro,Sint Maarten,752260
2026,Janeiro,Somália,11573436
2026,Janeiro,Sri Lanka,4323246
2026,Janeiro,Suazilândia,4263
2026,Janeiro,Sudão,43021
2026,Janeiro,Sudão do Sul,269778
2026,Janeiro,Suriname,4026586
2026,Janeiro,Suécia,96386569
2026,Janeiro,Suíça,298359303
2026,Janeiro,São Bartolomeu,276231
2026,Janeiro,São Cristóvão e Névis,550295
2026,Janeiro,São Martinho Ilha de (parte francesa),71447
2026,Janeiro,São Tomé e Príncipe,308905
2026,Janeiro,São Vicente e Granadinas,880401
2026,Janeiro,Sérvia,8139379
2026,Janeiro,Síria,6632451
2026,Janeiro,Tailândia,179116515
2026,Janeiro,Taiwan (Formosa),40878657
2026,Janeiro,Tanzânia,4316127
2026,Janeiro,Tcheca República,2293322
2026,Janeiro,Timor Leste,2031723
2026,Janeiro,Togo,5760367
2026,Janeiro,Tonga,829112
2026,Janeiro,Trinidad e Tobago,24447828
2026,Janeiro,Tunísia,15341218
2026,Janeiro,Turcas e Caicos Ilhas,3051615
2026,Janeiro,Turcomenistão,490993
2026,Janeiro,Turquia,424752238
2026,Janeiro,Ucrânia,14706725
2026,Janeiro,Uganda,10590657
2026,Janeiro,Uruguai,175126792
2026,Janeiro,Uzbequistão,6821161
2026,Janeiro,Vanuatu,204038
2026,Janeiro,Vaticano,7202
2026,Janeiro,Venezuela,90546220
2026,Janeiro,Vietnã,364909742
2026,Janeiro,Virgens Ilhas (Americanas),56799388
2026,Janeiro,Virgens Ilhas (Britânicas),272013
2026,Janeiro,Wallis e Futuna Ilhas,1187
2026,Janeiro,Zimbábue,1475183
2026,Janeiro,Zâmbia,661423
2026,Janeiro,África do Sul,120201120
2026,Janeiro,Áustria,5665610
2026,Janeiro,Índia,686270349
2025,Dezembro,Afeganistão,821678
2025,Dezembro,Aland Ilhas,9235
2025,Dezembro,Albânia,17474250
2025,Dezembro,Alemanha,739361939
2025,Dezembro,Angola,52190404
2025,Dezembro,Anguilla,54437
2025,Dezembro,Antígua e Barbuda,2845739
2025,Dezembro,Argentina,1041417049
2025,Dezembro,Argélia,262172953
2025,Dezembro,Armênia,1420255
2025,Dezembro,Aruba,3407112
2025,Dezembro,Arábia Saudita,376851212
2025,Dezembro,Austrália,70682323
2025,Dezembro,Azerbaijão,4158910
2025,Dezembro,Bahamas,14517920
2025,Dezembro,Bangladesh,360797453
2025,Dezembro,Barbados,2995926
2025,Dezembro,Barein,65159031
2025,Dezembro,Belarus,1095014
2025,Dezembro,Belize,2173706
2025,Dezembro,Benin,9767030
2025,Dezembro,Bermudas,485325
2025,Dezembro,Bolívia,130533553
2025,Dezembro,Bonaire Saint Eustatius e Saba,65300
2025,Dezembro,Botsuana,313051
2025,Dezembro,Bouvet Ilha,29346
2025,Dezembro,Brasil,2870357
2025,Dezembro,Brunei,80828
2025,Dezembro,Bulgária,108967121
2025,Dezembro,Burkina Faso,459435
2025,Dezembro,Bélgica,278576038
2025,Dezembro,Bósnia-Herzegovina,1210138
2025,Dezembro,Cabo Verde,4599607
2025,Dezembro,Camarões,20090202
2025,Dezembro,Camboja,3303466
2025,Dezembro,Canadá,780895014
2025,Dezembro,Catar,45222349
2025,Dezembro,Cayman Ilhas,488584
2025,Dezembro,Cazaquistão,2418418
2025,Dezembro,Chade,1417052
2025,Dezembro,Chile,838989753
2025,Dezembro,China,7125729427
2025,Dezembro,Chipre,6754494
2025,Dezembro,Colômbia,290163558
2025,Dezembro,Comores,1076466
2025,Dezembro,Congo,14121780
2025,Dezembro,Congo República Democrática,27969671
2025,Dezembro,Coreia do Sul,440179579
2025,Dezembro,Costa Rica,50679064
2025,Dezembro,Costa do Marfim,14508669
2025,Dezembro,Coveite (Kuweit),45030672
2025,Dezembro,Croácia,7424316
2025,Dezembro,Cuba,26124088
2025,Dezembro,Curaçao,3489532
2025,Dezembro,Dinamarca,28533820
2025,Dezembro,Djibuti,4936715
2025,Dezembro,Dominica,236263
2025,Dezembro,Egito,487729250
2025,Dezembro,El Salvador,15464894
2025,Dezembro,Emirados Árabes Unidos,449871917
2025,Dezembro,Equador,130211193
2025,Dezembro,Eslováquia,3011647
2025,Dezembro,Eslovênia,15979343
2025,Dezembro,Espanha,674345932
2025,Dezembro,Estados Unidos,3412344984
2025,Dezembro,Estônia,9503057
2025,Dezembro,Etiópia,2837758
2025,Dezembro,Fiji,123404
2025,Dezembro,Filipinas,290561193
2025,Dezembro,Finlândia,59055156
2025,Dezembro,França,232392422
2025,Dezembro,Gabão,10973367
2025,Dezembro,Gana,55628956
2025,Dezembro,Geórgia,22727059
2025,Dezembro,Gibraltar,5762
2025,Dezembro,Granada,1211732
2025,Dezembro,Grécia,38633418
2025,Dezembro,Guadalupe,474698
2025,Dezembro,Guam,222543
2025,Dezembro,Guatemala,54387765
2025,Dezembro,Guiana,41249692
2025,Dezembro,Guiana Francesa,459455
2025,Dezembro,Guiné,17071737
2025,Dezembro,Guiné Equatorial,4546915
2025,Dezembro,Guiné-Bissau,942055
2025,Dezembro,Gâmbia,14770344
2025,Dezembro,Haiti,4794857
2025,Dezembro,Heard e ilhas mcdonald Ilha,118
2025,Dezembro,Honduras,11627618
2025,Dezembro,Hong Kong,129134850
2025,Dezembro,Hungria,4807733
2025,Dezembro,Ilha de Man,1292377
2025,Dezembro,Indonésia,342635593
2025,Dezembro,Iraque,106091196
2025,Dezembro,Irlanda,83409981
2025,Dezembro,Irã,387093035
2025,Dezembro,Islândia,9978813
2025,Dezembro,Israel,64993780
2025,Dezembro,Itália,424747772
2025,Dezembro,Iêmen,44218732
2025,Dezembro,Jamaica,6813749
2025,Dezembro,Japão,622091733
2025,Dezembro,Jordânia,58128754
2025,Dezembro,Laos,1820985
2025,Dezembro,Letônia,8158903
2025,Dezembro,Libéria,29516141
2025,Dezembro,Liechtenstein,1839667
2025,Dezembro,Lituânia,4125066
2025,Dezembro,Luxemburgo,3096006
2025,Dezembro,Líbano,43735428
2025,Dezembro,Líbia,57550023
2025,Dezembro,Macau,177062
2025,Dezembro,Macedônia,3741096
2025,Dezembro,Madagascar,917700
2025,Dezembro,Malavi,202590
2025,Dezembro,Maldivas,2443451
2025,Dezembro,Mali,267455
2025,Dezembro,Malta,9935286
2025,Dezembro,Malásia,315079110
2025,Dezembro,Marianas do Norte Ilhas,21
2025,Dezembro,Marrocos,202957723
2025,Dezembro,Marshall Ilhas,18778941
2025,Dezembro,Martinica,873779
2025,Dezembro,Mauritânia,56932316
2025,Dezembro,Maurício,2303662
2025,Dezembro,Mayotte,521755
2025,Dezembro,Mianmar,1879010
2025,Dezembro,Micronésia,78336
2025,Dezembro,Moldávia,55440
2025,Dezembro,Mongólia,246027
2025,Dezembro,Montenegro,8574105
2025,Dezembro,Montserrat,29470
2025,Dezembro,Moçambique,4061101
2025,Dezembro,México,590381121
2025,Dezembro,Mônaco,16178
2025,Dezembro,Namíbia,1395830
2025,Dezembro,Nepal,126702
2025,Dezembro,Nicarágua,10966705
2025,Dezembro,Nigéria,56768830
2025,Dezembro,Norfolk Ilha,43395
2025,Dezembro,Noruega,166654447
2025,Dezembro,Nova Caledônia,991454
2025,Dezembro,Nova Zelândia,10000890
2025,Dezembro,Níger,194901
2025,Dezembro,Omã,124914572
2025,Dezembro,Pacífico Ilhas do (EUA),16846
2025,Dezembro,Palestina,7951183
2025,Dezembro,Panamá,150078815
2025,Dezembro,Papua Nova Guiné,910541
2025,Dezembro,Paquistão,152311619
2025,Dezembro,Paraguai,363783896
2025,Dezembro,Países Baixos (Holanda),961258836
2025,Dezembro,Peru,261601628
2025,Dezembro,Polinésia Francesa,1439486
2025,Dezembro,Polônia,158854552
2025,Dezembro,Porto Rico,28936442
2025,Dezembro,Portugal,248367211
2025,Dezembro,Quirguistão,42584
2025,Dezembro,Quênia,17851461
2025,Dezembro,Reino Unido,397464490
2025,Dezembro,República Centro-Africana,216158
2025,Dezembro,República Dominicana,87772040
2025,Dezembro,Reunião,393014
2025,Dezembro,Romênia,18728705
2025,Dezembro,Ruanda,105851
2025,Dezembro,Rússia,140342465
2025,Dezembro,Salomão Ilhas,14
2025,Dezembro,Samoa,631332
2025,Dezembro,San Marino,89482
2025,Dezembro,Santa Lúcia,688644
2025,Dezembro,Seicheles,1494044
2025,Dezembro,Senegal,30491882
2025,Dezembro,Serra Leoa,5533852
2025,Dezembro,Singapura,850867896
2025,Dezembro,Sint Maarten,654450
2025,Dezembro,Somália,15794929
2025,Dezembro,Sri Lanka,12959890
2025,Dezembro,Sudão,153197
2025,Dezembro,Sudão do Sul,508323
2025,Dezembro,Suriname,10210318
2025,Dezembro,Suécia,91519256
2025,Dezembro,Suíça,173660389
2025,Dezembro,São Bartolomeu,94720
2025,Dezembro,São Cristóvão e Névis,322365
2025,Dezembro,São Martinho Ilha de (parte francesa),392422
2025,Dezembro,São Tomé e Príncipe,268223
2025,Dezembro,São Vicente e Granadinas,423646
2025,Dezembro,Sérvia,7935164
2025,Dezembro,Síria,4832990
2025,Dezembro,Tailândia,223267438
2025,Dezembro,Taiwan (Formosa),129620533
2025,Dezembro,Tanzânia,3506097
2025,Dezembro,Tcheca República,10220102
2025,Dezembro,Território Britânico do Oceano Índico,25959
2025,Dezembro,Timor Leste,755796
2025,Dezembro,Togo,39935048
2025,Dezembro,Tonga,326835
2025,Dezembro,Trinidad e Tobago,27254822
2025,Dezembro,Tunísia,19032715
2025,Dezembro,Turcas e Caicos Ilhas,121352
2025,Dezembro,Turcomenistão,1898315
2025,Dezembro,Turquia,424694172
2025,Dezembro,Ucrânia,12289179
2025,Dezembro,Uganda,1762968
2025,Dezembro,Uruguai,450551061
2025,Dezembro,Uzbequistão,11831728
2025,Dezembro,Vanuatu,182186
2025,Dezembro,Venezuela,85455565
2025,Dezembro,Vietnã,462971039
2025,Dezembro,Virgens Ilhas (Americanas),65800
2025,Dezembro,Virgens Ilhas (Britânicas),304254
2025,Dezembro,Zimbábue,604203
2025,Dezembro,Zâmbia,833238
2025,Dezembro,África do Sul,203497959
2025,Dezembro,Áustria,8305482
2025,Dezembro,Índia,954648484
2025,Novembro,Afeganistão,235869
2025,Novembro,Albânia,11295798
2025,Novembro,Alemanha,595115726
2025,Novembro,Angola,42611247
2025,Novembro,Anguilla,116990
2025,Novembro,Antígua e Barbuda,2984974
2025,Novembro,Argentina,1214674176
2025,Novembro,Argélia,195211391
2025,Novembro,Armênia,10073462
2025,Novembro,Aruba,2587143
2025,Novembro,Arábia Saudita,271016150
2025,Novembro,Austrália,95021027
2025,Novembro,Azerbaijão,3013645
2025,Novembro,Bahamas,11840131
2025,Novembro,Bangladesh,312679716
2025,Novembro,Barbados,2537372
2025,Novembro,Barein,66829738
2025,Novembro,Belarus,322484
2025,Novembro,Belize,576449
2025,Novembro,Benin,13318964
2025,Novembro,Bermudas,1170347
2025,Novembro,Bolívia,112758063
2025,Novembro,Bonaire Saint Eustatius e Saba,367589
2025,Novembro,Botsuana,64525
2025,Novembro,Brasil,25945348
2025,Novembro,Brunei,143813
2025,Novembro,Bulgária,3657760
2025,Novembro,Burkina Faso,1265
2025,Novembro,Burundi,83681
2025,Novembro,Butão,462033
2025,Novembro,Bélgica,385347926
2025,Novembro,Bósnia-Herzegovina,3205756
2025,Novembro,Cabo Verde,3305351
2025,Novembro,Camarões,7062766
2025,Novembro,Camboja,3692620
2025,Novembro,Canadá,582115919
2025,Novembro,Catar,29010392
2025,Novembro,Cayman Ilhas,12050411
2025,Novembro,Cazaquistão,2648489
2025,Novembro,Chade,421218
2025,Novembro,Chile,559771097
2025,Novembro,China,8163292700
2025,Novembro,Chipre,5964952
2025,Novembro,Cocos (Keeling) Ilhas,22470
2025,Novembro,Colômbia,288714847
2025,Novembro,Comores,1668001
2025,Novembro,Congo,8418173
2025,Novembro,Congo República Democrática,16749176
2025,Novembro,Coreia do Sul,348262271
2025,Novembro,Costa Rica,42653692
2025,Novembro,Costa do Marfim,15079031
2025,Novembro,Coveite (Kuweit),36646884
2025,Novembro,Croácia,5161384
2025,Novembro,Cuba,18145730
2025,Novembro,Curaçao,2616919
2025,Novembro,Dinamarca,76219846
2025,Novembro,Djibuti,2404451
2025,Novembro,Dominica,610445
2025,Novembro,Egito,446439739
2025,Novembro,El Salvador,12592063
2025,Novembro,Emirados Árabes Unidos,369149169
2025,Novembro,Equador,99444820
2025,Novembro,Eslováquia,1822953
2025,Novembro,Eslovênia,29768217
2025,Novembro,Espanha,505331518
2025,Novembro,Estados Unidos,2591789857
2025,Novembro,Estônia,5913686
2025,Novembro,Etiópia,2283773
2025,Novembro,Falkland (Malvinas),4411
2025,Novembro,Fiji,246060
2025,Novembro,Filipinas,220683910
2025,Novembro,Finlândia,59267279
2025,Novembro,França,251084487
2025,Novembro,Gabão,8482813
2025,Novembro,Gana,31705755
2025,Novembro,Geórgia,17846882
2025,Novembro,Gibraltar,136057
2025,Novembro,Granada,613207
2025,Novembro,Groenlândia,723
2025,Novembro,Grécia,31146663
2025,Novembro,Guadalupe,433553
2025,Novembro,Guam,40490
2025,Novembro,Guatemala,45586256
2025,Novembro,Guiana,35123341
2025,Novembro,Guiana Francesa,657180
2025,Novembro,Guiné,22108946
2025,Novembro,Guiné Equatorial,4335541
2025,Novembro,Guiné-Bissau,179398
2025,Novembro,Gâmbia,5810300
2025,Novembro,Haiti,6618908
2025,Novembro,Heard e ilhas mcdonald Ilha,110
2025,Novembro,Honduras,12757933
2025,Novembro,Hong Kong,108789127
2025,Novembro,Hungria,147886424
2025,Novembro,Ilha de Man,1350672
2025,Novembro,Indonésia,366099412
2025,Novembro,Iraque,106750969
2025,Novembro,Irlanda,50174551
2025,Novembro,Irã,226306753
2025,Novembro,Islândia,841026
2025,Novembro,Israel,31237960
2025,Novembro,Itália,375807213
2025,Novembro,Iêmen,29800148
2025,Novembro,Jamaica,5071687
2025,Novembro,Japão,493697844
2025,Novembro,Jordânia,59600988
2025,Novembro,Laos,1532853
2025,Novembro,Lesoto,27280
2025,Novembro,Letônia,9373721
2025,Novembro,Libéria,32332345
2025,Novembro,Liechtenstein,2313491
2025,Novembro,Lituânia,3245494
2025,Novembro,Luxemburgo,40990659
2025,Novembro,Líbano,49156755
2025,Novembro,Líbia,15493761
2025,Novembro,Macau,502070
2025,Novembro,Macedônia,1325086
2025,Novembro,Madagascar,561094
2025,Novembro,Malavi,158395
2025,Novembro,Maldivas,2935460
2025,Novembro,Mali,108673
2025,Novembro,Malta,8781699
2025,Novembro,Malásia,299668554
2025,Novembro,Marrocos,157377381
2025,Novembro,Marshall Ilhas,16655976
2025,Novembro,Martinica,562048
2025,Novembro,Mauritânia,12648830
2025,Novembro,Maurício,2850413
2025,Novembro,Mayotte,832214
2025,Novembro,Mianmar,8338203
2025,Novembro,Micronésia,8399
2025,Novembro,Moldávia,108079
2025,Novembro,Mongólia,511690
2025,Novembro,Montenegro,1398600
2025,Novembro,Moçambique,3598930
2025,Novembro,México,654124784
2025,Novembro,Mônaco,27685
2025,Novembro,Namíbia,1667429
2025,Novembro,Nepal,80297
2025,Novembro,Nicarágua,18906525
2025,Novembro,Nigéria,79954198
2025,Novembro,Norfolk Ilha,30936
2025,Novembro,Noruega,133843820
2025,Novembro,Nova Caledônia,1247728
2025,Novembro,Nova Zelândia,20366568
2025,Novembro,Níger,328821
2025,Novembro,Omã,85872985
2025,Novembro,Pacífico Ilhas do (EUA),52067
2025,Novembro,Palau,13919
2025,Novembro,Palestina,15251346
2025,Novembro,Panamá,130438945
2025,Novembro,Papua Nova Guiné,960369
2025,Novembro,Paquistão,75663034
2025,Novembro,Paraguai,348734690
2025,Novembro,Países Baixos (Holanda),1058802550
2025,Novembro,Peru,259040007
2025,Novembro,Polinésia Francesa,777946
2025,Novembro,Polônia,200452661
2025,Novembro,Porto Rico,23931244
2025,Novembro,Portugal,172927642
2025,Novembro,Quirguistão,45553
2025,Novembro,Quênia,5991233
2025,Novembro,Reino Unido,328230713
2025,Novembro,República Centro-Africana,63234
2025,Novembro,República Dominicana,65697617
2025,Novembro,Reunião,349067
2025,Novembro,Romênia,14570828
2025,Novembro,Ruanda,230591
2025,Novembro,Rússia,162415256
2025,Novembro,Samoa,532919
2025,Novembro,Samoa Americana,46413
2025,Novembro,San Marino,341
2025,Novembro,Santa Lúcia,774707
2025,Novembro,Seicheles,1297465
2025,Novembro,Senegal,18539302
2025,Novembro,Serra Leoa,5048517
2025,Novembro,Singapura,644305815
2025,Novembro,Sint Maarten,957130
2025,Novembro,Somália,20566039
2025,Novembro,Sri Lanka,15263468
2025,Novembro,Sudão,150656
2025,Novembro,Sudão do Sul,388277
2025,Novembro,Suriname,5214007
2025,Novembro,Suécia,93350656
2025,Novembro,Suíça,200380155
2025,Novembro,São Bartolomeu,252434
2025,Novembro,São Cristóvão e Névis,392862
2025,Novembro,São Martinho Ilha de (parte francesa),59876
2025,Novembro,São Tomé e Príncipe,193853
2025,Novembro,São Vicente e Granadinas,555342
2025,Novembro,Sérvia,6132393
2025,Novembro,Síria,15474793
2025,Novembro,Tailândia,246921724
2025,Novembro,Taiwan (Formosa),56291403
2025,Novembro,Tanzânia,4967597
2025,Novembro,Tcheca República,14476101
2025,Novembro,Timor Leste,1009295
2025,Novembro,Togo,52316706
2025,Novembro,Tonga,732990
2025,Novembro,Trinidad e Tobago,16100986
2025,Novembro,Tunísia,9534673
2025,Novembro,Turcas e Caicos Ilhas,346958
2025,Novembro,Turcomenistão,2686369
2025,Novembro,Turquia,373175595
2025,Novembro,Ucrânia,4044984
2025,Novembro,Uganda,428509
2025,Novembro,Uruguai,314048317
2025,Novembro,Uzbequistão,9399076
2025,Novembro,Vanuatu,290469
2025,Novembro,Venezuela,53283860
2025,Novembro,Vietnã,230987740
2025,Novembro,Virgens Ilhas (Americanas),64602
2025,Novembro,Virgens Ilhas (Britânicas),368625
2025,Novembro,Zimbábue,557476
2025,Novembro,Zâmbia,1011058
2025,Novembro,África do Sul,181558959
2025,Novembro,Áustria,3871220
2025,Novembro,Índia,581187431
2025,Outubro,Afeganistão,28859
2025,Outubro,Albânia,10503764
2025,Outubro,Alemanha,643252015
2025,Outubro,Angola,71665362
2025,Outubro,Anguilla,47356
2025,Outubro,Antígua e Barbuda,3119178
2025,Outubro,Argentina,1639445344
2025,Outubro,Argélia,190281812
2025,Outubro,Armênia,8185678
2025,Outubro,Aruba,3321062
2025,Outubro,Arábia Saudita,283651881
2025,Outubro,Austrália,80627365
2025,Outubro,Azerbaijão,4057761
2025,Outubro,Bahamas,11439370
2025,Outubro,Bangladesh,215147914
2025,Outubro,Barbados,1853220
2025,Outubro,Barein,67470161
2025,Outubro,Belarus,952929
2025,Outubro,Belize,720859
2025,Outubro,Benin,17698853
2025,Outubro,Bermudas,800519
2025,Outubro,Bolívia,118616555
2025,Outubro,Bonaire Saint Eustatius e Saba,179638
2025,Outubro,Botsuana,333315
2025,Outubro,Brasil,7320332
2025,Outubro,Brunei,73763
2025,Outubro,Bulgária,131491141
2025,Outubro,Burkina Faso,123351
2025,Outubro,Burundi,134771
2025,Outubro,Bélgica,338456822
2025,Outubro,Bósnia-Herzegovina,2820119
2025,Outubro,Cabo Verde,4441358
2025,Outubro,Camarões,20529354
2025,Outubro,Camboja,2957461
2025,Outubro,Canadá,809135017
2025,Outubro,Catar,31542098
2025,Outubro,Cayman Ilhas,929869
2025,Outubro,Cazaquistão,3045825
2025,Outubro,Chade,660840
2025,Outubro,Chile,719499774
2025,Outubro,China,9067853985
2025,Outubro,Chipre,6745147
2025,Outubro,Colômbia,262465841
2025,Outubro,Comores,1405120
2025,Outubro,Congo,15333740
2025,Outubro,Congo República Democrática,24042783
2025,Outubro,Coreia do Sul,669707746
2025,Outubro,Costa Rica,42500272
2025,Outubro,Costa do Marfim,17077300
2025,Outubro,Coveite (Kuweit),60965428
2025,Outubro,Croácia,3072675
2025,Outubro,Cuba,24171673
2025,Outubro,Curaçao,5644368
2025,Outubro,Dinamarca,67518473
2025,Outubro,Djibuti,2445755
2025,Outubro,Dominica,455247
2025,Outubro,Egito,462692868
2025,Outubro,El Salvador,29977805
2025,Outubro,Emirados Árabes Unidos,386010432
2025,Outubro,Equador,113860138
2025,Outubro,Eslováquia,2339128
2025,Outubro,Eslovênia,66875190
2025,Outubro,Espanha,753896575
2025,Outubro,Estados Unidos,2307462233
2025,Outubro,Estônia,10233450
2025,Outubro,Etiópia,3318210
2025,Outubro,Falkland (Malvinas),12650
2025,Outubro,Fiji,54725
2025,Outubro,Filipinas,316016934
2025,Outubro,Finlândia,62106665
2025,Outubro,França,261202948
2025,Outubro,Gabão,15183845
2025,Outubro,Gana,41604284
2025,Outubro,Geórgia,28577676
2025,Outubro,Geórgia do Sul e Sandwich do Sul Ilhas,7842
2025,Outubro,Gibraltar,16835
2025,Outubro,Granada,647718
2025,Outubro,Grécia,43416047
2025,Outubro,Guadalupe,1033504
2025,Outubro,Guam,151945
2025,Outubro,Guatemala,67860501
2025,Outubro,Guiana,23119945
2025,Outubro,Guiana Francesa,855925
2025,Outubro,Guiné,26366034
2025,Outubro,Guiné Equatorial,2358053
2025,Outubro,Guiné-Bissau,157180
2025,Outubro,Gâmbia,14021669
2025,Outubro,Haiti,8926690
2025,Outubro,Honduras,17028258
2025,Outubro,Hong Kong,123350519
2025,Outubro,Hungria,7545454
2025,Outubro,Ilha de Man,948773
2025,Outubro,Indonésia,416780584
2025,Outubro,Iraque,114989884
2025,Outubro,Irlanda,56197704
2025,Outubro,Irã,420829188
2025,Outubro,Islândia,23961300
2025,Outubro,Israel,38052091
2025,Outubro,Itália,516821442
2025,Outubro,Iêmen,28545497
2025,Outubro,Jamaica,8437936
2025,Outubro,Japão,466739202
2025,Outubro,Jordânia,55822346
2025,Outubro,Laos,3609917
2025,Outubro,Letônia,10513577
2025,Outubro,Libéria,35056181
2025,Outubro,Liechtenstein,486953
2025,Outubro,Lituânia,7882122
2025,Outubro,Luxemburgo,3802828
2025,Outubro,Líbano,33790669
2025,Outubro,Líbia,23663879
2025,Outubro,Macau,214479
2025,Outubro,Macedônia,4129747
2025,Outubro,Madagascar,1294016
2025,Outubro,Malavi,69347
2025,Outubro,Maldivas,1906360
2025,Outubro,Mali,63299
2025,Outubro,Malta,10191846
2025,Outubro,Malásia,349805876
2025,Outubro,Marrocos,156718248
2025,Outubro,Marshall Ilhas,25372846
2025,Outubro,Martinica,337357
2025,Outubro,Mauritânia,4602967
2025,Outubro,Maurício,1759817
2025,Outubro,Mayotte,968338
2025,Outubro,Mianmar,4027534
2025,Outubro,Moldávia,64997
2025,Outubro,Mongólia,274580
2025,Outubro,Montenegro,4163465
2025,Outubro,Moçambique,7325133
2025,Outubro,México,727388546
2025,Outubro,Mônaco,1871
2025,Outubro,Namíbia,2675705
2025,Outubro,Nepal,112982
2025,Outubro,Nicarágua,15558284
2025,Outubro,Nigéria,76088478
2025,Outubro,Noruega,98366275
2025,Outubro,Nova Caledônia,759626
2025,Outubro,Nova Zelândia,12321598
2025,Outubro,Níger,166200
2025,Outubro,Omã,80091415
2025,Outubro,Pacífico Ilhas do (EUA),38010
2025,Outubro,Palau,204942
2025,Outubro,Palestina,5747444
2025,Outubro,Panamá,141285576
2025,Outubro,Papua Nova Guiné,46809
2025,Outubro,Paquistão,55668109
2025,Outubro,Paraguai,414427179
2025,Outubro,Países Baixos (Holanda),1110153489
2025,Outubro,Peru,259326083
2025,Outubro,Polinésia Francesa,730251
2025,Outubro,Polônia,133046486
2025,Outubro,Porto Rico,22134473
2025,Outubro,Portugal,222556590
2025,Outubro,Quirguistão,8985
2025,Outubro,Quênia,18351328
2025,Outubro,Reino Unido,348442302
2025,Outubro,República Centro-Africana,105216
2025,Outubro,República Dominicana,108511016
2025,Outubro,Reunião,715494
2025,Outubro,Romênia,26150684
2025,Outubro,Ruanda,427695
2025,Outubro,Rússia,162744316
2025,Outubro,Samoa,643156
2025,Outubro,Samoa Americana,71816
2025,Outubro,San Marino,2799
2025,Outubro,Santa Lúcia,1270790
2025,Outubro,Seicheles,734371
2025,Outubro,Senegal,86638579
2025,Outubro,Serra Leoa,3556890
2025,Outubro,Singapura,780246698
2025,Outubro,Sint Maarten,1389553
2025,Outubro,Somália,4902068
2025,Outubro,Sri Lanka,17871316
2025,Outubro,Sudão do Sul,589474
2025,Outubro,Suriname,5193546
2025,Outubro,Suécia,73440198
2025,Outubro,Suíça,210972374
2025,Outubro,São Bartolomeu,361552
2025,Outubro,São Cristóvão e Névis,775875
2025,Outubro,São Martinho Ilha de (parte francesa),84647
2025,Outubro,São Tomé e Príncipe,206619
2025,Outubro,São Vicente e Granadinas,653467
2025,Outubro,Sérvia,3960508
2025,Outubro,Síria,1404359
2025,Outubro,Tadjiquistão,115199
2025,Outubro,Tailândia,257741361
2025,Outubro,Taiwan (Formosa),56997541
2025,Outubro,Tanzânia,3415107
2025,Outubro,Tcheca República,4691502
2025,Outubro,Timor Leste,1159301
2025,Outubro,Togo,44956276
2025,Outubro,Tonga,868527
2025,Outubro,Toquelau,24745
2025,Outubro,Trinidad e Tobago,7420774
2025,Outubro,Tunísia,20186685
2025,Outubro,Turcas e Caicos Ilhas,173102
2025,Outubro,Turcomenistão,552454
2025,Outubro,Turquia,256917194
2025,Outubro,Ucrânia,5770749
2025,Outubro,Uganda,964084
2025,Outubro,Uruguai,358174627
2025,Outubro,Uzbequistão,7842380
2025,Outubro,Vanuatu,303609
2025,Outubro,Venezuela,77550770
2025,Outubro,Vietnã,341221396
2025,Outubro,Virgens Ilhas (Americanas),57663
2025,Outubro,Virgens Ilhas (Britânicas),430025
2025,Outubro,Wallis e Futuna Ilhas,48019
2025,Outubro,Zimbábue,666476
2025,Outubro,Zâmbia,358516
2025,Outubro,África do Sul,164715885
2025,Outubro,Áustria,5702818
2025,Outubro,Índia,894032066
2025,Setembro,Afeganistão,117724
2025,Setembro,Albânia,11126613
2025,Setembro,Alemanha,565304850
2025,Setembro,Andorra,33599
2025,Setembro,Angola,28241587
2025,Setembro,Anguilla,80868
2025,Setembro,Antígua e Barbuda,3133142
2025,Setembro,Argentina,1813515858
2025,Setembro,Argélia,150608397
2025,Setembro,Armênia,13651713
2025,Setembro,Aruba,4005972
2025,Setembro,Arábia Saudita,311160851
2025,Setembro,Austrália,59035756
2025,Setembro,Azerbaijão,2617522
2025,Setembro,Bahamas,8254809
2025,Setembro,Bangladesh,209802063
2025,Setembro,Barbados,2728256
2025,Setembro,Barein,92584766
2025,Setembro,Belarus,785332
2025,Setembro,Belize,757224
2025,Setembro,Benin,11489440
2025,Setembro,Bermudas,403499
2025,Setembro,Bolívia,116407233
2025,Setembro,Bonaire Saint Eustatius e Saba,216435
2025,Setembro,Botsuana,18886
2025,Setembro,Bouvet Ilha,128530
2025,Setembro,Brasil,27093235
2025,Setembro,Brunei,167732
2025,Setembro,Bulgária,64989518
2025,Setembro,Burkina Faso,7456635
2025,Setembro,Burundi,13651
2025,Setembro,Butão,235579
2025,Setembro,Bélgica,318827339
2025,Setembro,Bósnia-Herzegovina,1999696
2025,Setembro,Cabo Verde,3782179
2025,Setembro,Camarões,5410719
2025,Setembro,Camboja,1916879
2025,Setembro,Canadá,590045409
2025,Setembro,Catar,50288362
2025,Setembro,Cayman Ilhas,1229550
2025,Setembro,Cazaquistão,1877104
2025,Setembro,Chade,2402409
2025,Setembro,Chile,612105227
2025,Setembro,China,8543031860
2025,Setembro,Chipre,6544921
2025,Setembro,Cocos (Keeling) Ilhas,12309
2025,Setembro,Colômbia,355743720
2025,Setembro,Comores,785717
2025,Setembro,Congo,13510025
2025,Setembro,Congo República Democrática,16533131
2025,Setembro,Coreia do Sul,527368471
2025,Setembro,Costa Rica,44669710
2025,Setembro,Costa do Marfim,18282457
2025,Setembro,Coveite (Kuweit),26093373
2025,Setembro,Croácia,5858632
2025,Setembro,Cuba,24795721
2025,Setembro,Curaçao,5128871
2025,Setembro,Dinamarca,61930322
2025,Setembro,Djibuti,1013235
2025,Setembro,Dominica,1415078
2025,Setembro,Egito,459494825
2025,Setembro,El Salvador,17658351
2025,Setembro,Emirados Árabes Unidos,351062361
2025,Setembro,Equador,96166581
2025,Setembro,Eslováquia,1248801
2025,Setembro,Eslovênia,10810883
2025,Setembro,Espanha,745700981
2025,Setembro,Estados Unidos,2665779690
2025,Setembro,Estônia,9710479
2025,Setembro,Etiópia,2817323
2025,Setembro,Fiji,19380
2025,Setembro,Filipinas,303188115
2025,Setembro,Finlândia,42554836
2025,Setembro,França,324833908
2025,Setembro,Gabão,11281280
2025,Setembro,Gana,34098531
2025,Setembro,Geórgia,16246691
2025,Setembro,Geórgia do Sul e Sandwich do Sul Ilhas,6861
2025,Setembro,Gibraltar,100925
2025,Setembro,Granada,749514
2025,Setembro,Grécia,47304593
2025,Setembro,Guadalupe,622849
2025,Setembro,Guam,100001
2025,Setembro,Guatemala,72744099
2025,Setembro,Guiana,86748697
2025,Setembro,Guiana Francesa,594492
2025,Setembro,Guiné,24151222
2025,Setembro,Guiné Equatorial,3211616
2025,Setembro,Guiné-Bissau,314563
2025,Setembro,Gâmbia,5200271
2025,Setembro,Haiti,11609269
2025,Setembro,Honduras,15022391
2025,Setembro,Hong Kong,145797579
2025,Setembro,Hungria,4463618
2025,Setembro,Ilha de Man,1210629
2025,Setembro,Indonésia,371075823
2025,Setembro,Iraque,212282041
2025,Setembro,Irlanda,66662476
2025,Setembro,Irã,353269920
2025,Setembro,Islândia,26568581
2025,Setembro,Israel,54388992
2025,Setembro,Itália,462857722
2025,Setembro,Iêmen,75542318
2025,Setembro,Jamaica,9900846
2025,Setembro,Japão,381552845
2025,Setembro,Jordânia,58523351
2025,Setembro,Laos,844024
2025,Setembro,Letônia,7397109
2025,Setembro,Libéria,41499929
2025,Setembro,Liechtenstein,1409292
2025,Setembro,Lituânia,3495461
2025,Setembro,Luxemburgo,3786823
2025,Setembro,Líbano,45918759
2025,Setembro,Líbia,38051116
2025,Setembro,Macau,206909
2025,Setembro,Macedônia,1992762
2025,Setembro,Madagascar,846617
2025,Setembro,Malavi,166761
2025,Setembro,Maldivas,2364150
2025,Setembro,Mali,267510
2025,Setembro,Malta,17165313
2025,Setembro,Malásia,338731267
2025,Setembro,Marrocos,179882378
2025,Setembro,Marshall Ilhas,21660481
2025,Setembro,Martinica,607877
2025,Setembro,Mauritânia,2293013
2025,Setembro,Maurício,22153614
2025,Setembro,Mayotte,798138
2025,Setembro,Mianmar,3115031
2025,Setembro,Moldávia,121772
2025,Setembro,Mongólia,285717
2025,Setembro,Montenegro,6680123
2025,Setembro,Moçambique,4598185
2025,Setembro,México,733673104
2025,Setembro,Mônaco,19715
2025,Setembro,Namíbia,1707122
2025,Setembro,Nepal,188129
2025,Setembro,Nicarágua,7760099
2025,Setembro,Nigéria,54251993
2025,Setembro,Niue,2372
2025,Setembro,Noruega,111047467
2025,Setembro,Nova Caledônia,1045749
2025,Setembro,Nova Zelândia,10200119
2025,Setembro,Níger,217176
2025,Setembro,Omã,81654719
2025,Setembro,Pacífico Ilhas do (EUA),30230
2025,Setembro,Palau,30475
2025,Setembro,Palestina,6164543
2025,Setembro,Panamá,173979348
2025,Setembro,Papua Nova Guiné,233527
2025,Setembro,Paquistão,70479659
2025,Setembro,Paraguai,375811775
2025,Setembro,Países Baixos (Holanda),1141441436
2025,Setembro,Peru,390377070
2025,Setembro,Polinésia Francesa,2106955
2025,Setembro,Polônia,165772728
2025,Setembro,Porto Rico,26995508
2025,Setembro,Portugal,168253358
2025,Setembro,Quirguistão,15519
2025,Setembro,Quênia,7088104
2025,Setembro,Reino Unido,375892603
2025,Setembro,República Centro-Africana,335507
2025,Setembro,República Dominicana,61361386
2025,Setembro,Reunião,958550
2025,Setembro,Romênia,8769258
2025,Setembro,Ruanda,47112
2025,Setembro,Rússia,81706471
2025,Setembro,Salomão Ilhas,26202
2025,Setembro,Samoa,384458
2025,Setembro,Samoa Americana,4
2025,Setembro,San Marino,28452
2025,Setembro,Santa Lúcia,701366
2025,Setembro,Seicheles,1652273
2025,Setembro,Senegal,12459620
2025,Setembro,Serra Leoa,5239606
2025,Setembro,Singapura,716922041
2025,Setembro,Sint Maarten,927039
2025,Setembro,Somália,16918270
2025,Setembro,Sri Lanka,16676548
2025,Setembro,Sudão,47447
2025,Setembro,Sudão do Sul,880705
2025,Setembro,Suriname,5775918
2025,Setembro,Suécia,71236298
2025,Setembro,Suíça,216656280
2025,Setembro,Svalbard e Jan Mayen,105
2025,Setembro,São Bartolomeu,269486
2025,Setembro,São Cristóvão e Névis,1031982
2025,Setembro,São Martinho Ilha de (parte francesa),87324
2025,Setembro,São Tomé e Príncipe,618809
2025,Setembro,São Vicente e Granadinas,271480
2025,Setembro,Sérvia,4789180
2025,Setembro,Síria,3868237
2025,Setembro,Tailândia,264480206
2025,Setembro,Taiwan (Formosa),118502540
2025,Setembro,Tanzânia,3461694
2025,Setembro,Tcheca República,5895308
2025,Setembro,Timor Leste,1568283
2025,Setembro,Togo,39044591
2025,Setembro,Tonga,336353
2025,Setembro,Toquelau,14421
2025,Setembro,Trinidad e Tobago,43231264
2025,Setembro,Tunísia,9644438
2025,Setembro,Turcas e Caicos Ilhas,220992
2025,Setembro,Turcomenistão,1694523
2025,Setembro,Turquia,270552168
2025,Setembro,Ucrânia,5212074
2025,Setembro,Uganda,491956
2025,Setembro,Uruguai,297120922
2025,Setembro,Uzbequistão,11096796
2025,Setembro,Vanuatu,382776
2025,Setembro,Venezuela,79468379
2025,Setembro,Vietnã,286422549
2025,Setembro,Virgens Ilhas (Americanas),28812
2025,Setembro,Virgens Ilhas (Britânicas),359134
2025,Setembro,Zimbábue,328750
2025,Setembro,Zâmbia,232242
2025,Setembro,África do Sul,89193853
2025,Setembro,Áustria,6928471
2025,Setembro,Índia,733399796
2025,Agosto,Afeganistão,469987
2025,Agosto,Albânia,5959892
2025,Agosto,Alemanha,383809145
2025,Agosto,Angola,48500313
2025,Agosto,Anguilla,111057
2025,Agosto,Antígua e Barbuda,1958826
2025,Agosto,Argentina,1635855192
2025,Agosto,Argélia,208653464
2025,Agosto,Armênia,1258372
2025,Agosto,Aruba,4306768
2025,Agosto,Arábia Saudita,273058381
2025,Agosto,Austrália,51836852
2025,Agosto,Azerbaijão,1920703
2025,Agosto,Bahamas,13703628
2025,Agosto,Bangladesh,110230533
2025,Agosto,Barbados,3118625
2025,Agosto,Barein,34445617
2025,Agosto,Belarus,554605
2025,Agosto,Belize,1112329
2025,Agosto,Benin,13753836
2025,Agosto,Bermudas,1662312
2025,Agosto,Bolívia,107012388
2025,Agosto,Bonaire Saint Eustatius e Saba,546790
2025,Agosto,Botsuana,42670
2025,Agosto,Bouvet Ilha,61
2025,Agosto,Brasil,15449934
2025,Agosto,Brunei,7358
2025,Agosto,Bulgária,86245248
2025,Agosto,Burkina Faso,536119
2025,Agosto,Burundi,2165
2025,Agosto,Bélgica,275050886
2025,Agosto,Bósnia-Herzegovina,1340313
2025,Agosto,Cabo Verde,3044863
2025,Agosto,Camarões,23800627
2025,Agosto,Camboja,3902870
2025,Agosto,Canadá,484522804
2025,Agosto,Catar,27415587
2025,Agosto,Cayman Ilhas,434069
2025,Agosto,Cazaquistão,2532393
2025,Agosto,Chade,2776477
2025,Agosto,Chile,553292576
2025,Agosto,China,9360816092
2025,Agosto,Chipre,4229973
2025,Agosto,Colômbia,293599444
2025,Agosto,Comores,780769
2025,Agosto,Congo,14920554
2025,Agosto,Congo República Democrática,11854331
2025,Agosto,Coreia do Norte,127
2025,Agosto,Coreia do Sul,363106274
2025,Agosto,Costa Rica,42155129
2025,Agosto,Costa do Marfim,19015031
2025,Agosto,Coveite (Kuweit),29826398
2025,Agosto,Croácia,5266023
2025,Agosto,Cuba,25697723
2025,Agosto,Curaçao,5356585
2025,Agosto,Dinamarca,62869552
2025,Agosto,Djibuti,433764
2025,Agosto,Dominica,507670
2025,Agosto,Egito,366977400
2025,Agosto,El Salvador,10786880
2025,Agosto,Emirados Árabes Unidos,297725995
2025,Agosto,Equador,96678475
2025,Agosto,Eslováquia,2206897
2025,Agosto,Eslovênia,29453562
2025,Agosto,Espanha,641054363
2025,Agosto,Estados Unidos,2845136877
2025,Agosto,Estônia,6213456
2025,Agosto,Etiópia,2240658
2025,Agosto,Falkland (Malvinas),1789
2025,Agosto,Faroe Ilhas,6
2025,Agosto,Filipinas,191279232
2025,Agosto,Finlândia,33760196
2025,Agosto,França,291573165
2025,Agosto,Gabão,11886540
2025,Agosto,Gana,43078841
2025,Agosto,Geórgia,37636354
2025,Agosto,Gibraltar,56517
2025,Agosto,Granada,760229
2025,Agosto,Grécia,39186650
2025,Agosto,Guadalupe,446094
2025,Agosto,Guam,54259
2025,Agosto,Guatemala,54423206
2025,Agosto,Guiana,38784824
2025,Agosto,Guiana Francesa,400757
2025,Agosto,Guiné,32648967
2025,Agosto,Guiné Equatorial,3836160
2025,Agosto,Guiné-Bissau,1142032
2025,Agosto,Gâmbia,1732943
2025,Agosto,Haiti,7453907
2025,Agosto,Honduras,13768256
2025,Agosto,Hong Kong,102237167
2025,Agosto,Hungria,3742568
2025,Agosto,Ilha de Man,13201
2025,Agosto,Indonésia,481960313
2025,Agosto,Iraque,141233449
2025,Agosto,Irlanda,63853953
2025,Agosto,Irã,225535489
2025,Agosto,Islândia,386993
2025,Agosto,Israel,54890565
2025,Agosto,Itália,463478244
2025,Agosto,Iêmen,31390151
2025,Agosto,Jamaica,11262934
2025,Agosto,Japão,542316318
2025,Agosto,Jordânia,47161617
2025,Agosto,Kiribati,20750
2025,Agosto,Laos,1630909
2025,Agosto,Lesoto,803
2025,Agosto,Letônia,3169411
2025,Agosto,Libéria,46818457
2025,Agosto,Liechtenstein,3594757
2025,Agosto,Lituânia,1979027
2025,Agosto,Luxemburgo,6890927
2025,Agosto,Líbano,28966829
2025,Agosto,Líbia,30964050
2025,Agosto,Macedônia,227188
2025,Agosto,Madagascar,1066650
2025,Agosto,Malavi,316664
2025,Agosto,Maldivas,1692079
2025,Agosto,Mali,97585
2025,Agosto,Malta,9971330
2025,Agosto,Malásia,272644967
2025,Agosto,Marrocos,151926147
2025,Agosto,Marshall Ilhas,24680820
2025,Agosto,Martinica,285849
2025,Agosto,Mauritânia,6750941
2025,Agosto,Maurício,2582277
2025,Agosto,Mayotte,107287
2025,Agosto,Mianmar,2720158
2025,Agosto,Moldávia,61406
2025,Agosto,Mongólia,139338
2025,Agosto,Montenegro,4563470
2025,Agosto,Montserrat,38710
2025,Agosto,Moçambique,5512932
2025,Agosto,México,785714567
2025,Agosto,Mônaco,2030
2025,Agosto,Namíbia,3309123
2025,Agosto,Nauru,252942
2025,Agosto,Nepal,3272
2025,Agosto,Nicarágua,6802428
2025,Agosto,Nigéria,103120179
2025,Agosto,Niue,582
2025,Agosto,Noruega,80854849
2025,Agosto,Nova Caledônia,634132
2025,Agosto,Nova Zelândia,6096298
2025,Agosto,Níger,155703
2025,Agosto,Omã,83673358
2025,Agosto,Pacífico Ilhas do (EUA),520310
2025,Agosto,Palau,258480
2025,Agosto,Palestina,2663866
2025,Agosto,Panamá,141987453
2025,Agosto,Papua Nova Guiné,290207
2025,Agosto,Paquistão,88990856
2025,Agosto,Paraguai,363931824
2025,Agosto,Países Baixos (Holanda),967237333
2025,Agosto,Peru,257112588
2025,Agosto,Pitcairn,6473
2025,Agosto,Polinésia Francesa,943933
2025,Agosto,Polônia,39256603
2025,Agosto,Porto Rico,27020804
2025,Agosto,Portugal,451924489
2025,Agosto,Quirguistão,277357
2025,Agosto,Quênia,7718955
2025,Agosto,Reino Unido,410577527
2025,Agosto,República Centro-Africana,439972
2025,Agosto,República Dominicana,75149370
2025,Agosto,Reunião,182586
2025,Agosto,Romênia,56037270
2025,Agosto,Ruanda,21959
2025,Agosto,Rússia,114095860
2025,Agosto,Samoa Americana,70
2025,Agosto,Santa Lúcia,879969
2025,Agosto,Seicheles,650178
2025,Agosto,Senegal,46611546
2025,Agosto,Serra Leoa,4627150
2025,Agosto,Singapura,670957244
2025,Agosto,Sint Maarten,752199
2025,Agosto,Somália,4865753
2025,Agosto,Sri Lanka,2912021
2025,Agosto,Sudão do Sul,822812
2025,Agosto,Suriname,4127677
2025,Agosto,Suécia,30107246
2025,Agosto,Suíça,252549688
2025,Agosto,São Bartolomeu,166241
2025,Agosto,São Cristóvão e Névis,326333
2025,Agosto,São Martinho Ilha de (parte francesa),52008
2025,Agosto,São Tomé e Príncipe,72757
2025,Agosto,São Vicente e Granadinas,326164
2025,Agosto,Sérvia,2922364
2025,Agosto,Síria,1964735
2025,Agosto,Tadjiquistão,12542
2025,Agosto,Tailândia,364616089
2025,Agosto,Taiwan (Formosa),102166923
2025,Agosto,Tanzânia,3744923
2025,Agosto,Tcheca República,3509849
2025,Agosto,Timor Leste,1524002
2025,Agosto,Togo,24893441
2025,Agosto,Tonga,262157
2025,Agosto,Toquelau,24385
2025,Agosto,Trinidad e Tobago,25875204
2025,Agosto,Tunísia,28396946
2025,Agosto,Turcas e Caicos Ilhas,276709
2025,Agosto,Turcomenistão,1885653
2025,Agosto,Turquia,189184762
2025,Agosto,Ucrânia,2430136
2025,Agosto,Uganda,896939
2025,Agosto,Uruguai,223046958
2025,Agosto,Uzbequistão,6553760
2025,Agosto,Vanuatu,117089
2025,Agosto,Venezuela,92047826
2025,Agosto,Vietnã,290672731
2025,Agosto,Virgens Ilhas (Americanas),133492
2025,Agosto,Virgens Ilhas (Britânicas),150328
2025,Agosto,Wallis e Futuna Ilhas,43462
2025,Agosto,Zimbábue,483497
2025,Agosto,Zâmbia,604046
2025,Agosto,África do Sul,101872634
2025,Agosto,Áustria,15562427
2025,Agosto,Índia,468742446
2025,Julho,Afeganistão,187731
2025,Julho,Albânia,9008604
2025,Julho,Alemanha,657769396
2025,Julho,Andorra,3454
2025,Julho,Angola,67796450
2025,Julho,Anguilla,115657
2025,Julho,Antígua e Barbuda,4507462
2025,Julho,Argentina,1644472719
2025,Julho,Argélia,154959392
2025,Julho,Armênia,659220
2025,Julho,Aruba,3897959
2025,Julho,Arábia Saudita,246943499
2025,Julho,Austrália,52450863
2025,Julho,Azerbaijão,1119200
2025,Julho,Bahamas,13307438
2025,Julho,Bangladesh,202080374
2025,Julho,Barbados,2423449
2025,Julho,Barein,147774237
2025,Julho,Belarus,653218
2025,Julho,Belize,793544
2025,Julho,Benin,13609857
2025,Julho,Bermudas,1405390
2025,Julho,Bolívia,103342380
2025,Julho,Bonaire Saint Eustatius e Saba,217207
2025,Julho,Botsuana,83573
2025,Julho,Brasil,54469726
2025,Julho,Brunei,94782
2025,Julho,Bulgária,81374335
2025,Julho,Burkina Faso,835617
2025,Julho,Burundi,12280
2025,Julho,Butão,128
2025,Julho,Bélgica,515310105
2025,Julho,Bósnia-Herzegovina,273273
2025,Julho,Cabo Verde,4778092
2025,Julho,Camarões,13689207
2025,Julho,Camboja,4061309
2025,Julho,Canadá,603113043
2025,Julho,Catar,30513077
2025,Julho,Cayman Ilhas,1045756
2025,Julho,Cazaquistão,3076078
2025,Julho,Chade,4204808
2025,Julho,Chile,789687586
2025,Julho,China,9824343120
2025,Julho,Chipre,4235819
2025,Julho,Colômbia,370441962
2025,Julho,Comores,490358
2025,Julho,Congo,16974980
2025,Julho,Congo República Democrática,17728420
2025,Julho,Coreia do Sul,422678677
2025,Julho,Costa Rica,36534410
2025,Julho,Costa do Marfim,24385367
2025,Julho,Coveite (Kuweit),26850314
2025,Julho,Croácia,16381980
2025,Julho,Cuba,29267039
2025,Julho,Curaçao,4856077
2025,Julho,Dinamarca,37421493
2025,Julho,Djibuti,2563575
2025,Julho,Dominica,231960
2025,Julho,Egito,229587510
2025,Julho,El Salvador,27522523
2025,Julho,Emirados Árabes Unidos,291351657
2025,Julho,Equador,88564049
2025,Julho,Eslováquia,1314535
2025,Julho,Eslovênia,23407859
2025,Julho,Espanha,780885740
2025,Julho,Estados Unidos,3828581777
2025,Julho,Estônia,5035998
2025,Julho,Etiópia,2107004
2025,Julho,Falkland (Malvinas),111664
2025,Julho,Fiji,104100
2025,Julho,Filipinas,156036581
2025,Julho,Finlândia,61587870
2025,Julho,França,238573359
2025,Julho,Gabão,11377857
2025,Julho,Gana,33322854
2025,Julho,Geórgia,54839007
2025,Julho,Gibraltar,60586
2025,Julho,Granada,1625151
2025,Julho,Grécia,67360309
2025,Julho,Guadalupe,480900
2025,Julho,Guam,10535
2025,Julho,Guatemala,63560307
2025,Julho,Guiana,62950526
2025,Julho,Guiana Francesa,568853
2025,Julho,Guiné,27717065
2025,Julho,Guiné Equatorial,3162473
2025,Julho,Guiné-Bissau,336241
2025,Julho,Gâmbia,19541003
2025,Julho,Haiti,6845042
2025,Julho,Honduras,19493999
2025,Julho,Hong Kong,111904271
2025,Julho,Hungria,5846878
2025,Julho,Ilha de Man,1288927
2025,Julho,Indonésia,246969415
2025,Julho,Iraque,65250761
2025,Julho,Irlanda,15776177
2025,Julho,Irã,148080492
2025,Julho,Islândia,28053273
2025,Julho,Israel,63441693
2025,Julho,Itália,475437908
2025,Julho,Iêmen,14450919
2025,Julho,Jamaica,9047213
2025,Julho,Japão,455265270
2025,Julho,Jordânia,67444049
2025,Julho,Kiribati,962
2025,Julho,Laos,1448552
2025,Julho,Letônia,18479112
2025,Julho,Libéria,50714241
2025,Julho,Liechtenstein,2198292
2025,Julho,Lituânia,3558942
2025,Julho,Luxemburgo,8129689
2025,Julho,Líbano,34898251
2025,Julho,Líbia,65391736
2025,Julho,Macau,56135
2025,Julho,Macedônia,574431
2025,Julho,Madagascar,699620
2025,Julho,Malavi,240780
2025,Julho,Maldivas,2657158
2025,Julho,Mali,146503
2025,Julho,Malta,27969832
2025,Julho,Malásia,305924246
2025,Julho,Marrocos,118721148
2025,Julho,Marshall Ilhas,31277645
2025,Julho,Martinica,641469
2025,Julho,Mauritânia,29438469
2025,Julho,Maurício,2390524
2025,Julho,Mayotte,363792
2025,Julho,Mianmar,4429950
2025,Julho,Micronésia,84180
2025,Julho,Moldávia,76066
2025,Julho,Mongólia,236812
2025,Julho,Montenegro,6974395
2025,Julho,Montserrat,64324
2025,Julho,Moçambique,4421960
2025,Julho,México,802966704
2025,Julho,Namíbia,2220410
2025,Julho,Nepal,128619
2025,Julho,Nicarágua,24099085
2025,Julho,Nigéria,72300664
2025,Julho,Noruega,153226191
2025,Julho,Nova Caledônia,858084
2025,Julho,Nova Zelândia,6560589
2025,Julho,Níger,228127
2025,Julho,Omã,63021619
2025,Julho,Pacífico Ilhas do (EUA),24462
2025,Julho,Palau,13070
2025,Julho,Palestina,4948497
2025,Julho,Panamá,188732658
2025,Julho,Papua Nova Guiné,381975
2025,Julho,Paquistão,143609316
2025,Julho,Paraguai,377351149
2025,Julho,Países Baixos (Holanda),856644493
2025,Julho,Peru,331383837
2025,Julho,Pitcairn,3566
2025,Julho,Polinésia Francesa,1613806
2025,Julho,Polônia,188842473
2025,Julho,Porto Rico,33415017
2025,Julho,Portugal,337983663
2025,Julho,Quirguistão,73650
2025,Julho,Quênia,17696449
2025,Julho,Reino Unido,363978039
2025,Julho,República Centro-Africana,952213
2025,Julho,República Dominicana,53167187
2025,Julho,Reunião,410010
2025,Julho,Romênia,8110784
2025,Julho,Ruanda,40376
2025,Julho,Rússia,141097243
2025,Julho,Samoa Americana,40597
2025,Julho,Santa Lúcia,1269481
2025,Julho,Seicheles,818939
2025,Julho,Senegal,13021835
2025,Julho,Serra Leoa,8130763
2025,Julho,Singapura,568526796
2025,Julho,Sint Maarten,1233583
2025,Julho,Somália,20202069
2025,Julho,Sri Lanka,7189741
2025,Julho,Suazilândia,2444
2025,Julho,Sudão do Sul,332626
2025,Julho,Suriname,5421466
2025,Julho,Suécia,131411751
2025,Julho,Suíça,189853009
2025,Julho,São Bartolomeu,83903
2025,Julho,São Cristóvão e Névis,695183
2025,Julho,São Martinho Ilha de (parte francesa),389118
2025,Julho,São Tomé e Príncipe,358085
2025,Julho,São Vicente e Granadinas,794558
2025,Julho,Sérvia,14058670
2025,Julho,Síria,4481309
2025,Julho,Tadjiquistão,1091
2025,Julho,Tailândia,296986022
2025,Julho,Taiwan (Formosa),105871546
2025,Julho,Tanzânia,4021637
2025,Julho,Tcheca República,7839947
2025,Julho,Terras Austrais Francesas,58808
2025,Julho,Território Britânico do Oceano Índico,28410
2025,Julho,Timor Leste,186191
2025,Julho,Togo,15790111
2025,Julho,Tonga,216419
2025,Julho,Toquelau,25131
2025,Julho,Trinidad e Tobago,25247998
2025,Julho,Tunísia,34478240
2025,Julho,Turcas e Caicos Ilhas,376695
2025,Julho,Turcomenistão,3087999
2025,Julho,Turquia,284323618
2025,Julho,Ucrânia,4861359
2025,Julho,Uganda,1408697
2025,Julho,Uruguai,246428682
2025,Julho,Uzbequistão,8797906
2025,Julho,Vanuatu,270507
2025,Julho,Venezuela,123200327
2025,Julho,Vietnã,344775678
2025,Julho,Virgens Ilhas (Britânicas),414770
2025,Julho,Wallis e Futuna Ilhas,1055
2025,Julho,Zimbábue,96942
2025,Julho,Zâmbia,160328
2025,Julho,África do Sul,163420035
2025,Julho,Áustria,25397985
2025,Julho,Índia,476461769
2025,Junho,Afeganistão,195074
2025,Junho,Albânia,7894143
2025,Junho,Alemanha,367744603
2025,Junho,Andorra,68574
2025,Junho,Angola,57305033
2025,Junho,Anguilla,132
2025,Junho,Antígua e Barbuda,3782301
2025,Junho,Argentina,1617159760
2025,Junho,Argélia,242075235
2025,Junho,Armênia,10098615
2025,Junho,Aruba,4818416
2025,Junho,Arábia Saudita,225855400
2025,Junho,Austrália,57099363
2025,Junho,Azerbaijão,1834754
2025,Junho,Bahamas,61722786
2025,Junho,Bangladesh,96416115
2025,Junho,Barbados,2034047
2025,Junho,Barein,32682719
2025,Junho,Belarus,412040
2025,Junho,Belize,705324
2025,Junho,Benin,10972928
2025,Junho,Bermudas,1014118
2025,Junho,Bolívia,95695341
2025,Junho,Bonaire Saint Eustatius e Saba,655945
2025,Junho,Botsuana,255970
2025,Junho,Brasil,19071152
2025,Junho,Brunei,368
2025,Junho,Bulgária,1328841
2025,Junho,Burkina Faso,446427
2025,Junho,Burundi,1428
2025,Junho,Butão,60454
2025,Junho,Bélgica,346796022
2025,Junho,Bósnia-Herzegovina,68231
2025,Junho,Cabo Verde,4397618
2025,Junho,Camarões,23343431
2025,Junho,Camboja,3167754
2025,Junho,Canadá,561222971
2025,Junho,Catar,28890617
2025,Junho,Cayman Ilhas,38522887
2025,Junho,Cazaquistão,4211972
2025,Junho,Chade,1219280
2025,Junho,Chile,571379706
2025,Junho,China,9877481910
2025,Junho,Chipre,2096060
2025,Junho,Colômbia,315859083
2025,Junho,Comores,468368
2025,Junho,Congo,12428943
2025,Junho,Congo República Democrática,26209525
2025,Junho,Coreia do Sul,423935846
2025,Junho,Costa Rica,29407448
2025,Junho,Costa do Marfim,21790650
2025,Junho,Coveite (Kuweit),20660751
2025,Junho,Croácia,2050330
2025,Junho,Cuba,30540963
2025,Junho,Curaçao,5804613
2025,Junho,Dinamarca,22217663
2025,Junho,Djibuti,1171596
2025,Junho,Dominica,1006039
2025,Junho,Egito,160678717
2025,Junho,El Salvador,11124385
2025,Junho,Emirados Árabes Unidos,269487872
2025,Junho,Equador,81598017
2025,Junho,Eslováquia,2370301
2025,Junho,Eslovênia,45798579
2025,Junho,Espanha,497559707
2025,Junho,Estados Unidos,3346922821
2025,Junho,Estônia,6730989
2025,Junho,Etiópia,1878777
2025,Junho,Falkland (Malvinas),6
2025,Junho,Fiji,25498
2025,Junho,Filipinas,150915904
2025,Junho,Finlândia,14143966
2025,Junho,França,208341330
2025,Junho,Gabão,6611730
2025,Junho,Gana,32940736
2025,Junho,Geórgia,37541247
2025,Junho,Gibraltar,594005
2025,Junho,Granada,2511917
2025,Junho,Grécia,45734641
2025,Junho,Guadalupe,656390
2025,Junho,Guatemala,36410557
2025,Junho,Guernsey,13520
2025,Junho,Guiana,40835389
2025,Junho,Guiana Francesa,537946
2025,Junho,Guiné,17313946
2025,Junho,Guiné Equatorial,2757383
2025,Junho,Guiné-Bissau,286967
2025,Junho,Gâmbia,8648012
2025,Junho,Haiti,5442594
2025,Junho,Heard e ilhas mcdonald Ilha,190256
2025,Junho,Honduras,19150472
2025,Junho,Hong Kong,107421740
2025,Junho,Hungria,6051337
2025,Junho,Ilha de Man,2448025
2025,Junho,Indonésia,273553125
2025,Junho,Iraque,102633802
2025,Junho,Irlanda,11962800
2025,Junho,Irã,129918957
2025,Junho,Islândia,12274320
2025,Junho,Israel,47977695
2025,Junho,Itália,418604841
2025,Junho,Iêmen,13531572
2025,Junho,Jamaica,6446944
2025,Junho,Japão,393068130
2025,Junho,Jordânia,19528456
2025,Junho,Laos,2274148
2025,Junho,Lesoto,3946
2025,Junho,Letônia,7046664
2025,Junho,Libéria,40359618
2025,Junho,Liechtenstein,304990
2025,Junho,Lituânia,2541811
2025,Junho,Luxemburgo,2501896
2025,Junho,Líbano,19310464
2025,Junho,Líbia,32236026
2025,Junho,Macau,147452
2025,Junho,Macedônia,604681
2025,Junho,Madagascar,350539
2025,Junho,Malavi,235834
2025,Junho,Maldivas,1817232
2025,Junho,Mali,64822
2025,Junho,Malta,11427897
2025,Junho,Malásia,331455196
2025,Junho,Marrocos,98444922
2025,Junho,Marshall Ilhas,22035654
2025,Junho,Martinica,682686
2025,Junho,Mauritânia,34470796
2025,Junho,Maurício,4320730
2025,Junho,Mayotte,1133447
2025,Junho,Mianmar,3656145
2025,Junho,Micronésia,2852
2025,Junho,Moldávia,5760
2025,Junho,Mongólia,223992
2025,Junho,Montenegro,4452024
2025,Junho,Montserrat,68301
2025,Junho,Moçambique,4012865
2025,Junho,México,643780349
2025,Junho,Mônaco,5910
2025,Junho,Namíbia,6922941
2025,Junho,Nepal,161975
2025,Junho,Nicarágua,19997055
2025,Junho,Nigéria,118817031
2025,Junho,Norfolk Ilha,125679
2025,Junho,Noruega,79737199
2025,Junho,Nova Caledônia,985164
2025,Junho,Nova Zelândia,15199751
2025,Junho,Níger,286726
2025,Junho,Omã,171195926
2025,Junho,Pacífico Ilhas do (EUA),21653
2025,Junho,Palau,557248
2025,Junho,Palestina,2468897
2025,Junho,Panamá,81382000
2025,Junho,Papua Nova Guiné,69854
2025,Junho,Paquistão,59624690
2025,Junho,Paraguai,363560416
2025,Junho,Países Baixos (Holanda),922845014
2025,Junho,Peru,284704772
2025,Junho,Pitcairn,5025
2025,Junho,Polinésia Francesa,1090680
2025,Junho,Polônia,72811465
2025,Junho,Porto Rico,27562284
2025,Junho,Portugal,321071784
2025,Junho,Quênia,11171721
2025,Junho,Reino Unido,348033555
2025,Junho,República Centro-Africana,1381173
2025,Junho,República Dominicana,43163191
2025,Junho,Reunião,220916
2025,Junho,Romênia,24716752
2025,Junho,Ruanda,87342
2025,Junho,Rússia,109330391
2025,Junho,Samoa,226509
2025,Junho,Santa Lúcia,60990686
2025,Junho,Seicheles,1014488
2025,Junho,Senegal,12703964
2025,Junho,Serra Leoa,3483068
2025,Junho,Singapura,576183116
2025,Junho,Sint Maarten,1422411
2025,Junho,Somália,2831145
2025,Junho,Sri Lanka,3079127
2025,Junho,Suazilândia,7174
2025,Junho,Sudão,173229
2025,Junho,Sudão do Sul,297771
2025,Junho,Suriname,4224257
2025,Junho,Suécia,37959092
2025,Junho,Suíça,154116782
2025,Junho,São Bartolomeu,334155
2025,Junho,São Cristóvão e Névis,576339
2025,Junho,São Martinho Ilha de (parte francesa),75762
2025,Junho,São Tomé e Príncipe,536979
2025,Junho,São Vicente e Granadinas,1086420
2025,Junho,Sérvia,3352651
2025,Junho,Síria,2609063
2025,Junho,Tadjiquistão,3370
2025,Junho,Tailândia,281499156
2025,Junho,Taiwan (Formosa),111171422
2025,Junho,Tanzânia,5671746
2025,Junho,Tcheca República,3534883
2025,Junho,Terras Austrais Francesas,113
2025,Junho,Timor Leste,502750
2025,Junho,Togo,35395622
2025,Junho,Tonga,348070
2025,Junho,Toquelau,242820
2025,Junho,Trinidad e Tobago,26199150
2025,Junho,Tunísia,23043716
2025,Junho,Turcas e Caicos Ilhas,191303
2025,Junho,Turcomenistão,2539814
2025,Junho,Turquia,333705548
2025,Junho,Ucrânia,6724640
2025,Junho,Uganda,579567
2025,Junho,Uruguai,271249489
2025,Junho,Uzbequistão,5731793
2025,Junho,Vanuatu,76402
2025,Junho,Venezuela,65277131
2025,Junho,Vietnã,261885916
2025,Junho,Virgens Ilhas (Americanas),67138
2025,Junho,Virgens Ilhas (Britânicas),5077513
2025,Junho,Zimbábue,192342
2025,Junho,Zâmbia,198539
2025,Junho,África do Sul,84191906
2025,Junho,Áustria,9737730
2025,Junho,Índia,377701782
2025,Maio,Afeganistão,216365
2025,Maio,Albânia,10119628
2025,Maio,Alemanha,467758111
2025,Maio,Angola,33263541
2025,Maio,Anguilla,111534
2025,Maio,Antártica,68
2025,Maio,Antígua e Barbuda,2239594
2025,Maio,Argentina,1693500110
2025,Maio,Argélia,116816766
2025,Maio,Armênia,645625
2025,Maio,Aruba,2923572
2025,Maio,Arábia Saudita,219287349
2025,Maio,Austrália,59922519
2025,Maio,Azerbaijão,1975626
2025,Maio,Bahamas,13777070
2025,Maio,Bangladesh,132417419
2025,Maio,Barbados,3249421
2025,Maio,Barein,97532365
2025,Maio,Belarus,1246228
2025,Maio,Belize,701750
2025,Maio,Benin,6532207
2025,Maio,Bermudas,603753
2025,Maio,Bolívia,109787985
2025,Maio,Bonaire Saint Eustatius e Saba,147668
2025,Maio,Botsuana,418349
2025,Maio,Brasil,41697004
2025,Maio,Brunei,18472
2025,Maio,Bulgária,1562142
2025,Maio,Burkina Faso,223879
2025,Maio,Bélgica,322778149
2025,Maio,Bósnia-Herzegovina,148622
2025,Maio,Cabo Verde,3231530
2025,Maio,Camarões,19816043
2025,Maio,Camboja,3535494
2025,Maio,Canadá,472989264
2025,Maio,Catar,20325181
2025,Maio,Cayman Ilhas,693699
2025,Maio,Cazaquistão,5071765
2025,Maio,Chade,280881
2025,Maio,Chile,463071918
2025,Maio,China,9590510024
2025,Maio,Chipre,3106427
2025,Maio,Christmas (Navidad) Ilha,286920
2025,Maio,Colômbia,320429008
2025,Maio,Comores,1034592
2025,Maio,Congo,7919070
2025,Maio,Congo República Democrática,15548320
2025,Maio,Coreia do Sul,315819455
2025,Maio,Costa Rica,26103639
2025,Maio,Costa do Marfim,27855834
2025,Maio,Coveite (Kuweit),20715294
2025,Maio,Croácia,4411996
2025,Maio,Cuba,28653729
2025,Maio,Curaçao,5434679
2025,Maio,Dinamarca,97262094
2025,Maio,Djibuti,1154166
2025,Maio,Dominica,420833
2025,Maio,Egito,184336834
2025,Maio,El Salvador,9562676
2025,Maio,Emirados Árabes Unidos,318097287
2025,Maio,Equador,87333699
2025,Maio,Eslováquia,2003764
2025,Maio,Eslovênia,24958345
2025,Maio,Espanha,1075708737
2025,Maio,Estados Unidos,3595076631
2025,Maio,Estônia,6356746
2025,Maio,Etiópia,2828561
2025,Maio,Faroe Ilhas,1445
2025,Maio,Fiji,109722
2025,Maio,Filipinas,155685666
2025,Maio,Finlândia,30309870
2025,Maio,França,305053425
2025,Maio,Gabão,3530685
2025,Maio,Gana,21631231
2025,Maio,Geórgia,57037924
2025,Maio,Gibraltar,17466
2025,Maio,Granada,1139562
2025,Maio,Grécia,47961436
2025,Maio,Guadalupe,492354
2025,Maio,Guam,50982
2025,Maio,Guatemala,37500622
2025,Maio,Guiana,10703664
2025,Maio,Guiana Francesa,562528
2025,Maio,Guiné,12461830
2025,Maio,Guiné Equatorial,1965999
2025,Maio,Guiné-Bissau,209310
2025,Maio,Gâmbia,19906429
2025,Maio,Haiti,3283274
2025,Maio,Honduras,13015958
2025,Maio,Hong Kong,105065588
2025,Maio,Hungria,3386125
2025,Maio,Ilha de Man,1686140
2025,Maio,Indonésia,391021681
2025,Maio,Iraque,139094430
2025,Maio,Irlanda,12640313
2025,Maio,Irã,238784250
2025,Maio,Islândia,30270924
2025,Maio,Israel,37656300
2025,Maio,Itália,458865688
2025,Maio,Iêmen,12247562
2025,Maio,Jamaica,15164170
2025,Maio,Japão,449827303
2025,Maio,Jordânia,23973984
2025,Maio,Laos,1484821
2025,Maio,Lesoto,2664756
2025,Maio,Letônia,6230197
2025,Maio,Libéria,43157109
2025,Maio,Liechtenstein,1613527
2025,Maio,Lituânia,2446741
2025,Maio,Luxemburgo,2828584
2025,Maio,Líbano,47962425
2025,Maio,Líbia,50165607
2025,Maio,Macau,318904
2025,Maio,Macedônia,1480045
2025,Maio,Madagascar,183774
2025,Maio,Malavi,196305
2025,Maio,Maldivas,1448976
2025,Maio,Mali,5525
2025,Maio,Malta,15380132
2025,Maio,Malásia,307434755
2025,Maio,Marrocos,68498526
2025,Maio,Marshall Ilhas,15582766
2025,Maio,Martinica,451153
2025,Maio,Mauritânia,17832578
2025,Maio,Maurício,19754810
2025,Maio,Mayotte,1265359
2025,Maio,Mianmar,2887792
2025,Maio,Moldávia,164580
2025,Maio,Mongólia,551421
2025,Maio,Montenegro,5486907
2025,Maio,Moçambique,1423590
2025,Maio,México,676088102
2025,Maio,Mônaco,8715
2025,Maio,Namíbia,660396
2025,Maio,Nauru,4015
2025,Maio,Nepal,330335
2025,Maio,Nicarágua,9092888
2025,Maio,Nigéria,198537145
2025,Maio,Norfolk Ilha,17633
2025,Maio,Noruega,94547906
2025,Maio,Nova Caledônia,751987
2025,Maio,Nova Zelândia,8929816
2025,Maio,Níger,234330
2025,Maio,Omã,78853291
2025,Maio,Pacífico Ilhas do (EUA),83805
2025,Maio,Palau,62317
2025,Maio,Palestina,2066766
2025,Maio,Panamá,101499937
2025,Maio,Papua Nova Guiné,226921
2025,Maio,Paquistão,153648161
2025,Maio,Paraguai,304097911
2025,Maio,Países Baixos (Holanda),1058975234
2025,Maio,Peru,302225848
2025,Maio,Pitcairn,373009
2025,Maio,Polinésia Francesa,922558
2025,Maio,Polônia,144716398
2025,Maio,Porto Rico,22439524
2025,Maio,Portugal,288318358
2025,Maio,Quirguistão,6246
2025,Maio,Quênia,8258704
2025,Maio,Reino Unido,385872503
2025,Maio,República Centro-Africana,720994
2025,Maio,República Dominicana,43519259
2025,Maio,Reunião,195584
2025,Maio,Romênia,19109750
2025,Maio,Ruanda,11699
2025,Maio,Rússia,160591870
2025,Maio,Salomão Ilhas,57446
2025,Maio,Samoa,342157
2025,Maio,Samoa Americana,65461
2025,Maio,San Marino,22857
2025,Maio,Santa Lúcia,822115
2025,Maio,Seicheles,695535
2025,Maio,Senegal,25569381
2025,Maio,Serra Leoa,7861248
2025,Maio,Singapura,365050741
2025,Maio,Sint Maarten,1006023
2025,Maio,Somália,17689768
2025,Maio,Sri Lanka,1335827
2025,Maio,Suazilândia,16496
2025,Maio,Sudão,57
2025,Maio,Sudão do Sul,486057
2025,Maio,Suriname,4343079
2025,Maio,Suécia,75064196
2025,Maio,Suíça,190462121
2025,Maio,São Bartolomeu,116795
2025,Maio,São Cristóvão e Névis,229395
2025,Maio,São Martinho Ilha de (parte francesa),206519
2025,Maio,São Tomé e Príncipe,205400
2025,Maio,São Vicente e Granadinas,636897
2025,Maio,Sérvia,3594614
2025,Maio,Síria,340233
2025,Maio,Tadjiquistão,200
2025,Maio,Tailândia,203923648
2025,Maio,Taiwan (Formosa),105125777
2025,Maio,Tanzânia,1649215
2025,Maio,Tcheca República,3050324
2025,Maio,Terras Austrais Francesas,19926
2025,Maio,Timor Leste,454137
2025,Maio,Togo,7804277
2025,Maio,Tonga,961981
2025,Maio,Toquelau,10656
2025,Maio,Trinidad e Tobago,35650308
2025,Maio,Tunísia,21219402
2025,Maio,Turcas e Caicos Ilhas,281380
2025,Maio,Turcomenistão,1047980
2025,Maio,Turquia,408170127
2025,Maio,Ucrânia,4820641
2025,Maio,Uganda,571372
2025,Maio,Uruguai,249461450
2025,Maio,Uzbequistão,5881147
2025,Maio,Vanuatu,140284
2025,Maio,Venezuela,38118282
2025,Maio,Vietnã,204073938
2025,Maio,Virgens Ilhas (Americanas),84377
2025,Maio,Virgens Ilhas (Britânicas),494181
2025,Maio,Wallis e Futuna Ilhas,1146
2025,Maio,Zimbábue,537221
2025,Maio,Zâmbia,699840
2025,Maio,África do Sul,86176615
2025,Maio,Áustria,27715624
2025,Maio,Índia,384929461
2025,Abril,Afeganistão,345232
2025,Abril,Albânia,12894131
2025,Abril,Alemanha,648162238
2025,Abril,Andorra,1319
2025,Abril,Angola,54969920
2025,Abril,Anguilla,49905
2025,Abril,Antígua e Barbuda,2158868
2025,Abril,Argentina,1595379765
2025,Abril,Argélia,168628210
2025,Abril,Armênia,250016
2025,Abril,Aruba,3263553
2025,Abril,Arábia Saudita,198718531
2025,Abril,Austrália,72057957
2025,Abril,Azerbaijão,1703679
2025,Abril,Bahamas,12883902
2025,Abril,Bangladesh,134376659
2025,Abril,Barbados,2420177
2025,Abril,Barein,24563939
2025,Abril,Belarus,864309
2025,Abril,Belize,556949
2025,Abril,Benin,9658357
2025,Abril,Bermudas,153624
2025,Abril,Bolívia,112298880
2025,Abril,Bonaire Saint Eustatius e Saba,334517
2025,Abril,Botsuana,46872
2025,Abril,Brasil,37811984
2025,Abril,Brunei,118158
2025,Abril,Bulgária,2097699
2025,Abril,Burkina Faso,261730
2025,Abril,Burundi,444838
2025,Abril,Butão,206968
2025,Abril,Bélgica,292330005
2025,Abril,Bósnia-Herzegovina,156851
2025,Abril,Cabo Verde,3004358
2025,Abril,Camarões,10285684
2025,Abril,Camboja,2201356
2025,Abril,Canadá,573276059
2025,Abril,Catar,22251566
2025,Abril,Cayman Ilhas,878741
2025,Abril,Cazaquistão,2580262
2025,Abril,Chade,819317
2025,Abril,Chile,508937474
2025,Abril,China,8762770272
2025,Abril,Chipre,5115745
2025,Abril,Christmas (Navidad) Ilha,163589
2025,Abril,Cocos (Keeling) Ilhas,14051
2025,Abril,Colômbia,275179783
2025,Abril,Comores,1387388
2025,Abril,Congo,9666132
2025,Abril,Congo República Democrática,20673452
2025,Abril,Coreia do Sul,639392167
2025,Abril,Costa Rica,48615829
2025,Abril,Costa do Marfim,9322945
2025,Abril,Coveite (Kuweit),23912844
2025,Abril,Croácia,19571447
2025,Abril,Cuba,23624728
2025,Abril,Curaçao,4084439
2025,Abril,Dinamarca,21624286
2025,Abril,Djibuti,728633
2025,Abril,Dominica,399313
2025,Abril,Egito,136952785
2025,Abril,El Salvador,19589405
2025,Abril,Emirados Árabes Unidos,236573786
2025,Abril,Equador,79131774
2025,Abril,Eslováquia,3340540
2025,Abril,Eslovênia,17571545
2025,Abril,Espanha,1072211361
2025,Abril,Estados Unidos,3516696547
2025,Abril,Estônia,8797776
2025,Abril,Etiópia,2869873
2025,Abril,Faroe Ilhas,871
2025,Abril,Fiji,155750
2025,Abril,Filipinas,213560503
2025,Abril,Finlândia,40372988
2025,Abril,França,281468742
2025,Abril,Gabão,3125945
2025,Abril,Gana,21840605
2025,Abril,Geórgia,36451912
2025,Abril,Geórgia do Sul e Sandwich do Sul Ilhas,20759
2025,Abril,Gibraltar,43710
2025,Abril,Granada,1477334
2025,Abril,Grécia,42676788
2025,Abril,Guadalupe,220759
2025,Abril,Guam,126887
2025,Abril,Guatemala,35942269
2025,Abril,Guiana,12142158
2025,Abril,Guiana Francesa,550151
2025,Abril,Guiné,15818143
2025,Abril,Guiné Equatorial,3701425
2025,Abril,Guiné-Bissau,267595
2025,Abril,Gâmbia,5507012
2025,Abril,Haiti,2200162
2025,Abril,Honduras,13605606
2025,Abril,Hong Kong,128367560
2025,Abril,Hungria,3212844
2025,Abril,Ilha de Man,812848
2025,Abril,Indonésia,371325843
2025,Abril,Iraque,145139612
2025,Abril,Irlanda,21707127
2025,Abril,Irã,185790832
2025,Abril,Islândia,18676177
2025,Abril,Israel,50751909
2025,Abril,Itália,567723610
2025,Abril,Iêmen,17834698
2025,Abril,Jamaica,9075438
2025,Abril,Japão,498455547
2025,Abril,Jordânia,27991452
2025,Abril,Laos,1642893
2025,Abril,Lesoto,791113
2025,Abril,Letônia,8466874
2025,Abril,Libéria,44618446
2025,Abril,Liechtenstein,1153708
2025,Abril,Lituânia,4385956
2025,Abril,Luxemburgo,3163985
2025,Abril,Líbano,46286477
2025,Abril,Líbia,53837264
2025,Abril,Macau,423661
2025,Abril,Macedônia,812626
2025,Abril,Madagascar,824347
2025,Abril,Malavi,771633
2025,Abril,Maldivas,2226358
2025,Abril,Mali,203994
2025,Abril,Malta,14096132
2025,Abril,Malásia,256586114
2025,Abril,Marrocos,38301714
2025,Abril,Marshall Ilhas,27053313
2025,Abril,Martinica,611971
2025,Abril,Mauritânia,6601604
2025,Abril,Maurício,5495909
2025,Abril,Mayotte,633101
2025,Abril,Mianmar,2612513
2025,Abril,Micronésia,12530
2025,Abril,Moldávia,108558
2025,Abril,Mongólia,634919
2025,Abril,Montenegro,1047587
2025,Abril,Montserrat,116385
2025,Abril,Moçambique,2310192
2025,Abril,México,702580876
2025,Abril,Mônaco,35273
2025,Abril,Namíbia,1923381
2025,Abril,Nepal,177131
2025,Abril,Nicarágua,6117615
2025,Abril,Nigéria,47009367
2025,Abril,Noruega,97922938
2025,Abril,Nova Caledônia,812781
2025,Abril,Nova Zelândia,7899788
2025,Abril,Níger,372828
2025,Abril,Omã,101252775
2025,Abril,Pacífico Ilhas do (EUA),34223
2025,Abril,Palau,39600
2025,Abril,Palestina,4359939
2025,Abril,Panamá,132372038
2025,Abril,Papua Nova Guiné,384022
2025,Abril,Paquistão,258124449
2025,Abril,Paraguai,293763449
2025,Abril,Países Baixos (Holanda),863790267
2025,Abril,Peru,232777381
2025,Abril,Polinésia Francesa,898755
2025,Abril,Polônia,186527701
2025,Abril,Porto Rico,24435679
2025,Abril,Portugal,500371599
2025,Abril,Quirguistão,48737
2025,Abril,Quênia,7681714
2025,Abril,Reino Unido,349531540
2025,Abril,República Centro-Africana,911973
2025,Abril,República Dominicana,52879391
2025,Abril,Reunião,399509
2025,Abril,Romênia,58259403
2025,Abril,Ruanda,614324
2025,Abril,Rússia,112002610
2025,Abril,Samoa,360566
2025,Abril,Samoa Americana,44900
2025,Abril,San Marino,50851
2025,Abril,Santa Helena,564
2025,Abril,Santa Lúcia,573986
2025,Abril,Seicheles,893238
2025,Abril,Senegal,16768074
2025,Abril,Serra Leoa,3441819
2025,Abril,Singapura,549387743
2025,Abril,Sint Maarten,1499502
2025,Abril,Somália,3909598
2025,Abril,Sri Lanka,3455169
2025,Abril,Sudão,2221
2025,Abril,Sudão do Sul,336161
2025,Abril,Suriname,2639355
2025,Abril,Suécia,80798265
2025,Abril,Suíça,68594004
2025,Abril,São Bartolomeu,108985
2025,Abril,São Cristóvão e Névis,277791
2025,Abril,São Martinho Ilha de (parte francesa),273736
2025,Abril,São Tomé e Príncipe,243185
2025,Abril,São Vicente e Granadinas,830038
2025,Abril,Sérvia,6335515
2025,Abril,Síria,1728880
2025,Abril,Tadjiquistão,236560
2025,Abril,Tailândia,299872766
2025,Abril,Taiwan (Formosa),104379135
2025,Abril,Tanzânia,2811445
2025,Abril,Tcheca República,3352185
2025,Abril,Terras Austrais Francesas,4815
2025,Abril,Território Britânico do Oceano Índico,2394
2025,Abril,Timor Leste,1184215
2025,Abril,Togo,5044050
2025,Abril,Tonga,660848
2025,Abril,Trinidad e Tobago,30307540
2025,Abril,Tunísia,36194330
2025,Abril,Turcas e Caicos Ilhas,630637
2025,Abril,Turcomenistão,926479
2025,Abril,Turquia,462879543
2025,Abril,Ucrânia,4104082
2025,Abril,Uganda,299993
2025,Abril,Uruguai,342744759
2025,Abril,Uzbequistão,11401295
2025,Abril,Vanuatu,675855
2025,Abril,Vaticano,840
2025,Abril,Venezuela,54223408
2025,Abril,Vietnã,281892867
2025,Abril,Virgens Ilhas (Americanas),26404
2025,Abril,Virgens Ilhas (Britânicas),5467364
2025,Abril,Zimbábue,301096
2025,Abril,Zâmbia,475137
2025,Abril,África do Sul,104919674
2025,Abril,Áustria,5903066
2025,Abril,Índia,557982425
2025,Março,Afeganistão,166574
2025,Março,Albânia,12692615
2025,Março,Alemanha,641743782
2025,Março,Angola,52036295
2025,Março,Anguilla,51000
2025,Março,Antígua e Barbuda,3951278
2025,Março,Argentina,1560958189
2025,Março,Argélia,220448112
2025,Março,Armênia,421602
2025,Março,Aruba,2006543
2025,Março,Arábia Saudita,255664944
2025,Março,Austrália,58954329
2025,Março,Azerbaijão,783642
2025,Março,Bahamas,11565641
2025,Março,Bangladesh,231507078
2025,Março,Barbados,2218788
2025,Março,Barein,90706304
2025,Março,Belarus,798646
2025,Março,Belize,389024
2025,Março,Benin,12540525
2025,Março,Bermudas,1674324
2025,Março,Bolívia,104805585
2025,Março,Bonaire Saint Eustatius e Saba,165495
2025,Março,Botsuana,8856
2025,Março,Brasil,51105308
2025,Março,Brunei,73965
2025,Março,Bulgária,3115206
2025,Março,Burkina Faso,17349
2025,Março,Bélgica,268685979
2025,Março,Bósnia-Herzegovina,167649
2025,Março,Cabo Verde,3587548
2025,Março,Camarões,11268821
2025,Março,Camboja,1810405
2025,Março,Canadá,716471320
2025,Março,Catar,43198149
2025,Março,Cayman Ilhas,871433
2025,Março,Cazaquistão,13890750
2025,Março,Chade,711814
2025,Março,Chile,399496832
2025,Março,China,8903666279
2025,Março,Chipre,4359978
2025,Março,Cocos (Keeling) Ilhas,13
2025,Março,Colômbia,235346497
2025,Março,Comores,839278
2025,Março,Congo,19592047
2025,Março,Congo República Democrática,27690868
2025,Março,Cook Ilhas,3034
2025,Março,Coreia do Sul,548536221
2025,Março,Costa Rica,31078764
2025,Março,Costa do Marfim,11980185
2025,Março,Coveite (Kuweit),27638445
2025,Março,Croácia,17723399
2025,Março,Cuba,23230584
2025,Março,Curaçao,4064058
2025,Março,Dinamarca,58202323
2025,Março,Djibuti,1285568
2025,Março,Dominica,486982
2025,Março,Egito,203014051
2025,Março,El Salvador,9580479
2025,Março,Emirados Árabes Unidos,248366766
2025,Março,Equador,83723031
2025,Março,Eslováquia,2192603
2025,Março,Eslovênia,37664110
2025,Março,Espanha,658711092
2025,Março,Estados Unidos,3182734745
2025,Março,Estônia,12724819
2025,Março,Etiópia,1732669
2025,Março,Faroe Ilhas,3738
2025,Março,Fiji,162474
2025,Março,Filipinas,118865208
2025,Março,Finlândia,43619927
2025,Março,França,246244386
2025,Março,Gabão,5437537
2025,Março,Gana,35689125
2025,Março,Geórgia,31004769
2025,Março,Gibraltar,27805029
2025,Março,Granada,1727105
2025,Março,Grécia,50544218
2025,Março,Guadalupe,566240
2025,Março,Guam,52635
2025,Março,Guatemala,30457386
2025,Março,Guiana,38241221
2025,Março,Guiana Francesa,422110
2025,Março,Guiné,12653400
2025,Março,Guiné Equatorial,3346134
2025,Março,Guiné-Bissau,442902
2025,Março,Gâmbia,15578290
2025,Março,Haiti,4178924
2025,Março,Honduras,13675089
2025,Março,Hong Kong,128677454
2025,Março,Hungria,3812180
2025,Março,Ilha de Man,335858
2025,Março,Indonésia,343045874
2025,Março,Iraque,81018053
2025,Março,Irlanda,48135630
2025,Março,Irã,128633445
2025,Março,Islândia,309798
2025,Março,Israel,51709215
2025,Março,Itália,378213254
2025,Março,Iêmen,37971966
2025,Março,Jamaica,6187177
2025,Março,Japão,456357656
2025,Março,Jordânia,64946039
2025,Março,Laos,1610890
2025,Março,Letônia,6584799
2025,Março,Libéria,48556673
2025,Março,Liechtenstein,923660
2025,Março,Lituânia,2399822
2025,Março,Luxemburgo,3897508
2025,Março,Líbano,34527371
2025,Março,Líbia,57586694
2025,Março,Macau,1464101
2025,Março,Macedônia,1165606
2025,Março,Madagascar,1827594
2025,Março,Malavi,49888
2025,Março,Maldivas,1728644
2025,Março,Mali,172224
2025,Março,Malta,10878003
2025,Março,Malásia,191791612
2025,Março,Marianas do Norte Ilhas,46905
2025,Março,Marrocos,82271516
2025,Março,Marshall Ilhas,28087177
2025,Março,Martinica,509659
2025,Março,Mauritânia,11462454
2025,Março,Maurício,3567286
2025,Março,Mayotte,1011240
2025,Março,Mianmar,3205668
2025,Março,Moldávia,72098
2025,Março,Mongólia,441521
2025,Março,Montenegro,3246385
2025,Março,Moçambique,1308232
2025,Março,México,571871649
2025,Março,Mônaco,2943
2025,Março,Namíbia,1395793
2025,Março,Nauru,146
2025,Março,Nepal,509124
2025,Março,Nicarágua,10123918
2025,Março,Nigéria,33606886
2025,Março,Niue,11348434
2025,Março,Noruega,187458221
2025,Março,Nova Caledônia,1140130
2025,Março,Nova Zelândia,8984516
2025,Março,Níger,98362
2025,Março,Omã,118165186
2025,Março,Pacífico Ilhas do (EUA),107519
2025,Março,Palau,66123
2025,Março,Palestina,7007886
2025,Março,Panamá,128411332
2025,Março,Papua Nova Guiné,159774
2025,Março,Paquistão,163652570
2025,Março,Paraguai,267333354
2025,Março,Países Baixos (Holanda),1004357198
2025,Março,Peru,228860476
2025,Março,Polinésia Francesa,943219
2025,Março,Polônia,137094962
2025,Março,Porto Rico,24473545
2025,Março,Portugal,72194953
2025,Março,Quirguistão,18336
2025,Março,Quênia,7937158
2025,Março,Reino Unido,276426517
2025,Março,República Centro-Africana,323597
2025,Março,República Dominicana,46840232
2025,Março,Reunião,504585
2025,Março,Romênia,12777245
2025,Março,Ruanda,412724
2025,Março,Rússia,136775355
2025,Março,Samoa,200093
2025,Março,Samoa Americana,7000
2025,Março,San Marino,21195
2025,Março,Santa Lúcia,271703
2025,Março,Seicheles,909185
2025,Março,Senegal,62416840
2025,Março,Serra Leoa,3537037
2025,Março,Singapura,543149950
2025,Março,Sint Maarten,1145797
2025,Março,Somália,615962
2025,Março,Sri Lanka,6264319
2025,Março,Sudão,189194
2025,Março,Sudão do Sul,352771
2025,Março,Suriname,3417940
2025,Março,Suécia,93184954
2025,Março,Suíça,66123751
2025,Março,São Bartolomeu,2476
2025,Março,São Cristóvão e Névis,268386
2025,Março,São Martinho Ilha de (parte francesa),82796
2025,Março,São Tomé e Príncipe,368542
2025,Março,São Vicente e Granadinas,312323
2025,Março,Sérvia,4428767
2025,Março,Síria,1555824
2025,Março,Tailândia,311756678
2025,Março,Taiwan (Formosa),135689910
2025,Março,Tanzânia,3798097
2025,Março,Tcheca República,3887990
2025,Março,Terras Austrais Francesas,11484
2025,Março,Timor Leste,722494
2025,Março,Togo,36586461
2025,Março,Tonga,1536347
2025,Março,Trinidad e Tobago,40843396
2025,Março,Tunísia,49509576
2025,Março,Turcas e Caicos Ilhas,196374
2025,Março,Turcomenistão,775778
2025,Março,Turquia,485591352
2025,Março,Ucrânia,5362669
2025,Março,Uganda,693411
2025,Março,Uruguai,357475064
2025,Março,Uzbequistão,18373894
2025,Março,Vanuatu,162286
2025,Março,Venezuela,69587003
2025,Março,Vietnã,330670703
2025,Março,Virgens Ilhas (Americanas),39589
2025,Março,Virgens Ilhas (Britânicas),102703
2025,Março,Wallis e Futuna Ilhas,123
2025,Março,Zimbábue,216357
2025,Março,Zâmbia,658483
2025,Março,África do Sul,101708649
2025,Março,Áustria,5770296
2025,Março,Índia,466566803
2025,Fevereiro,Afeganistão,1598
2025,Fevereiro,Albânia,6841457
2025,Fevereiro,Alemanha,398810942
2025,Fevereiro,Angola,36715155
2025,Fevereiro,Anguilla,104921
2025,Fevereiro,Antártica,33999
2025,Fevereiro,Antígua e Barbuda,1998843
2025,Fevereiro,Argentina,1437217439
2025,Fevereiro,Argélia,223340041
2025,Fevereiro,Armênia,169278
2025,Fevereiro,Aruba,3377056
2025,Fevereiro,Arábia Saudita,228910317
2025,Fevereiro,Austrália,63202231
2025,Fevereiro,Azerbaijão,1203065
2025,Fevereiro,Bahamas,14451053
2025,Fevereiro,Bangladesh,366059196
2025,Fevereiro,Barbados,3522408
2025,Fevereiro,Barein,49043691
2025,Fevereiro,Belarus,660163
2025,Fevereiro,Belize,2216081
2025,Fevereiro,Benin,9346759
2025,Fevereiro,Bermudas,3192376
2025,Fevereiro,Bolívia,99384300
2025,Fevereiro,Bonaire Saint Eustatius e Saba,107766
2025,Fevereiro,Brasil,57562510
2025,Fevereiro,Brunei,48084
2025,Fevereiro,Bulgária,102779150
2025,Fevereiro,Burkina Faso,32547
2025,Fevereiro,Bélgica,308447694
2025,Fevereiro,Bósnia-Herzegovina,118212
2025,Fevereiro,Cabo Verde,3208768
2025,Fevereiro,Camarões,18888181
2025,Fevereiro,Camboja,3140781
2025,Fevereiro,Canadá,468394059
2025,Fevereiro,Catar,21867330
2025,Fevereiro,Cayman Ilhas,496512
2025,Fevereiro,Cazaquistão,2332850
2025,Fevereiro,Chade,938238
2025,Fevereiro,Chile,536515725
2025,Fevereiro,China,5205994816
2025,Fevereiro,Chipre,5533046
2025,Fevereiro,Colômbia,235901177
2025,Fevereiro,Comores,307586
2025,Fevereiro,Congo,6958771
2025,Fevereiro,Congo República Democrática,21196809
2025,Fevereiro,Cook Ilhas,11611
2025,Fevereiro,Coreia do Sul,162566307
2025,Fevereiro,Costa Rica,16452763
2025,Fevereiro,Costa do Marfim,28975600
2025,Fevereiro,Coveite (Kuweit),18608571
2025,Fevereiro,Croácia,4217273
2025,Fevereiro,Cuba,15617218
2025,Fevereiro,Curaçao,3229742
2025,Fevereiro,Dinamarca,32016292
2025,Fevereiro,Djibuti,1586116
2025,Fevereiro,Dominica,435689
2025,Fevereiro,Egito,183007604
2025,Fevereiro,El Salvador,7198930
2025,Fevereiro,Emirados Árabes Unidos,261378089
2025,Fevereiro,Equador,80064971
2025,Fevereiro,Eslováquia,1334009
2025,Fevereiro,Eslovênia,27326266
2025,Fevereiro,Espanha,614593213
2025,Fevereiro,Estados Unidos,3167225275
2025,Fevereiro,Estônia,8832267
2025,Fevereiro,Etiópia,2900242
2025,Fevereiro,Fiji,117534
2025,Fevereiro,Filipinas,118616182
2025,Fevereiro,Finlândia,14956290
2025,Fevereiro,França,199729457
2025,Fevereiro,Gabão,6962438
2025,Fevereiro,Gana,20650352
2025,Fevereiro,Geórgia,40651729
2025,Fevereiro,Gibraltar,10301
2025,Fevereiro,Granada,1138213
2025,Fevereiro,Groenlândia,3450
2025,Fevereiro,Grécia,32582366
2025,Fevereiro,Guadalupe,462154
2025,Fevereiro,Guam,5462
2025,Fevereiro,Guatemala,32911635
2025,Fevereiro,Guiana,38536706
2025,Fevereiro,Guiana Francesa,421119
2025,Fevereiro,Guiné,17893592
2025,Fevereiro,Guiné Equatorial,3339652
2025,Fevereiro,Guiné-Bissau,347012
2025,Fevereiro,Gâmbia,16986239
2025,Fevereiro,Haiti,3850366
2025,Fevereiro,Heard e ilhas mcdonald Ilha,138
2025,Fevereiro,Honduras,10435558
2025,Fevereiro,Hong Kong,125630521
2025,Fevereiro,Hungria,2827240
2025,Fevereiro,Ilha de Man,761390
2025,Fevereiro,Indonésia,256646376
2025,Fevereiro,Iraque,155728626
2025,Fevereiro,Irlanda,9035988
2025,Fevereiro,Irã,167170262
2025,Fevereiro,Islândia,41903025
2025,Fevereiro,Israel,37701591
2025,Fevereiro,Itália,412209413
2025,Fevereiro,Iêmen,35901558
2025,Fevereiro,Jamaica,6435893
2025,Fevereiro,Japão,370186809
2025,Fevereiro,Jordânia,33171914
2025,Fevereiro,Laos,2547401
2025,Fevereiro,Letônia,6261593
2025,Fevereiro,Libéria,38282686
2025,Fevereiro,Liechtenstein,1224780
2025,Fevereiro,Lituânia,1753097
2025,Fevereiro,Luxemburgo,1683605
2025,Fevereiro,Líbano,27478515
2025,Fevereiro,Líbia,102436554
2025,Fevereiro,Macau,259655
2025,Fevereiro,Macedônia,1297473
2025,Fevereiro,Madagascar,1323619
2025,Fevereiro,Malavi,258526
2025,Fevereiro,Maldivas,1633750
2025,Fevereiro,Mali,110383
2025,Fevereiro,Malta,12900290
2025,Fevereiro,Malásia,248796574
2025,Fevereiro,Marrocos,33551050
2025,Fevereiro,Marshall Ilhas,25549705
2025,Fevereiro,Martinica,303869
2025,Fevereiro,Mauritânia,20151234
2025,Fevereiro,Maurício,2133279
2025,Fevereiro,Mayotte,268452
2025,Fevereiro,Mianmar,777234
2025,Fevereiro,Micronésia,85119
2025,Fevereiro,Moldávia,489374
2025,Fevereiro,Mongólia,338472
2025,Fevereiro,Montenegro,5693352
2025,Fevereiro,Montserrat,23252
2025,Fevereiro,Moçambique,1121314
2025,Fevereiro,México,509930209
2025,Fevereiro,Namíbia,1735399
2025,Fevereiro,Nepal,154864
2025,Fevereiro,Nicarágua,18273807
2025,Fevereiro,Nigéria,113599575
2025,Fevereiro,Noruega,143665971
2025,Fevereiro,Nova Caledônia,1340177
2025,Fevereiro,Nova Zelândia,12714374
2025,Fevereiro,Níger,445183
2025,Fevereiro,Omã,69142390
2025,Fevereiro,Palau,1530
2025,Fevereiro,Palestina,3056499
2025,Fevereiro,Panamá,107886712
2025,Fevereiro,Papua Nova Guiné,293252
2025,Fevereiro,Paquistão,158234791
2025,Fevereiro,Paraguai,273560183
2025,Fevereiro,Países Baixos (Holanda),664448433
2025,Fevereiro,Peru,182571094
2025,Fevereiro,Pitcairn,2550
2025,Fevereiro,Polinésia Francesa,812578
2025,Fevereiro,Polônia,29613771
2025,Fevereiro,Porto Rico,18673575
2025,Fevereiro,Portugal,155973292
2025,Fevereiro,Quirguistão,16401
2025,Fevereiro,Quênia,6131357
2025,Fevereiro,Reino Unido,194059488
2025,Fevereiro,República Centro-Africana,628598
2025,Fevereiro,República Dominicana,46517741
2025,Fevereiro,Reunião,169043
2025,Fevereiro,Romênia,5372151
2025,Fevereiro,Ruanda,102074
2025,Fevereiro,Rússia,86718800
2025,Fevereiro,Samoa,253200
2025,Fevereiro,Samoa Americana,3427
2025,Fevereiro,Santa Lúcia,466379
2025,Fevereiro,Seicheles,626750
2025,Fevereiro,Senegal,16090828
2025,Fevereiro,Serra Leoa,3845872
2025,Fevereiro,Singapura,554131402
2025,Fevereiro,Sint Maarten,1150315
2025,Fevereiro,Somália,3064197
2025,Fevereiro,Sri Lanka,7950692
2025,Fevereiro,Suazilândia,147194
2025,Fevereiro,Sudão do Sul,331515
2025,Fevereiro,Suriname,2156739
2025,Fevereiro,Suécia,71852239
2025,Fevereiro,Suíça,129874372
2025,Fevereiro,São Bartolomeu,42753
2025,Fevereiro,São Cristóvão e Névis,207104
2025,Fevereiro,São Martinho Ilha de (parte francesa),53086
2025,Fevereiro,São Tomé e Príncipe,373405
2025,Fevereiro,São Vicente e Granadinas,325892
2025,Fevereiro,Sérvia,4427719
2025,Fevereiro,Tailândia,167565605
2025,Fevereiro,Taiwan (Formosa),86554947
2025,Fevereiro,Tanzânia,4586657
2025,Fevereiro,Tcheca República,2806185
2025,Fevereiro,Terras Austrais Francesas,12707
2025,Fevereiro,Timor Leste,731452
2025,Fevereiro,Togo,59300231
2025,Fevereiro,Tonga,1356234
2025,Fevereiro,Toquelau,9936
2025,Fevereiro,Trinidad e Tobago,14805851
2025,Fevereiro,Tunísia,24609806
2025,Fevereiro,Turcas e Caicos Ilhas,228103
2025,Fevereiro,Turcomenistão,1385432
2025,Fevereiro,Turquia,377814814
2025,Fevereiro,Ucrânia,3414532
2025,Fevereiro,Uganda,701613
2025,Fevereiro,Uruguai,230571427
2025,Fevereiro,Uzbequistão,10865451
2025,Fevereiro,Vanuatu,26887
2025,Fevereiro,Venezuela,49128609
2025,Fevereiro,Vietnã,312123791
2025,Fevereiro,Virgens Ilhas (Americanas),43170
2025,Fevereiro,Virgens Ilhas (Britânicas),122957
2025,Fevereiro,Wallis e Futuna Ilhas,176759
2025,Fevereiro,Zimbábue,929793
2025,Fevereiro,Zâmbia,1187537
2025,Fevereiro,África do Sul,78722295
2025,Fevereiro,Áustria,12251469
2025,Fevereiro,Índia,365895060
2025,Janeiro,Afeganistão,427682
2025,Janeiro,Albânia,9204857
2025,Janeiro,Alemanha,415391883
2025,Janeiro,Andorra,15051
2025,Janeiro,Angola,47224721
2025,Janeiro,Anguilla,21871
2025,Janeiro,Antígua e Barbuda,2173118
2025,Janeiro,Argentina,1211707682
2025,Janeiro,Argélia,198311451
2025,Janeiro,Armênia,3183745
2025,Janeiro,Aruba,25571558
2025,Janeiro,Arábia Saudita,224858134
2025,Janeiro,Austrália,56530050
2025,Janeiro,Azerbaijão,2585718
2025,Janeiro,Bahamas,11365676
2025,Janeiro,Bangladesh,338463647
2025,Janeiro,Barbados,2449733
2025,Janeiro,Barein,109245713
2025,Janeiro,Belarus,462586
2025,Janeiro,Belize,3182323
2025,Janeiro,Benin,7017169
2025,Janeiro,Bermudas,468890
2025,Janeiro,Bolívia,101130455
2025,Janeiro,Bonaire Saint Eustatius e Saba,400157
2025,Janeiro,Botsuana,35141
2025,Janeiro,Brasil,33713763
2025,Janeiro,Brunei,73784
2025,Janeiro,Bulgária,68990222
2025,Janeiro,Burkina Faso,62915
2025,Janeiro,Burundi,94
2025,Janeiro,Butão,172095
2025,Janeiro,Bélgica,387431445
2025,Janeiro,Bósnia-Herzegovina,362737
2025,Janeiro,Cabo Verde,4176085
2025,Janeiro,Camarões,14219703
2025,Janeiro,Camboja,1768765
2025,Janeiro,Canadá,609689991
2025,Janeiro,Catar,22901804
2025,Janeiro,Cayman Ilhas,279523
2025,Janeiro,Cazaquistão,1396641
2025,Janeiro,Chade,746895
2025,Janeiro,Chile,623479449
2025,Janeiro,China,5514754225
2025,Janeiro,Chipre,7573579
2025,Janeiro,Colômbia,190258340
2025,Janeiro,Comores,692290
2025,Janeiro,Congo,16316247
2025,Janeiro,Congo República Democrática,23804208
2025,Janeiro,Cook Ilhas,12317
2025,Janeiro,Coreia do Sul,605498534
2025,Janeiro,Costa Rica,22459798
2025,Janeiro,Costa do Marfim,16593061
2025,Janeiro,Coveite (Kuweit),14353855
2025,Janeiro,Croácia,5340481
2025,Janeiro,Cuba,13534578
2025,Janeiro,Curaçao,3039221
2025,Janeiro,Dinamarca,38034466
2025,Janeiro,Djibuti,1191806
2025,Janeiro,Dominica,523964
2025,Janeiro,Egito,405107889
2025,Janeiro,El Salvador,16837123
2025,Janeiro,Emirados Árabes Unidos,285603258
2025,Janeiro,Equador,60327225
2025,Janeiro,Eritreia,38513
2025,Janeiro,Eslováquia,2007236
2025,Janeiro,Eslovênia,28469828
2025,Janeiro,Espanha,763249277
2025,Janeiro,Estados Unidos,3222495477
2025,Janeiro,Estônia,12286674
2025,Janeiro,Etiópia,3252980
2025,Janeiro,Faroe Ilhas,3957
2025,Janeiro,Fiji,151386
2025,Janeiro,Filipinas,126292961
2025,Janeiro,Finlândia,43015624
2025,Janeiro,França,256741426
2025,Janeiro,Gabão,13645207
2025,Janeiro,Gana,23713528
2025,Janeiro,Geórgia,4706994
2025,Janeiro,Gibraltar,36182
2025,Janeiro,Granada,1200033
2025,Janeiro,Grécia,23847493
2025,Janeiro,Guadalupe,416424
2025,Janeiro,Guam,6751
2025,Janeiro,Guatemala,36976550
2025,Janeiro,Guernsey,28875
2025,Janeiro,Guiana,21230126
2025,Janeiro,Guiana Francesa,309504
2025,Janeiro,Guiné,18057282
2025,Janeiro,Guiné Equatorial,6674252
2025,Janeiro,Guiné-Bissau,334994
2025,Janeiro,Gâmbia,18767985
2025,Janeiro,Haiti,5598243
2025,Janeiro,Honduras,10874991
2025,Janeiro,Hong Kong,107636086
2025,Janeiro,Hungria,2947001
2025,Janeiro,Ilha de Man,1785414
2025,Janeiro,Indonésia,270417524
2025,Janeiro,Iraque,114451260
2025,Janeiro,Irlanda,13264125
2025,Janeiro,Irã,309395823
2025,Janeiro,Islândia,26168565
2025,Janeiro,Israel,35845439
2025,Janeiro,Itália,406923422
2025,Janeiro,Iêmen,15553062
2025,Janeiro,Jamaica,4528400
2025,Janeiro,Japão,359296014
2025,Janeiro,Jordânia,31281914
2025,Janeiro,Laos,1244758
2025,Janeiro,Letônia,6823858
2025,Janeiro,Libéria,43146929
2025,Janeiro,Liechtenstein,258854
2025,Janeiro,Lituânia,4006901
2025,Janeiro,Luxemburgo,1729310
2025,Janeiro,Líbano,49674023
2025,Janeiro,Líbia,60081354
2025,Janeiro,Macau,418
2025,Janeiro,Macedônia,2380219
2025,Janeiro,Madagascar,2671273
2025,Janeiro,Malavi,273556
2025,Janeiro,Maldivas,1523482
2025,Janeiro,Mali,205965
2025,Janeiro,Malta,18660894
2025,Janeiro,Malásia,313923368
2025,Janeiro,Marianas do Norte Ilhas,66150
2025,Janeiro,Marrocos,76922591
2025,Janeiro,Marshall Ilhas,24262208
2025,Janeiro,Martinica,666609
2025,Janeiro,Mauritânia,21641367
2025,Janeiro,Maurício,3085318
2025,Janeiro,Mayotte,282325
2025,Janeiro,Mianmar,943636
2025,Janeiro,Micronésia,1352
2025,Janeiro,Moldávia,73682
2025,Janeiro,Mongólia,207103
2025,Janeiro,Montenegro,7093670
2025,Janeiro,Montserrat,41471
2025,Janeiro,Moçambique,2941161
2025,Janeiro,México,330366852
2025,Janeiro,Mônaco,4402
2025,Janeiro,Namíbia,2143464
2025,Janeiro,Nepal,889230
2025,Janeiro,Nicarágua,7704787
2025,Janeiro,Nigéria,65560904
2025,Janeiro,Norfolk Ilha,72489
2025,Janeiro,Noruega,188897565
2025,Janeiro,Nova Caledônia,2439256
2025,Janeiro,Nova Zelândia,14644068
2025,Janeiro,Níger,234679
2025,Janeiro,Omã,141314240
2025,Janeiro,Pacífico Ilhas do (EUA),17
2025,Janeiro,Palau,67319
2025,Janeiro,Palestina,2237896
2025,Janeiro,Panamá,109166105
2025,Janeiro,Papua Nova Guiné,338142
2025,Janeiro,Paquistão,185113334
2025,Janeiro,Paraguai,266239457
2025,Janeiro,Países Baixos (Holanda),1116781765
2025,Janeiro,Peru,191707891
2025,Janeiro,Polinésia Francesa,354170
2025,Janeiro,Polônia,94711644
2025,Janeiro,Porto Rico,24611542
2025,Janeiro,Portugal,357662606
2025,Janeiro,Quênia,6867482
2025,Janeiro,Reino Unido,248242836
2025,Janeiro,República Centro-Africana,358528
2025,Janeiro,República Dominicana,77769190
2025,Janeiro,Reunião,340088
2025,Janeiro,Romênia,38798746
2025,Janeiro,Rússia,114855107
2025,Janeiro,Salomão Ilhas,48941
2025,Janeiro,Samoa,72535
2025,Janeiro,Santa Lúcia,280949
2025,Janeiro,Seicheles,326150
2025,Janeiro,Senegal,37140888
2025,Janeiro,Serra Leoa,3129486
2025,Janeiro,Singapura,533367120
2025,Janeiro,Sint Maarten,586757
2025,Janeiro,Somália,14730770
2025,Janeiro,Sri Lanka,3392943
2025,Janeiro,Sudão,597823
2025,Janeiro,Sudão do Sul,50833
2025,Janeiro,Suriname,2143529
2025,Janeiro,Suécia,52753274
2025,Janeiro,Suíça,169837126
2025,Janeiro,São Bartolomeu,6038
2025,Janeiro,São Cristóvão e Névis,373416
2025,Janeiro,São Martinho Ilha de (parte francesa),339765
2025,Janeiro,São Tomé e Príncipe,330639
2025,Janeiro,São Vicente e Granadinas,837717
2025,Janeiro,Sérvia,3796451
2025,Janeiro,Síria,344694
2025,Janeiro,Tailândia,218292918
2025,Janeiro,Taiwan (Formosa),188594954
2025,Janeiro,Tanzânia,6167789
2025,Janeiro,Tcheca República,2162115
2025,Janeiro,Terras Austrais Francesas,53030
2025,Janeiro,Timor Leste,1869679
2025,Janeiro,Togo,8256021
2025,Janeiro,Tonga,858634
2025,Janeiro,Toquelau,67049
2025,Janeiro,Trinidad e Tobago,17012917
2025,Janeiro,Tunísia,13322256
2025,Janeiro,Turcas e Caicos Ilhas,117876
2025,Janeiro,Turcomenistão,298279
2025,Janeiro,Turquia,278450698
2025,Janeiro,Ucrânia,12488898
2025,Janeiro,Uganda,198510
2025,Janeiro,Uruguai,195667011
2025,Janeiro,Uzbequistão,11359739
2025,Janeiro,Vanuatu,51798
2025,Janeiro,Venezuela,50552178
2025,Janeiro,Vietnã,413350856
2025,Janeiro,Virgens Ilhas (Americanas),67588858
2025,Janeiro,Virgens Ilhas (Britânicas),123135
2025,Janeiro,Zimbábue,480504
2025,Janeiro,Zâmbia,660459
2025,Janeiro,África do Sul,107315448
2025,Janeiro,Áustria,12043267
2025,Janeiro,Índia,604333244
2024,Dezembro,Afeganistão,409761
2024,Dezembro,Albânia,10170437
2024,Dezembro,Alemanha,381393959
2024,Dezembro,Andorra,50078
2024,Dezembro,Angola,38164499
2024,Dezembro,Anguilla,158767
2024,Dezembro,Antígua e Barbuda,4144209
2024,Dezembro,Argentina,1295150114
2024,Dezembro,Argélia,182865638
2024,Dezembro,Armênia,12396980
2024,Dezembro,Aruba,2902337
2024,Dezembro,Arábia Saudita,398634363
2024,Dezembro,Austrália,59843646
2024,Dezembro,Azerbaijão,2209639
2024,Dezembro,Bahamas,11952288
2024,Dezembro,Bangladesh,151548227
2024,Dezembro,Barbados,7080266
2024,Dezembro,Barein,71665103
2024,Dezembro,Belarus,630895
2024,Dezembro,Belize,596207
2024,Dezembro,Benin,4266950
2024,Dezembro,Bermudas,1568883
2024,Dezembro,Bolívia,123916384
2024,Dezembro,Bonaire Saint Eustatius e Saba,476033
2024,Dezembro,Botsuana,226924
2024,Dezembro,Brasil,69444807
2024,Dezembro,Brunei,189271
2024,Dezembro,Bulgária,3506947
2024,Dezembro,Burkina Faso,483461
2024,Dezembro,Burundi,15392
2024,Dezembro,Butão,471959
2024,Dezembro,Bélgica,247392562
2024,Dezembro,Bósnia-Herzegovina,45685
2024,Dezembro,Cabo Verde,4443611
2024,Dezembro,Camarões,23391527
2024,Dezembro,Camboja,3030204
2024,Dezembro,Canadá,569990377
2024,Dezembro,Catar,23811203
2024,Dezembro,Cayman Ilhas,1433088
2024,Dezembro,Cazaquistão,11992610
2024,Dezembro,Chade,874851
2024,Dezembro,Chile,427285580
2024,Dezembro,China,5181548099
2024,Dezembro,Chipre,5276168
2024,Dezembro,Colômbia,280473854
2024,Dezembro,Comores,1650948
2024,Dezembro,Congo,20814966
2024,Dezembro,Congo República Democrática,17650894
2024,Dezembro,Cook Ilhas,977
2024,Dezembro,Coreia do Sul,402228300
2024,Dezembro,Costa Rica,38803657
2024,Dezembro,Costa do Marfim,20023183
2024,Dezembro,Coveite (Kuweit),29060309
2024,Dezembro,Croácia,2002804
2024,Dezembro,Cuba,17821467
2024,Dezembro,Curaçao,4441535
2024,Dezembro,Dinamarca,47137489
2024,Dezembro,Djibuti,281828
2024,Dezembro,Dominica,503164
2024,Dezembro,Egito,433371496
2024,Dezembro,El Salvador,17524667
2024,Dezembro,Emirados Árabes Unidos,247266938
2024,Dezembro,Equador,92941015
2024,Dezembro,Eritreia,700
2024,Dezembro,Eslováquia,1967420
2024,Dezembro,Eslovênia,30151809
2024,Dezembro,Espanha,583691229
2024,Dezembro,Estados Unidos,3716538073
2024,Dezembro,Estônia,6744043
2024,Dezembro,Etiópia,3679868
2024,Dezembro,Faroe Ilhas,46
2024,Dezembro,Fiji,200961
2024,Dezembro,Filipinas,113682729
2024,Dezembro,Finlândia,65093874
2024,Dezembro,França,166164821
2024,Dezembro,Gabão,10939103
2024,Dezembro,Gana,22086078
2024,Dezembro,Geórgia,9118399
2024,Dezembro,Gibraltar,355733
2024,Dezembro,Granada,1080074
2024,Dezembro,Grécia,28535147
2024,Dezembro,Guadalupe,446114
2024,Dezembro,Guam,1432
2024,Dezembro,Guatemala,48658693
2024,Dezembro,Guiana,38002657
2024,Dezembro,Guiana Francesa,438629
2024,Dezembro,Guiné,28478668
2024,Dezembro,Guiné Equatorial,2179812
2024,Dezembro,Guiné-Bissau,887799
2024,Dezembro,Gâmbia,6763882
2024,Dezembro,Haiti,10590979
2024,Dezembro,Honduras,12445741
2024,Dezembro,Hong Kong,105907882
2024,Dezembro,Hungria,3076153
2024,Dezembro,Ilha de Man,2053888
2024,Dezembro,Indonésia,310816836
2024,Dezembro,Iraque,212931881
2024,Dezembro,Irlanda,12605878
2024,Dezembro,Irã,262277197
2024,Dezembro,Islândia,85606091
2024,Dezembro,Israel,20964372
2024,Dezembro,Itália,241124892
2024,Dezembro,Iêmen,48660068
2024,Dezembro,Jamaica,7690715
2024,Dezembro,Japão,443973721
2024,Dezembro,Jordânia,50583583
2024,Dezembro,Kiribati,174497
2024,Dezembro,Laos,1496859
2024,Dezembro,Lesoto,2873
2024,Dezembro,Letônia,5660289
2024,Dezembro,Libéria,33599743
2024,Dezembro,Liechtenstein,805134
2024,Dezembro,Lituânia,2920631
2024,Dezembro,Luxemburgo,2957945
2024,Dezembro,Líbano,41093210
2024,Dezembro,Líbia,52793930
2024,Dezembro,Macau,145246
2024,Dezembro,Macedônia,1197284
2024,Dezembro,Madagascar,930865
2024,Dezembro,Malavi,540844
2024,Dezembro,Maldivas,1367982
2024,Dezembro,Mali,123600
2024,Dezembro,Malta,10595043
2024,Dezembro,Malásia,294560434
2024,Dezembro,Marrocos,196154140
2024,Dezembro,Marshall Ilhas,22996929
2024,Dezembro,Martinica,1449406
2024,Dezembro,Mauritânia,13741543
2024,Dezembro,Maurício,16992320
2024,Dezembro,Mayotte,332243
2024,Dezembro,Mianmar,1478152
2024,Dezembro,Micronésia,1075
2024,Dezembro,Moldávia,59168
2024,Dezembro,Mongólia,258806
2024,Dezembro,Montenegro,3370449
2024,Dezembro,Montserrat,104298
2024,Dezembro,Moçambique,3652313
2024,Dezembro,México,591242445
2024,Dezembro,Mônaco,227951
2024,Dezembro,Namíbia,1099484
2024,Dezembro,Nauru,344
2024,Dezembro,Nepal,1517879
2024,Dezembro,Nicarágua,13798444
2024,Dezembro,Nigéria,42570633
2024,Dezembro,Norfolk Ilha,259615
2024,Dezembro,Noruega,83725397
2024,Dezembro,Nova Caledônia,1075442
2024,Dezembro,Nova Zelândia,6244055
2024,Dezembro,Omã,99417252
2024,Dezembro,Pacífico Ilhas do (EUA),13407
2024,Dezembro,Palestina,2095306
2024,Dezembro,Panamá,77108644
2024,Dezembro,Papua Nova Guiné,86962
2024,Dezembro,Paquistão,102461354
2024,Dezembro,Paraguai,348737670
2024,Dezembro,Países Baixos (Holanda),763984334
2024,Dezembro,Peru,232591307
2024,Dezembro,Pitcairn,4436
2024,Dezembro,Polinésia Francesa,866174
2024,Dezembro,Polônia,98014961
2024,Dezembro,Porto Rico,21830550
2024,Dezembro,Portugal,246303548
2024,Dezembro,Quirguistão,6468
2024,Dezembro,Quênia,5096415
2024,Dezembro,Reino Unido,273141430
2024,Dezembro,República Centro-Africana,725380
2024,Dezembro,República Dominicana,75976075
2024,Dezembro,Reunião,955989
2024,Dezembro,Romênia,11774233
2024,Dezembro,Ruanda,107466
2024,Dezembro,Rússia,101290847
2024,Dezembro,Samoa,340612
2024,Dezembro,Santa Lúcia,71178580
2024,Dezembro,Seicheles,532481
2024,Dezembro,Senegal,33975674
2024,Dezembro,Serra Leoa,6932971
2024,Dezembro,Singapura,558912104
2024,Dezembro,Sint Maarten,1290629
2024,Dezembro,Somália,1654599
2024,Dezembro,Sri Lanka,2853736
2024,Dezembro,Sudão,246142
2024,Dezembro,Sudão do Sul,409171
2024,Dezembro,Suriname,3080214
2024,Dezembro,Suécia,106006662
2024,Dezembro,Suíça,126250768
2024,Dezembro,São Bartolomeu,56736
2024,Dezembro,São Cristóvão e Névis,582037
2024,Dezembro,São Martinho Ilha de (parte francesa),116089
2024,Dezembro,São Tomé e Príncipe,321552
2024,Dezembro,São Vicente e Granadinas,286975
2024,Dezembro,Sérvia,4136616
2024,Dezembro,Síria,951648
2024,Dezembro,Tailândia,278895047
2024,Dezembro,Taiwan (Formosa),200372884
2024,Dezembro,Tanzânia,2183469
2024,Dezembro,Tcheca República,1985914
2024,Dezembro,Terras Austrais Francesas,104669
2024,Dezembro,Timor Leste,3357953
2024,Dezembro,Togo,35435346
2024,Dezembro,Tonga,283598
2024,Dezembro,Toquelau,106124
2024,Dezembro,Trinidad e Tobago,26068581
2024,Dezembro,Tunísia,31865230
2024,Dezembro,Turcas e Caicos Ilhas,152043
2024,Dezembro,Turcomenistão,173491
2024,Dezembro,Turquia,311225878
2024,Dezembro,Ucrânia,3944221
2024,Dezembro,Uganda,720623
2024,Dezembro,Uruguai,240895685
2024,Dezembro,Uzbequistão,9146163
2024,Dezembro,Vanuatu,358387
2024,Dezembro,Venezuela,92379572
2024,Dezembro,Vietnã,414915550
2024,Dezembro,Virgens Ilhas (Americanas),1509
2024,Dezembro,Virgens Ilhas (Britânicas),779714
2024,Dezembro,Wallis e Futuna Ilhas,53662
2024,Dezembro,Zimbábue,281530
2024,Dezembro,Zâmbia,375400
2024,Dezembro,África do Sul,90598384
2024,Dezembro,Áustria,5751639
2024,Dezembro,Índia,564360227
2024,Novembro,Afeganistão,105457
2024,Novembro,Albânia,8816690
2024,Novembro,Alemanha,608665236
2024,Novembro,Andorra,3500
2024,Novembro,Angola,54460887
2024,Novembro,Anguilla,435
2024,Novembro,Antígua e Barbuda,2430298
2024,Novembro,Argentina,1272852592
2024,Novembro,Argélia,157984463
2024,Novembro,Armênia,560325
2024,Novembro,Aruba,4207895
2024,Novembro,Arábia Saudita,225254416
2024,Novembro,Austrália,59462145
2024,Novembro,Azerbaijão,2809393
2024,Novembro,Bahamas,13688114
2024,Novembro,Bangladesh,221911477
2024,Novembro,Barbados,1966942
2024,Novembro,Barein,73782137
2024,Novembro,Belarus,360088
2024,Novembro,Belize,2035093
2024,Novembro,Benin,6392792
2024,Novembro,Bermudas,201956
2024,Novembro,Bolívia,108701521
2024,Novembro,Bonaire Saint Eustatius e Saba,295011
2024,Novembro,Botsuana,89192
2024,Novembro,Brasil,49574400
2024,Novembro,Brunei,69383
2024,Novembro,Bulgária,129494691
2024,Novembro,Burkina Faso,142973
2024,Novembro,Butão,100239
2024,Novembro,Bélgica,345855121
2024,Novembro,Bósnia-Herzegovina,262791
2024,Novembro,Cabo Verde,4471635
2024,Novembro,Camarões,26310614
2024,Novembro,Camboja,4183231
2024,Novembro,Canadá,639606019
2024,Novembro,Catar,19871961
2024,Novembro,Cayman Ilhas,1603369
2024,Novembro,Cazaquistão,5468643
2024,Novembro,Chade,615785
2024,Novembro,Chile,572202547
2024,Novembro,China,5864495822
2024,Novembro,Chipre,3387230
2024,Novembro,Colômbia,294502931
2024,Novembro,Comores,919542
2024,Novembro,Congo,16070583
2024,Novembro,Congo República Democrática,17201577
2024,Novembro,Coreia do Sul,383999132
2024,Novembro,Costa Rica,52869954
2024,Novembro,Costa do Marfim,35730591
2024,Novembro,Coveite (Kuweit),20292357
2024,Novembro,Croácia,5325035
2024,Novembro,Cuba,34690359
2024,Novembro,Curaçao,3841768
2024,Novembro,Dinamarca,45204234
2024,Novembro,Djibuti,2709033
2024,Novembro,Dominica,554416
2024,Novembro,Egito,419297565
2024,Novembro,El Salvador,12363163
2024,Novembro,Emirados Árabes Unidos,344154124
2024,Novembro,Equador,69243148
2024,Novembro,Eslováquia,2329646
2024,Novembro,Eslovênia,71435871
2024,Novembro,Espanha,821058117
2024,Novembro,Estados Unidos,3703310247
2024,Novembro,Estônia,8507431
2024,Novembro,Etiópia,2116344
2024,Novembro,Fiji,96775
2024,Novembro,Filipinas,156414175
2024,Novembro,Finlândia,59100863
2024,Novembro,França,210387995
2024,Novembro,Gabão,8379747
2024,Novembro,Gana,41817781
2024,Novembro,Geórgia,17491934
2024,Novembro,Granada,1663883
2024,Novembro,Grécia,34350496
2024,Novembro,Guadalupe,284955
2024,Novembro,Guam,1464
2024,Novembro,Guatemala,55045089
2024,Novembro,Guiana,38351203
2024,Novembro,Guiana Francesa,584648
2024,Novembro,Guiné,9387095
2024,Novembro,Guiné Equatorial,3006393
2024,Novembro,Guiné-Bissau,433185
2024,Novembro,Gâmbia,14492741
2024,Novembro,Haiti,11163239
2024,Novembro,Heard e ilhas mcdonald Ilha,11
2024,Novembro,Honduras,14187964
2024,Novembro,Hong Kong,111948117
2024,Novembro,Hungria,2643653
2024,Novembro,Ilha de Man,219357
2024,Novembro,Indonésia,415584985
2024,Novembro,Iraque,244897665
2024,Novembro,Irlanda,16619202
2024,Novembro,Irã,216387686
2024,Novembro,Islândia,23009522
2024,Novembro,Israel,29825996
2024,Novembro,Itália,266793124
2024,Novembro,Iêmen,49413396
2024,Novembro,Jamaica,9071861
2024,Novembro,Japão,450739188
2024,Novembro,Jordânia,49230760
2024,Novembro,Laos,2258348
2024,Novembro,Lesoto,2004
2024,Novembro,Letônia,2796540
2024,Novembro,Libéria,32168185
2024,Novembro,Liechtenstein,705143
2024,Novembro,Lituânia,2882196
2024,Novembro,Luxemburgo,4424278
2024,Novembro,Líbano,27575525
2024,Novembro,Líbia,69757337
2024,Novembro,Macau,219472
2024,Novembro,Macedônia,680979
2024,Novembro,Madagascar,129356
2024,Novembro,Maldivas,1309425
2024,Novembro,Mali,990614
2024,Novembro,Malta,14284263
2024,Novembro,Malásia,417290586
2024,Novembro,Marrocos,140634943
2024,Novembro,Marshall Ilhas,23202726
2024,Novembro,Martinica,825175
2024,Novembro,Mauritânia,17103523
2024,Novembro,Maurício,3385945
2024,Novembro,Mayotte,396342
2024,Novembro,Mianmar,859310
2024,Novembro,Moldávia,8682
2024,Novembro,Mongólia,370952
2024,Novembro,Montenegro,4025839
2024,Novembro,Montserrat,20509
2024,Novembro,Moçambique,3840994
2024,Novembro,México,716847773
2024,Novembro,Mônaco,149026
2024,Novembro,Namíbia,595808
2024,Novembro,Nepal,1241158
2024,Novembro,Nicarágua,12164783
2024,Novembro,Nigéria,139343094
2024,Novembro,Noruega,181700060
2024,Novembro,Nova Caledônia,580228
2024,Novembro,Nova Zelândia,11960575
2024,Novembro,Níger,273526
2024,Novembro,Omã,92116513
2024,Novembro,Pacífico Ilhas do (EUA),27544
2024,Novembro,Palau,22124
2024,Novembro,Palestina,7365819
2024,Novembro,Panamá,88681065
2024,Novembro,Papua Nova Guiné,482459
2024,Novembro,Paquistão,78236011
2024,Novembro,Paraguai,315729877
2024,Novembro,Países Baixos (Holanda),1362779507
2024,Novembro,Peru,372648853
2024,Novembro,Pitcairn,27916
2024,Novembro,Polinésia Francesa,574900
2024,Novembro,Polônia,186742901
2024,Novembro,Porto Rico,22094338
2024,Novembro,Portugal,368007052
2024,Novembro,Quirguistão,27078
2024,Novembro,Quênia,6725905
2024,Novembro,Reino Unido,306354001
2024,Novembro,República Centro-Africana,33025
2024,Novembro,República Dominicana,83705474
2024,Novembro,Reunião,566038
2024,Novembro,Romênia,6550436
2024,Novembro,Ruanda,13073
2024,Novembro,Rússia,93694504
2024,Novembro,Salomão Ilhas,22372
2024,Novembro,Samoa,368295
2024,Novembro,San Marino,42
2024,Novembro,Santa Lúcia,327794
2024,Novembro,Seicheles,374783
2024,Novembro,Senegal,8365849
2024,Novembro,Serra Leoa,2673846
2024,Novembro,Singapura,595058853
2024,Novembro,Sint Maarten,1171632
2024,Novembro,Somália,15111716
2024,Novembro,Sri Lanka,1027728
2024,Novembro,Suazilândia,2700
2024,Novembro,Sudão,351062
2024,Novembro,Sudão do Sul,102318
2024,Novembro,Suriname,3996573
2024,Novembro,Suécia,76623308
2024,Novembro,Suíça,188882063
2024,Novembro,São Bartolomeu,349938
2024,Novembro,São Cristóvão e Névis,860845
2024,Novembro,São Martinho Ilha de (parte francesa),93142
2024,Novembro,São Tomé e Príncipe,229089
2024,Novembro,São Vicente e Granadinas,566249
2024,Novembro,Sérvia,1624340
2024,Novembro,Síria,6940718
2024,Novembro,Tailândia,209986163
2024,Novembro,Taiwan (Formosa),179925997
2024,Novembro,Tanzânia,1891109
2024,Novembro,Tcheca República,2073794
2024,Novembro,Terras Austrais Francesas,109652
2024,Novembro,Timor Leste,2480190
2024,Novembro,Togo,11582909
2024,Novembro,Tonga,352406
2024,Novembro,Toquelau,71583
2024,Novembro,Trinidad e Tobago,17161743
2024,Novembro,Tunísia,36958622
2024,Novembro,Turcas e Caicos Ilhas,170088
2024,Novembro,Turcomenistão,491800
2024,Novembro,Turquia,252732018
2024,Novembro,Ucrânia,5001398
2024,Novembro,Uganda,1129824
2024,Novembro,Uruguai,219778478
2024,Novembro,Uzbequistão,6908066
2024,Novembro,Vanuatu,177048
2024,Novembro,Vaticano,5974
2024,Novembro,Venezuela,128370286
2024,Novembro,Vietnã,378146586
2024,Novembro,Virgens Ilhas (Americanas),55487477
2024,Novembro,Virgens Ilhas (Britânicas),219591
2024,Novembro,Zimbábue,393325
2024,Novembro,Zâmbia,1241057
2024,Novembro,África do Sul,147964632
2024,Novembro,Áustria,4407626
2024,Novembro,Índia,631301040
2024,Outubro,Afeganistão,95147
2024,Outubro,Albânia,6049470
2024,Outubro,Alemanha,715086849
2024,Outubro,Andorra,8179
2024,Outubro,Angola,36306448
2024,Outubro,Anguilla,58899
2024,Outubro,Antígua e Barbuda,2787069
2024,Outubro,Argentina,1550183041
2024,Outubro,Argélia,174689737
2024,Outubro,Armênia,134955
2024,Outubro,Aruba,3520940
2024,Outubro,Arábia Saudita,244756067
2024,Outubro,Austrália,52310334
2024,Outubro,Azerbaijão,2127042
2024,Outubro,Bahamas,15902429
2024,Outubro,Bangladesh,238058689
2024,Outubro,Barbados,1379543
2024,Outubro,Barein,40451417
2024,Outubro,Belarus,383894
2024,Outubro,Belize,2001825
2024,Outubro,Benin,5067724
2024,Outubro,Bermudas,1805979
2024,Outubro,Bolívia,115559458
2024,Outubro,Bonaire Saint Eustatius e Saba,209857
2024,Outubro,Bouvet Ilha,40505
2024,Outubro,Brasil,42912791
2024,Outubro,Brunei,220667
2024,Outubro,Bulgária,2848855
2024,Outubro,Burkina Faso,2984347
2024,Outubro,Burundi,1950
2024,Outubro,Butão,99488
2024,Outubro,Bélgica,478421395
2024,Outubro,Bósnia-Herzegovina,56618
2024,Outubro,Cabo Verde,4099470
2024,Outubro,Camarões,18291983
2024,Outubro,Camboja,3442645
2024,Outubro,Canadá,662271348
2024,Outubro,Catar,47046245
2024,Outubro,Cayman Ilhas,1136695
2024,Outubro,Cazaquistão,3440375
2024,Outubro,Chade,1080776
2024,Outubro,Chile,507074872
2024,Outubro,China,6902227948
2024,Outubro,Chipre,8473958
2024,Outubro,Cocos (Keeling) Ilhas,8392
2024,Outubro,Colômbia,275050524
2024,Outubro,Comores,1373502
2024,Outubro,Congo,8191845
2024,Outubro,Congo República Democrática,18187325
2024,Outubro,Cook Ilhas,7235
2024,Outubro,Coreia do Sul,731972550
2024,Outubro,Costa Rica,48758511
2024,Outubro,Costa do Marfim,11357509
2024,Outubro,Coveite (Kuweit),31218265
2024,Outubro,Croácia,3602486
2024,Outubro,Cuba,12975904
2024,Outubro,Curaçao,4863705
2024,Outubro,Dinamarca,65455576
2024,Outubro,Djibuti,21781958
2024,Outubro,Dominica,543592
2024,Outubro,Egito,321909005
2024,Outubro,El Salvador,29368943
2024,Outubro,Emirados Árabes Unidos,279841435
2024,Outubro,Equador,95012389
2024,Outubro,Eslováquia,1895293
2024,Outubro,Eslovênia,32118909
2024,Outubro,Espanha,993829886
2024,Outubro,Estados Unidos,3570060101
2024,Outubro,Estônia,9520242
2024,Outubro,Etiópia,2067025
2024,Outubro,Filipinas,281323621
2024,Outubro,Finlândia,28499791
2024,Outubro,França,291523298
2024,Outubro,Gabão,6469187
2024,Outubro,Gana,43027847
2024,Outubro,Geórgia,10397666
2024,Outubro,Gibraltar,206904
2024,Outubro,Granada,1288384
2024,Outubro,Groenlândia,16461
2024,Outubro,Grécia,31383877
2024,Outubro,Guadalupe,1560824
2024,Outubro,Guam,20507
2024,Outubro,Guatemala,61630072
2024,Outubro,Guiana,24921030
2024,Outubro,Guiana Francesa,387015
2024,Outubro,Guiné,11055850
2024,Outubro,Guiné Equatorial,2600687
2024,Outubro,Guiné-Bissau,592537
2024,Outubro,Gâmbia,14881257
2024,Outubro,Haiti,7413777
2024,Outubro,Honduras,14963913
2024,Outubro,Hong Kong,124850812
2024,Outubro,Hungria,1793866
2024,Outubro,Ilha de Man,3940585
2024,Outubro,Indonésia,434897107
2024,Outubro,Iraque,243746169
2024,Outubro,Irlanda,30980914
2024,Outubro,Irã,419628359
2024,Outubro,Islândia,19935839
2024,Outubro,Israel,33288977
2024,Outubro,Itália,314828234
2024,Outubro,Iêmen,33313466
2024,Outubro,Jamaica,5334880
2024,Outubro,Japão,544956195
2024,Outubro,Jersey,14392
2024,Outubro,Jordânia,59461271
2024,Outubro,Kiribati,82870
2024,Outubro,Laos,2408883
2024,Outubro,Lesoto,3953
2024,Outubro,Letônia,19149505
2024,Outubro,Libéria,39382210
2024,Outubro,Liechtenstein,1180775
2024,Outubro,Lituânia,3735360
2024,Outubro,Luxemburgo,3068791
2024,Outubro,Líbano,31119641
2024,Outubro,Líbia,33069033
2024,Outubro,Macau,3227
2024,Outubro,Macedônia,274600
2024,Outubro,Madagascar,1140692
2024,Outubro,Malavi,71140
2024,Outubro,Maldivas,2458789
2024,Outubro,Mali,249210
2024,Outubro,Malta,12409156
2024,Outubro,Malásia,368689181
2024,Outubro,Marianas do Norte Ilhas,67698
2024,Outubro,Marrocos,137649167
2024,Outubro,Marshall Ilhas,32382388
2024,Outubro,Martinica,1677280
2024,Outubro,Mauritânia,6385628
2024,Outubro,Maurício,4525896
2024,Outubro,Mayotte,1197004
2024,Outubro,Mianmar,1174764
2024,Outubro,Micronésia,79070
2024,Outubro,Moldávia,33018
2024,Outubro,Mongólia,69747
2024,Outubro,Montenegro,1817530
2024,Outubro,Montserrat,20734
2024,Outubro,Moçambique,2660282
2024,Outubro,México,718664902
2024,Outubro,Mônaco,15800
2024,Outubro,Namíbia,1309227
2024,Outubro,Nepal,1874912
2024,Outubro,Nicarágua,7582647
2024,Outubro,Nigéria,98436090
2024,Outubro,Niue,461
2024,Outubro,Norfolk Ilha,79985
2024,Outubro,Noruega,131688922
2024,Outubro,Nova Caledônia,1620479
2024,Outubro,Nova Zelândia,13247490
2024,Outubro,Níger,40188
2024,Outubro,Omã,93874380
2024,Outubro,Pacífico Ilhas do (EUA),80043
2024,Outubro,Palau,127847
2024,Outubro,Palestina,1919879
2024,Outubro,Panamá,53999960
2024,Outubro,Papua Nova Guiné,377553
2024,Outubro,Paquistão,63716693
2024,Outubro,Paraguai,368883613
2024,Outubro,Países Baixos (Holanda),971963404
2024,Outubro,Peru,329562316
2024,Outubro,Polinésia Francesa,639862
2024,Outubro,Polônia,99083132
2024,Outubro,Porto Rico,25855126
2024,Outubro,Portugal,235172236
2024,Outubro,Quirguistão,12027
2024,Outubro,Quênia,5867561
2024,Outubro,Reino Unido,287321618
2024,Outubro,República Centro-Africana,221889
2024,Outubro,República Dominicana,96563284
2024,Outubro,Reunião,1239873
2024,Outubro,Romênia,7312480
2024,Outubro,Rússia,215273229
2024,Outubro,Saara Ocidental,16559
2024,Outubro,Salomão Ilhas,34209
2024,Outubro,Samoa,430996
2024,Outubro,Samoa Americana,34808
2024,Outubro,Santa Lúcia,139818
2024,Outubro,Seicheles,400363
2024,Outubro,Senegal,38097611
2024,Outubro,Serra Leoa,6641786
2024,Outubro,Singapura,636924442
2024,Outubro,Sint Maarten,984857
2024,Outubro,Somália,7859168
2024,Outubro,Sri Lanka,4478604
2024,Outubro,Sudão,2656140
2024,Outubro,Sudão do Sul,304412
2024,Outubro,Suriname,4175233
2024,Outubro,Suécia,43197543
2024,Outubro,Suíça,117576075
2024,Outubro,São Bartolomeu,222774
2024,Outubro,São Cristóvão e Névis,1405567
2024,Outubro,São Martinho Ilha de (parte francesa),196453
2024,Outubro,São Tomé e Príncipe,268958
2024,Outubro,São Vicente e Granadinas,544762
2024,Outubro,Sérvia,2187604
2024,Outubro,Síria,3414770
2024,Outubro,Tailândia,385037611
2024,Outubro,Taiwan (Formosa),77701075
2024,Outubro,Tanzânia,4153980
2024,Outubro,Tcheca República,3467923
2024,Outubro,Terras Austrais Francesas,2103
2024,Outubro,Timor Leste,2977454
2024,Outubro,Togo,43387795
2024,Outubro,Tonga,683181
2024,Outubro,Toquelau,11255
2024,Outubro,Trinidad e Tobago,28447028
2024,Outubro,Tunísia,33082214
2024,Outubro,Turcas e Caicos Ilhas,255696
2024,Outubro,Turcomenistão,666271
2024,Outubro,Turquia,178238289
2024,Outubro,Ucrânia,2937904
2024,Outubro,Uganda,338147
2024,Outubro,Uruguai,262712068
2024,Outubro,Uzbequistão,6794207
2024,Outubro,Vanuatu,208833
2024,Outubro,Venezuela,94517795
2024,Outubro,Vietnã,411408415
2024,Outubro,Virgens Ilhas (Americanas),66913524
2024,Outubro,Virgens Ilhas (Britânicas),172199
2024,Outubro,Wallis e Futuna Ilhas,62255
2024,Outubro,Zimbábue,660451
2024,Outubro,Zâmbia,159030
2024,Outubro,África do Sul,101634358
2024,Outubro,Áustria,6239458
2024,Outubro,Índia,602720227
2024,Setembro,Afeganistão,342946
2024,Setembro,Albânia,7279413
2024,Setembro,Alemanha,615068085
2024,Setembro,Andorra,5599
2024,Setembro,Angola,34070616
2024,Setembro,Antígua e Barbuda,4427504
2024,Setembro,Argentina,1452656566
2024,Setembro,Argélia,281832563
2024,Setembro,Armênia,2343381
2024,Setembro,Aruba,4487552
2024,Setembro,Arábia Saudita,265298381
2024,Setembro,Austrália,52073616
2024,Setembro,Azerbaijão,4673564
2024,Setembro,Bahamas,11662286
2024,Setembro,Bangladesh,116249481
2024,Setembro,Barbados,3274050
2024,Setembro,Barein,90632174
2024,Setembro,Belarus,596728
2024,Setembro,Belize,2717832
2024,Setembro,Benin,6141740
2024,Setembro,Bermudas,1651410
2024,Setembro,Bolívia,107082858
2024,Setembro,Bonaire Saint Eustatius e Saba,619832
2024,Setembro,Botsuana,175081
2024,Setembro,Brasil,139297748
2024,Setembro,Brunei,26318
2024,Setembro,Bulgária,2577856
2024,Setembro,Burkina Faso,13170
2024,Setembro,Butão,299198
2024,Setembro,Bélgica,316950263
2024,Setembro,Bósnia-Herzegovina,141028
2024,Setembro,Cabo Verde,4330161
2024,Setembro,Camarões,31001365
2024,Setembro,Camboja,2038111
2024,Setembro,Canadá,565094193
2024,Setembro,Catar,53490377
2024,Setembro,Cayman Ilhas,329861
2024,Setembro,Cazaquistão,2216817
2024,Setembro,Chade,355890
2024,Setembro,Chile,462687971
2024,Setembro,China,7432494576
2024,Setembro,Chipre,6994587
2024,Setembro,Colômbia,277958628
2024,Setembro,Comores,674150
2024,Setembro,Congo,5429536
2024,Setembro,Congo República Democrática,12868072
2024,Setembro,Cook Ilhas,16394
2024,Setembro,Coreia do Sul,734245919
2024,Setembro,Costa Rica,43890327
2024,Setembro,Costa do Marfim,12486257
2024,Setembro,Coveite (Kuweit),31282593
2024,Setembro,Croácia,8739705
2024,Setembro,Cuba,18996019
2024,Setembro,Curaçao,3772868
2024,Setembro,Dinamarca,31226690
2024,Setembro,Djibuti,4847138
2024,Setembro,Dominica,235290
2024,Setembro,Egito,473746174
2024,Setembro,El Salvador,17287511
2024,Setembro,Emirados Árabes Unidos,341399512
2024,Setembro,Equador,74149033
2024,Setembro,Eritreia,20670
2024,Setembro,Eslováquia,1777619
2024,Setembro,Eslovênia,58997422
2024,Setembro,Espanha,638681030
2024,Setembro,Estados Unidos,3231209094
2024,Setembro,Estônia,9926710
2024,Setembro,Etiópia,2559011
2024,Setembro,Faroe Ilhas,26640
2024,Setembro,Fiji,78908
2024,Setembro,Filipinas,189226085
2024,Setembro,Finlândia,76703078
2024,Setembro,França,267178171
2024,Setembro,Gabão,5725662
2024,Setembro,Gana,33430295
2024,Setembro,Geórgia,10878832
2024,Setembro,Gibraltar,477378
2024,Setembro,Granada,1469273
2024,Setembro,Grécia,35698772
2024,Setembro,Guadalupe,303478
2024,Setembro,Guam,4282
2024,Setembro,Guatemala,81063490
2024,Setembro,Guiana,83550724
2024,Setembro,Guiana Francesa,832102
2024,Setembro,Guiné,17657387
2024,Setembro,Guiné Equatorial,2636503
2024,Setembro,Guiné-Bissau,1720398
2024,Setembro,Gâmbia,12120385
2024,Setembro,Haiti,9244040
2024,Setembro,Honduras,17616553
2024,Setembro,Hong Kong,144273081
2024,Setembro,Hungria,151402228
2024,Setembro,Ilha de Man,3399473
2024,Setembro,Indonésia,429182296
2024,Setembro,Iraque,175533489
2024,Setembro,Irlanda,12439794
2024,Setembro,Irã,263633664
2024,Setembro,Islândia,44433323
2024,Setembro,Israel,61166863
2024,Setembro,Itália,360280899
2024,Setembro,Iêmen,68227085
2024,Setembro,Jamaica,6803386
2024,Setembro,Japão,623262418
2024,Setembro,Jordânia,60560489
2024,Setembro,Laos,1704904
2024,Setembro,Letônia,4295976
2024,Setembro,Libéria,39997578
2024,Setembro,Liechtenstein,1118775
2024,Setembro,Lituânia,2377391
2024,Setembro,Luxemburgo,6591632
2024,Setembro,Líbano,49528211
2024,Setembro,Líbia,46982045
2024,Setembro,Macau,121432
2024,Setembro,Macedônia,578550
2024,Setembro,Madagascar,3961550
2024,Setembro,Malavi,322307
2024,Setembro,Maldivas,2679226
2024,Setembro,Mali,221692
2024,Setembro,Malta,14591760
2024,Setembro,Malásia,387612762
2024,Setembro,Marianas do Norte Ilhas,113490
2024,Setembro,Marrocos,171784702
2024,Setembro,Marshall Ilhas,25369856
2024,Setembro,Martinica,2603615
2024,Setembro,Mauritânia,18443749
2024,Setembro,Maurício,3497814
2024,Setembro,Mayotte,1254170
2024,Setembro,Mianmar,2409286
2024,Setembro,Micronésia,4619
2024,Setembro,Moldávia,19241
2024,Setembro,Mongólia,59065
2024,Setembro,Montenegro,3139897
2024,Setembro,Moçambique,2635172
2024,Setembro,México,672913902
2024,Setembro,Mônaco,8674
2024,Setembro,Namíbia,2806484
2024,Setembro,Nepal,1675270
2024,Setembro,Nicarágua,9877765
2024,Setembro,Nigéria,94894480
2024,Setembro,Norfolk Ilha,373065
2024,Setembro,Noruega,136100050
2024,Setembro,Nova Caledônia,135811
2024,Setembro,Nova Zelândia,6988613
2024,Setembro,Níger,30673
2024,Setembro,Omã,97984941
2024,Setembro,Pacífico Ilhas do (EUA),99846
2024,Setembro,Palau,2437
2024,Setembro,Palestina,2201276
2024,Setembro,Panamá,61938550
2024,Setembro,Papua Nova Guiné,178052
2024,Setembro,Paquistão,50719326
2024,Setembro,Paraguai,308214091
2024,Setembro,Países Baixos (Holanda),1004681452
2024,Setembro,Peru,227185759
2024,Setembro,Polinésia Francesa,1271346
2024,Setembro,Polônia,196766118
2024,Setembro,Porto Rico,25473255
2024,Setembro,Portugal,168649801
2024,Setembro,Quirguistão,238427
2024,Setembro,Quênia,9670926
2024,Setembro,Reino Unido,283167264
2024,Setembro,República Centro-Africana,664417
2024,Setembro,República Dominicana,121123855
2024,Setembro,Reunião,475058
2024,Setembro,Romênia,18829141
2024,Setembro,Ruanda,112293
2024,Setembro,Rússia,155761413
2024,Setembro,Salomão Ilhas,26930
2024,Setembro,Samoa,385065
2024,Setembro,Samoa Americana,162223
2024,Setembro,Santa Lúcia,359293
2024,Setembro,Seicheles,1230261
2024,Setembro,Senegal,30320185
2024,Setembro,Serra Leoa,2872619
2024,Setembro,Singapura,372132025
2024,Setembro,Sint Maarten,1603545
2024,Setembro,Somália,19242101
2024,Setembro,Sri Lanka,5329780
2024,Setembro,Suazilândia,5990
2024,Setembro,Sudão,402081
2024,Setembro,Suriname,8433416
2024,Setembro,Suécia,69068573
2024,Setembro,Suíça,95759260
2024,Setembro,São Bartolomeu,267410
2024,Setembro,São Cristóvão e Névis,679857
2024,Setembro,São Martinho Ilha de (parte francesa),201151
2024,Setembro,São Tomé e Príncipe,392237
2024,Setembro,São Vicente e Granadinas,610651
2024,Setembro,Sérvia,3193068
2024,Setembro,Síria,9985656
2024,Setembro,Tailândia,277766517
2024,Setembro,Taiwan (Formosa),180634965
2024,Setembro,Tanzânia,3192198
2024,Setembro,Tcheca República,2328688
2024,Setembro,Terras Austrais Francesas,137316
2024,Setembro,Timor Leste,2880662
2024,Setembro,Togo,44459101
2024,Setembro,Tonga,444164
2024,Setembro,Trinidad e Tobago,25652463
2024,Setembro,Tunísia,26951143
2024,Setembro,Turcas e Caicos Ilhas,166921
2024,Setembro,Turcomenistão,694198
2024,Setembro,Turquia,293522207
2024,Setembro,Ucrânia,4415007
2024,Setembro,Uganda,1375490
2024,Setembro,Uruguai,195788708
2024,Setembro,Uzbequistão,10298999
2024,Setembro,Vanuatu,40714
2024,Setembro,Venezuela,94188207
2024,Setembro,Vietnã,416581354
2024,Setembro,Virgens Ilhas (Americanas),11760
2024,Setembro,Virgens Ilhas (Britânicas),81415
2024,Setembro,Zimbábue,554850
2024,Setembro,Zâmbia,962057
2024,Setembro,África do Sul,105128267
2024,Setembro,Áustria,5417384
2024,Setembro,Índia,325462814
2024,Agosto,Afeganistão,450937
2024,Agosto,Albânia,7111282
2024,Agosto,Alemanha,421218463
2024,Agosto,Andorra,7751
2024,Agosto,Angola,39448135
2024,Agosto,Anguilla,91062
2024,Agosto,Antígua e Barbuda,2422892
2024,Agosto,Argentina,1170069904
2024,Agosto,Argélia,239530610
2024,Agosto,Armênia,3124433
2024,Agosto,Aruba,2074561
2024,Agosto,Arábia Saudita,314059496
2024,Agosto,Austrália,49133664
2024,Agosto,Azerbaijão,2760686
2024,Agosto,Bahamas,11616302
2024,Agosto,Bangladesh,248672484
2024,Agosto,Barbados,1973257
2024,Agosto,Barein,80101113
2024,Agosto,Belarus,445712
2024,Agosto,Belize,442973
2024,Agosto,Benin,17833177
2024,Agosto,Bermudas,1114176
2024,Agosto,Bolívia,103282439
2024,Agosto,Bonaire Saint Eustatius e Saba,208067
2024,Agosto,Botsuana,66273
2024,Agosto,Brasil,75181527
2024,Agosto,Brunei,2897
2024,Agosto,Bulgária,27893784
2024,Agosto,Burkina Faso,29625
2024,Agosto,Bélgica,488427641
2024,Agosto,Bósnia-Herzegovina,86349
2024,Agosto,Cabo Verde,3625846
2024,Agosto,Camarões,21621064
2024,Agosto,Camboja,1545545
2024,Agosto,Canadá,545688983
2024,Agosto,Catar,32589981
2024,Agosto,Cayman Ilhas,35890130
2024,Agosto,Cazaquistão,1970601
2024,Agosto,Chade,413399
2024,Agosto,Chile,679637328
2024,Agosto,China,7245699638
2024,Agosto,Chipre,7340378
2024,Agosto,Colômbia,237545333
2024,Agosto,Comores,657429
2024,Agosto,Congo,11511693
2024,Agosto,Congo República Democrática,7531128
2024,Agosto,Coreia do Sul,530063519
2024,Agosto,Costa Rica,60587543
2024,Agosto,Costa do Marfim,11286614
2024,Agosto,Coveite (Kuweit),120393726
2024,Agosto,Croácia,3971619
2024,Agosto,Cuba,9522567
2024,Agosto,Curaçao,3821810
2024,Agosto,Dinamarca,44347696
2024,Agosto,Djibuti,4928977
2024,Agosto,Dominica,140474
2024,Agosto,Egito,365485133
2024,Agosto,El Salvador,17754515
2024,Agosto,Emirados Árabes Unidos,428146186
2024,Agosto,Equador,87254726
2024,Agosto,Eslováquia,2718841
2024,Agosto,Eslovênia,41368507
2024,Agosto,Espanha,971161515
2024,Agosto,Estados Unidos,3390677162
2024,Agosto,Estônia,5201547
2024,Agosto,Etiópia,2766738
2024,Agosto,Faroe Ilhas,4967
2024,Agosto,Fiji,60661
2024,Agosto,Filipinas,181927492
2024,Agosto,Finlândia,40833183
2024,Agosto,França,282024760
2024,Agosto,Gabão,5209170
2024,Agosto,Gana,29501487
2024,Agosto,Geórgia,29325900
2024,Agosto,Gibraltar,239665
2024,Agosto,Granada,946110
2024,Agosto,Grécia,40121190
2024,Agosto,Guadalupe,184683
2024,Agosto,Guam,29570
2024,Agosto,Guatemala,63490752
2024,Agosto,Guiana,16904568
2024,Agosto,Guiana Francesa,513165
2024,Agosto,Guiné,21644746
2024,Agosto,Guiné Equatorial,2500769
2024,Agosto,Guiné-Bissau,581499
2024,Agosto,Gâmbia,26885372
2024,Agosto,Haiti,8898663
2024,Agosto,Honduras,14196424
2024,Agosto,Hong Kong,142946894
2024,Agosto,Hungria,2516859
2024,Agosto,Ilha de Man,2781878
2024,Agosto,Indonésia,325687138
2024,Agosto,Iraque,157292801
2024,Agosto,Irlanda,9048377
2024,Agosto,Irã,149929174
2024,Agosto,Islândia,15688847
2024,Agosto,Israel,95788821
2024,Agosto,Itália,408041458
2024,Agosto,Iêmen,44772740
2024,Agosto,Jamaica,5187489
2024,Agosto,Japão,506835381
2024,Agosto,Jordânia,69121475
2024,Agosto,Laos,1874696
2024,Agosto,Letônia,3548173
2024,Agosto,Libéria,49073028
2024,Agosto,Liechtenstein,633196
2024,Agosto,Lituânia,3761756
2024,Agosto,Luxemburgo,2598695
2024,Agosto,Líbano,52241725
2024,Agosto,Líbia,49167994
2024,Agosto,Macau,87228
2024,Agosto,Macedônia,692768
2024,Agosto,Madagascar,3596726
2024,Agosto,Maldivas,2295615
2024,Agosto,Mali,27731
2024,Agosto,Malta,17409042
2024,Agosto,Malásia,364421211
2024,Agosto,Marianas do Norte Ilhas,1797
2024,Agosto,Marrocos,152847787
2024,Agosto,Marshall Ilhas,25013231
2024,Agosto,Martinica,186212
2024,Agosto,Mauritânia,32083891
2024,Agosto,Maurício,5186648
2024,Agosto,Mayotte,796513
2024,Agosto,Mianmar,855368
2024,Agosto,Moldávia,55671
2024,Agosto,Mongólia,1364673
2024,Agosto,Montenegro,2823323
2024,Agosto,Montserrat,30364
2024,Agosto,Moçambique,4546260
2024,Agosto,México,549288322
2024,Agosto,Mônaco,31516
2024,Agosto,Namíbia,982104
2024,Agosto,Nepal,336064
2024,Agosto,Nicarágua,19131705
2024,Agosto,Nigéria,55211448
2024,Agosto,Noruega,137128626
2024,Agosto,Nova Caledônia,1015037
2024,Agosto,Nova Zelândia,4136289
2024,Agosto,Níger,308588
2024,Agosto,Omã,45902789
2024,Agosto,Pacífico Ilhas do (EUA),137732
2024,Agosto,Palau,634891
2024,Agosto,Palestina,1900698
2024,Agosto,Panamá,91741944
2024,Agosto,Papua Nova Guiné,737461
2024,Agosto,Paquistão,47662507
2024,Agosto,Paraguai,342793998
2024,Agosto,Países Baixos (Holanda),931317743
2024,Agosto,Peru,222319163
2024,Agosto,Polinésia Francesa,102445
2024,Agosto,Polônia,101908687
2024,Agosto,Porto Rico,50131330
2024,Agosto,Portugal,549807146
2024,Agosto,Quênia,7433688
2024,Agosto,Reino Unido,225545233
2024,Agosto,República Centro-Africana,480661
2024,Agosto,República Dominicana,106736905
2024,Agosto,Reunião,143517
2024,Agosto,Romênia,12173252
2024,Agosto,Ruanda,1265196
2024,Agosto,Rússia,139240383
2024,Agosto,Salomão Ilhas,4361
2024,Agosto,Samoa,153535
2024,Agosto,Santa Lúcia,135066
2024,Agosto,Seicheles,939507
2024,Agosto,Senegal,22252046
2024,Agosto,Serra Leoa,3131633
2024,Agosto,Singapura,1000058741
2024,Agosto,Sint Maarten,876228
2024,Agosto,Somália,7742603
2024,Agosto,Sri Lanka,4534763
2024,Agosto,Sudão,124515
2024,Agosto,Suriname,2733477
2024,Agosto,Suécia,139176443
2024,Agosto,Suíça,115125370
2024,Agosto,São Bartolomeu,47761
2024,Agosto,São Cristóvão e Névis,911469
2024,Agosto,São Martinho Ilha de (parte francesa),43007
2024,Agosto,São Tomé e Príncipe,120089
2024,Agosto,São Vicente e Granadinas,59175
2024,Agosto,Sérvia,3309063
2024,Agosto,Síria,15550756
2024,Agosto,Tailândia,339413738
2024,Agosto,Taiwan (Formosa),162503869
2024,Agosto,Tanzânia,2450251
2024,Agosto,Tcheca República,3049055
2024,Agosto,Terras Austrais Francesas,144997
2024,Agosto,Timor Leste,2179629
2024,Agosto,Togo,96315845
2024,Agosto,Tonga,293456
2024,Agosto,Toquelau,498500
2024,Agosto,Trinidad e Tobago,30341800
2024,Agosto,Tunísia,35035473
2024,Agosto,Turcas e Caicos Ilhas,59903
2024,Agosto,Turcomenistão,751691
2024,Agosto,Turquia,250111773
2024,Agosto,Ucrânia,5873594
2024,Agosto,Uganda,1297273
2024,Agosto,Uruguai,230626952
2024,Agosto,Uzbequistão,5225694
2024,Agosto,Vanuatu,84147
2024,Agosto,Venezuela,123714267
2024,Agosto,Vietnã,303890268
2024,Agosto,Virgens Ilhas (Americanas),56844623
2024,Agosto,Virgens Ilhas (Britânicas),104404
2024,Agosto,Zimbábue,408699
2024,Agosto,Zâmbia,331031
2024,Agosto,África do Sul,95094826
2024,Agosto,Áustria,6161775
2024,Agosto,Índia,296170750
2024,Julho,Afeganistão,241759
2024,Julho,Albânia,7568032
2024,Julho,Alemanha,330935696
2024,Julho,Angola,46589372
2024,Julho,Anguilla,177650
2024,Julho,Antígua e Barbuda,2235928
2024,Julho,Argentina,1166838408
2024,Julho,Argélia,243863570
2024,Julho,Armênia,4917334
2024,Julho,Aruba,4659655
2024,Julho,Arábia Saudita,215658140
2024,Julho,Austrália,56072025
2024,Julho,Azerbaijão,1014783
2024,Julho,Bahamas,14879795
2024,Julho,Bangladesh,127114791
2024,Julho,Barbados,1836637
2024,Julho,Barein,77530096
2024,Julho,Belarus,487813
2024,Julho,Belize,1772496
2024,Julho,Benin,5823701
2024,Julho,Bermudas,1738468
2024,Julho,Bolívia,122428908
2024,Julho,Bonaire Saint Eustatius e Saba,370123
2024,Julho,Botsuana,79867
2024,Julho,Brasil,27787197
2024,Julho,Brunei,306068
2024,Julho,Bulgária,108271527
2024,Julho,Burkina Faso,186506
2024,Julho,Burundi,4051
2024,Julho,Butão,206113
2024,Julho,Bélgica,287830765
2024,Julho,Bósnia-Herzegovina,109583
2024,Julho,Cabo Verde,3579189
2024,Julho,Camarões,21690998
2024,Julho,Camboja,1801712
2024,Julho,Canadá,602150530
2024,Julho,Catar,50315816
2024,Julho,Cayman Ilhas,991697
2024,Julho,Cazaquistão,1819950
2024,Julho,Chade,402601
2024,Julho,Chile,602094697
2024,Julho,China,10172597056
2024,Julho,Chipre,6178329
2024,Julho,Colômbia,283274372
2024,Julho,Comores,1015946
2024,Julho,Congo,5285066
2024,Julho,Congo República Democrática,14032085
2024,Julho,Cook Ilhas,287294
2024,Julho,Coreia do Sul,397187003
2024,Julho,Costa Rica,25868474
2024,Julho,Costa do Marfim,20894837
2024,Julho,Coveite (Kuweit),35430017
2024,Julho,Croácia,15275599
2024,Julho,Cuba,23259900
2024,Julho,Curaçao,5092974
2024,Julho,Dinamarca,80155084
2024,Julho,Djibuti,3600094
2024,Julho,Dominica,378005
2024,Julho,Egito,294943814
2024,Julho,El Salvador,17452677
2024,Julho,Emirados Árabes Unidos,382195910
2024,Julho,Equador,77915728
2024,Julho,Eritreia,20646
2024,Julho,Eslováquia,2201796
2024,Julho,Eslovênia,40485914
2024,Julho,Espanha,868009348
2024,Julho,Estados Unidos,3574038922
2024,Julho,Estônia,6751222
2024,Julho,Etiópia,2223169
2024,Julho,Faroe Ilhas,1637
2024,Julho,Fiji,59377
2024,Julho,Filipinas,250055220
2024,Julho,Finlândia,38275307
2024,Julho,França,224745506
2024,Julho,Gabão,13087853
2024,Julho,Gana,22429475
2024,Julho,Geórgia,51700593
2024,Julho,Gibraltar,331096
2024,Julho,Granada,980454
2024,Julho,Grécia,35464039
2024,Julho,Guadalupe,462591
2024,Julho,Guam,72
2024,Julho,Guatemala,75557406
2024,Julho,Guiana,21703416
2024,Julho,Guiana Francesa,722226
2024,Julho,Guiné,18085941
2024,Julho,Guiné Equatorial,3153530
2024,Julho,Guiné-Bissau,214799
2024,Julho,Gâmbia,3480737
2024,Julho,Haiti,6601997
2024,Julho,Heard e ilhas mcdonald Ilha,20
2024,Julho,Honduras,16649730
2024,Julho,Hong Kong,147101349
2024,Julho,Hungria,3532103
2024,Julho,Ilha de Man,6116564
2024,Julho,Indonésia,349018029
2024,Julho,Iraque,176839108
2024,Julho,Irlanda,53209587
2024,Julho,Irã,274167882
2024,Julho,Islândia,17940230
2024,Julho,Israel,32611305
2024,Julho,Itália,526781297
2024,Julho,Iêmen,16307711
2024,Julho,Jamaica,9970155
2024,Julho,Japão,465850335
2024,Julho,Jordânia,49358581
2024,Julho,Laos,2845037
2024,Julho,Lesoto,4125
2024,Julho,Letônia,4975659
2024,Julho,Libéria,50603606
2024,Julho,Liechtenstein,2636310
2024,Julho,Lituânia,1641185
2024,Julho,Luxemburgo,3150706
2024,Julho,Líbano,36182621
2024,Julho,Líbia,35896109
2024,Julho,Macedônia,881752
2024,Julho,Madagascar,5228019
2024,Julho,Malavi,90213
2024,Julho,Maldivas,2874017
2024,Julho,Mali,236033
2024,Julho,Malta,13640786
2024,Julho,Malásia,241053125
2024,Julho,Marianas do Norte Ilhas,139638
2024,Julho,Marrocos,139931578
2024,Julho,Marshall Ilhas,27331621
2024,Julho,Martinica,990446
2024,Julho,Mauritânia,30353230
2024,Julho,Maurício,1862409
2024,Julho,Mayotte,352179
2024,Julho,Mianmar,2252150
2024,Julho,Micronésia,1055
2024,Julho,Moldávia,90732
2024,Julho,Mongólia,115188
2024,Julho,Montenegro,1758904
2024,Julho,Moçambique,3331804
2024,Julho,México,621150499
2024,Julho,Namíbia,1346423
2024,Julho,Nepal,604187
2024,Julho,Nicarágua,12455969
2024,Julho,Nigéria,115221498
2024,Julho,Noruega,114616252
2024,Julho,Nova Caledônia,831603
2024,Julho,Nova Zelândia,6551050
2024,Julho,Níger,45343
2024,Julho,Omã,138589105
2024,Julho,Pacífico Ilhas do (EUA),532849
2024,Julho,Palau,17588
2024,Julho,Palestina,1511966
2024,Julho,Panamá,59912186
2024,Julho,Papua Nova Guiné,236638
2024,Julho,Paquistão,61571260
2024,Julho,Paraguai,357103332
2024,Julho,Países Baixos (Holanda),1075511169
2024,Julho,Peru,222670477
2024,Julho,Pitcairn,4849
2024,Julho,Polinésia Francesa,1353833
2024,Julho,Polônia,58868678
2024,Julho,Porto Rico,22408884
2024,Julho,Portugal,316010265
2024,Julho,Quirguistão,9909
2024,Julho,Quênia,6641026
2024,Julho,Reino Unido,228240667
2024,Julho,República Centro-Africana,191361
2024,Julho,República Dominicana,96386586
2024,Julho,Reunião,764078
2024,Julho,Romênia,10574365
2024,Julho,Ruanda,518378
2024,Julho,Rússia,148572316
2024,Julho,Saara Ocidental,8566
2024,Julho,Samoa,152234
2024,Julho,San Marino,17146
2024,Julho,Santa Lúcia,304337
2024,Julho,Seicheles,1762003
2024,Julho,Senegal,27963228
2024,Julho,Serra Leoa,19440391
2024,Julho,Singapura,717557126
2024,Julho,Sint Maarten,861523
2024,Julho,Somália,35016422
2024,Julho,Sri Lanka,3257858
2024,Julho,Suazilândia,581
2024,Julho,Sudão,336079
2024,Julho,Sudão do Sul,46770
2024,Julho,Suriname,4100641
2024,Julho,Suécia,29405874
2024,Julho,Suíça,95213486
2024,Julho,São Bartolomeu,268639
2024,Julho,São Cristóvão e Névis,564680
2024,Julho,São Martinho Ilha de (parte francesa),146120
2024,Julho,São Tomé e Príncipe,1339572
2024,Julho,São Vicente e Granadinas,437591
2024,Julho,Sérvia,5189779
2024,Julho,Síria,5715994
2024,Julho,Tailândia,250561730
2024,Julho,Taiwan (Formosa),156856173
2024,Julho,Tanzânia,4006896
2024,Julho,Tcheca República,3215579
2024,Julho,Terras Austrais Francesas,65720
2024,Julho,Timor Leste,2073061
2024,Julho,Togo,42770732
2024,Julho,Tonga,295603
2024,Julho,Trinidad e Tobago,19303117
2024,Julho,Tunísia,34361106
2024,Julho,Turcas e Caicos Ilhas,215573
2024,Julho,Turcomenistão,206283
2024,Julho,Turquia,381087724
2024,Julho,Ucrânia,2916906
2024,Julho,Uganda,807580
2024,Julho,Uruguai,262165449
2024,Julho,Uzbequistão,21311726
2024,Julho,Vanuatu,79734
2024,Julho,Venezuela,138040259
2024,Julho,Vietnã,334771761
2024,Julho,Virgens Ilhas (Americanas),94591
2024,Julho,Virgens Ilhas (Britânicas),2076526
2024,Julho,Wallis e Futuna Ilhas,1399
2024,Julho,Zimbábue,462129
2024,Julho,Zâmbia,242067
2024,Julho,África do Sul,125784341
2024,Julho,Áustria,5864777
2024,Julho,Índia,398172296
2024,Junho,Afeganistão,261408
2024,Junho,Albânia,8454434
2024,Junho,Alemanha,565596540
2024,Junho,Andorra,34280
2024,Junho,Angola,48284055
2024,Junho,Anguilla,9136
2024,Junho,Antígua e Barbuda,3390873
2024,Junho,Argentina,947767784
2024,Junho,Argélia,156491269
2024,Junho,Armênia,1560365
2024,Junho,Aruba,3198321
2024,Junho,Arábia Saudita,284422582
2024,Junho,Austrália,45097316
2024,Junho,Azerbaijão,1425358
2024,Junho,Bahamas,9477070
2024,Junho,Bangladesh,177853354
2024,Junho,Barbados,2835636
2024,Junho,Barein,61080623
2024,Junho,Belarus,698981
2024,Junho,Belize,417333
2024,Junho,Benin,11784909
2024,Junho,Bermudas,570298
2024,Junho,Bolívia,111689250
2024,Junho,Bonaire Saint Eustatius e Saba,590474
2024,Junho,Botsuana,41215
2024,Junho,Brasil,3595039
2024,Junho,Brunei,1435099
2024,Junho,Bulgária,2701616
2024,Junho,Burkina Faso,41556
2024,Junho,Butão,292083
2024,Junho,Bélgica,325358533
2024,Junho,Bósnia-Herzegovina,249523
2024,Junho,Cabo Verde,3551384
2024,Junho,Camarões,18431436
2024,Junho,Camboja,2079666
2024,Junho,Canadá,502230671
2024,Junho,Catar,25537279
2024,Junho,Cayman Ilhas,177639
2024,Junho,Cazaquistão,2730293
2024,Junho,Chade,664648
2024,Junho,Chile,555687087
2024,Junho,China,9591397610
2024,Junho,Chipre,6609284
2024,Junho,Colômbia,244585586
2024,Junho,Comores,1127498
2024,Junho,Congo,6350454
2024,Junho,Congo República Democrática,11061412
2024,Junho,Cook Ilhas,812326
2024,Junho,Coreia do Sul,239910048
2024,Junho,Costa Rica,38017647
2024,Junho,Costa do Marfim,23887031
2024,Junho,Coveite (Kuweit),21518375
2024,Junho,Croácia,7380601
2024,Junho,Cuba,20668292
2024,Junho,Curaçao,4877347
2024,Junho,Dinamarca,14560808
2024,Junho,Djibuti,5780795
2024,Junho,Dominica,368304
2024,Junho,Egito,336831373
2024,Junho,El Salvador,18053042
2024,Junho,Emirados Árabes Unidos,347706079
2024,Junho,Equador,65669788
2024,Junho,Eslováquia,2026119
2024,Junho,Eslovênia,41326315
2024,Junho,Espanha,660748479
2024,Junho,Estados Unidos,3283767047
2024,Junho,Estônia,9810356
2024,Junho,Etiópia,1863786
2024,Junho,Falkland (Malvinas),2932
2024,Junho,Faroe Ilhas,20194
2024,Junho,Filipinas,127974616
2024,Junho,Finlândia,12704450
2024,Junho,França,232456391
2024,Junho,Gabão,5349862
2024,Junho,Gana,22163735
2024,Junho,Geórgia,57161119
2024,Junho,Gibraltar,269463
2024,Junho,Granada,1031267
2024,Junho,Grécia,27201940
2024,Junho,Guadalupe,426534
2024,Junho,Guam,95683
2024,Junho,Guatemala,40218812
2024,Junho,Guernsey,3000
2024,Junho,Guiana,20942772
2024,Junho,Guiana Francesa,279236
2024,Junho,Guiné,21743073
2024,Junho,Guiné Equatorial,2275483
2024,Junho,Guiné-Bissau,574925
2024,Junho,Gâmbia,4378473
2024,Junho,Haiti,4962494
2024,Junho,Honduras,19562706
2024,Junho,Hong Kong,131582644
2024,Junho,Hungria,2792686
2024,Junho,Ilha de Man,1273086
2024,Junho,Indonésia,448974771
2024,Junho,Iraque,136710829
2024,Junho,Irlanda,13861500
2024,Junho,Irã,275796927
2024,Junho,Islândia,48808919
2024,Junho,Israel,13701999
2024,Junho,Itália,378175526
2024,Junho,Iêmen,23940504
2024,Junho,Jamaica,72079282
2024,Junho,Japão,392292809
2024,Junho,Jersey,25
2024,Junho,Jordânia,30444667
2024,Junho,Laos,1823724
2024,Junho,Letônia,2335277
2024,Junho,Libéria,40880119
2024,Junho,Liechtenstein,988449
2024,Junho,Lituânia,2469339
2024,Junho,Luxemburgo,3278377
2024,Junho,Líbano,44021365
2024,Junho,Líbia,70888978
2024,Junho,Macau,231
2024,Junho,Macedônia,1064405
2024,Junho,Madagascar,2448410
2024,Junho,Malavi,153383
2024,Junho,Maldivas,2456049
2024,Junho,Mali,215473
2024,Junho,Malta,10088739
2024,Junho,Malásia,344321533
2024,Junho,Marianas do Norte Ilhas,5824
2024,Junho,Marrocos,60245701
2024,Junho,Marshall Ilhas,30331520
2024,Junho,Martinica,462213
2024,Junho,Mauritânia,38804530
2024,Junho,Maurício,15212548
2024,Junho,Mayotte,338285
2024,Junho,Mianmar,2808864
2024,Junho,Micronésia,1053
2024,Junho,Moldávia,77102
2024,Junho,Mongólia,348795
2024,Junho,Montenegro,1833401
2024,Junho,Montserrat,41048
2024,Junho,Moçambique,3705391
2024,Junho,México,588038125
2024,Junho,Mônaco,2750
2024,Junho,Namíbia,473282
2024,Junho,Nepal,491883
2024,Junho,Nicarágua,6868517
2024,Junho,Nigéria,47460560
2024,Junho,Norfolk Ilha,166400
2024,Junho,Noruega,133488788
2024,Junho,Nova Caledônia,882120
2024,Junho,Nova Zelândia,9069883
2024,Junho,Níger,311554
2024,Junho,Omã,80649768
2024,Junho,Pacífico Ilhas do (EUA),988
2024,Junho,Palau,175243
2024,Junho,Palestina,2047613
2024,Junho,Panamá,84037172
2024,Junho,Papua Nova Guiné,125984
2024,Junho,Paquistão,46929112
2024,Junho,Paraguai,301770811
2024,Junho,Países Baixos (Holanda),1058267330
2024,Junho,Peru,200955703
2024,Junho,Pitcairn,5343
2024,Junho,Polinésia Francesa,336373
2024,Junho,Polônia,127994522
2024,Junho,Porto Rico,13555982
2024,Junho,Portugal,389935236
2024,Junho,Quirguistão,12976
2024,Junho,Quênia,5814883
2024,Junho,Reino Unido,233086935
2024,Junho,República Centro-Africana,48253
2024,Junho,República Dominicana,95011908
2024,Junho,Reunião,377381
2024,Junho,Romênia,7484447
2024,Junho,Ruanda,26587
2024,Junho,Rússia,101923164
2024,Junho,Salomão Ilhas,32848
2024,Junho,Samoa,202339
2024,Junho,Samoa Americana,40516
2024,Junho,Santa Lúcia,182011
2024,Junho,Seicheles,1515755
2024,Junho,Senegal,35715855
2024,Junho,Serra Leoa,2712366
2024,Junho,Singapura,551881819
2024,Junho,Sint Maarten,1074691
2024,Junho,Somália,7311621
2024,Junho,Sri Lanka,5318139
2024,Junho,Suazilândia,151298
2024,Junho,Sudão,215432
2024,Junho,Suriname,7074032
2024,Junho,Suécia,103977652
2024,Junho,Suíça,88643585
2024,Junho,Svalbard e Jan Mayen,5393
2024,Junho,São Bartolomeu,189079
2024,Junho,São Cristóvão e Névis,322577
2024,Junho,São Martinho Ilha de (parte francesa),546
2024,Junho,São Tomé e Príncipe,175229
2024,Junho,São Vicente e Granadinas,116356
2024,Junho,Sérvia,3818607
2024,Junho,Síria,13303088
2024,Junho,Tadjiquistão,51377
2024,Junho,Tailândia,341664630
2024,Junho,Taiwan (Formosa),133673687
2024,Junho,Tanzânia,3122923
2024,Junho,Tcheca República,2851052
2024,Junho,Timor Leste,2272605
2024,Junho,Togo,38901030
2024,Junho,Tonga,456053
2024,Junho,Toquelau,30645
2024,Junho,Trinidad e Tobago,32937955
2024,Junho,Tunísia,21305157
2024,Junho,Turcas e Caicos Ilhas,101890
2024,Junho,Turcomenistão,495070
2024,Junho,Turquia,460455600
2024,Junho,Ucrânia,4142706
2024,Junho,Uganda,816210
2024,Junho,Uruguai,226190194
2024,Junho,Uzbequistão,8953425
2024,Junho,Vanuatu,92008
2024,Junho,Venezuela,83094179
2024,Junho,Vietnã,253660241
2024,Junho,Virgens Ilhas (Americanas),91578247
2024,Junho,Virgens Ilhas (Britânicas),386043
2024,Junho,Zimbábue,450505
2024,Junho,Zâmbia,914851
2024,Junho,África do Sul,135402240
2024,Junho,Áustria,9614616
2024,Junho,Índia,367818752
2024,Maio,Afeganistão,105390
2024,Maio,Albânia,12409826
2024,Maio,Alemanha,408242234
2024,Maio,Angola,46909965
2024,Maio,Anguilla,368049
2024,Maio,Antígua e Barbuda,3706955
2024,Maio,Argentina,1013874134
2024,Maio,Argélia,292552165
2024,Maio,Armênia,856956
2024,Maio,Aruba,2417790
2024,Maio,Arábia Saudita,261810804
2024,Maio,Austrália,51416779
2024,Maio,Azerbaijão,2157048
2024,Maio,Bahamas,12515700
2024,Maio,Bangladesh,245380421
2024,Maio,Barbados,4076122
2024,Maio,Barein,93021205
2024,Maio,Belarus,329119
2024,Maio,Belize,916629
2024,Maio,Benin,5558529
2024,Maio,Bermudas,97309
2024,Maio,Bolívia,108322548
2024,Maio,Bonaire Saint Eustatius e Saba,427932
2024,Maio,Botsuana,18225
2024,Maio,Brasil,108813956
2024,Maio,Brunei,344381
2024,Maio,Bulgária,88551723
2024,Maio,Burkina Faso,734671
2024,Maio,Butão,200344
2024,Maio,Bélgica,353526195
2024,Maio,Bósnia-Herzegovina,211174
2024,Maio,Cabo Verde,3720135
2024,Maio,Camarões,10923527
2024,Maio,Camboja,1917932
2024,Maio,Canadá,534682460
2024,Maio,Catar,21164611
2024,Maio,Cayman Ilhas,36136437
2024,Maio,Cazaquistão,3877079
2024,Maio,Chade,2780226
2024,Maio,Chile,549841903
2024,Maio,China,9587542672
2024,Maio,Chipre,4653102
2024,Maio,Colômbia,284444193
2024,Maio,Comores,743872
2024,Maio,Congo,13413306
2024,Maio,Congo República Democrática,28829031
2024,Maio,Cook Ilhas,654564
2024,Maio,Coreia do Sul,525034929
2024,Maio,Costa Rica,60320896
2024,Maio,Costa do Marfim,8360131
2024,Maio,Coveite (Kuweit),18228717
2024,Maio,Croácia,4748292
2024,Maio,Cuba,20170605
2024,Maio,Curaçao,4486262
2024,Maio,Dinamarca,24414933
2024,Maio,Djibuti,3608085
2024,Maio,Dominica,600940
2024,Maio,Egito,362848385
2024,Maio,El Salvador,8586326
2024,Maio,Emirados Árabes Unidos,461447942
2024,Maio,Equador,97901405
2024,Maio,Eslováquia,2865956
2024,Maio,Eslovênia,17835193
2024,Maio,Espanha,1549549768
2024,Maio,Estados Unidos,3234894895
2024,Maio,Estônia,8667510
2024,Maio,Etiópia,2776084
2024,Maio,Faroe Ilhas,8541
2024,Maio,Fiji,116033
2024,Maio,Filipinas,127761546
2024,Maio,Finlândia,25172984
2024,Maio,França,269742985
2024,Maio,Gabão,4279559
2024,Maio,Gana,41823265
2024,Maio,Geórgia,46958387
2024,Maio,Gibraltar,531244
2024,Maio,Granada,1363165
2024,Maio,Grécia,50207387
2024,Maio,Guadalupe,1932630
2024,Maio,Guam,40344
2024,Maio,Guatemala,32053466
2024,Maio,Guiana,53074753
2024,Maio,Guiana Francesa,718196
2024,Maio,Guiné,16928729
2024,Maio,Guiné Equatorial,2822641
2024,Maio,Guiné-Bissau,531800
2024,Maio,Gâmbia,6892951
2024,Maio,Haiti,2145246
2024,Maio,Honduras,15902217
2024,Maio,Hong Kong,141345571
2024,Maio,Hungria,4513302
2024,Maio,Ilha de Man,924001
2024,Maio,Indonésia,231204856
2024,Maio,Iraque,69788209
2024,Maio,Irlanda,8343570
2024,Maio,Irã,140426316
2024,Maio,Islândia,61162
2024,Maio,Israel,23411366
2024,Maio,Itália,455657263
2024,Maio,Iêmen,14068551
2024,Maio,Jamaica,6969606
2024,Maio,Japão,455436172
2024,Maio,Jordânia,35193540
2024,Maio,Laos,1725886
2024,Maio,Letônia,15952757
2024,Maio,Libéria,42615105
2024,Maio,Liechtenstein,146630
2024,Maio,Lituânia,2470843
2024,Maio,Luxemburgo,4760067
2024,Maio,Líbano,35238551
2024,Maio,Líbia,55328823
2024,Maio,Macedônia,1656472
2024,Maio,Madagascar,3820206
2024,Maio,Malavi,176141
2024,Maio,Maldivas,1794144
2024,Maio,Mali,306
2024,Maio,Malta,12941212
2024,Maio,Malásia,383424854
2024,Maio,Marianas do Norte Ilhas,63191
2024,Maio,Marrocos,61710753
2024,Maio,Marshall Ilhas,29835326
2024,Maio,Martinica,721230
2024,Maio,Mauritânia,14481743
2024,Maio,Maurício,2275696
2024,Maio,Mayotte,107563
2024,Maio,Mianmar,3979734
2024,Maio,Micronésia,1469
2024,Maio,Moldávia,90779
2024,Maio,Mongólia,617380
2024,Maio,Montenegro,933930
2024,Maio,Moçambique,3548940
2024,Maio,México,695948587
2024,Maio,Mônaco,149693
2024,Maio,Namíbia,292274
2024,Maio,Nauru,6031
2024,Maio,Nepal,250486
2024,Maio,Nicarágua,5426125
2024,Maio,Nigéria,74674154
2024,Maio,Norfolk Ilha,34471
2024,Maio,Noruega,121707567
2024,Maio,Nova Caledônia,745682
2024,Maio,Nova Zelândia,6378807
2024,Maio,Níger,194540
2024,Maio,Omã,126753465
2024,Maio,Pacífico Ilhas do (EUA),43344
2024,Maio,Palau,2442
2024,Maio,Palestina,2529295
2024,Maio,Panamá,78810528
2024,Maio,Papua Nova Guiné,590002
2024,Maio,Paquistão,68065306
2024,Maio,Paraguai,285595631
2024,Maio,Países Baixos (Holanda),1000875129
2024,Maio,Peru,241020049
2024,Maio,Pitcairn,14310
2024,Maio,Polinésia Francesa,1125411
2024,Maio,Polônia,112920491
2024,Maio,Porto Rico,35067487
2024,Maio,Portugal,391991655
2024,Maio,Quênia,6146676
2024,Maio,Reino Unido,267467940
2024,Maio,República Centro-Africana,78982
2024,Maio,República Dominicana,65412919
2024,Maio,Reunião,211917
2024,Maio,Romênia,23330868
2024,Maio,Ruanda,96820
2024,Maio,Rússia,149498065
2024,Maio,Samoa,374781
2024,Maio,Samoa Americana,63681
2024,Maio,San Marino,7630
2024,Maio,Santa Lúcia,215077
2024,Maio,Seicheles,871354
2024,Maio,Senegal,20212884
2024,Maio,Serra Leoa,3049809
2024,Maio,Singapura,546961800
2024,Maio,Sint Maarten,910498
2024,Maio,Somália,865573
2024,Maio,Sri Lanka,1733968
2024,Maio,Suazilândia,45360
2024,Maio,Sudão,327952
2024,Maio,Suriname,3586309
2024,Maio,Suécia,52153100
2024,Maio,Suíça,112409542
2024,Maio,São Bartolomeu,23589
2024,Maio,São Cristóvão e Névis,264565
2024,Maio,São Martinho Ilha de (parte francesa),4610
2024,Maio,São Tomé e Príncipe,440350
2024,Maio,São Vicente e Granadinas,173771
2024,Maio,Sérvia,4246350
2024,Maio,Síria,4931199
2024,Maio,Tadjiquistão,27450
2024,Maio,Tailândia,309531656
2024,Maio,Taiwan (Formosa),171638760
2024,Maio,Tanzânia,3982523
2024,Maio,Tcheca República,3541036
2024,Maio,Terras Austrais Francesas,52869
2024,Maio,Timor Leste,682992
2024,Maio,Togo,11584104
2024,Maio,Tonga,27971
2024,Maio,Trinidad e Tobago,40073425
2024,Maio,Tunísia,21771532
2024,Maio,Turcas e Caicos Ilhas,183508
2024,Maio,Turcomenistão,633605
2024,Maio,Turquia,516522449
2024,Maio,Ucrânia,2702828
2024,Maio,Uganda,649784
2024,Maio,Uruguai,204894688
2024,Maio,Uzbequistão,28156657
2024,Maio,Vanuatu,215540
2024,Maio,Venezuela,93477003
2024,Maio,Vietnã,246578213
2024,Maio,Virgens Ilhas (Americanas),36549773
2024,Maio,Virgens Ilhas (Britânicas),165001
2024,Maio,Zimbábue,527711
2024,Maio,Zâmbia,1049537
2024,Maio,África do Sul,118899616
2024,Maio,Áustria,7412507
2024,Maio,Índia,260083144
2024,Abril,Afeganistão,82132
2024,Abril,Albânia,9103224
2024,Abril,Alemanha,481839181
2024,Abril,Angola,35501879
2024,Abril,Anguilla,151126
2024,Abril,Antígua e Barbuda,2704353
2024,Abril,Argentina,1099559492
2024,Abril,Argélia,187878354
2024,Abril,Armênia,610562
2024,Abril,Aruba,2546509
2024,Abril,Arábia Saudita,165442426
2024,Abril,Austrália,51665024
2024,Abril,Azerbaijão,2328592
2024,Abril,Bahamas,12626672
2024,Abril,Bangladesh,310082835
2024,Abril,Barbados,2530307
2024,Abril,Barein,94378195
2024,Abril,Belarus,488972
2024,Abril,Belize,1033373
2024,Abril,Benin,7293650
2024,Abril,Bermudas,1337964
2024,Abril,Bolívia,110220513
2024,Abril,Bonaire Saint Eustatius e Saba,327220
2024,Abril,Botsuana,94113
2024,Abril,Bouvet Ilha,39395
2024,Abril,Brasil,1821515
2024,Abril,Brunei,108906
2024,Abril,Bulgária,941450
2024,Abril,Burkina Faso,242960
2024,Abril,Butão,307030
2024,Abril,Bélgica,313861255
2024,Abril,Bósnia-Herzegovina,297916
2024,Abril,Cabo Verde,3292641
2024,Abril,Camarões,13343622
2024,Abril,Camboja,1815210
2024,Abril,Canadá,443245960
2024,Abril,Catar,80303390
2024,Abril,Cayman Ilhas,965423
2024,Abril,Cazaquistão,3252541
2024,Abril,Chade,82874
2024,Abril,Chile,735433906
2024,Abril,China,9524323299
2024,Abril,Chipre,6694884
2024,Abril,Colômbia,268243272
2024,Abril,Comores,1287400
2024,Abril,Congo,6315324
2024,Abril,Congo República Democrática,9146535
2024,Abril,Cook Ilhas,17789
2024,Abril,Coreia do Sul,430765310
2024,Abril,Costa Rica,58874026
2024,Abril,Costa do Marfim,12002495
2024,Abril,Coveite (Kuweit),20011732
2024,Abril,Croácia,2410562
2024,Abril,Cuba,26006675
2024,Abril,Curaçao,3015720
2024,Abril,Dinamarca,44935181
2024,Abril,Djibuti,5184711
2024,Abril,Dominica,414373
2024,Abril,Egito,227556409
2024,Abril,El Salvador,20450051
2024,Abril,Emirados Árabes Unidos,430414561
2024,Abril,Equador,84906562
2024,Abril,Eslováquia,2900741
2024,Abril,Eslovênia,57288475
2024,Abril,Espanha,1148598699
2024,Abril,Estados Unidos,2926179137
2024,Abril,Estônia,5306544
2024,Abril,Etiópia,2365543
2024,Abril,Fiji,108337
2024,Abril,Filipinas,173397266
2024,Abril,Finlândia,63208874
2024,Abril,França,381282789
2024,Abril,Gabão,5220109
2024,Abril,Gana,15081214
2024,Abril,Geórgia,75205683
2024,Abril,Geórgia do Sul e Sandwich do Sul Ilhas,11102
2024,Abril,Gibraltar,467757
2024,Abril,Granada,1460407
2024,Abril,Grécia,28464394
2024,Abril,Guadalupe,636650
2024,Abril,Guam,42935
2024,Abril,Guatemala,33133809
2024,Abril,Guernsey,9490
2024,Abril,Guiana,7673823
2024,Abril,Guiana Francesa,534087
2024,Abril,Guiné,12594104
2024,Abril,Guiné Equatorial,2270907
2024,Abril,Guiné-Bissau,637841
2024,Abril,Gâmbia,23325218
2024,Abril,Haiti,2478263
2024,Abril,Honduras,20102280
2024,Abril,Hong Kong,143845770
2024,Abril,Hungria,4604206
2024,Abril,Ilha de Man,24621409
2024,Abril,Indonésia,337134459
2024,Abril,Iraque,108482876
2024,Abril,Irlanda,41003153
2024,Abril,Irã,290461013
2024,Abril,Islândia,13219594
2024,Abril,Israel,70007140
2024,Abril,Itália,528132999
2024,Abril,Iêmen,36730307
2024,Abril,Jamaica,7945791
2024,Abril,Japão,451403845
2024,Abril,Jordânia,36809849
2024,Abril,Laos,2409719
2024,Abril,Lesoto,3404
2024,Abril,Letônia,2468361
2024,Abril,Libéria,29897910
2024,Abril,Liechtenstein,1602707
2024,Abril,Lituânia,4016255
2024,Abril,Luxemburgo,4254862
2024,Abril,Líbano,42486554
2024,Abril,Líbia,70806613
2024,Abril,Macau,697883
2024,Abril,Macedônia,2752256
2024,Abril,Madagascar,2558745
2024,Abril,Maldivas,3592045
2024,Abril,Mali,163612
2024,Abril,Malta,9872749
2024,Abril,Malásia,320519856
2024,Abril,Marianas do Norte Ilhas,3378
2024,Abril,Marrocos,32428807
2024,Abril,Marshall Ilhas,27172492
2024,Abril,Martinica,420768
2024,Abril,Mauritânia,10111451
2024,Abril,Maurício,1818333
2024,Abril,Mayotte,321700
2024,Abril,Mianmar,1428704
2024,Abril,Micronésia,1469
2024,Abril,Moldávia,38733
2024,Abril,Mongólia,688773
2024,Abril,Montenegro,1985342
2024,Abril,Montserrat,20599
2024,Abril,Moçambique,2754315
2024,Abril,México,864780489
2024,Abril,Mônaco,1551
2024,Abril,Namíbia,325345
2024,Abril,Nauru,631
2024,Abril,Nepal,441112
2024,Abril,Nicarágua,8557639
2024,Abril,Nigéria,47410814
2024,Abril,Norfolk Ilha,24365
2024,Abril,Noruega,99349464
2024,Abril,Nova Caledônia,947408
2024,Abril,Nova Zelândia,5390718
2024,Abril,Níger,210142
2024,Abril,Omã,84741818
2024,Abril,Pacífico Ilhas do (EUA),17560
2024,Abril,Palau,253751
2024,Abril,Palestina,4116247
2024,Abril,Panamá,57423511
2024,Abril,Papua Nova Guiné,271346
2024,Abril,Paquistão,76138618
2024,Abril,Paraguai,309406764
2024,Abril,Países Baixos (Holanda),1139588033
2024,Abril,Peru,238142392
2024,Abril,Polinésia Francesa,973705
2024,Abril,Polônia,102582502
2024,Abril,Porto Rico,14225239
2024,Abril,Portugal,322329995
2024,Abril,Quirguistão,19761
2024,Abril,Quênia,4862901
2024,Abril,Reino Unido,263699547
2024,Abril,República Centro-Africana,128896
2024,Abril,República Dominicana,64216031
2024,Abril,Reunião,402643
2024,Abril,Romênia,16268783
2024,Abril,Ruanda,152540
2024,Abril,Rússia,176202814
2024,Abril,Samoa,211376
2024,Abril,Samoa Americana,345567
2024,Abril,San Marino,16571
2024,Abril,Santa Lúcia,635293
2024,Abril,Seicheles,1178845
2024,Abril,Senegal,18932343
2024,Abril,Serra Leoa,7127864
2024,Abril,Singapura,982043604
2024,Abril,Sint Maarten,742689
2024,Abril,Somália,19409908
2024,Abril,Sri Lanka,5460184
2024,Abril,Suazilândia,90720
2024,Abril,Sudão,274045
2024,Abril,Sudão do Sul,100658
2024,Abril,Suriname,5886791
2024,Abril,Suécia,65014312
2024,Abril,Suíça,117930687
2024,Abril,São Bartolomeu,203196
2024,Abril,São Cristóvão e Névis,172331
2024,Abril,São Martinho Ilha de (parte francesa),56137
2024,Abril,São Pedro e Miquelon,190
2024,Abril,São Tomé e Príncipe,266711
2024,Abril,São Vicente e Granadinas,92383
2024,Abril,Sérvia,4120835
2024,Abril,Síria,3413379
2024,Abril,Tailândia,307571971
2024,Abril,Taiwan (Formosa),79473265
2024,Abril,Tanzânia,4301736
2024,Abril,Tcheca República,4102676
2024,Abril,Timor Leste,579939
2024,Abril,Togo,18421968
2024,Abril,Tonga,638257
2024,Abril,Trinidad e Tobago,19951745
2024,Abril,Tunísia,41120054
2024,Abril,Turcas e Caicos Ilhas,193270
2024,Abril,Turcomenistão,28033
2024,Abril,Turquia,440509689
2024,Abril,Ucrânia,2246764
2024,Abril,Uganda,333507
2024,Abril,Uruguai,246644754
2024,Abril,Uzbequistão,34904926
2024,Abril,Vanuatu,182340
2024,Abril,Venezuela,100291253
2024,Abril,Vietnã,336598013
2024,Abril,Virgens Ilhas (Americanas),66139
2024,Abril,Virgens Ilhas (Britânicas),203202
2024,Abril,Wallis e Futuna Ilhas,8959
2024,Abril,Zimbábue,1157181
2024,Abril,Zâmbia,1104975
2024,Abril,África do Sul,125481187
2024,Abril,Áustria,8864206
2024,Abril,Índia,391366443
2024,Março,Afeganistão,292005
2024,Março,Albânia,10004120
2024,Março,Alemanha,461214361
2024,Março,Andorra,282
2024,Março,Angola,36945702
2024,Março,Anguilla,60360
2024,Março,Antártica,48289
2024,Março,Antígua e Barbuda,2193924
2024,Março,Argentina,1106730916
2024,Março,Argélia,197804333
2024,Março,Armênia,537798
2024,Março,Aruba,3149383
2024,Março,Arábia Saudita,191119469
2024,Março,Austrália,41428491
2024,Março,Azerbaijão,620893
2024,Março,Bahamas,14348806
2024,Março,Bangladesh,253339786
2024,Março,Barbados,3273370
2024,Março,Barein,204894926
2024,Março,Belarus,143344
2024,Março,Belize,1390081
2024,Março,Benin,9616242
2024,Março,Bermudas,57141
2024,Março,Bolívia,100338625
2024,Março,Bonaire Saint Eustatius e Saba,242472
2024,Março,Botsuana,37328
2024,Março,Brasil,31438692
2024,Março,Brunei,106434
2024,Março,Bulgária,1370277
2024,Março,Burkina Faso,440
2024,Março,Butão,319336
2024,Março,Bélgica,262278543
2024,Março,Bósnia-Herzegovina,86030
2024,Março,Cabo Verde,3207762
2024,Março,Camarões,26814302
2024,Março,Camboja,772899
2024,Março,Canadá,462405388
2024,Março,Catar,51157592
2024,Março,Cayman Ilhas,830043
2024,Março,Cazaquistão,3506031
2024,Março,Chade,996462
2024,Março,Chile,419376328
2024,Março,China,8281032620
2024,Março,Chipre,7097496
2024,Março,Colômbia,301355471
2024,Março,Comores,1285028
2024,Março,Congo,6341496
2024,Março,Congo República Democrática,21957145
2024,Março,Cook Ilhas,1194651
2024,Março,Coreia do Sul,421902623
2024,Março,Costa Rica,58518306
2024,Março,Costa do Marfim,19289806
2024,Março,Coveite (Kuweit),22575361
2024,Março,Croácia,5376156
2024,Março,Cuba,50945083
2024,Março,Curaçao,4152798
2024,Março,Dinamarca,59589978
2024,Março,Djibuti,1619403
2024,Março,Dominica,627356
2024,Março,Egito,234410805
2024,Março,El Salvador,12800128
2024,Março,Emirados Árabes Unidos,391315144
2024,Março,Equador,85901037
2024,Março,Eslováquia,3809402
2024,Março,Eslovênia,17320286
2024,Março,Espanha,677019172
2024,Março,Estados Unidos,3774366456
2024,Março,Estônia,9492217
2024,Março,Etiópia,1669615
2024,Março,Faroe Ilhas,35257
2024,Março,Fiji,98242
2024,Março,Filipinas,215504048
2024,Março,Finlândia,16061728
2024,Março,França,189522908
2024,Março,Gabão,5732542
2024,Março,Gana,18989547
2024,Março,Geórgia,8885335
2024,Março,Gibraltar,272652
2024,Março,Granada,1401224
2024,Março,Grécia,40066011
2024,Março,Guadalupe,277270
2024,Março,Guam,11449
2024,Março,Guatemala,34886162
2024,Março,Guernsey,20842
2024,Março,Guiana,24165568
2024,Março,Guiana Francesa,460185
2024,Março,Guiné,15829758
2024,Março,Guiné Equatorial,2689399
2024,Março,Guiné-Bissau,89952
2024,Março,Gâmbia,11884369
2024,Março,Haiti,4923920
2024,Março,Heard e ilhas mcdonald Ilha,425055
2024,Março,Honduras,21762639
2024,Março,Hong Kong,126435011
2024,Março,Hungria,3581935
2024,Março,Ilha de Man,1325506
2024,Março,Indonésia,379024293
2024,Março,Iraque,82594890
2024,Março,Irlanda,8591051
2024,Março,Irã,268900053
2024,Março,Islândia,31501586
2024,Março,Israel,131745066
2024,Março,Itália,410462380
2024,Março,Iêmen,37955147
2024,Março,Jamaica,9528420
2024,Março,Japão,399707207
2024,Março,Jordânia,37472451
2024,Março,Laos,1203117
2024,Março,Lesoto,3921
2024,Março,Letônia,2979596
2024,Março,Libéria,36135039
2024,Março,Liechtenstein,1327275
2024,Março,Lituânia,7124932
2024,Março,Luxemburgo,3011050
2024,Março,Líbano,41028677
2024,Março,Líbia,53583579
2024,Março,Macau,456562
2024,Março,Macedônia,1597065
2024,Março,Madagascar,1352076
2024,Março,Malavi,204049
2024,Março,Maldivas,1206337
2024,Março,Mali,208700
2024,Março,Malta,13101006
2024,Março,Malásia,419399931
2024,Março,Marrocos,97817391
2024,Março,Marshall Ilhas,19353036
2024,Março,Martinica,529024
2024,Março,Mauritânia,8925808
2024,Março,Maurício,1346713
2024,Março,Mayotte,281227
2024,Março,Mianmar,728058
2024,Março,Micronésia,700
2024,Março,Moldávia,162924
2024,Março,Mongólia,161421
2024,Março,Montenegro,1473463
2024,Março,Montserrat,13650
2024,Março,Moçambique,2533570
2024,Março,México,739963933
2024,Março,Mônaco,34388
2024,Março,Namíbia,267516
2024,Março,Nepal,18900
2024,Março,Nicarágua,11006648
2024,Março,Nigéria,27786626
2024,Março,Noruega,99062391
2024,Março,Nova Caledônia,969640
2024,Março,Nova Zelândia,14825609
2024,Março,Níger,298639
2024,Março,Omã,127394417
2024,Março,Pacífico Ilhas do (EUA),122664
2024,Março,Palestina,3439892
2024,Março,Panamá,63304324
2024,Março,Papua Nova Guiné,292299
2024,Março,Paquistão,27312531
2024,Março,Paraguai,285051649
2024,Março,Países Baixos (Holanda),889771640
2024,Março,Peru,242632032
2024,Março,Polinésia Francesa,959976
2024,Março,Polônia,118936719
2024,Março,Porto Rico,17929094
2024,Março,Portugal,103931980
2024,Março,Quênia,4656155
2024,Março,Reino Unido,234882577
2024,Março,República Centro-Africana,178646
2024,Março,República Dominicana,59980358
2024,Março,Reunião,298195
2024,Março,Romênia,22684894
2024,Março,Ruanda,103043
2024,Março,Rússia,58957392
2024,Março,Salomão Ilhas,32240
2024,Março,Samoa,155918
2024,Março,Samoa Americana,167115
2024,Março,San Marino,28857
2024,Março,Santa Lúcia,327306
2024,Março,Seicheles,949860
2024,Março,Senegal,46342026
2024,Março,Serra Leoa,1738659
2024,Março,Singapura,504819620
2024,Março,Sint Maarten,1814451
2024,Março,Somália,9875578
2024,Março,Sri Lanka,1990422
2024,Março,Suazilândia,90720
2024,Março,Sudão,765192
2024,Março,Sudão do Sul,334135
2024,Março,Suriname,4321347
2024,Março,Suécia,68625461
2024,Março,Suíça,79926329
2024,Março,São Bartolomeu,197204
2024,Março,São Cristóvão e Névis,459245
2024,Março,São Martinho Ilha de (parte francesa),56
2024,Março,São Tomé e Príncipe,274811
2024,Março,São Vicente e Granadinas,368524
2024,Março,Sérvia,4410851
2024,Março,Síria,1188340
2024,Março,Tailândia,324730439
2024,Março,Taiwan (Formosa),120219882
2024,Março,Tanzânia,5678643
2024,Março,Tcheca República,6446263
2024,Março,Terras Austrais Francesas,8150
2024,Março,Timor Leste,1073331
2024,Março,Togo,45457470
2024,Março,Tonga,600709
2024,Março,Toquelau,32870
2024,Março,Trinidad e Tobago,23268316
2024,Março,Tunísia,66816723
2024,Março,Turcas e Caicos Ilhas,205522
2024,Março,Turcomenistão,20380
2024,Março,Turquia,281530504
2024,Março,Ucrânia,5055555
2024,Março,Uganda,800967
2024,Março,Uruguai,223554830
2024,Março,Uzbequistão,25863758
2024,Março,Vanuatu,138381
2024,Março,Vaticano,400000
2024,Março,Venezuela,73019015
2024,Março,Vietnã,253911157
2024,Março,Virgens Ilhas (Americanas),76574
2024,Março,Virgens Ilhas (Britânicas),390583
2024,Março,Zimbábue,799347
2024,Março,Zâmbia,556734
2024,Março,África do Sul,130449091
2024,Março,Áustria,6260901
2024,Março,Índia,536259288
2024,Fevereiro,Afeganistão,172863
2024,Fevereiro,Albânia,7326662
2024,Fevereiro,Alemanha,424317747
2024,Fevereiro,Angola,23210547
2024,Fevereiro,Anguilla,48676
2024,Fevereiro,Antártica,78964
2024,Fevereiro,Antígua e Barbuda,3621464
2024,Fevereiro,Argentina,934319225
2024,Fevereiro,Argélia,223160403
2024,Fevereiro,Armênia,636060
2024,Fevereiro,Aruba,2499282
2024,Fevereiro,Arábia Saudita,256157519
2024,Fevereiro,Austrália,42495990
2024,Fevereiro,Azerbaijão,507536
2024,Fevereiro,Bahamas,10292143
2024,Fevereiro,Bangladesh,211336526
2024,Fevereiro,Barbados,1898717
2024,Fevereiro,Barein,65801706
2024,Fevereiro,Belarus,499114
2024,Fevereiro,Belize,1477074
2024,Fevereiro,Benin,5882221
2024,Fevereiro,Bermudas,1193508
2024,Fevereiro,Bolívia,109149691
2024,Fevereiro,Bonaire Saint Eustatius e Saba,110472
2024,Fevereiro,Botsuana,45331
2024,Fevereiro,Brasil,1703652
2024,Fevereiro,Brunei,91486
2024,Fevereiro,Bulgária,72377067
2024,Fevereiro,Burkina Faso,581640
2024,Fevereiro,Butão,375366
2024,Fevereiro,Bélgica,253695954
2024,Fevereiro,Bósnia-Herzegovina,134639
2024,Fevereiro,Cabo Verde,2493777
2024,Fevereiro,Camarões,53794315
2024,Fevereiro,Camboja,1577599
2024,Fevereiro,Canadá,322022882
2024,Fevereiro,Catar,25668718
2024,Fevereiro,Cayman Ilhas,430389
2024,Fevereiro,Cazaquistão,1696045
2024,Fevereiro,Chade,355119
2024,Fevereiro,Chile,591721845
2024,Fevereiro,China,6776054184
2024,Fevereiro,Chipre,5009565
2024,Fevereiro,Colômbia,226048797
2024,Fevereiro,Comores,440750
2024,Fevereiro,Congo,9089234
2024,Fevereiro,Congo República Democrática,15781685
2024,Fevereiro,Cook Ilhas,301133
2024,Fevereiro,Coreia do Sul,373817249
2024,Fevereiro,Costa Rica,50567792
2024,Fevereiro,Costa do Marfim,15469283
2024,Fevereiro,Coveite (Kuweit),28097409
2024,Fevereiro,Croácia,4043165
2024,Fevereiro,Cuba,18129032
2024,Fevereiro,Curaçao,3016111
2024,Fevereiro,Dinamarca,22394826
2024,Fevereiro,Djibuti,8362962
2024,Fevereiro,Dominica,656979
2024,Fevereiro,Egito,216973594
2024,Fevereiro,El Salvador,10006751
2024,Fevereiro,Emirados Árabes Unidos,521609711
2024,Fevereiro,Equador,54849620
2024,Fevereiro,Eslováquia,2285741
2024,Fevereiro,Eslovênia,66172385
2024,Fevereiro,Espanha,616946792
2024,Fevereiro,Estados Unidos,2605584121
2024,Fevereiro,Estônia,4491332
2024,Fevereiro,Etiópia,4270618
2024,Fevereiro,Falkland (Malvinas),98353
2024,Fevereiro,Fiji,81774
2024,Fevereiro,Filipinas,132174411
2024,Fevereiro,Finlândia,33778318
2024,Fevereiro,França,185619240
2024,Fevereiro,Gabão,4248067
2024,Fevereiro,Gana,22827185
2024,Fevereiro,Geórgia,25908017
2024,Fevereiro,Geórgia do Sul e Sandwich do Sul Ilhas,4940
2024,Fevereiro,Gibraltar,1635112
2024,Fevereiro,Granada,1093143
2024,Fevereiro,Grécia,17057787
2024,Fevereiro,Guadalupe,398128
2024,Fevereiro,Guam,6676
2024,Fevereiro,Guatemala,27256062
2024,Fevereiro,Guiana,34734025
2024,Fevereiro,Guiana Francesa,229138
2024,Fevereiro,Guiné,11729163
2024,Fevereiro,Guiné Equatorial,2393595
2024,Fevereiro,Guiné-Bissau,112416
2024,Fevereiro,Gâmbia,22730187
2024,Fevereiro,Haiti,4065461
2024,Fevereiro,Heard e ilhas mcdonald Ilha,60
2024,Fevereiro,Honduras,11099704
2024,Fevereiro,Hong Kong,112773379
2024,Fevereiro,Hungria,4212511
2024,Fevereiro,Ilha de Man,1769539
2024,Fevereiro,Indonésia,433384056
2024,Fevereiro,Iraque,116899824
2024,Fevereiro,Irlanda,14237395
2024,Fevereiro,Irã,181886921
2024,Fevereiro,Islândia,11858352
2024,Fevereiro,Israel,96653907
2024,Fevereiro,Itália,339209009
2024,Fevereiro,Iêmen,32507139
2024,Fevereiro,Jamaica,5151744
2024,Fevereiro,Japão,277504860
2024,Fevereiro,Jordânia,25484230
2024,Fevereiro,Laos,3254977
2024,Fevereiro,Letônia,2812730
2024,Fevereiro,Libéria,32636764
2024,Fevereiro,Liechtenstein,1460103
2024,Fevereiro,Lituânia,3597423
2024,Fevereiro,Luxemburgo,5127314
2024,Fevereiro,Líbano,30353253
2024,Fevereiro,Líbia,67374953
2024,Fevereiro,Macau,116460
2024,Fevereiro,Macedônia,2362577
2024,Fevereiro,Madagascar,4146699
2024,Fevereiro,Malavi,82762
2024,Fevereiro,Maldivas,2489663
2024,Fevereiro,Mali,37572
2024,Fevereiro,Malta,10581417
2024,Fevereiro,Malásia,463048714
2024,Fevereiro,Marrocos,80325879
2024,Fevereiro,Marshall Ilhas,28675654
2024,Fevereiro,Martinica,483979
2024,Fevereiro,Mauritânia,10840670
2024,Fevereiro,Maurício,1008084
2024,Fevereiro,Mayotte,192565
2024,Fevereiro,Mianmar,953065
2024,Fevereiro,Micronésia,415
2024,Fevereiro,Moldávia,170290
2024,Fevereiro,Mongólia,777873
2024,Fevereiro,Montenegro,1544534
2024,Fevereiro,Montserrat,13750
2024,Fevereiro,Moçambique,2007149
2024,Fevereiro,México,551637220
2024,Fevereiro,Mônaco,305019
2024,Fevereiro,Namíbia,255725
2024,Fevereiro,Nauru,51718
2024,Fevereiro,Nepal,261028
2024,Fevereiro,Nicarágua,16769120
2024,Fevereiro,Nigéria,119411410
2024,Fevereiro,Niue,39926
2024,Fevereiro,Noruega,63217699
2024,Fevereiro,Nova Caledônia,536328
2024,Fevereiro,Nova Zelândia,8851482
2024,Fevereiro,Omã,167339401
2024,Fevereiro,Pacífico Ilhas do (EUA),11064
2024,Fevereiro,Palau,412883
2024,Fevereiro,Palestina,3190673
2024,Fevereiro,Panamá,101831427
2024,Fevereiro,Papua Nova Guiné,929241
2024,Fevereiro,Paquistão,26138176
2024,Fevereiro,Paraguai,259253618
2024,Fevereiro,Países Baixos (Holanda),648598427
2024,Fevereiro,Peru,170575926
2024,Fevereiro,Pitcairn,3375
2024,Fevereiro,Polinésia Francesa,678948
2024,Fevereiro,Polônia,65497267
2024,Fevereiro,Porto Rico,13712608
2024,Fevereiro,Portugal,162206548
2024,Fevereiro,Quirguistão,27453
2024,Fevereiro,Quênia,17348481
2024,Fevereiro,Reino Unido,256133102
2024,Fevereiro,República Centro-Africana,123828
2024,Fevereiro,República Dominicana,77286102
2024,Fevereiro,Reunião,342832
2024,Fevereiro,Romênia,15710390
2024,Fevereiro,Ruanda,481698
2024,Fevereiro,Rússia,41285225
2024,Fevereiro,Samoa,158775
2024,Fevereiro,Samoa Americana,29721
2024,Fevereiro,Santa Lúcia,239609
2024,Fevereiro,Seicheles,605181
2024,Fevereiro,Senegal,49709372
2024,Fevereiro,Serra Leoa,3320393
2024,Fevereiro,Singapura,329407035
2024,Fevereiro,Sint Maarten,830348
2024,Fevereiro,Somália,18404542
2024,Fevereiro,Sri Lanka,1681753
2024,Fevereiro,Suazilândia,45360
2024,Fevereiro,Sudão,572757
2024,Fevereiro,Sudão do Sul,328108
2024,Fevereiro,Suriname,3806294
2024,Fevereiro,Suécia,32043279
2024,Fevereiro,Suíça,85315269
2024,Fevereiro,São Bartolomeu,4080
2024,Fevereiro,São Cristóvão e Névis,300875
2024,Fevereiro,São Martinho Ilha de (parte francesa),165192
2024,Fevereiro,São Tomé e Príncipe,400607
2024,Fevereiro,São Vicente e Granadinas,68502
2024,Fevereiro,Sérvia,4725352
2024,Fevereiro,Síria,1316080
2024,Fevereiro,Tailândia,146893692
2024,Fevereiro,Taiwan (Formosa),117381838
2024,Fevereiro,Tanzânia,8158352
2024,Fevereiro,Tcheca República,6056619
2024,Fevereiro,Terras Austrais Francesas,19
2024,Fevereiro,Timor Leste,602513
2024,Fevereiro,Togo,13691087
2024,Fevereiro,Tonga,915893
2024,Fevereiro,Trinidad e Tobago,57433979
2024,Fevereiro,Tunísia,37172600
2024,Fevereiro,Turcas e Caicos Ilhas,63375
2024,Fevereiro,Turcomenistão,8920
2024,Fevereiro,Turquia,295133235
2024,Fevereiro,Ucrânia,3962943
2024,Fevereiro,Uganda,518964
2024,Fevereiro,Uruguai,194322690
2024,Fevereiro,Uzbequistão,9842235
2024,Fevereiro,Vanuatu,24890
2024,Fevereiro,Venezuela,85735995
2024,Fevereiro,Vietnã,243256728
2024,Fevereiro,Virgens Ilhas (Americanas),2569
2024,Fevereiro,Virgens Ilhas (Britânicas),70796
2024,Fevereiro,Zimbábue,72158
2024,Fevereiro,Zâmbia,470001
2024,Fevereiro,África do Sul,71029367
2024,Fevereiro,Áustria,8526879
2024,Fevereiro,Índia,458249965
2024,Janeiro,Afeganistão,538307
2024,Janeiro,Albânia,6286285
2024,Janeiro,Alemanha,433302718
2024,Janeiro,Angola,52773768
2024,Janeiro,Anguilla,45780
2024,Janeiro,Antígua e Barbuda,2283089
2024,Janeiro,Argentina,767619081
2024,Janeiro,Argélia,226294317
2024,Janeiro,Armênia,7900
2024,Janeiro,Aruba,3657473
2024,Janeiro,Arábia Saudita,306480328
2024,Janeiro,Austrália,51674124
2024,Janeiro,Azerbaijão,653698
2024,Janeiro,Bahamas,9126565
2024,Janeiro,Bangladesh,182487543
2024,Janeiro,Barbados,3710048
2024,Janeiro,Barein,49544830
2024,Janeiro,Belarus,522146
2024,Janeiro,Belize,849135
2024,Janeiro,Benin,5214914
2024,Janeiro,Bermudas,1568857
2024,Janeiro,Bolívia,114088763
2024,Janeiro,Bonaire Saint Eustatius e Saba,248116
2024,Janeiro,Brasil,23530649
2024,Janeiro,Brunei,165750
2024,Janeiro,Bulgária,25614616
2024,Janeiro,Burkina Faso,8726076
2024,Janeiro,Butão,102609
2024,Janeiro,Bélgica,229702645
2024,Janeiro,Bósnia-Herzegovina,7748
2024,Janeiro,Cabo Verde,4799470
2024,Janeiro,Camarões,13061362
2024,Janeiro,Camboja,1893730
2024,Janeiro,Canadá,467959080
2024,Janeiro,Catar,21235261
2024,Janeiro,Cayman Ilhas,73051218
2024,Janeiro,Cazaquistão,3522617
2024,Janeiro,Chade,381310
2024,Janeiro,Chile,554548007
2024,Janeiro,China,7812623070
2024,Janeiro,Chipre,6422649
2024,Janeiro,Cocos (Keeling) Ilhas,49568
2024,Janeiro,Colômbia,260322633
2024,Janeiro,Comores,1342407
2024,Janeiro,Congo,11193678
2024,Janeiro,Congo República Democrática,17249846
2024,Janeiro,Cook Ilhas,1016667
2024,Janeiro,Coreia do Sul,331959366
2024,Janeiro,Costa Rica,46651964
2024,Janeiro,Costa do Marfim,24406449
2024,Janeiro,Coveite (Kuweit),22349773
2024,Janeiro,Croácia,5203396
2024,Janeiro,Cuba,23639435
2024,Janeiro,Curaçao,3432660
2024,Janeiro,Dinamarca,55335351
2024,Janeiro,Djibuti,5101759
2024,Janeiro,Dominica,552763
2024,Janeiro,Egito,291589700
2024,Janeiro,El Salvador,16006343
2024,Janeiro,Emirados Árabes Unidos,372131937
2024,Janeiro,Equador,85686844
2024,Janeiro,Eslováquia,1871149
2024,Janeiro,Eslovênia,34588404
2024,Janeiro,Espanha,440549790
2024,Janeiro,Estados Unidos,3357943902
2024,Janeiro,Estônia,7435858
2024,Janeiro,Etiópia,2240754
2024,Janeiro,Faroe Ilhas,32222
2024,Janeiro,Fiji,176337
2024,Janeiro,Filipinas,168168354
2024,Janeiro,Finlândia,12487768
2024,Janeiro,França,263160510
2024,Janeiro,Gabão,4333661
2024,Janeiro,Gana,23362499
2024,Janeiro,Geórgia,7246804
2024,Janeiro,Geórgia do Sul e Sandwich do Sul Ilhas,12150
2024,Janeiro,Gibraltar,135072
2024,Janeiro,Granada,1304307
2024,Janeiro,Grécia,13655439
2024,Janeiro,Guadalupe,580703
2024,Janeiro,Guam,3068
2024,Janeiro,Guatemala,47477099
2024,Janeiro,Guiana,19361565
2024,Janeiro,Guiana Francesa,263277
2024,Janeiro,Guiné,18191960
2024,Janeiro,Guiné Equatorial,1766195
2024,Janeiro,Guiné-Bissau,171160
2024,Janeiro,Gâmbia,16990571
2024,Janeiro,Haiti,7236776
2024,Janeiro,Honduras,26902836
2024,Janeiro,Hong Kong,117898565
2024,Janeiro,Hungria,5758580
2024,Janeiro,Ilha de Man,2649326
2024,Janeiro,Indonésia,368227698
2024,Janeiro,Iraque,160969881
2024,Janeiro,Irlanda,8523824
2024,Janeiro,Irã,258285654
2024,Janeiro,Islândia,12320567
2024,Janeiro,Israel,115943357
2024,Janeiro,Itália,237328163
2024,Janeiro,Iêmen,52704952
2024,Janeiro,Jamaica,75720042
2024,Janeiro,Japão,565812254
2024,Janeiro,Jordânia,36597835
2024,Janeiro,Laos,789942
2024,Janeiro,Letônia,12562143
2024,Janeiro,Libéria,30924664
2024,Janeiro,Liechtenstein,920522
2024,Janeiro,Lituânia,2776487
2024,Janeiro,Luxemburgo,2533586
2024,Janeiro,Líbano,14191298
2024,Janeiro,Líbia,49241864
2024,Janeiro,Macau,78863
2024,Janeiro,Macedônia,1069856
2024,Janeiro,Madagascar,526485
2024,Janeiro,Malavi,345565
2024,Janeiro,Maldivas,1707521
2024,Janeiro,Mali,213443
2024,Janeiro,Malta,11591832
2024,Janeiro,Malásia,303047058
2024,Janeiro,Marrocos,123896842
2024,Janeiro,Marshall Ilhas,27921096
2024,Janeiro,Martinica,522941
2024,Janeiro,Mauritânia,49153039
2024,Janeiro,Maurício,1932960
2024,Janeiro,Mayotte,891271
2024,Janeiro,Mianmar,1044240
2024,Janeiro,Micronésia,83939
2024,Janeiro,Moldávia,112987
2024,Janeiro,Mongólia,157519
2024,Janeiro,Montenegro,2881640
2024,Janeiro,Montserrat,31351
2024,Janeiro,Moçambique,2610388
2024,Janeiro,México,491555518
2024,Janeiro,Mônaco,36435
2024,Janeiro,Namíbia,27220
2024,Janeiro,Nepal,231282
2024,Janeiro,Nicarágua,7260284
2024,Janeiro,Nigéria,116039208
2024,Janeiro,Norfolk Ilha,61485
2024,Janeiro,Noruega,128338402
2024,Janeiro,Nova Caledônia,820820
2024,Janeiro,Nova Zelândia,10084013
2024,Janeiro,Níger,99
2024,Janeiro,Omã,49760703
2024,Janeiro,Pacífico Ilhas do (EUA),9606
2024,Janeiro,Palau,619606
2024,Janeiro,Palestina,1566506
2024,Janeiro,Panamá,86325410
2024,Janeiro,Papua Nova Guiné,237478
2024,Janeiro,Paquistão,23916896
2024,Janeiro,Paraguai,270520550
2024,Janeiro,Países Baixos (Holanda),872736853
2024,Janeiro,Peru,190080610
2024,Janeiro,Polinésia Francesa,466031
2024,Janeiro,Polônia,116312358
2024,Janeiro,Porto Rico,16696220
2024,Janeiro,Portugal,232420232
2024,Janeiro,Quirguistão,5955
2024,Janeiro,Quênia,13211863
2024,Janeiro,Reino Unido,226172376
2024,Janeiro,República Centro-Africana,292445
2024,Janeiro,República Dominicana,118290922
2024,Janeiro,Reunião,715596
2024,Janeiro,Romênia,7055237
2024,Janeiro,Ruanda,7307
2024,Janeiro,Rússia,68341505
2024,Janeiro,Salomão Ilhas,18695
2024,Janeiro,Samoa,229070
2024,Janeiro,Samoa Americana,30028
2024,Janeiro,San Marino,73430
2024,Janeiro,Santa Lúcia,151490
2024,Janeiro,Seicheles,838145
2024,Janeiro,Senegal,46975925
2024,Janeiro,Serra Leoa,2893060
2024,Janeiro,Singapura,1078782340
2024,Janeiro,Sint Maarten,2218269
2024,Janeiro,Somália,11607900
2024,Janeiro,Sri Lanka,5234175
2024,Janeiro,Sudão,8070920
2024,Janeiro,Sudão do Sul,226635
2024,Janeiro,Suriname,3393966
2024,Janeiro,Suécia,46370953
2024,Janeiro,Suíça,97438260
2024,Janeiro,São Bartolomeu,393642
2024,Janeiro,São Cristóvão e Névis,495122
2024,Janeiro,São Martinho Ilha de (parte francesa),46689
2024,Janeiro,São Tomé e Príncipe,338415
2024,Janeiro,São Vicente e Granadinas,1825426
2024,Janeiro,Sérvia,2609028
2024,Janeiro,Síria,1784816
2024,Janeiro,Tadjiquistão,35020
2024,Janeiro,Tailândia,299039975
2024,Janeiro,Taiwan (Formosa),227175976
2024,Janeiro,Tanzânia,6256776
2024,Janeiro,Tcheca República,8063956
2024,Janeiro,Terras Austrais Francesas,7574
2024,Janeiro,Timor Leste,673510
2024,Janeiro,Togo,44214716
2024,Janeiro,Tonga,54035
2024,Janeiro,Trinidad e Tobago,30900401
2024,Janeiro,Tunísia,13852337
2024,Janeiro,Turcas e Caicos Ilhas,186723
2024,Janeiro,Turcomenistão,12628
2024,Janeiro,Turquia,176192769
2024,Janeiro,Ucrânia,7305187
2024,Janeiro,Uganda,845433
2024,Janeiro,Uruguai,200120717
2024,Janeiro,Uzbequistão,9522498
2024,Janeiro,Vanuatu,196918
2024,Janeiro,Venezuela,89774271
2024,Janeiro,Vietnã,464053548
2024,Janeiro,Virgens Ilhas (Americanas),1104
2024,Janeiro,Virgens Ilhas (Britânicas),61086
2024,Janeiro,Zimbábue,614874
2024,Janeiro,Zâmbia,512503
2024,Janeiro,África do Sul,131902056
2024,Janeiro,Áustria,5759753
2024,Janeiro,Índia,441355158
2023,Dezembro,Afeganistão,59926
2023,Dezembro,Albânia,9396231
2023,Dezembro,Alemanha,423366987
2023,Dezembro,Andorra,37225
2023,Dezembro,Angola,39061966
2023,Dezembro,Anguilla,101280
2023,Dezembro,Antígua e Barbuda,3118362
2023,Dezembro,Argentina,833533777
2023,Dezembro,Argélia,232669710
2023,Dezembro,Armênia,522545
2023,Dezembro,Aruba,3102859
2023,Dezembro,Arábia Saudita,259484277
2023,Dezembro,Austrália,57985401
2023,Dezembro,Azerbaijão,3009414
2023,Dezembro,Bahamas,12571477
2023,Dezembro,Bangladesh,201703452
2023,Dezembro,Barbados,1639243
2023,Dezembro,Barein,72198900
2023,Dezembro,Belarus,1068331
2023,Dezembro,Belize,1451780
2023,Dezembro,Benin,4989787
2023,Dezembro,Bermudas,396049
2023,Dezembro,Bolívia,158793088
2023,Dezembro,Bonaire Saint Eustatius e Saba,391002
2023,Dezembro,Botsuana,9384
2023,Dezembro,Brasil,97851698
2023,Dezembro,Brunei,32073
2023,Dezembro,Bulgária,78371606
2023,Dezembro,Burkina Faso,116451
2023,Dezembro,Burundi,500
2023,Dezembro,Butão,251581
2023,Dezembro,Bélgica,318978146
2023,Dezembro,Bósnia-Herzegovina,36061
2023,Dezembro,Cabo Verde,2330524
2023,Dezembro,Camarões,24663879
2023,Dezembro,Camboja,2904917
2023,Dezembro,Canadá,587207412
2023,Dezembro,Catar,54296690
2023,Dezembro,Cayman Ilhas,713659
2023,Dezembro,Cazaquistão,2359904
2023,Dezembro,Chade,619250
2023,Dezembro,Chile,602060863
2023,Dezembro,China,8805757742
2023,Dezembro,Chipre,7048063
2023,Dezembro,Colômbia,261929958
2023,Dezembro,Comores,793040
2023,Dezembro,Congo,4172509
2023,Dezembro,Congo República Democrática,18640618
2023,Dezembro,Cook Ilhas,14599
2023,Dezembro,Coreia do Sul,591915732
2023,Dezembro,Costa Rica,65125534
2023,Dezembro,Costa do Marfim,21662372
2023,Dezembro,Coveite (Kuweit),19807992
2023,Dezembro,Croácia,2692894
2023,Dezembro,Cuba,23669094
2023,Dezembro,Curaçao,3065227
2023,Dezembro,Dinamarca,51566673
2023,Dezembro,Djibuti,13386836
2023,Dezembro,Dominica,286227
2023,Dezembro,Egito,240258767
2023,Dezembro,El Salvador,15120070
2023,Dezembro,Emirados Árabes Unidos,380454691
2023,Dezembro,Equador,80887051
2023,Dezembro,Eritreia,13299
2023,Dezembro,Eslováquia,1176352
2023,Dezembro,Eslovênia,23651673
2023,Dezembro,Espanha,761144993
2023,Dezembro,Estados Unidos,3452529457
2023,Dezembro,Estônia,4153489
2023,Dezembro,Etiópia,1856429
2023,Dezembro,Faroe Ilhas,6984
2023,Dezembro,Fiji,44476
2023,Dezembro,Filipinas,248141072
2023,Dezembro,Finlândia,16402653
2023,Dezembro,França,303982025
2023,Dezembro,Gabão,3591253
2023,Dezembro,Gana,37223790
2023,Dezembro,Geórgia,12028717
2023,Dezembro,Gibraltar,11874
2023,Dezembro,Granada,1526424
2023,Dezembro,Grécia,27180794
2023,Dezembro,Guadalupe,653341
2023,Dezembro,Guatemala,39806054
2023,Dezembro,Guiana,36138243
2023,Dezembro,Guiana Francesa,422971
2023,Dezembro,Guiné,15935749
2023,Dezembro,Guiné Equatorial,2037314
2023,Dezembro,Guiné-Bissau,330371
2023,Dezembro,Gâmbia,2205891
2023,Dezembro,Haiti,7360211
2023,Dezembro,Honduras,17718230
2023,Dezembro,Hong Kong,152762220
2023,Dezembro,Hungria,7487314
2023,Dezembro,Ilha de Man,1893462
2023,Dezembro,Indonésia,323770063
2023,Dezembro,Iraque,90546844
2023,Dezembro,Irlanda,8418386
2023,Dezembro,Irã,288512069
2023,Dezembro,Islândia,22135694
2023,Dezembro,Israel,34669110
2023,Dezembro,Itália,338982021
2023,Dezembro,Iêmen,96104334
2023,Dezembro,Jamaica,6016634
2023,Dezembro,Japão,606160476
2023,Dezembro,Jordânia,52507020
2023,Dezembro,Laos,2217183
2023,Dezembro,Letônia,2620185
2023,Dezembro,Libéria,39484234
2023,Dezembro,Liechtenstein,1141221
2023,Dezembro,Lituânia,2711978
2023,Dezembro,Luxemburgo,2448306
2023,Dezembro,Líbano,33152208
2023,Dezembro,Líbia,66717185
2023,Dezembro,Macau,102298
2023,Dezembro,Macedônia,1367754
2023,Dezembro,Madagascar,4399619
2023,Dezembro,Malavi,246863
2023,Dezembro,Maldivas,3026763
2023,Dezembro,Mali,219558
2023,Dezembro,Malta,15914707
2023,Dezembro,Malásia,419593115
2023,Dezembro,Marrocos,140949904
2023,Dezembro,Marshall Ilhas,27736125
2023,Dezembro,Martinica,1015289
2023,Dezembro,Mauritânia,32789120
2023,Dezembro,Maurício,19273144
2023,Dezembro,Mayotte,649010
2023,Dezembro,Mianmar,13094161
2023,Dezembro,Moldávia,276597
2023,Dezembro,Mongólia,13922
2023,Dezembro,Montenegro,1834754
2023,Dezembro,Moçambique,1906658
2023,Dezembro,México,509349611
2023,Dezembro,Mônaco,18954
2023,Dezembro,Namíbia,589550
2023,Dezembro,Nepal,18444
2023,Dezembro,Nicarágua,18456888
2023,Dezembro,Nigéria,57466131
2023,Dezembro,Noruega,103140156
2023,Dezembro,Nova Caledônia,624700
2023,Dezembro,Nova Zelândia,20818579
2023,Dezembro,Níger,59258
2023,Dezembro,Omã,120001787
2023,Dezembro,Pacífico Ilhas do (EUA),241773
2023,Dezembro,Palau,369953
2023,Dezembro,Palestina,3310610
2023,Dezembro,Panamá,104228241
2023,Dezembro,Papua Nova Guiné,394
2023,Dezembro,Paquistão,30371817
2023,Dezembro,Paraguai,333133930
2023,Dezembro,Países Baixos (Holanda),923896468
2023,Dezembro,Peru,193942302
2023,Dezembro,Polinésia Francesa,374144
2023,Dezembro,Polônia,119214872
2023,Dezembro,Porto Rico,23481494
2023,Dezembro,Portugal,345334001
2023,Dezembro,Quirguistão,8322
2023,Dezembro,Quênia,11822650
2023,Dezembro,Reino Unido,253220988
2023,Dezembro,República Centro-Africana,618092
2023,Dezembro,República Dominicana,77255146
2023,Dezembro,Reunião,357774
2023,Dezembro,Romênia,97237928
2023,Dezembro,Ruanda,17430
2023,Dezembro,Rússia,63139159
2023,Dezembro,Samoa Americana,22980
2023,Dezembro,San Marino,17048
2023,Dezembro,Santa Lúcia,274113
2023,Dezembro,Seicheles,1139517
2023,Dezembro,Senegal,11803120
2023,Dezembro,Serra Leoa,2047565
2023,Dezembro,Singapura,437400470
2023,Dezembro,Sint Maarten,1272802
2023,Dezembro,Somália,22061535
2023,Dezembro,Sri Lanka,4604163
2023,Dezembro,Sudão,7990374
2023,Dezembro,Sudão do Sul,371844
2023,Dezembro,Suriname,3850202
2023,Dezembro,Suécia,101466111
2023,Dezembro,Suíça,77561372
2023,Dezembro,São Bartolomeu,28335
2023,Dezembro,São Cristóvão e Névis,301249
2023,Dezembro,São Martinho Ilha de (parte francesa),74082
2023,Dezembro,São Tomé e Príncipe,359135
2023,Dezembro,São Vicente e Granadinas,1000589
2023,Dezembro,Sérvia,2096670
2023,Dezembro,Síria,1354273
2023,Dezembro,Tadjiquistão,230
2023,Dezembro,Tailândia,192824112
2023,Dezembro,Taiwan (Formosa),157176860
2023,Dezembro,Tanzânia,2782241
2023,Dezembro,Tcheca República,5618179
2023,Dezembro,Terras Austrais Francesas,7613
2023,Dezembro,Timor Leste,1231477
2023,Dezembro,Togo,21316841
2023,Dezembro,Tonga,599743
2023,Dezembro,Trinidad e Tobago,32483772
2023,Dezembro,Tunísia,9087388
2023,Dezembro,Turcas e Caicos Ilhas,343718
2023,Dezembro,Turcomenistão,24206
2023,Dezembro,Turquia,263073801
2023,Dezembro,Ucrânia,2191804
2023,Dezembro,Uganda,344696
2023,Dezembro,Uruguai,259818064
2023,Dezembro,Uzbequistão,12197801
2023,Dezembro,Vanuatu,141652
2023,Dezembro,Venezuela,96348962
2023,Dezembro,Vietnã,403207612
2023,Dezembro,Virgens Ilhas (Americanas),9468689
2023,Dezembro,Virgens Ilhas (Britânicas),278131
2023,Dezembro,Zimbábue,2586948
2023,Dezembro,Zâmbia,737858
2023,Dezembro,África do Sul,139272243
2023,Dezembro,Áustria,10385873
2023,Dezembro,Índia,489601963
2023,Novembro,Afeganistão,314458
2023,Novembro,Albânia,8289113
2023,Novembro,Alemanha,426541385
2023,Novembro,Angola,33176039
2023,Novembro,Anguilla,55711
2023,Novembro,Antígua e Barbuda,1718643
2023,Novembro,Argentina,973457713
2023,Novembro,Argélia,178289546
2023,Novembro,Armênia,697784
2023,Novembro,Aruba,1609671
2023,Novembro,Arábia Saudita,298307791
2023,Novembro,Austrália,53630022
2023,Novembro,Azerbaijão,1212026
2023,Novembro,Bahamas,16565912
2023,Novembro,Bangladesh,156895898
2023,Novembro,Barbados,2099135
2023,Novembro,Barein,88312663
2023,Novembro,Belarus,497421
2023,Novembro,Belize,949053
2023,Novembro,Benin,4034237
2023,Novembro,Bermudas,408088
2023,Novembro,Bolívia,148242330
2023,Novembro,Bonaire Saint Eustatius e Saba,444391
2023,Novembro,Botsuana,62721
2023,Novembro,Brasil,625083
2023,Novembro,Brunei,131986
2023,Novembro,Bulgária,1050759
2023,Novembro,Burkina Faso,364276
2023,Novembro,Burundi,3546
2023,Novembro,Butão,64748
2023,Novembro,Bélgica,233605356
2023,Novembro,Bósnia-Herzegovina,103787
2023,Novembro,Cabo Verde,3743920
2023,Novembro,Camarões,13254148
2023,Novembro,Camboja,2515938
2023,Novembro,Canadá,472550579
2023,Novembro,Catar,43856386
2023,Novembro,Cayman Ilhas,561824
2023,Novembro,Cazaquistão,4098050
2023,Novembro,Chade,640543
2023,Novembro,Chile,621405931
2023,Novembro,China,8873084945
2023,Novembro,Chipre,8953032
2023,Novembro,Cocos (Keeling) Ilhas,44622
2023,Novembro,Colômbia,228686465
2023,Novembro,Comores,350153
2023,Novembro,Congo,5646730
2023,Novembro,Congo República Democrática,34715264
2023,Novembro,Cook Ilhas,397061
2023,Novembro,Coreia do Sul,384695118
2023,Novembro,Costa Rica,42660052
2023,Novembro,Costa do Marfim,32953638
2023,Novembro,Coveite (Kuweit),27959708
2023,Novembro,Croácia,4544951
2023,Novembro,Cuba,30208719
2023,Novembro,Curaçao,3361304
2023,Novembro,Dinamarca,63544477
2023,Novembro,Djibuti,21012434
2023,Novembro,Dominica,398374
2023,Novembro,Egito,189627984
2023,Novembro,El Salvador,18802273
2023,Novembro,Emirados Árabes Unidos,251968907
2023,Novembro,Equador,83039537
2023,Novembro,Eritreia,8173
2023,Novembro,Eslováquia,2182485
2023,Novembro,Eslovênia,26064187
2023,Novembro,Espanha,347965331
2023,Novembro,Estados Unidos,3402590719
2023,Novembro,Estônia,5824582
2023,Novembro,Etiópia,2542009
2023,Novembro,Falkland (Malvinas),1959
2023,Novembro,Faroe Ilhas,16891
2023,Novembro,Fiji,101426
2023,Novembro,Filipinas,74122337
2023,Novembro,Finlândia,71957187
2023,Novembro,França,231137713
2023,Novembro,Gabão,4711877
2023,Novembro,Gana,28343040
2023,Novembro,Geórgia,11079865
2023,Novembro,Gibraltar,251402
2023,Novembro,Granada,1647307
2023,Novembro,Grécia,20937726
2023,Novembro,Guadalupe,1002800
2023,Novembro,Guam,80997
2023,Novembro,Guatemala,64565856
2023,Novembro,Guiana,23604503
2023,Novembro,Guiana Francesa,650613
2023,Novembro,Guiné,17926361
2023,Novembro,Guiné Equatorial,1951051
2023,Novembro,Guiné-Bissau,156455
2023,Novembro,Gâmbia,9108949
2023,Novembro,Haiti,8681844
2023,Novembro,Honduras,17263806
2023,Novembro,Hong Kong,139827940
2023,Novembro,Hungria,6909280
2023,Novembro,Ilha de Man,4687867
2023,Novembro,Indonésia,790326773
2023,Novembro,Iraque,100559936
2023,Novembro,Irlanda,9804681
2023,Novembro,Irã,211568272
2023,Novembro,Islândia,12356078
2023,Novembro,Israel,32926574
2023,Novembro,Itália,337978840
2023,Novembro,Iêmen,61696342
2023,Novembro,Jamaica,12386663
2023,Novembro,Japão,515967115
2023,Novembro,Jordânia,40443492
2023,Novembro,Laos,3836811
2023,Novembro,Lesoto,1514
2023,Novembro,Letônia,4729575
2023,Novembro,Libéria,32261933
2023,Novembro,Liechtenstein,1441313
2023,Novembro,Lituânia,3037358
2023,Novembro,Luxemburgo,2711992
2023,Novembro,Líbano,30515598
2023,Novembro,Líbia,45720271
2023,Novembro,Macau,103406
2023,Novembro,Macedônia,650518
2023,Novembro,Madagascar,6896177
2023,Novembro,Malavi,318279
2023,Novembro,Maldivas,2731939
2023,Novembro,Mali,96536
2023,Novembro,Malta,10705068
2023,Novembro,Malásia,388981366
2023,Novembro,Marrocos,108264002
2023,Novembro,Marshall Ilhas,33223659
2023,Novembro,Martinica,891956
2023,Novembro,Mauritânia,9249642
2023,Novembro,Maurício,1586229
2023,Novembro,Mayotte,342617
2023,Novembro,Mianmar,3873169
2023,Novembro,Moldávia,275711
2023,Novembro,Mongólia,275375
2023,Novembro,Montenegro,1589797
2023,Novembro,Montserrat,38802
2023,Novembro,Moçambique,2063186
2023,Novembro,México,671185772
2023,Novembro,Mônaco,316367
2023,Novembro,Namíbia,1583482
2023,Novembro,Nepal,245948
2023,Novembro,Nicarágua,18941983
2023,Novembro,Nigéria,88877311
2023,Novembro,Noruega,91386610
2023,Novembro,Nova Caledônia,1359159
2023,Novembro,Nova Zelândia,4216347
2023,Novembro,Níger,64299
2023,Novembro,Omã,87500219
2023,Novembro,Pacífico Ilhas do (EUA),19239
2023,Novembro,Palau,297981
2023,Novembro,Palestina,1432138
2023,Novembro,Panamá,64080494
2023,Novembro,Papua Nova Guiné,56610
2023,Novembro,Paquistão,26090106
2023,Novembro,Paraguai,327534800
2023,Novembro,Países Baixos (Holanda),1449862939
2023,Novembro,Peru,260738865
2023,Novembro,Polinésia Francesa,564679
2023,Novembro,Polônia,223490629
2023,Novembro,Porto Rico,17867280
2023,Novembro,Portugal,233868759
2023,Novembro,Quirguistão,85897
2023,Novembro,Quênia,20284694
2023,Novembro,Reino Unido,209713657
2023,Novembro,República Centro-Africana,830576
2023,Novembro,República Dominicana,84224224
2023,Novembro,Reunião,492542
2023,Novembro,Romênia,19857263
2023,Novembro,Ruanda,227063
2023,Novembro,Rússia,75805102
2023,Novembro,Saara Ocidental,5560
2023,Novembro,Samoa,77713
2023,Novembro,Samoa Americana,16815
2023,Novembro,San Marino,4952
2023,Novembro,Santa Lúcia,320965
2023,Novembro,Seicheles,1027128
2023,Novembro,Senegal,60132761
2023,Novembro,Serra Leoa,2494960
2023,Novembro,Singapura,317472344
2023,Novembro,Sint Maarten,767607
2023,Novembro,Somália,21477214
2023,Novembro,Sri Lanka,5827424
2023,Novembro,Sudão,746623
2023,Novembro,Sudão do Sul,382950
2023,Novembro,Suriname,2992025
2023,Novembro,Suécia,81844343
2023,Novembro,Suíça,104057528
2023,Novembro,São Bartolomeu,165421
2023,Novembro,São Cristóvão e Névis,629097
2023,Novembro,São Martinho Ilha de (parte francesa),59400
2023,Novembro,São Tomé e Príncipe,127538
2023,Novembro,São Vicente e Granadinas,262955
2023,Novembro,Sérvia,1635719
2023,Novembro,Síria,1092497
2023,Novembro,Tadjiquistão,110550
2023,Novembro,Tailândia,167691599
2023,Novembro,Taiwan (Formosa),184990737
2023,Novembro,Tanzânia,5185808
2023,Novembro,Tcheca República,6123279
2023,Novembro,Terras Austrais Francesas,12312
2023,Novembro,Timor Leste,1360026
2023,Novembro,Togo,18182803
2023,Novembro,Tonga,251418
2023,Novembro,Toquelau,6587
2023,Novembro,Trinidad e Tobago,32833853
2023,Novembro,Tunísia,14547344
2023,Novembro,Turcas e Caicos Ilhas,397938
2023,Novembro,Turcomenistão,13623
2023,Novembro,Turquia,212861977
2023,Novembro,Ucrânia,3001433
2023,Novembro,Uganda,1065571
2023,Novembro,Uruguai,226822002
2023,Novembro,Uzbequistão,8947353
2023,Novembro,Vanuatu,115614
2023,Novembro,Venezuela,71178272
2023,Novembro,Vietnã,444903468
2023,Novembro,Virgens Ilhas (Americanas),130850
2023,Novembro,Virgens Ilhas (Britânicas),1233152
2023,Novembro,Zimbábue,2836389
2023,Novembro,Zâmbia,282341
2023,Novembro,África do Sul,90005653
2023,Novembro,Áustria,6200735
2023,Novembro,Índia,346721497
2023,Outubro,Afeganistão,726956
2023,Outubro,Albânia,7633122
2023,Outubro,Alemanha,512325697
2023,Outubro,Andorra,4782
2023,Outubro,Angola,24870515
2023,Outubro,Anguilla,107010
2023,Outubro,Antígua e Barbuda,2247718
2023,Outubro,Argentina,1266341857
2023,Outubro,Argélia,239181982
2023,Outubro,Armênia,1591983
2023,Outubro,Aruba,4570916
2023,Outubro,Arábia Saudita,232469876
2023,Outubro,Austrália,68004970
2023,Outubro,Azerbaijão,1452772
2023,Outubro,Bahamas,13911389
2023,Outubro,Bangladesh,64110521
2023,Outubro,Barbados,1400568
2023,Outubro,Barein,104930577
2023,Outubro,Belarus,976249
2023,Outubro,Belize,412347
2023,Outubro,Benin,3486841
2023,Outubro,Bermudas,44772
2023,Outubro,Bolívia,175726203
2023,Outubro,Bonaire Saint Eustatius e Saba,70171
2023,Outubro,Botsuana,492450
2023,Outubro,Brasil,80777409
2023,Outubro,Brunei,82789
2023,Outubro,Bulgária,90774311
2023,Outubro,Burkina Faso,280491
2023,Outubro,Burundi,83663
2023,Outubro,Butão,330430
2023,Outubro,Bélgica,272911805
2023,Outubro,Bósnia-Herzegovina,138195
2023,Outubro,Cabo Verde,3803845
2023,Outubro,Camarões,14512369
2023,Outubro,Camboja,2064343
2023,Outubro,Canadá,554975363
2023,Outubro,Catar,18570259
2023,Outubro,Cayman Ilhas,1535439
2023,Outubro,Cazaquistão,2496026
2023,Outubro,Chade,757052
2023,Outubro,Chile,871319875
2023,Outubro,China,9117940634
2023,Outubro,Chipre,6825772
2023,Outubro,Cocos (Keeling) Ilhas,42450
2023,Outubro,Colômbia,290495903
2023,Outubro,Comores,274490
2023,Outubro,Congo,6653510
2023,Outubro,Congo República Democrática,16059100
2023,Outubro,Cook Ilhas,114803
2023,Outubro,Coreia do Norte,97682
2023,Outubro,Coreia do Sul,451465608
2023,Outubro,Costa Rica,59153232
2023,Outubro,Costa do Marfim,26888746
2023,Outubro,Coveite (Kuweit),15266447
2023,Outubro,Croácia,6127851
2023,Outubro,Cuba,12291430
2023,Outubro,Curaçao,3867381
2023,Outubro,Dinamarca,54569154
2023,Outubro,Djibuti,20702624
2023,Outubro,Dominica,272920
2023,Outubro,Egito,217352052
2023,Outubro,El Salvador,24643878
2023,Outubro,Emirados Árabes Unidos,293517319
2023,Outubro,Equador,97144525
2023,Outubro,Eritreia,9762
2023,Outubro,Eslováquia,2827156
2023,Outubro,Eslovênia,41118096
2023,Outubro,Espanha,605356544
2023,Outubro,Estados Unidos,3358001650
2023,Outubro,Estônia,5685120
2023,Outubro,Etiópia,1960145
2023,Outubro,Fiji,158003
2023,Outubro,Filipinas,107929272
2023,Outubro,Finlândia,99648085
2023,Outubro,França,253312797
2023,Outubro,Gabão,5313164
2023,Outubro,Gana,19936030
2023,Outubro,Geórgia,11069017
2023,Outubro,Gibraltar,8417
2023,Outubro,Granada,718831
2023,Outubro,Grécia,30809070
2023,Outubro,Guadalupe,626431
2023,Outubro,Guam,165326
2023,Outubro,Guatemala,59376768
2023,Outubro,Guiana,8422740
2023,Outubro,Guiana Francesa,1003361
2023,Outubro,Guiné,26928837
2023,Outubro,Guiné Equatorial,2594491
2023,Outubro,Guiné-Bissau,3447850
2023,Outubro,Gâmbia,14518326
2023,Outubro,Haiti,6894626
2023,Outubro,Heard e ilhas mcdonald Ilha,593600
2023,Outubro,Honduras,22893661
2023,Outubro,Hong Kong,109262783
2023,Outubro,Hungria,4897454
2023,Outubro,Ilha de Man,1838322
2023,Outubro,Indonésia,398941632
2023,Outubro,Iraque,84019928
2023,Outubro,Irlanda,20717062
2023,Outubro,Irã,289409499
2023,Outubro,Islândia,69
2023,Outubro,Israel,23830907
2023,Outubro,Itália,318026960
2023,Outubro,Iêmen,87416862
2023,Outubro,Jamaica,11518795
2023,Outubro,Japão,538969661
2023,Outubro,Jordânia,44138749
2023,Outubro,Laos,2343076
2023,Outubro,Letônia,4724242
2023,Outubro,Libéria,41479629
2023,Outubro,Liechtenstein,2376730
2023,Outubro,Lituânia,6201685
2023,Outubro,Luxemburgo,2614145
2023,Outubro,Líbano,24749968
2023,Outubro,Líbia,43900960
2023,Outubro,Macau,124294
2023,Outubro,Macedônia,2310384
2023,Outubro,Madagascar,2146951
2023,Outubro,Malavi,345243
2023,Outubro,Maldivas,1923181
2023,Outubro,Mali,198
2023,Outubro,Malta,12692526
2023,Outubro,Malásia,536499416
2023,Outubro,Marrocos,77542361
2023,Outubro,Marshall Ilhas,36173292
2023,Outubro,Martinica,696544
2023,Outubro,Mauritânia,33056694
2023,Outubro,Maurício,1577675
2023,Outubro,Mayotte,631032
2023,Outubro,Mianmar,12903209
2023,Outubro,Micronésia,85824
2023,Outubro,Moldávia,87035
2023,Outubro,Mongólia,143906
2023,Outubro,Montenegro,4792770
2023,Outubro,Moçambique,2345754
2023,Outubro,México,776965212
2023,Outubro,Mônaco,81543
2023,Outubro,Namíbia,35268
2023,Outubro,Nauru,1
2023,Outubro,Nepal,114097
2023,Outubro,Nicarágua,11533147
2023,Outubro,Nigéria,64674932
2023,Outubro,Niue,127724
2023,Outubro,Noruega,143354999
2023,Outubro,Nova Caledônia,845213
2023,Outubro,Nova Zelândia,5562498
2023,Outubro,Níger,81204
2023,Outubro,Omã,78698543
2023,Outubro,Palau,310925
2023,Outubro,Palestina,3785414
2023,Outubro,Panamá,79502001
2023,Outubro,Papua Nova Guiné,109292
2023,Outubro,Paquistão,18501310
2023,Outubro,Paraguai,339302246
2023,Outubro,Países Baixos (Holanda),1281367326
2023,Outubro,Peru,356433257
2023,Outubro,Pitcairn,13450
2023,Outubro,Polinésia Francesa,128363
2023,Outubro,Polônia,92867841
2023,Outubro,Porto Rico,20030171
2023,Outubro,Portugal,272915366
2023,Outubro,Quirguistão,39807
2023,Outubro,Quênia,17559625
2023,Outubro,Reino Unido,348463389
2023,Outubro,República Centro-Africana,158052
2023,Outubro,República Dominicana,119933430
2023,Outubro,Reunião,973341
2023,Outubro,Romênia,12444835
2023,Outubro,Ruanda,103534
2023,Outubro,Rússia,103763868
2023,Outubro,Samoa,60826
2023,Outubro,Samoa Americana,327235
2023,Outubro,Santa Lúcia,198801
2023,Outubro,Seicheles,756908
2023,Outubro,Senegal,42626014
2023,Outubro,Serra Leoa,3015618
2023,Outubro,Singapura,603011619
2023,Outubro,Sint Maarten,1709447
2023,Outubro,Somália,16261951
2023,Outubro,Sri Lanka,4282642
2023,Outubro,Sudão,110896
2023,Outubro,Suriname,4734311
2023,Outubro,Suécia,60194944
2023,Outubro,Suíça,95488751
2023,Outubro,São Bartolomeu,51527
2023,Outubro,São Cristóvão e Névis,303650
2023,Outubro,São Martinho Ilha de (parte francesa),121006
2023,Outubro,São Tomé e Príncipe,200245
2023,Outubro,São Vicente e Granadinas,230604
2023,Outubro,Sérvia,5885889
2023,Outubro,Síria,1012186
2023,Outubro,Tailândia,179592680
2023,Outubro,Taiwan (Formosa),173719202
2023,Outubro,Tanzânia,5951247
2023,Outubro,Tcheca República,9473906
2023,Outubro,Terras Austrais Francesas,7805
2023,Outubro,Timor Leste,758411
2023,Outubro,Togo,8070346
2023,Outubro,Tonga,255735
2023,Outubro,Trinidad e Tobago,7136320
2023,Outubro,Tunísia,33160045
2023,Outubro,Turcomenistão,84905
2023,Outubro,Turquia,239513700
2023,Outubro,Ucrânia,3491402
2023,Outubro,Uganda,576297
2023,Outubro,Uruguai,278005120
2023,Outubro,Uzbequistão,10439016
2023,Outubro,Vanuatu,40877
2023,Outubro,Venezuela,95071932
2023,Outubro,Vietnã,187206137
2023,Outubro,Virgens Ilhas (Americanas),62367820
2023,Outubro,Virgens Ilhas (Britânicas),149724
2023,Outubro,Zimbábue,1045737
2023,Outubro,Zâmbia,575355
2023,Outubro,África do Sul,163429447
2023,Outubro,Áustria,12744904
2023,Outubro,Índia,374574952
2023,Setembro,Afeganistão,565073
2023,Setembro,Albânia,7355990
2023,Setembro,Alemanha,434196245
2023,Setembro,Angola,21086249
2023,Setembro,Anguilla,128
2023,Setembro,Antígua e Barbuda,2758685
2023,Setembro,Argentina,1160135713
2023,Setembro,Argélia,166866156
2023,Setembro,Armênia,5161455
2023,Setembro,Aruba,3055835
2023,Setembro,Arábia Saudita,188396104
2023,Setembro,Austrália,62682302
2023,Setembro,Azerbaijão,1310705
2023,Setembro,Bahamas,77723900
2023,Setembro,Bangladesh,164573164
2023,Setembro,Barbados,1995559
2023,Setembro,Barein,103195108
2023,Setembro,Belarus,116250
2023,Setembro,Belize,549645
2023,Setembro,Benin,5071730
2023,Setembro,Bermudas,168167
2023,Setembro,Bolívia,135276271
2023,Setembro,Bonaire Saint Eustatius e Saba,307987
2023,Setembro,Botsuana,311174
2023,Setembro,Brasil,74001
2023,Setembro,Brunei,2171
2023,Setembro,Bulgária,2354153
2023,Setembro,Burkina Faso,156773
2023,Setembro,Burundi,4668
2023,Setembro,Butão,462612
2023,Setembro,Bélgica,283739682
2023,Setembro,Bósnia-Herzegovina,100399
2023,Setembro,Cabo Verde,2612590
2023,Setembro,Camarões,21713577
2023,Setembro,Camboja,4979740
2023,Setembro,Canadá,560695626
2023,Setembro,Catar,45249012
2023,Setembro,Cayman Ilhas,451103
2023,Setembro,Cazaquistão,1264919
2023,Setembro,Chade,171209
2023,Setembro,Chile,558410101
2023,Setembro,China,9536864118
2023,Setembro,Chipre,7101180
2023,Setembro,Cocos (Keeling) Ilhas,96661
2023,Setembro,Colômbia,182425864
2023,Setembro,Comores,745176
2023,Setembro,Congo,7556566
2023,Setembro,Congo República Democrática,6734967
2023,Setembro,Cook Ilhas,19289
2023,Setembro,Coreia do Sul,466452821
2023,Setembro,Costa Rica,72951098
2023,Setembro,Costa do Marfim,28910030
2023,Setembro,Coveite (Kuweit),26038797
2023,Setembro,Croácia,2686415
2023,Setembro,Cuba,28029551
2023,Setembro,Curaçao,3011751
2023,Setembro,Dinamarca,63676083
2023,Setembro,Djibuti,13024124
2023,Setembro,Dominica,434698
2023,Setembro,Egito,249396431
2023,Setembro,El Salvador,25729558
2023,Setembro,Emirados Árabes Unidos,252673097
2023,Setembro,Equador,92483042
2023,Setembro,Eslováquia,2349804
2023,Setembro,Eslovênia,26067393
2023,Setembro,Espanha,803475392
2023,Setembro,Estados Unidos,3091554174
2023,Setembro,Estônia,5635668
2023,Setembro,Etiópia,2373587
2023,Setembro,Faroe Ilhas,570
2023,Setembro,Fiji,162121
2023,Setembro,Filipinas,194095616
2023,Setembro,Finlândia,48628147
2023,Setembro,França,334343259
2023,Setembro,Gabão,4088253
2023,Setembro,Gana,21208049
2023,Setembro,Geórgia,21936545
2023,Setembro,Gibraltar,34524
2023,Setembro,Granada,593542
2023,Setembro,Grécia,102208187
2023,Setembro,Guadalupe,449566
2023,Setembro,Guam,62319
2023,Setembro,Guatemala,58212475
2023,Setembro,Guernsey,166
2023,Setembro,Guiana,9904525
2023,Setembro,Guiana Francesa,715815
2023,Setembro,Guiné,12298430
2023,Setembro,Guiné Equatorial,1232757
2023,Setembro,Guiné-Bissau,370553
2023,Setembro,Gâmbia,2422566
2023,Setembro,Haiti,4711545
2023,Setembro,Honduras,24478466
2023,Setembro,Hong Kong,146960370
2023,Setembro,Hungria,3758284
2023,Setembro,Ilha de Man,3459065
2023,Setembro,Indonésia,288058894
2023,Setembro,Iraque,127064521
2023,Setembro,Irlanda,36952603
2023,Setembro,Irã,149037724
2023,Setembro,Islândia,23870811
2023,Setembro,Israel,55478909
2023,Setembro,Itália,255989001
2023,Setembro,Iêmen,61001308
2023,Setembro,Jamaica,58770004
2023,Setembro,Japão,661335107
2023,Setembro,Jordânia,17683862
2023,Setembro,Laos,3853357
2023,Setembro,Lesoto,4850
2023,Setembro,Letônia,10894392
2023,Setembro,Libéria,35557992
2023,Setembro,Liechtenstein,1440959
2023,Setembro,Lituânia,2300352
2023,Setembro,Luxemburgo,3646681
2023,Setembro,Líbano,30632748
2023,Setembro,Líbia,55979465
2023,Setembro,Macau,98
2023,Setembro,Macedônia,2970183
2023,Setembro,Madagascar,2378053
2023,Setembro,Malavi,242051
2023,Setembro,Maldivas,1527984
2023,Setembro,Mali,38198
2023,Setembro,Malta,11024854
2023,Setembro,Malásia,363207268
2023,Setembro,Marrocos,93914432
2023,Setembro,Marshall Ilhas,42499991
2023,Setembro,Martinica,561259
2023,Setembro,Mauritânia,9467644
2023,Setembro,Maurício,1114720
2023,Setembro,Mayotte,465682
2023,Setembro,Mianmar,2314128
2023,Setembro,Moldávia,552757
2023,Setembro,Mongólia,359271
2023,Setembro,Montenegro,2335139
2023,Setembro,Moçambique,2965870
2023,Setembro,México,678191164
2023,Setembro,Mônaco,183
2023,Setembro,Namíbia,89190
2023,Setembro,Nepal,45537
2023,Setembro,Nicarágua,16774515
2023,Setembro,Nigéria,108330697
2023,Setembro,Noruega,76784110
2023,Setembro,Nova Caledônia,843255
2023,Setembro,Nova Zelândia,12457010
2023,Setembro,Níger,73553
2023,Setembro,Omã,82102071
2023,Setembro,Pacífico Ilhas do (EUA),76563
2023,Setembro,Palestina,3676961
2023,Setembro,Panamá,48351045
2023,Setembro,Papua Nova Guiné,286241
2023,Setembro,Paquistão,22233970
2023,Setembro,Paraguai,329243262
2023,Setembro,Países Baixos (Holanda),811384836
2023,Setembro,Peru,225997047
2023,Setembro,Polinésia Francesa,421234
2023,Setembro,Polônia,165802725
2023,Setembro,Porto Rico,13789784
2023,Setembro,Portugal,320051303
2023,Setembro,Quirguistão,5875
2023,Setembro,Quênia,13874686
2023,Setembro,Reino Unido,159121499
2023,Setembro,República Centro-Africana,535299
2023,Setembro,República Dominicana,56649167
2023,Setembro,Reunião,839467
2023,Setembro,Romênia,30111367
2023,Setembro,Ruanda,703544
2023,Setembro,Rússia,89892840
2023,Setembro,Salomão Ilhas,18584
2023,Setembro,Samoa,123054
2023,Setembro,Samoa Americana,55019
2023,Setembro,Santa Helena,204638
2023,Setembro,Santa Lúcia,227675
2023,Setembro,Seicheles,1241108
2023,Setembro,Senegal,16258942
2023,Setembro,Serra Leoa,1879646
2023,Setembro,Singapura,497009331
2023,Setembro,Sint Maarten,641983
2023,Setembro,Somália,21782478
2023,Setembro,Sri Lanka,2520223
2023,Setembro,Sudão do Sul,310182
2023,Setembro,Suriname,3584817
2023,Setembro,Suécia,77686963
2023,Setembro,Suíça,209669766
2023,Setembro,São Bartolomeu,163710
2023,Setembro,São Cristóvão e Névis,316673
2023,Setembro,São Martinho Ilha de (parte francesa),6904
2023,Setembro,São Tomé e Príncipe,278786
2023,Setembro,São Vicente e Granadinas,247365
2023,Setembro,Sérvia,3095573
2023,Setembro,Síria,962748
2023,Setembro,Tailândia,179732238
2023,Setembro,Taiwan (Formosa),239184228
2023,Setembro,Tanzânia,3839576
2023,Setembro,Tcheca República,7647133
2023,Setembro,Terras Austrais Francesas,1065
2023,Setembro,Timor Leste,1124053
2023,Setembro,Togo,6668544
2023,Setembro,Tonga,508180
2023,Setembro,Trinidad e Tobago,8257696
2023,Setembro,Tunísia,29431756
2023,Setembro,Turcas e Caicos Ilhas,133899
2023,Setembro,Turquia,264741202
2023,Setembro,Ucrânia,1796419
2023,Setembro,Uganda,881875
2023,Setembro,Uruguai,228526333
2023,Setembro,Uzbequistão,11067827
2023,Setembro,Venezuela,123003628
2023,Setembro,Vietnã,423161794
2023,Setembro,Virgens Ilhas (Americanas),82162796
2023,Setembro,Virgens Ilhas (Britânicas),2197597
2023,Setembro,Zimbábue,662550
2023,Setembro,Zâmbia,1079776
2023,Setembro,África do Sul,104354585
2023,Setembro,Áustria,4433675
2023,Setembro,Índia,443832360
2023,Agosto,Afeganistão,413898
2023,Agosto,Albânia,10258981
2023,Agosto,Alemanha,494774147
2023,Agosto,Angola,35417851
2023,Agosto,Anguilla,204355
2023,Agosto,Antígua e Barbuda,2624816
2023,Agosto,Argentina,1428494323
2023,Agosto,Argélia,139396961
2023,Agosto,Armênia,862377
2023,Agosto,Aruba,3841885
2023,Agosto,Arábia Saudita,352864843
2023,Agosto,Austrália,73911986
2023,Agosto,Azerbaijão,2020651
2023,Agosto,Bahamas,13393170
2023,Agosto,Bangladesh,147196010
2023,Agosto,Barbados,2408698
2023,Agosto,Barein,102439312
2023,Agosto,Belarus,478073
2023,Agosto,Belize,1040152
2023,Agosto,Benin,7061245
2023,Agosto,Bermudas,226399
2023,Agosto,Bolívia,141322714
2023,Agosto,Bonaire Saint Eustatius e Saba,747283
2023,Agosto,Botsuana,78629
2023,Agosto,Brasil,265338
2023,Agosto,Brunei,201771
2023,Agosto,Bulgária,3287226
2023,Agosto,Burkina Faso,534480
2023,Agosto,Burundi,6679
2023,Agosto,Butão,377616
2023,Agosto,Bélgica,338298781
2023,Agosto,Bósnia-Herzegovina,219583
2023,Agosto,Cabo Verde,2693710
2023,Agosto,Camarões,18822285
2023,Agosto,Camboja,2762154
2023,Agosto,Canadá,518926190
2023,Agosto,Catar,47331906
2023,Agosto,Cayman Ilhas,645794
2023,Agosto,Cazaquistão,3908950
2023,Agosto,Chade,808992
2023,Agosto,Chile,711655441
2023,Agosto,China,9341723854
2023,Agosto,Chipre,10653366
2023,Agosto,Cocos (Keeling) Ilhas,683
2023,Agosto,Colômbia,389604292
2023,Agosto,Comores,1109110
2023,Agosto,Congo,9874154
2023,Agosto,Congo República Democrática,12313325
2023,Agosto,Coreia do Sul,607743608
2023,Agosto,Costa Rica,64247311
2023,Agosto,Costa do Marfim,29251533
2023,Agosto,Coveite (Kuweit),28640787
2023,Agosto,Croácia,17921624
2023,Agosto,Cuba,15802069
2023,Agosto,Curaçao,3505583
2023,Agosto,Dinamarca,47883861
2023,Agosto,Djibuti,9867359
2023,Agosto,Dominica,486380
2023,Agosto,Egito,256253414
2023,Agosto,El Salvador,39254059
2023,Agosto,Emirados Árabes Unidos,342786024
2023,Agosto,Equador,98986409
2023,Agosto,Eritreia,10296
2023,Agosto,Eslováquia,2341615
2023,Agosto,Eslovênia,48142409
2023,Agosto,Espanha,872111772
2023,Agosto,Estados Unidos,3354179667
2023,Agosto,Estônia,4269572
2023,Agosto,Etiópia,2497484
2023,Agosto,Fiji,120263
2023,Agosto,Filipinas,139823648
2023,Agosto,Finlândia,77428543
2023,Agosto,França,197707300
2023,Agosto,Gabão,6206911
2023,Agosto,Gana,25147902
2023,Agosto,Geórgia,44309663
2023,Agosto,Gibraltar,10779
2023,Agosto,Granada,954700
2023,Agosto,Grécia,42419760
2023,Agosto,Guadalupe,570845
2023,Agosto,Guam,268721
2023,Agosto,Guatemala,96725142
2023,Agosto,Guernsey,461
2023,Agosto,Guiana,64047215
2023,Agosto,Guiana Francesa,847734
2023,Agosto,Guiné,15703797
2023,Agosto,Guiné Equatorial,2170543
2023,Agosto,Guiné-Bissau,400238
2023,Agosto,Gâmbia,12932938
2023,Agosto,Haiti,6596289
2023,Agosto,Heard e ilhas mcdonald Ilha,120093
2023,Agosto,Honduras,18847601
2023,Agosto,Hong Kong,116612960
2023,Agosto,Hungria,3724152
2023,Agosto,Ilha de Man,1659618
2023,Agosto,Indonésia,339469092
2023,Agosto,Iraque,137053336
2023,Agosto,Irlanda,44847803
2023,Agosto,Irã,184345493
2023,Agosto,Islândia,12346780
2023,Agosto,Israel,63229886
2023,Agosto,Itália,306743995
2023,Agosto,Iêmen,29174163
2023,Agosto,Jamaica,8622314
2023,Agosto,Japão,596195875
2023,Agosto,Jordânia,49656275
2023,Agosto,Laos,1741720
2023,Agosto,Letônia,1885535
2023,Agosto,Libéria,44074065
2023,Agosto,Liechtenstein,2358078
2023,Agosto,Lituânia,2756404
2023,Agosto,Luxemburgo,3512977
2023,Agosto,Líbano,24094098
2023,Agosto,Líbia,58199962
2023,Agosto,Macau,466717
2023,Agosto,Macedônia,2006289
2023,Agosto,Madagascar,7129846
2023,Agosto,Malavi,117266
2023,Agosto,Maldivas,1734009
2023,Agosto,Mali,4906
2023,Agosto,Malta,13839774
2023,Agosto,Malásia,330135411
2023,Agosto,Marrocos,157150323
2023,Agosto,Marshall Ilhas,27755753
2023,Agosto,Martinica,753937
2023,Agosto,Mauritânia,21054095
2023,Agosto,Maurício,24022394
2023,Agosto,Mayotte,502784
2023,Agosto,Mianmar,2243076
2023,Agosto,Moldávia,12012
2023,Agosto,Mongólia,49859
2023,Agosto,Montenegro,3490473
2023,Agosto,Montserrat,31308
2023,Agosto,Moçambique,2912090
2023,Agosto,México,872191980
2023,Agosto,Mônaco,3702
2023,Agosto,Namíbia,856447
2023,Agosto,Nepal,95151
2023,Agosto,Nicarágua,28571984
2023,Agosto,Nigéria,93906890
2023,Agosto,Norfolk Ilha,167991
2023,Agosto,Noruega,97921569
2023,Agosto,Nova Caledônia,886654
2023,Agosto,Nova Zelândia,9323575
2023,Agosto,Níger,459190
2023,Agosto,Omã,97909054
2023,Agosto,Palestina,2748705
2023,Agosto,Panamá,96201808
2023,Agosto,Papua Nova Guiné,44955
2023,Agosto,Paquistão,25811538
2023,Agosto,Paraguai,326797534
2023,Agosto,Países Baixos (Holanda),889728900
2023,Agosto,Peru,320105968
2023,Agosto,Polinésia Francesa,318175
2023,Agosto,Polônia,158252018
2023,Agosto,Porto Rico,35401360
2023,Agosto,Portugal,522088185
2023,Agosto,Quirguistão,199648
2023,Agosto,Quênia,14503169
2023,Agosto,Reino Unido,275958112
2023,Agosto,República Centro-Africana,289231
2023,Agosto,República Dominicana,148118491
2023,Agosto,Reunião,448547
2023,Agosto,Romênia,11727925
2023,Agosto,Ruanda,102753
2023,Agosto,Rússia,123508363
2023,Agosto,Saara Ocidental,36830
2023,Agosto,Samoa,132263
2023,Agosto,Samoa Americana,376013
2023,Agosto,Santa Helena,402521
2023,Agosto,Santa Lúcia,536420
2023,Agosto,Seicheles,657817
2023,Agosto,Senegal,13921689
2023,Agosto,Serra Leoa,1582436
2023,Agosto,Singapura,606695934
2023,Agosto,Sint Maarten,1596362
2023,Agosto,Somália,34239046
2023,Agosto,Sri Lanka,2382720
2023,Agosto,Sudão,154533
2023,Agosto,Sudão do Sul,349719
2023,Agosto,Suriname,4291038
2023,Agosto,Suécia,74057355
2023,Agosto,Suíça,112913107
2023,Agosto,São Bartolomeu,341440
2023,Agosto,São Cristóvão e Névis,269072
2023,Agosto,São Martinho Ilha de (parte francesa),140463
2023,Agosto,São Tomé e Príncipe,555722
2023,Agosto,São Vicente e Granadinas,667674
2023,Agosto,Sérvia,5403105
2023,Agosto,Síria,2437219
2023,Agosto,Tadjiquistão,33866
2023,Agosto,Tailândia,297775092
2023,Agosto,Taiwan (Formosa),160120419
2023,Agosto,Tanzânia,12875709
2023,Agosto,Tcheca República,8764273
2023,Agosto,Terras Austrais Francesas,9684
2023,Agosto,Timor Leste,1292243
2023,Agosto,Togo,30657669
2023,Agosto,Tonga,388412
2023,Agosto,Toquelau,7944
2023,Agosto,Trinidad e Tobago,31407928
2023,Agosto,Tunísia,30543403
2023,Agosto,Turcas e Caicos Ilhas,138352
2023,Agosto,Turcomenistão,86540
2023,Agosto,Turquia,332047343
2023,Agosto,Ucrânia,3150932
2023,Agosto,Uganda,1571305
2023,Agosto,Uruguai,361538749
2023,Agosto,Uzbequistão,28746658
2023,Agosto,Vanuatu,11924
2023,Agosto,Venezuela,135529037
2023,Agosto,Vietnã,459642790
2023,Agosto,Virgens Ilhas (Americanas),7420
2023,Agosto,Virgens Ilhas (Britânicas),23522
2023,Agosto,Wallis e Futuna Ilhas,40162
2023,Agosto,Zimbábue,447950
2023,Agosto,Zâmbia,1040940
2023,Agosto,África do Sul,107224754
2023,Agosto,Áustria,4529926
2023,Agosto,Índia,467879494
2023,Julho,Afeganistão,125233
2023,Julho,Albânia,9062261
2023,Julho,Alemanha,482400295
2023,Julho,Andorra,92
2023,Julho,Angola,38860269
2023,Julho,Antígua e Barbuda,1484674
2023,Julho,Argentina,1616558977
2023,Julho,Argélia,280805141
2023,Julho,Armênia,491558
2023,Julho,Aruba,2990714
2023,Julho,Arábia Saudita,253037644
2023,Julho,Austrália,50814195
2023,Julho,Azerbaijão,4769086
2023,Julho,Bahamas,14455165
2023,Julho,Bangladesh,147663961
2023,Julho,Barbados,1857330
2023,Julho,Barein,93217845
2023,Julho,Belarus,101742
2023,Julho,Belize,693303
2023,Julho,Benin,8240639
2023,Julho,Bermudas,312313
2023,Julho,Bolívia,147507860
2023,Julho,Bonaire Saint Eustatius e Saba,74554
2023,Julho,Botsuana,286314
2023,Julho,Brasil,52468119
2023,Julho,Brunei,82902
2023,Julho,Bulgária,4202888
2023,Julho,Burkina Faso,352472
2023,Julho,Burundi,5070
2023,Julho,Butão,177890
2023,Julho,Bélgica,380523086
2023,Julho,Bósnia-Herzegovina,52339
2023,Julho,Cabo Verde,4590188
2023,Julho,Camarões,25929840
2023,Julho,Camboja,2463777
2023,Julho,Canadá,513486363
2023,Julho,Catar,25877449
2023,Julho,Cayman Ilhas,1338813
2023,Julho,Cazaquistão,2099715
2023,Julho,Chile,764675582
2023,Julho,China,8714605701
2023,Julho,Chipre,9454118
2023,Julho,Colômbia,291856300
2023,Julho,Comores,1217082
2023,Julho,Congo,8021180
2023,Julho,Congo República Democrática,16025636
2023,Julho,Coreia do Sul,508931791
2023,Julho,Costa Rica,47831365
2023,Julho,Costa do Marfim,11443182
2023,Julho,Coveite (Kuweit),27814810
2023,Julho,Croácia,4655068
2023,Julho,Cuba,30146447
2023,Julho,Curaçao,3213516
2023,Julho,Dinamarca,39735858
2023,Julho,Djibuti,6611096
2023,Julho,Dominica,262139
2023,Julho,Egito,177886597
2023,Julho,El Salvador,11235286
2023,Julho,Emirados Árabes Unidos,209933632
2023,Julho,Equador,84397323
2023,Julho,Eritreia,573
2023,Julho,Eslováquia,1565417
2023,Julho,Eslovênia,16119420
2023,Julho,Espanha,571789005
2023,Julho,Estados Unidos,3080546578
2023,Julho,Estônia,2868755
2023,Julho,Etiópia,2712174
2023,Julho,Falkland (Malvinas),211657
2023,Julho,Fiji,143902
2023,Julho,Filipinas,138582982
2023,Julho,Finlândia,14265316
2023,Julho,França,189982422
2023,Julho,Gabão,3696803
2023,Julho,Gana,19835681
2023,Julho,Geórgia,46450696
2023,Julho,Gibraltar,267399
2023,Julho,Granada,829232
2023,Julho,Grécia,33411926
2023,Julho,Guadalupe,501518
2023,Julho,Guam,225444
2023,Julho,Guatemala,33548332
2023,Julho,Guiana,9223773
2023,Julho,Guiana Francesa,796544
2023,Julho,Guiné,12237866
2023,Julho,Guiné Equatorial,1954378
2023,Julho,Guiné-Bissau,301043
2023,Julho,Gâmbia,12030338
2023,Julho,Haiti,4010916
2023,Julho,Honduras,11798470
2023,Julho,Hong Kong,109679430
2023,Julho,Hungria,4918072
2023,Julho,Ilha de Man,404084
2023,Julho,Indonésia,386630324
2023,Julho,Iraque,110796911
2023,Julho,Irlanda,17795135
2023,Julho,Irã,231106561
2023,Julho,Islândia,10784123
2023,Julho,Israel,115003735
2023,Julho,Itália,300626013
2023,Julho,Iêmen,45489432
2023,Julho,Jamaica,5366029
2023,Julho,Japão,612844695
2023,Julho,Jordânia,27773849
2023,Julho,Laos,3836260
2023,Julho,Lesoto,54537
2023,Julho,Letônia,3466530
2023,Julho,Libéria,34645287
2023,Julho,Liechtenstein,1206274
2023,Julho,Lituânia,3749427
2023,Julho,Luxemburgo,2674411
2023,Julho,Líbano,22308824
2023,Julho,Líbia,24312139
2023,Julho,Macau,131202
2023,Julho,Macedônia,2974828
2023,Julho,Madagascar,4208596
2023,Julho,Malavi,90338
2023,Julho,Maldivas,1310047
2023,Julho,Mali,643763
2023,Julho,Malta,8799521
2023,Julho,Malásia,311033022
2023,Julho,Marrocos,136611039
2023,Julho,Marshall Ilhas,19109249
2023,Julho,Martinica,191359
2023,Julho,Mauritânia,25065026
2023,Julho,Maurício,2685797
2023,Julho,Mayotte,479045
2023,Julho,Mianmar,17885414
2023,Julho,Micronésia,3432
2023,Julho,Moldávia,412057
2023,Julho,Mongólia,202841
2023,Julho,Montenegro,2543833
2023,Julho,Moçambique,2606087
2023,Julho,México,701951581
2023,Julho,Mônaco,3405
2023,Julho,Namíbia,1476635
2023,Julho,Nauru,7833
2023,Julho,Nepal,57457
2023,Julho,Nicarágua,24779017
2023,Julho,Nigéria,70521622
2023,Julho,Noruega,94846762
2023,Julho,Nova Caledônia,684934
2023,Julho,Nova Zelândia,5312347
2023,Julho,Níger,260090
2023,Julho,Omã,110193811
2023,Julho,Pacífico Ilhas do (EUA),40957
2023,Julho,Palau,1663
2023,Julho,Palestina,3512437
2023,Julho,Panamá,54641872
2023,Julho,Papua Nova Guiné,444759
2023,Julho,Paquistão,24453569
2023,Julho,Paraguai,351963329
2023,Julho,Países Baixos (Holanda),1014486648
2023,Julho,Peru,240052526
2023,Julho,Polinésia Francesa,993864
2023,Julho,Polônia,125764615
2023,Julho,Porto Rico,18579853
2023,Julho,Portugal,174561956
2023,Julho,Quirguistão,114451
2023,Julho,Quênia,16306822
2023,Julho,Reino Unido,246070479
2023,Julho,República Centro-Africana,289194
2023,Julho,República Dominicana,110818375
2023,Julho,Reunião,349259
2023,Julho,Romênia,24601206
2023,Julho,Ruanda,48486
2023,Julho,Rússia,103302824
2023,Julho,Samoa,160756
2023,Julho,Samoa Americana,207081
2023,Julho,Santa Lúcia,140469
2023,Julho,Seicheles,745526
2023,Julho,Senegal,38313053
2023,Julho,Serra Leoa,2168546
2023,Julho,Singapura,546536334
2023,Julho,Sint Maarten,1430239
2023,Julho,Somália,25712587
2023,Julho,Sri Lanka,5187935
2023,Julho,Suazilândia,1696
2023,Julho,Sudão,450141
2023,Julho,Sudão do Sul,580128
2023,Julho,Suriname,4185770
2023,Julho,Suécia,29229900
2023,Julho,Suíça,126352980
2023,Julho,São Bartolomeu,38560
2023,Julho,São Cristóvão e Névis,611378
2023,Julho,São Martinho Ilha de (parte francesa),471
2023,Julho,São Tomé e Príncipe,372068
2023,Julho,São Vicente e Granadinas,482998
2023,Julho,Sérvia,1812849
2023,Julho,Síria,2035894
2023,Julho,Tailândia,282780134
2023,Julho,Taiwan (Formosa),209273268
2023,Julho,Tanzânia,7635002
2023,Julho,Tcheca República,6477710
2023,Julho,Terras Austrais Francesas,23351
2023,Julho,Timor Leste,1260900
2023,Julho,Togo,8178812
2023,Julho,Tonga,688915
2023,Julho,Toquelau,12986
2023,Julho,Trinidad e Tobago,15268790
2023,Julho,Tunísia,69900174
2023,Julho,Turcas e Caicos Ilhas,123306
2023,Julho,Turcomenistão,10269
2023,Julho,Turquia,255095617
2023,Julho,Ucrânia,3076825
2023,Julho,Uganda,680001
2023,Julho,Uruguai,245795396
2023,Julho,Uzbequistão,29990638
2023,Julho,Venezuela,101147605
2023,Julho,Vietnã,285898682
2023,Julho,Virgens Ilhas (Americanas),51897492
2023,Julho,Virgens Ilhas (Britânicas),1535638
2023,Julho,Zimbábue,450715
2023,Julho,Zâmbia,196687
2023,Julho,África do Sul,107632588
2023,Julho,Áustria,7845091
2023,Julho,Índia,337162218
2023,Junho,Afeganistão,581062
2023,Junho,Albânia,10316244
2023,Junho,Alemanha,514456199
2023,Junho,Angola,37876157
2023,Junho,Anguilla,115430
2023,Junho,Antígua e Barbuda,1105666
2023,Junho,Argentina,1949278056
2023,Junho,Argélia,177034840
2023,Junho,Armênia,194868
2023,Junho,Aruba,2729586
2023,Junho,Arábia Saudita,296042896
2023,Junho,Austrália,66698855
2023,Junho,Azerbaijão,3717883
2023,Junho,Bahamas,11030847
2023,Junho,Bangladesh,223388989
2023,Junho,Barbados,2310561
2023,Junho,Barein,78314555
2023,Junho,Belarus,439724
2023,Junho,Belize,3852220
2023,Junho,Benin,6973068
2023,Junho,Bermudas,328592
2023,Junho,Bolívia,137226709
2023,Junho,Bonaire Saint Eustatius e Saba,374190
2023,Junho,Botsuana,10251
2023,Junho,Brasil,34179245
2023,Junho,Brunei,4390
2023,Junho,Bulgária,1094119
2023,Junho,Burkina Faso,1241793
2023,Junho,Butão,379469
2023,Junho,Bélgica,338287960
2023,Junho,Bósnia-Herzegovina,399090
2023,Junho,Cabo Verde,3178508
2023,Junho,Camarões,13298663
2023,Junho,Camboja,3643493
2023,Junho,Canadá,486985612
2023,Junho,Catar,48464166
2023,Junho,Cayman Ilhas,213246
2023,Junho,Cazaquistão,2447049
2023,Junho,Chade,1628160
2023,Junho,Chile,692402783
2023,Junho,China,9306145964
2023,Junho,Chipre,8782985
2023,Junho,Colômbia,306171278
2023,Junho,Comores,736194
2023,Junho,Congo,7612069
2023,Junho,Congo República Democrática,7902748
2023,Junho,Cook Ilhas,19961
2023,Junho,Coreia do Sul,280395510
2023,Junho,Costa Rica,25709391
2023,Junho,Costa do Marfim,6951188
2023,Junho,Coveite (Kuweit),26586089
2023,Junho,Croácia,4338214
2023,Junho,Cuba,11404780
2023,Junho,Curaçao,4348623
2023,Junho,Dinamarca,30224056
2023,Junho,Djibuti,5621974
2023,Junho,Dominica,219653
2023,Junho,Egito,58156994
2023,Junho,El Salvador,34112197
2023,Junho,Emirados Árabes Unidos,249412734
2023,Junho,Equador,76334053
2023,Junho,Eslováquia,1793806
2023,Junho,Eslovênia,60053431
2023,Junho,Espanha,432122257
2023,Junho,Estados Unidos,3151862805
2023,Junho,Estônia,11452103
2023,Junho,Etiópia,1481718
2023,Junho,Faroe Ilhas,25700
2023,Junho,Fiji,58603
2023,Junho,Filipinas,99501780
2023,Junho,Finlândia,70430016
2023,Junho,França,196024277
2023,Junho,Gabão,4658729
2023,Junho,Gana,27092775
2023,Junho,Geórgia,81970753
2023,Junho,Gibraltar,58663
2023,Junho,Granada,2180114
2023,Junho,Grécia,47164073
2023,Junho,Guadalupe,617009
2023,Junho,Guam,44505
2023,Junho,Guatemala,29417624
2023,Junho,Guiana,25067948
2023,Junho,Guiana Francesa,526733
2023,Junho,Guiné,8673967
2023,Junho,Guiné Equatorial,1339499
2023,Junho,Guiné-Bissau,99049
2023,Junho,Gâmbia,5535366
2023,Junho,Haiti,4418237
2023,Junho,Honduras,16615823
2023,Junho,Hong Kong,127588717
2023,Junho,Hungria,4349244
2023,Junho,Ilha de Man,2423632
2023,Junho,Indonésia,335173040
2023,Junho,Iraque,97579026
2023,Junho,Irlanda,12931928
2023,Junho,Irã,178811340
2023,Junho,Islândia,12117166
2023,Junho,Israel,56831331
2023,Junho,Itália,413165930
2023,Junho,Iêmen,44485714
2023,Junho,Jamaica,82584537
2023,Junho,Japão,446790085
2023,Junho,Jersey,71334
2023,Junho,Jordânia,24621494
2023,Junho,Laos,2765365
2023,Junho,Letônia,23512363
2023,Junho,Libéria,31953956
2023,Junho,Liechtenstein,746807
2023,Junho,Lituânia,6437327
2023,Junho,Luxemburgo,2853881
2023,Junho,Líbano,22046892
2023,Junho,Líbia,23179683
2023,Junho,Macau,13171
2023,Junho,Macedônia,708973
2023,Junho,Madagascar,3830100
2023,Junho,Malavi,194893
2023,Junho,Maldivas,1657072
2023,Junho,Mali,169308
2023,Junho,Malta,8292501
2023,Junho,Malásia,318252229
2023,Junho,Marrocos,98010064
2023,Junho,Marshall Ilhas,19504491
2023,Junho,Martinica,730410
2023,Junho,Mauritânia,16050897
2023,Junho,Maurício,2783850
2023,Junho,Mayotte,627625
2023,Junho,Mianmar,2876108
2023,Junho,Moldávia,19419
2023,Junho,Mongólia,171950
2023,Junho,Montenegro,2065814
2023,Junho,Montserrat,32657
2023,Junho,Moçambique,1491039
2023,Junho,México,878823304
2023,Junho,Mônaco,213835
2023,Junho,Namíbia,1025685
2023,Junho,Nepal,143078
2023,Junho,Nicarágua,7734464
2023,Junho,Nigéria,105163783
2023,Junho,Norfolk Ilha,47037
2023,Junho,Noruega,107791791
2023,Junho,Nova Caledônia,894530
2023,Junho,Nova Zelândia,8526687
2023,Junho,Níger,37840
2023,Junho,Omã,47161725
2023,Junho,Pacífico Ilhas do (EUA),42450
2023,Junho,Palau,451636
2023,Junho,Palestina,2230555
2023,Junho,Panamá,54298750
2023,Junho,Papua Nova Guiné,6610
2023,Junho,Paquistão,26344335
2023,Junho,Paraguai,307110483
2023,Junho,Países Baixos (Holanda),1046779822
2023,Junho,Peru,237253379
2023,Junho,Polinésia Francesa,685870
2023,Junho,Polônia,254891351
2023,Junho,Porto Rico,16397264
2023,Junho,Portugal,307813010
2023,Junho,Quirguistão,104905
2023,Junho,Quênia,7152595
2023,Junho,Reino Unido,316656653
2023,Junho,República Centro-Africana,124719
2023,Junho,República Dominicana,74881236
2023,Junho,Reunião,399182
2023,Junho,Romênia,32847473
2023,Junho,Ruanda,58660
2023,Junho,Rússia,108913146
2023,Junho,Salomão Ilhas,60703
2023,Junho,Samoa,196792
2023,Junho,Samoa Americana,223555
2023,Junho,San Marino,23657
2023,Junho,Santa Helena,298065
2023,Junho,Santa Lúcia,243673
2023,Junho,Seicheles,851347
2023,Junho,Senegal,18122501
2023,Junho,Serra Leoa,1843853
2023,Junho,Singapura,938934801
2023,Junho,Sint Maarten,669948
2023,Junho,Somália,13020575
2023,Junho,Sri Lanka,6375358
2023,Junho,Sudão,1522627
2023,Junho,Sudão do Sul,326533
2023,Junho,Suriname,3333484
2023,Junho,Suécia,98060566
2023,Junho,Suíça,114268289
2023,Junho,São Cristóvão e Névis,204501
2023,Junho,São Martinho Ilha de (parte francesa),30
2023,Junho,São Tomé e Príncipe,186578
2023,Junho,São Vicente e Granadinas,227069
2023,Junho,Sérvia,2853482
2023,Junho,Síria,579205
2023,Junho,Tailândia,289599306
2023,Junho,Taiwan (Formosa),168326690
2023,Junho,Tanzânia,9775274
2023,Junho,Tcheca República,5738204
2023,Junho,Timor Leste,1394106
2023,Junho,Togo,4543729
2023,Junho,Tonga,662291
2023,Junho,Trinidad e Tobago,17726505
2023,Junho,Tunísia,32745333
2023,Junho,Turcas e Caicos Ilhas,178772
2023,Junho,Turquia,293498023
2023,Junho,Ucrânia,1822339
2023,Junho,Uganda,1004453
2023,Junho,Uruguai,321367908
2023,Junho,Uzbequistão,23025739
2023,Junho,Vanuatu,104544
2023,Junho,Venezuela,81992136
2023,Junho,Vietnã,287110178
2023,Junho,Virgens Ilhas (Americanas),85405
2023,Junho,Virgens Ilhas (Britânicas),158705
2023,Junho,Zimbábue,572570
2023,Junho,Zâmbia,396589
2023,Junho,África do Sul,131225167
2023,Junho,Áustria,5853026
2023,Junho,Índia,451744547
2023,Maio,Afeganistão,177493
2023,Maio,Albânia,9143633
2023,Maio,Alemanha,447737362
2023,Maio,Andorra,5023
2023,Maio,Angola,34120061
2023,Maio,Anguilla,141838
2023,Maio,Antígua e Barbuda,2996814
2023,Maio,Argentina,1912959452
2023,Maio,Argélia,228806222
2023,Maio,Armênia,1180450
2023,Maio,Aruba,6322377
2023,Maio,Arábia Saudita,322386562
2023,Maio,Austrália,59536043
2023,Maio,Azerbaijão,6581589
2023,Maio,Bahamas,14788504
2023,Maio,Bangladesh,223222862
2023,Maio,Barbados,2068294
2023,Maio,Barein,132811038
2023,Maio,Belarus,152149
2023,Maio,Belize,1615684
2023,Maio,Benin,6420432
2023,Maio,Bermudas,145089
2023,Maio,Bolívia,152707756
2023,Maio,Bonaire Saint Eustatius e Saba,339265
2023,Maio,Botsuana,109397
2023,Maio,Brasil,13298026
2023,Maio,Brunei,138
2023,Maio,Bulgária,68060446
2023,Maio,Burkina Faso,80235
2023,Maio,Burundi,14241
2023,Maio,Butão,358415
2023,Maio,Bélgica,274373374
2023,Maio,Bósnia-Herzegovina,313966
2023,Maio,Cabo Verde,4320923
2023,Maio,Camarões,9556106
2023,Maio,Camboja,2527783
2023,Maio,Canadá,553317772
2023,Maio,Catar,16559797
2023,Maio,Cayman Ilhas,832035
2023,Maio,Cazaquistão,5103901
2023,Maio,Chade,51389
2023,Maio,Chile,785475794
2023,Maio,China,10566779428
2023,Maio,Chipre,8690054
2023,Maio,Colômbia,362818804
2023,Maio,Comores,322616
2023,Maio,Congo,6043973
2023,Maio,Congo República Democrática,6135814
2023,Maio,Cook Ilhas,7338
2023,Maio,Coreia do Sul,455281189
2023,Maio,Costa Rica,53060012
2023,Maio,Costa do Marfim,13907289
2023,Maio,Coveite (Kuweit),18408979
2023,Maio,Croácia,17382533
2023,Maio,Cuba,10614192
2023,Maio,Curaçao,3063199
2023,Maio,Dinamarca,52432942
2023,Maio,Djibuti,514147
2023,Maio,Dominica,483876
2023,Maio,Egito,247876053
2023,Maio,El Salvador,17568584
2023,Maio,Emirados Árabes Unidos,260433810
2023,Maio,Equador,95088938
2023,Maio,Eslováquia,1839496
2023,Maio,Eslovênia,35977131
2023,Maio,Espanha,697283090
2023,Maio,Estados Unidos,3198158156
2023,Maio,Estônia,6853285
2023,Maio,Etiópia,1620241
2023,Maio,Faroe Ilhas,4
2023,Maio,Fiji,28932
2023,Maio,Filipinas,149009423
2023,Maio,Finlândia,21077376
2023,Maio,França,296879277
2023,Maio,Gabão,3052409
2023,Maio,Gana,34600111
2023,Maio,Geórgia,54940234
2023,Maio,Gibraltar,48378928
2023,Maio,Granada,1736963
2023,Maio,Groenlândia,29695
2023,Maio,Grécia,31705758
2023,Maio,Guadalupe,1224569
2023,Maio,Guam,51157
2023,Maio,Guatemala,46172062
2023,Maio,Guiana,45535146
2023,Maio,Guiana Francesa,1021298
2023,Maio,Guiné,10949846
2023,Maio,Guiné Equatorial,1335298
2023,Maio,Guiné-Bissau,136231
2023,Maio,Gâmbia,25744836
2023,Maio,Haiti,4274965
2023,Maio,Honduras,15945525
2023,Maio,Hong Kong,108205935
2023,Maio,Hungria,5295360
2023,Maio,Ilha de Man,1980942
2023,Maio,Indonésia,340359289
2023,Maio,Iraque,235391742
2023,Maio,Irlanda,10687614
2023,Maio,Irã,178281007
2023,Maio,Islândia,13324129
2023,Maio,Israel,80048270
2023,Maio,Itália,414921537
2023,Maio,Iêmen,24483662
2023,Maio,Jamaica,10636332
2023,Maio,Japão,442885802
2023,Maio,Jordânia,23573167
2023,Maio,Laos,2422224
2023,Maio,Lesoto,5475
2023,Maio,Letônia,6447762
2023,Maio,Libéria,30967120
2023,Maio,Liechtenstein,794259
2023,Maio,Lituânia,2688370
2023,Maio,Luxemburgo,2672862
2023,Maio,Líbano,55304970
2023,Maio,Líbia,33833096
2023,Maio,Macau,765840
2023,Maio,Macedônia,1857668
2023,Maio,Madagascar,3180082
2023,Maio,Malavi,12105
2023,Maio,Maldivas,1950353
2023,Maio,Mali,338014
2023,Maio,Malta,7845309
2023,Maio,Malásia,329075559
2023,Maio,Marrocos,73589221
2023,Maio,Marshall Ilhas,25011227
2023,Maio,Martinica,566864
2023,Maio,Mauritânia,5174834
2023,Maio,Maurício,19874934
2023,Maio,Mayotte,479894
2023,Maio,Mianmar,5269522
2023,Maio,Moldávia,475458
2023,Maio,Mongólia,628925
2023,Maio,Montenegro,1303328
2023,Maio,Moçambique,1805693
2023,Maio,México,911297742
2023,Maio,Mônaco,78367
2023,Maio,Namíbia,1039409
2023,Maio,Nepal,6191
2023,Maio,Nicarágua,7592440
2023,Maio,Nigéria,48602659
2023,Maio,Noruega,136015774
2023,Maio,Nova Caledônia,749386
2023,Maio,Nova Zelândia,5211345
2023,Maio,Níger,326685
2023,Maio,Omã,170295121
2023,Maio,Pacífico Ilhas do (EUA),98470
2023,Maio,Palestina,3526088
2023,Maio,Panamá,65236478
2023,Maio,Papua Nova Guiné,122653
2023,Maio,Paquistão,24297087
2023,Maio,Paraguai,313197671
2023,Maio,Países Baixos (Holanda),958838187
2023,Maio,Peru,366410496
2023,Maio,Polinésia Francesa,266936
2023,Maio,Polônia,129213524
2023,Maio,Porto Rico,16053288
2023,Maio,Portugal,314873878
2023,Maio,Quirguistão,102497
2023,Maio,Quênia,8383158
2023,Maio,Reino Unido,258894786
2023,Maio,República Dominicana,86416790
2023,Maio,Reunião,346736
2023,Maio,Romênia,53821623
2023,Maio,Ruanda,29661
2023,Maio,Rússia,143190607
2023,Maio,Salomão Ilhas,16069
2023,Maio,Samoa,256492
2023,Maio,Samoa Americana,34076
2023,Maio,Santa Lúcia,329732
2023,Maio,Seicheles,1193619
2023,Maio,Senegal,16674091
2023,Maio,Serra Leoa,1561089
2023,Maio,Singapura,1166352346
2023,Maio,Sint Maarten,1566388
2023,Maio,Somália,6670480
2023,Maio,Sri Lanka,2658266
2023,Maio,Sudão,72364
2023,Maio,Sudão do Sul,521868
2023,Maio,Suriname,2769962
2023,Maio,Suécia,41131895
2023,Maio,Suíça,117969567
2023,Maio,São Bartolomeu,519397
2023,Maio,São Cristóvão e Névis,603071
2023,Maio,São Martinho Ilha de (parte francesa),83902
2023,Maio,São Tomé e Príncipe,880805
2023,Maio,São Vicente e Granadinas,194689
2023,Maio,Sérvia,2361451
2023,Maio,Síria,1573349
2023,Maio,Tadjiquistão,177670
2023,Maio,Tailândia,592600005
2023,Maio,Taiwan (Formosa),100952207
2023,Maio,Tanzânia,3327594
2023,Maio,Tcheca República,5627556
2023,Maio,Terras Austrais Francesas,1844
2023,Maio,Timor Leste,1417633
2023,Maio,Togo,9015055
2023,Maio,Tonga,399535
2023,Maio,Trinidad e Tobago,40852390
2023,Maio,Tunísia,18222125
2023,Maio,Turcas e Caicos Ilhas,254763
2023,Maio,Turcomenistão,105021
2023,Maio,Turquia,481434968
2023,Maio,Tuvalu,359
2023,Maio,Ucrânia,3433190
2023,Maio,Uganda,576756
2023,Maio,Uruguai,283989343
2023,Maio,Uzbequistão,9526890
2023,Maio,Venezuela,106246931
2023,Maio,Vietnã,197759862
2023,Maio,Virgens Ilhas (Americanas),32580
2023,Maio,Virgens Ilhas (Britânicas),3612974
2023,Maio,Zimbábue,523297
2023,Maio,Zâmbia,487091
2023,Maio,África do Sul,89151529
2023,Maio,Áustria,6762020
2023,Maio,Índia,581508200
2023,Abril,Afeganistão,520281
2023,Abril,Aland Ilhas,31892
2023,Abril,Albânia,9630902
2023,Abril,Alemanha,469396562
2023,Abril,Andorra,882
2023,Abril,Angola,37422312
2023,Abril,Anguilla,72574
2023,Abril,Antígua e Barbuda,1651972
2023,Abril,Argentina,1667821319
2023,Abril,Argélia,130858344
2023,Abril,Armênia,1184785
2023,Abril,Aruba,3811976
2023,Abril,Arábia Saudita,250606736
2023,Abril,Austrália,47149236
2023,Abril,Azerbaijão,1408848
2023,Abril,Bahamas,9910702
2023,Abril,Bangladesh,269391305
2023,Abril,Barbados,1934114
2023,Abril,Barein,115261485
2023,Abril,Belarus,261091
2023,Abril,Belize,985209
2023,Abril,Benin,8339461
2023,Abril,Bermudas,403723
2023,Abril,Bolívia,150143878
2023,Abril,Bonaire Saint Eustatius e Saba,223153
2023,Abril,Botsuana,82537
2023,Abril,Brasil,8189607
2023,Abril,Brunei,4760
2023,Abril,Bulgária,2637294
2023,Abril,Burkina Faso,684232
2023,Abril,Butão,377886
2023,Abril,Bélgica,261560956
2023,Abril,Bósnia-Herzegovina,79520
2023,Abril,Cabo Verde,2885716
2023,Abril,Camarões,8374728
2023,Abril,Camboja,5108545
2023,Abril,Canadá,307147423
2023,Abril,Catar,11658270
2023,Abril,Cayman Ilhas,433454
2023,Abril,Cazaquistão,3803287
2023,Abril,Chade,393641
2023,Abril,Chile,520301785
2023,Abril,China,9100605906
2023,Abril,Chipre,7642784
2023,Abril,Colômbia,307117839
2023,Abril,Comores,593690
2023,Abril,Congo,3798146
2023,Abril,Congo República Democrática,16331359
2023,Abril,Coreia do Sul,523819019
2023,Abril,Costa Rica,26698258
2023,Abril,Costa do Marfim,13044929
2023,Abril,Coveite (Kuweit),20459533
2023,Abril,Croácia,895699
2023,Abril,Cuba,17634339
2023,Abril,Curaçao,2415229
2023,Abril,Dinamarca,53144864
2023,Abril,Djibuti,292906
2023,Abril,Dominica,560682
2023,Abril,Egito,128536417
2023,Abril,El Salvador,7856167
2023,Abril,Emirados Árabes Unidos,208944643
2023,Abril,Equador,105711053
2023,Abril,Eritreia,13532
2023,Abril,Eslováquia,2067378
2023,Abril,Eslovênia,8257692
2023,Abril,Espanha,418965970
2023,Abril,Estados Unidos,2594677333
2023,Abril,Estônia,6776873
2023,Abril,Etiópia,2056518
2023,Abril,Faroe Ilhas,1941
2023,Abril,Fiji,103836
2023,Abril,Filipinas,154658745
2023,Abril,Finlândia,38191798
2023,Abril,França,197161889
2023,Abril,Gabão,2713127
2023,Abril,Gana,18000517
2023,Abril,Geórgia,35862864
2023,Abril,Gibraltar,6132
2023,Abril,Granada,1265057
2023,Abril,Grécia,30627816
2023,Abril,Guadalupe,539721
2023,Abril,Guam,268952
2023,Abril,Guatemala,29081976
2023,Abril,Guiana,23798396
2023,Abril,Guiana Francesa,732001
2023,Abril,Guiné,4588854
2023,Abril,Guiné Equatorial,712828
2023,Abril,Guiné-Bissau,437986
2023,Abril,Gâmbia,2738327
2023,Abril,Haiti,6250219
2023,Abril,Heard e ilhas mcdonald Ilha,405804
2023,Abril,Honduras,13888405
2023,Abril,Hong Kong,117494710
2023,Abril,Hungria,3138614
2023,Abril,Ilha de Man,3794826
2023,Abril,Indonésia,188806527
2023,Abril,Iraque,47623890
2023,Abril,Irlanda,18327666
2023,Abril,Irã,189192942
2023,Abril,Islândia,22662580
2023,Abril,Israel,72326949
2023,Abril,Itália,308714577
2023,Abril,Iêmen,44296620
2023,Abril,Jamaica,7815389
2023,Abril,Japão,454402525
2023,Abril,Jersey,117
2023,Abril,Jordânia,35862160
2023,Abril,Kiribati,34502
2023,Abril,Laos,1375692
2023,Abril,Letônia,4374851
2023,Abril,Libéria,28261736
2023,Abril,Liechtenstein,1582273
2023,Abril,Lituânia,2241465
2023,Abril,Luxemburgo,3349670
2023,Abril,Líbano,12894235
2023,Abril,Líbia,37346581
2023,Abril,Macau,705381
2023,Abril,Macedônia,1997403
2023,Abril,Madagascar,1226401
2023,Abril,Malavi,383105
2023,Abril,Maldivas,1829566
2023,Abril,Mali,85586
2023,Abril,Malta,8074676
2023,Abril,Malásia,175640324
2023,Abril,Marrocos,44480507
2023,Abril,Marshall Ilhas,23135859
2023,Abril,Martinica,4403728
2023,Abril,Mauritânia,1760441
2023,Abril,Maurício,2095290
2023,Abril,Mayotte,722465
2023,Abril,Mianmar,4452233
2023,Abril,Moldávia,355447
2023,Abril,Mongólia,252882
2023,Abril,Montenegro,1726530
2023,Abril,Montserrat,62228
2023,Abril,Moçambique,2044662
2023,Abril,México,860480594
2023,Abril,Mônaco,2749
2023,Abril,Namíbia,736371
2023,Abril,Nepal,15563
2023,Abril,Nicarágua,6604717
2023,Abril,Nigéria,94400292
2023,Abril,Norfolk Ilha,37906
2023,Abril,Noruega,98738317
2023,Abril,Nova Caledônia,860132
2023,Abril,Nova Zelândia,5228790
2023,Abril,Níger,170456
2023,Abril,Omã,120534770
2023,Abril,Palau,460681
2023,Abril,Palestina,2331500
2023,Abril,Panamá,65361101
2023,Abril,Papua Nova Guiné,235584
2023,Abril,Paquistão,34186743
2023,Abril,Paraguai,242296356
2023,Abril,Países Baixos (Holanda),858765167
2023,Abril,Peru,226691057
2023,Abril,Pitcairn,28029
2023,Abril,Polinésia Francesa,71709
2023,Abril,Polônia,165402619
2023,Abril,Porto Rico,15496438
2023,Abril,Portugal,531441535
2023,Abril,Quirguistão,11183
2023,Abril,Quênia,3720920
2023,Abril,Reino Unido,341585682
2023,Abril,República Centro-Africana,171584
2023,Abril,República Dominicana,64343671
2023,Abril,Reunião,233620
2023,Abril,Romênia,21715341
2023,Abril,Ruanda,189575
2023,Abril,Rússia,113933179
2023,Abril,Samoa,293699
2023,Abril,Samoa Americana,465324
2023,Abril,Santa Lúcia,67831733
2023,Abril,Seicheles,802835
2023,Abril,Senegal,18962723
2023,Abril,Serra Leoa,6664054
2023,Abril,Singapura,529655929
2023,Abril,Sint Maarten,1514973
2023,Abril,Somália,368257
2023,Abril,Sri Lanka,1111071
2023,Abril,Suazilândia,18
2023,Abril,Sudão,742335
2023,Abril,Sudão do Sul,992574
2023,Abril,Suriname,4274874
2023,Abril,Suécia,55837463
2023,Abril,Suíça,101298003
2023,Abril,São Bartolomeu,321213
2023,Abril,São Cristóvão e Névis,759682
2023,Abril,São Martinho Ilha de (parte francesa),110180
2023,Abril,São Tomé e Príncipe,215108
2023,Abril,São Vicente e Granadinas,443297
2023,Abril,Sérvia,2476407
2023,Abril,Síria,1478868
2023,Abril,Tadjiquistão,174050
2023,Abril,Tailândia,338922378
2023,Abril,Taiwan (Formosa),257193937
2023,Abril,Tanzânia,7973148
2023,Abril,Tcheca República,4580701
2023,Abril,Terras Austrais Francesas,140681
2023,Abril,Território Britânico do Oceano Índico,118938
2023,Abril,Timor Leste,2055334
2023,Abril,Togo,7937834
2023,Abril,Tonga,313492
2023,Abril,Trinidad e Tobago,25618700
2023,Abril,Tunísia,49038495
2023,Abril,Turcas e Caicos Ilhas,274358
2023,Abril,Turquia,276300779
2023,Abril,Ucrânia,3695043
2023,Abril,Uganda,1315045
2023,Abril,Uruguai,296117545
2023,Abril,Uzbequistão,20053453
2023,Abril,Vanuatu,915
2023,Abril,Venezuela,73060192
2023,Abril,Vietnã,230426723
2023,Abril,Virgens Ilhas (Americanas),53783111
2023,Abril,Virgens Ilhas (Britânicas),47169
2023,Abril,Zimbábue,388514
2023,Abril,Zâmbia,745757
2023,Abril,África do Sul,164277895
2023,Abril,Áustria,9154763
2023,Abril,Índia,269030766
2023,Março,Afeganistão,410428
2023,Março,Albânia,9060993
2023,Março,Alemanha,558499302
2023,Março,Angola,32849098
2023,Março,Anguilla,177809
2023,Março,Antígua e Barbuda,1997303
2023,Março,Argentina,1534588183
2023,Março,Argélia,314349662
2023,Março,Armênia,118917
2023,Março,Aruba,3492243
2023,Março,Arábia Saudita,265008864
2023,Março,Austrália,60796622
2023,Março,Azerbaijão,1309037
2023,Março,Bahamas,11953728
2023,Março,Bangladesh,273877272
2023,Março,Barbados,4431232
2023,Março,Barein,71657323
2023,Março,Belarus,1050163
2023,Março,Belize,1358023
2023,Março,Benin,8791087
2023,Março,Bermudas,492532
2023,Março,Bolívia,172999894
2023,Março,Bonaire Saint Eustatius e Saba,119480
2023,Março,Botsuana,268386
2023,Março,Brasil,21598688
2023,Março,Brunei,1651
2023,Março,Bulgária,1092673
2023,Março,Burkina Faso,122336
2023,Março,Burundi,164290
2023,Março,Butão,269155
2023,Março,Bélgica,263458966
2023,Março,Bósnia-Herzegovina,513629
2023,Março,Cabo Verde,4065022
2023,Março,Camarões,6525628
2023,Março,Camboja,4245785
2023,Março,Canadá,462967061
2023,Março,Catar,13511351
2023,Março,Cayman Ilhas,389791
2023,Março,Cazaquistão,9210051
2023,Março,Chade,297294
2023,Março,Chile,754551698
2023,Março,China,10964046554
2023,Março,Chipre,149538174
2023,Março,Colômbia,379186017
2023,Março,Comores,901371
2023,Março,Congo,8592005
2023,Março,Congo República Democrática,21671631
2023,Março,Coreia do Sul,600717804
2023,Março,Costa Rica,50050433
2023,Março,Costa do Marfim,13594883
2023,Março,Coveite (Kuweit),20062941
2023,Março,Croácia,2670888
2023,Março,Cuba,10974813
2023,Março,Curaçao,3230938
2023,Março,Dinamarca,37349486
2023,Março,Djibuti,747223
2023,Março,Dominica,965699
2023,Março,Egito,260986523
2023,Março,El Salvador,17576865
2023,Março,Emirados Árabes Unidos,255369304
2023,Março,Equador,109722600
2023,Março,Eslováquia,2802098
2023,Março,Eslovênia,39460923
2023,Março,Espanha,1168239973
2023,Março,Estados Unidos,3102511427
2023,Março,Estônia,2711744
2023,Março,Etiópia,1451695
2023,Março,Falkland (Malvinas),1352
2023,Março,Faroe Ilhas,38
2023,Março,Fiji,233477
2023,Março,Filipinas,100448848
2023,Março,Finlândia,46736680
2023,Março,França,269589620
2023,Março,Gabão,5248725
2023,Março,Gana,23543090
2023,Março,Geórgia,50935971
2023,Março,Gibraltar,45948240
2023,Março,Granada,1235835
2023,Março,Groenlândia,25
2023,Março,Grécia,40547834
2023,Março,Guadalupe,1019240
2023,Março,Guam,40635
2023,Março,Guatemala,47501574
2023,Março,Guernsey,350
2023,Março,Guiana,23280025
2023,Março,Guiana Francesa,373933
2023,Março,Guiné,8416487
2023,Março,Guiné Equatorial,1189932
2023,Março,Guiné-Bissau,418652
2023,Março,Gâmbia,3177100
2023,Março,Haiti,6100898
2023,Março,Honduras,19423174
2023,Março,Hong Kong,127765367
2023,Março,Hungria,3305905
2023,Março,Ilha de Man,1115941
2023,Março,Indonésia,277180269
2023,Março,Iraque,189879767
2023,Março,Irlanda,21513959
2023,Março,Irã,117443250
2023,Março,Islândia,23841300
2023,Março,Israel,60833057
2023,Março,Itália,462702939
2023,Março,Iêmen,36053786
2023,Março,Jamaica,12295964
2023,Março,Japão,669049034
2023,Março,Jordânia,29341269
2023,Março,Laos,1786295
2023,Março,Lesoto,4757
2023,Março,Letônia,14047007
2023,Março,Libéria,38387931
2023,Março,Liechtenstein,3002244
2023,Março,Lituânia,2569636
2023,Março,Luxemburgo,41743719
2023,Março,Líbano,39624929
2023,Março,Líbia,20133700
2023,Março,Macau,148378
2023,Março,Macedônia,2608294
2023,Março,Madagascar,2849167
2023,Março,Malavi,111036
2023,Março,Maldivas,2664193
2023,Março,Mali,122134
2023,Março,Malta,8761848
2023,Março,Malásia,411958444
2023,Março,Marrocos,72569314
2023,Março,Marshall Ilhas,22068161
2023,Março,Martinica,317775
2023,Março,Mauritânia,2343901
2023,Março,Maurício,1355774
2023,Março,Mayotte,829466
2023,Março,Mianmar,2498569
2023,Março,Micronésia,87331
2023,Março,Moldávia,361223
2023,Março,Mongólia,690526
2023,Março,Montenegro,2236635
2023,Março,Montserrat,25706
2023,Março,Moçambique,1784514
2023,Março,México,634681259
2023,Março,Mônaco,96207
2023,Março,Namíbia,1561950
2023,Março,Nauru,10517
2023,Março,Nepal,5140
2023,Março,Nicarágua,8539192
2023,Março,Nigéria,82720894
2023,Março,Niue,12795
2023,Março,Norfolk Ilha,41795
2023,Março,Noruega,128183129
2023,Março,Nova Caledônia,963142
2023,Março,Nova Zelândia,19371988
2023,Março,Níger,391639
2023,Março,Omã,136662691
2023,Março,Pacífico Ilhas do (EUA),108000
2023,Março,Palau,63833
2023,Março,Palestina,2057281
2023,Março,Panamá,204956303
2023,Março,Papua Nova Guiné,79470
2023,Março,Paquistão,31408981
2023,Março,Paraguai,304966830
2023,Março,Países Baixos (Holanda),1258068672
2023,Março,Peru,413641377
2023,Março,Pitcairn,3364
2023,Março,Polinésia Francesa,803110
2023,Março,Polônia,153248973
2023,Março,Porto Rico,20468956
2023,Março,Portugal,239700229
2023,Março,Quirguistão,173866
2023,Março,Quênia,6261203
2023,Março,Reino Unido,331364017
2023,Março,República Centro-Africana,1815213
2023,Março,República Dominicana,94527798
2023,Março,Reunião,570107
2023,Março,Romênia,51913059
2023,Março,Ruanda,14288
2023,Março,Rússia,173533078
2023,Março,Samoa,273487
2023,Março,San Marino,5642
2023,Março,Santa Lúcia,186225
2023,Março,Seicheles,637775
2023,Março,Senegal,8716817
2023,Março,Serra Leoa,11654065
2023,Março,Singapura,399918602
2023,Março,Sint Maarten,857895
2023,Março,Somália,689435
2023,Março,Sri Lanka,1717056
2023,Março,Sudão,1106025
2023,Março,Sudão do Sul,627251
2023,Março,Suriname,3212512
2023,Março,Suécia,84757812
2023,Março,Suíça,89151648
2023,Março,Svalbard e Jan Mayen,595
2023,Março,São Bartolomeu,128245
2023,Março,São Cristóvão e Névis,502003
2023,Março,São Martinho Ilha de (parte francesa),144997
2023,Março,São Tomé e Príncipe,459669
2023,Março,São Vicente e Granadinas,263545
2023,Março,Sérvia,7380546
2023,Março,Síria,2496991
2023,Março,Tadjiquistão,4027
2023,Março,Tailândia,358298558
2023,Março,Taiwan (Formosa),111757437
2023,Março,Tanzânia,6350915
2023,Março,Tcheca República,7096445
2023,Março,Terras Austrais Francesas,7885
2023,Março,Timor Leste,3235582
2023,Março,Togo,8631818
2023,Março,Tonga,657432
2023,Março,Trinidad e Tobago,19011336
2023,Março,Tunísia,58367438
2023,Março,Turcas e Caicos Ilhas,128030
2023,Março,Turcomenistão,283468
2023,Março,Turquia,401113166
2023,Março,Ucrânia,3519778
2023,Março,Uganda,496628
2023,Março,Uruguai,306517275
2023,Março,Uzbequistão,31349061
2023,Março,Vanuatu,7127
2023,Março,Venezuela,105484372
2023,Março,Vietnã,272824211
2023,Março,Virgens Ilhas (Americanas),26061260
2023,Março,Virgens Ilhas (Britânicas),7153411
2023,Março,Zimbábue,275646
2023,Março,Zâmbia,426778
2023,Março,África do Sul,237148078
2023,Março,Áustria,12933076
2023,Março,Índia,402689633
2023,Fevereiro,Afeganistão,130952
2023,Fevereiro,Albânia,5988254
2023,Fevereiro,Alemanha,367559100
2023,Fevereiro,Angola,31506599
2023,Fevereiro,Anguilla,137723
2023,Fevereiro,Antígua e Barbuda,3249299
2023,Fevereiro,Argentina,1339716315
2023,Fevereiro,Argélia,134392464
2023,Fevereiro,Armênia,11937258
2023,Fevereiro,Aruba,2150336
2023,Fevereiro,Arábia Saudita,240543126
2023,Fevereiro,Austrália,52958626
2023,Fevereiro,Azerbaijão,566325
2023,Fevereiro,Bahamas,11727962
2023,Fevereiro,Bangladesh,115487618
2023,Fevereiro,Barbados,1922896
2023,Fevereiro,Barein,121223853
2023,Fevereiro,Belarus,639753
2023,Fevereiro,Belize,206432
2023,Fevereiro,Benin,10264775
2023,Fevereiro,Bermudas,195694
2023,Fevereiro,Bolívia,129146294
2023,Fevereiro,Bonaire Saint Eustatius e Saba,137453
2023,Fevereiro,Botsuana,40
2023,Fevereiro,Brasil,57431208
2023,Fevereiro,Brunei,318
2023,Fevereiro,Bulgária,61714430
2023,Fevereiro,Burkina Faso,172504
2023,Fevereiro,Burundi,170
2023,Fevereiro,Butão,84697
2023,Fevereiro,Bélgica,170651527
2023,Fevereiro,Bósnia-Herzegovina,238355
2023,Fevereiro,Cabo Verde,2261911
2023,Fevereiro,Camarões,6270140
2023,Fevereiro,Camboja,1639108
2023,Fevereiro,Canadá,312925193
2023,Fevereiro,Catar,17531408
2023,Fevereiro,Cayman Ilhas,1586920
2023,Fevereiro,Cazaquistão,5726181
2023,Fevereiro,Chade,59853
2023,Fevereiro,Chile,514906175
2023,Fevereiro,China,4941522153
2023,Fevereiro,Chipre,7930009
2023,Fevereiro,Colômbia,365537975
2023,Fevereiro,Comores,820414
2023,Fevereiro,Congo,4575071
2023,Fevereiro,Congo República Democrática,14261448
2023,Fevereiro,Coreia do Norte,509
2023,Fevereiro,Coreia do Sul,248354905
2023,Fevereiro,Costa Rica,21034491
2023,Fevereiro,Costa do Marfim,11499840
2023,Fevereiro,Coveite (Kuweit),19788043
2023,Fevereiro,Croácia,1462976
2023,Fevereiro,Cuba,11076014
2023,Fevereiro,Curaçao,1983125
2023,Fevereiro,Dinamarca,26413476
2023,Fevereiro,Djibuti,960266
2023,Fevereiro,Dominica,891294
2023,Fevereiro,Egito,138133372
2023,Fevereiro,El Salvador,8788860
2023,Fevereiro,Emirados Árabes Unidos,224106745
2023,Fevereiro,Equador,70400605
2023,Fevereiro,Eslováquia,2405242
2023,Fevereiro,Eslovênia,30772776
2023,Fevereiro,Espanha,512973340
2023,Fevereiro,Estados Unidos,2422743923
2023,Fevereiro,Estônia,4759694
2023,Fevereiro,Etiópia,1623569
2023,Fevereiro,Faroe Ilhas,2373
2023,Fevereiro,Fiji,23962
2023,Fevereiro,Filipinas,58581081
2023,Fevereiro,Finlândia,34778416
2023,Fevereiro,França,236530173
2023,Fevereiro,Gabão,4159611
2023,Fevereiro,Gana,16398279
2023,Fevereiro,Geórgia,14836724
2023,Fevereiro,Gibraltar,8589
2023,Fevereiro,Granada,1342615
2023,Fevereiro,Grécia,13070338
2023,Fevereiro,Guadalupe,1296308
2023,Fevereiro,Guatemala,22461182
2023,Fevereiro,Guiana,45162763
2023,Fevereiro,Guiana Francesa,771459
2023,Fevereiro,Guiné,10970300
2023,Fevereiro,Guiné Equatorial,2442303
2023,Fevereiro,Guiné-Bissau,152998
2023,Fevereiro,Gâmbia,13045005
2023,Fevereiro,Haiti,5028448
2023,Fevereiro,Honduras,11922215
2023,Fevereiro,Hong Kong,85817321
2023,Fevereiro,Hungria,2825599
2023,Fevereiro,Ilha de Man,717505
2023,Fevereiro,Indonésia,172128870
2023,Fevereiro,Iraque,32832669
2023,Fevereiro,Irlanda,15303917
2023,Fevereiro,Irã,77178669
2023,Fevereiro,Islândia,21977573
2023,Fevereiro,Israel,44079443
2023,Fevereiro,Itália,266659568
2023,Fevereiro,Iêmen,19238280
2023,Fevereiro,Jamaica,7581708
2023,Fevereiro,Japão,425181216
2023,Fevereiro,Jordânia,23544879
2023,Fevereiro,Laos,702316
2023,Fevereiro,Letônia,25916622
2023,Fevereiro,Libéria,30985509
2023,Fevereiro,Liechtenstein,904455
2023,Fevereiro,Lituânia,15898729
2023,Fevereiro,Luxemburgo,2363183
2023,Fevereiro,Líbano,6877842
2023,Fevereiro,Líbia,14683508
2023,Fevereiro,Macau,250525
2023,Fevereiro,Macedônia,2171487
2023,Fevereiro,Madagascar,12129213
2023,Fevereiro,Malavi,143808
2023,Fevereiro,Maldivas,1748880
2023,Fevereiro,Mali,1275025
2023,Fevereiro,Malta,6048760
2023,Fevereiro,Malásia,157978269
2023,Fevereiro,Marrocos,108926995
2023,Fevereiro,Marshall Ilhas,20603426
2023,Fevereiro,Martinica,834671
2023,Fevereiro,Mauritânia,39201479
2023,Fevereiro,Maurício,1911831
2023,Fevereiro,Mayotte,556631
2023,Fevereiro,Mianmar,1194496
2023,Fevereiro,Moldávia,1981
2023,Fevereiro,Mongólia,32379
2023,Fevereiro,Montenegro,992276
2023,Fevereiro,Moçambique,5945859
2023,Fevereiro,México,574482831
2023,Fevereiro,Mônaco,27653
2023,Fevereiro,Namíbia,1046426
2023,Fevereiro,Nepal,495769
2023,Fevereiro,Nicarágua,6695030
2023,Fevereiro,Nigéria,66470791
2023,Fevereiro,Noruega,208785344
2023,Fevereiro,Nova Caledônia,956519
2023,Fevereiro,Nova Zelândia,15109739
2023,Fevereiro,Níger,116699
2023,Fevereiro,Omã,84716985
2023,Fevereiro,Pacífico Ilhas do (EUA),16
2023,Fevereiro,Palau,11457
2023,Fevereiro,Palestina,2004765
2023,Fevereiro,Panamá,48714138
2023,Fevereiro,Papua Nova Guiné,616132
2023,Fevereiro,Paquistão,37169606
2023,Fevereiro,Paraguai,243260832
2023,Fevereiro,Países Baixos (Holanda),673899117
2023,Fevereiro,Peru,184308893
2023,Fevereiro,Polinésia Francesa,123743
2023,Fevereiro,Polônia,105305579
2023,Fevereiro,Porto Rico,15919376
2023,Fevereiro,Portugal,154178959
2023,Fevereiro,Quirguistão,30158
2023,Fevereiro,Quênia,2398285
2023,Fevereiro,Reino Unido,243402753
2023,Fevereiro,República Centro-Africana,1173045
2023,Fevereiro,República Dominicana,78079041
2023,Fevereiro,Reunião,256806
2023,Fevereiro,Romênia,44369644
2023,Fevereiro,Ruanda,3996
2023,Fevereiro,Rússia,81453288
2023,Fevereiro,Samoa,143258
2023,Fevereiro,Samoa Americana,68271
2023,Fevereiro,Santa Lúcia,112938
2023,Fevereiro,Seicheles,909410
2023,Fevereiro,Senegal,24857283
2023,Fevereiro,Serra Leoa,8345393
2023,Fevereiro,Singapura,632088397
2023,Fevereiro,Sint Maarten,551847
2023,Fevereiro,Somália,916311
2023,Fevereiro,Sri Lanka,1223665
2023,Fevereiro,Sudão,24522462
2023,Fevereiro,Sudão do Sul,386606
2023,Fevereiro,Suriname,5697268
2023,Fevereiro,Suécia,52911294
2023,Fevereiro,Suíça,108007805
2023,Fevereiro,São Bartolomeu,30887
2023,Fevereiro,São Cristóvão e Névis,1012201
2023,Fevereiro,São Martinho Ilha de (parte francesa),65819
2023,Fevereiro,São Tomé e Príncipe,20818
2023,Fevereiro,São Vicente e Granadinas,681261
2023,Fevereiro,Sérvia,5045348
2023,Fevereiro,Tadjiquistão,892918
2023,Fevereiro,Tailândia,280987109
2023,Fevereiro,Taiwan (Formosa),113820709
2023,Fevereiro,Tanzânia,4595851
2023,Fevereiro,Tcheca República,8038893
2023,Fevereiro,Território Britânico do Oceano Índico,38
2023,Fevereiro,Timor Leste,1067497
2023,Fevereiro,Togo,7965591
2023,Fevereiro,Tonga,454686
2023,Fevereiro,Trinidad e Tobago,40917652
2023,Fevereiro,Tunísia,22878389
2023,Fevereiro,Turcas e Caicos Ilhas,120268
2023,Fevereiro,Turquia,214737725
2023,Fevereiro,Ucrânia,5296120
2023,Fevereiro,Uganda,666051
2023,Fevereiro,Uruguai,189052753
2023,Fevereiro,Uzbequistão,37717823
2023,Fevereiro,Venezuela,75557166
2023,Fevereiro,Vietnã,171650204
2023,Fevereiro,Virgens Ilhas (Americanas),52155
2023,Fevereiro,Virgens Ilhas (Britânicas),115172
2023,Fevereiro,Wallis e Futuna Ilhas,4793
2023,Fevereiro,Zimbábue,185366
2023,Fevereiro,Zâmbia,346893
2023,Fevereiro,África do Sul,116615782
2023,Fevereiro,Áustria,6941316
2023,Fevereiro,Índia,219625886
2023,Janeiro,Albânia,4353511
2023,Janeiro,Alemanha,515553185
2023,Janeiro,Andorra,24847
2023,Janeiro,Angola,43522177
2023,Janeiro,Anguilla,69006
2023,Janeiro,Antígua e Barbuda,3540110
2023,Janeiro,Argentina,1029323599
2023,Janeiro,Argélia,151262274
2023,Janeiro,Armênia,454467
2023,Janeiro,Aruba,3080107
2023,Janeiro,Arábia Saudita,244407907
2023,Janeiro,Austrália,58618710
2023,Janeiro,Azerbaijão,307052
2023,Janeiro,Bahamas,11780754
2023,Janeiro,Bangladesh,118473254
2023,Janeiro,Barbados,2244835
2023,Janeiro,Barein,87496336
2023,Janeiro,Belarus,583167
2023,Janeiro,Belize,1637413
2023,Janeiro,Benin,7935552
2023,Janeiro,Bermudas,123999
2023,Janeiro,Bolívia,149442297
2023,Janeiro,Bonaire Saint Eustatius e Saba,207010
2023,Janeiro,Botsuana,434178
2023,Janeiro,Brasil,22479593
2023,Janeiro,Brunei,86445
2023,Janeiro,Bulgária,1209763
2023,Janeiro,Burkina Faso,72722
2023,Janeiro,Burundi,22082
2023,Janeiro,Butão,206920
2023,Janeiro,Bélgica,296335964
2023,Janeiro,Bósnia-Herzegovina,537928
2023,Janeiro,Cabo Verde,2439310
2023,Janeiro,Camarões,14828471
2023,Janeiro,Camboja,2342293
2023,Janeiro,Canadá,441094729
2023,Janeiro,Catar,21075724
2023,Janeiro,Cayman Ilhas,482726
2023,Janeiro,Cazaquistão,7117153
2023,Janeiro,Chade,2310235
2023,Janeiro,Chile,547618684
2023,Janeiro,China,5055734806
2023,Janeiro,Chipre,5353292
2023,Janeiro,Colômbia,456741174
2023,Janeiro,Comores,404911
2023,Janeiro,Congo,15125011
2023,Janeiro,Congo República Democrática,21795739
2023,Janeiro,Coreia do Sul,520861978
2023,Janeiro,Costa Rica,29800914
2023,Janeiro,Costa do Marfim,11858473
2023,Janeiro,Coveite (Kuweit),17194024
2023,Janeiro,Croácia,3800903
2023,Janeiro,Cuba,18286895
2023,Janeiro,Curaçao,2327307
2023,Janeiro,Dinamarca,20283352
2023,Janeiro,Djibuti,451835
2023,Janeiro,Dominica,325150
2023,Janeiro,Egito,150236226
2023,Janeiro,El Salvador,13128867
2023,Janeiro,Emirados Árabes Unidos,236104688
2023,Janeiro,Equador,115982729
2023,Janeiro,Eslováquia,1393924
2023,Janeiro,Eslovênia,9287989
2023,Janeiro,Espanha,667342139
2023,Janeiro,Estados Unidos,2706103844
2023,Janeiro,Estônia,4614448
2023,Janeiro,Etiópia,1422067
2023,Janeiro,Falkland (Malvinas),11379
2023,Janeiro,Fiji,39007
2023,Janeiro,Filipinas,86105129
2023,Janeiro,Finlândia,38189007
2023,Janeiro,França,225704603
2023,Janeiro,Gabão,3754545
2023,Janeiro,Gana,25772273
2023,Janeiro,Geórgia,25065143
2023,Janeiro,Gibraltar,94783
2023,Janeiro,Granada,1011711
2023,Janeiro,Groenlândia,23147
2023,Janeiro,Grécia,19231428
2023,Janeiro,Guadalupe,1291725
2023,Janeiro,Guam,320278
2023,Janeiro,Guatemala,50354607
2023,Janeiro,Guiana,13193144
2023,Janeiro,Guiana Francesa,283441
2023,Janeiro,Guiné,7284906
2023,Janeiro,Guiné Equatorial,1938613
2023,Janeiro,Guiné-Bissau,210499
2023,Janeiro,Gâmbia,9159531
2023,Janeiro,Haiti,4095224
2023,Janeiro,Honduras,14222953
2023,Janeiro,Hong Kong,96438546
2023,Janeiro,Hungria,13861945
2023,Janeiro,Ilha de Man,1794271
2023,Janeiro,Indonésia,269360042
2023,Janeiro,Iraque,35313855
2023,Janeiro,Irlanda,19082295
2023,Janeiro,Irã,203222658
2023,Janeiro,Islândia,21213148
2023,Janeiro,Israel,22609305
2023,Janeiro,Itália,360595423
2023,Janeiro,Iêmen,59007171
2023,Janeiro,Jamaica,4381059
2023,Janeiro,Japão,650435434
2023,Janeiro,Jersey,189
2023,Janeiro,Jordânia,33754061
2023,Janeiro,Laos,1016179
2023,Janeiro,Lesoto,13155
2023,Janeiro,Letônia,18518465
2023,Janeiro,Libéria,27803609
2023,Janeiro,Liechtenstein,1565436
2023,Janeiro,Lituânia,2511491
2023,Janeiro,Luxemburgo,2443197
2023,Janeiro,Líbano,28727567
2023,Janeiro,Líbia,26870488
2023,Janeiro,Macedônia,1042861
2023,Janeiro,Madagascar,1721159
2023,Janeiro,Malavi,875485
2023,Janeiro,Maldivas,2756024
2023,Janeiro,Mali,308915
2023,Janeiro,Malta,7083636
2023,Janeiro,Malásia,324148901
2023,Janeiro,Marrocos,126343059
2023,Janeiro,Marshall Ilhas,21100596
2023,Janeiro,Martinica,513733
2023,Janeiro,Mauritânia,38042182
2023,Janeiro,Maurício,1833506
2023,Janeiro,Mayotte,1065225
2023,Janeiro,Mianmar,1050531
2023,Janeiro,Moldávia,143029
2023,Janeiro,Mongólia,45396
2023,Janeiro,Montenegro,861942
2023,Janeiro,Montserrat,29681
2023,Janeiro,Moçambique,1838389
2023,Janeiro,México,502077381
2023,Janeiro,Mônaco,4495
2023,Janeiro,Namíbia,6050802
2023,Janeiro,Nepal,299819
2023,Janeiro,Nicarágua,17716654
2023,Janeiro,Nigéria,95165407
2023,Janeiro,Noruega,85240825
2023,Janeiro,Nova Caledônia,626388
2023,Janeiro,Nova Zelândia,5478757
2023,Janeiro,Omã,55674641
2023,Janeiro,Pacífico Ilhas do (EUA),51056
2023,Janeiro,Palau,138095
2023,Janeiro,Palestina,1598501
2023,Janeiro,Panamá,64292751
2023,Janeiro,Papua Nova Guiné,103016
2023,Janeiro,Paquistão,51501130
2023,Janeiro,Paraguai,249810400
2023,Janeiro,Países Baixos (Holanda),981303713
2023,Janeiro,Peru,170519352
2023,Janeiro,Polinésia Francesa,133804
2023,Janeiro,Polônia,57383070
2023,Janeiro,Porto Rico,20173767
2023,Janeiro,Portugal,299186434
2023,Janeiro,Quirguistão,181256
2023,Janeiro,Quênia,4083687
2023,Janeiro,Reino Unido,332798169
2023,Janeiro,República Centro-Africana,983367
2023,Janeiro,República Dominicana,71827846
2023,Janeiro,Reunião,281736
2023,Janeiro,Romênia,7085221
2023,Janeiro,Ruanda,60962
2023,Janeiro,Rússia,162878478
2023,Janeiro,Samoa,278884
2023,Janeiro,Samoa Americana,38141
2023,Janeiro,Santa Lúcia,235430
2023,Janeiro,Seicheles,1485168
2023,Janeiro,Senegal,22019486
2023,Janeiro,Serra Leoa,1356421
2023,Janeiro,Singapura,784170058
2023,Janeiro,Sint Maarten,1116932
2023,Janeiro,Somália,11402423
2023,Janeiro,Sri Lanka,2252439
2023,Janeiro,Sudão,835339
2023,Janeiro,Sudão do Sul,543958
2023,Janeiro,Suriname,3161149
2023,Janeiro,Suécia,55741262
2023,Janeiro,Suíça,109106482
2023,Janeiro,São Bartolomeu,430787
2023,Janeiro,São Cristóvão e Névis,614747
2023,Janeiro,São Martinho Ilha de (parte francesa),67354
2023,Janeiro,São Tomé e Príncipe,64288
2023,Janeiro,São Vicente e Granadinas,387835
2023,Janeiro,Sérvia,1842922
2023,Janeiro,Síria,302801
2023,Janeiro,Tadjiquistão,883914
2023,Janeiro,Tailândia,188942153
2023,Janeiro,Taiwan (Formosa),122097141
2023,Janeiro,Tanzânia,2958040
2023,Janeiro,Tcheca República,6651874
2023,Janeiro,Terras Austrais Francesas,3800
2023,Janeiro,Timor Leste,372998
2023,Janeiro,Togo,14307010
2023,Janeiro,Tonga,136599
2023,Janeiro,Trinidad e Tobago,17789518
2023,Janeiro,Tunísia,11787146
2023,Janeiro,Turcas e Caicos Ilhas,60960
2023,Janeiro,Turcomenistão,281457
2023,Janeiro,Turquia,147134223
2023,Janeiro,Ucrânia,3280573
2023,Janeiro,Uganda,1101519
2023,Janeiro,Uruguai,183373914
2023,Janeiro,Uzbequistão,45293723
2023,Janeiro,Vanuatu,58094
2023,Janeiro,Vaticano,121
2023,Janeiro,Venezuela,88129225
2023,Janeiro,Vietnã,358645489
2023,Janeiro,Virgens Ilhas (Americanas),16736592
2023,Janeiro,Virgens Ilhas (Britânicas),13402
2023,Janeiro,Zimbábue,898227
2023,Janeiro,Zâmbia,798301
2023,Janeiro,África do Sul,192155138
2023,Janeiro,Áustria,8505725
2023,Janeiro,Índia,301652826
2022,Dezembro,Afeganistão,49174
2022,Dezembro,Albânia,3963129
2022,Dezembro,Alemanha,406654848
2022,Dezembro,Andorra,1
2022,Dezembro,Angola,59659415
2022,Dezembro,Anguilla,65626
2022,Dezembro,Antígua e Barbuda,4964167
2022,Dezembro,Argentina,973189469
2022,Dezembro,Argélia,188825114
2022,Dezembro,Armênia,1619937
2022,Dezembro,Aruba,3224512
2022,Dezembro,Arábia Saudita,270585962
2022,Dezembro,Austrália,70512147
2022,Dezembro,Azerbaijão,2594627
2022,Dezembro,Bahamas,14962855
2022,Dezembro,Bangladesh,85697108
2022,Dezembro,Barbados,2228573
2022,Dezembro,Barein,103809678
2022,Dezembro,Belarus,655156
2022,Dezembro,Belize,626369
2022,Dezembro,Benin,2388672
2022,Dezembro,Bermudas,262171
2022,Dezembro,Bolívia,241645247
2022,Dezembro,Bonaire Saint Eustatius e Saba,139642
2022,Dezembro,Botsuana,382921
2022,Dezembro,Brasil,85409726
2022,Dezembro,Brunei,9723
2022,Dezembro,Bulgária,59476102
2022,Dezembro,Burkina Faso,111720
2022,Dezembro,Burundi,2282
2022,Dezembro,Butão,350666
2022,Dezembro,Bélgica,291284170
2022,Dezembro,Bósnia-Herzegovina,96945
2022,Dezembro,Cabo Verde,2954001
2022,Dezembro,Camarões,25918934
2022,Dezembro,Camboja,1739402
2022,Dezembro,Canadá,552555463
2022,Dezembro,Catar,49426544
2022,Dezembro,Cayman Ilhas,727399
2022,Dezembro,Cazaquistão,4937827
2022,Dezembro,Chade,788189
2022,Dezembro,Chile,684061970
2022,Dezembro,China,6248691904
2022,Dezembro,Chipre,8833237
2022,Dezembro,Cocos (Keeling) Ilhas,9895
2022,Dezembro,Colômbia,440710131
2022,Dezembro,Comores,173133
2022,Dezembro,Congo,4533704
2022,Dezembro,Congo República Democrática,16622881
2022,Dezembro,Cook Ilhas,7736
2022,Dezembro,Coreia do Sul,495441136
2022,Dezembro,Costa Rica,67032235
2022,Dezembro,Costa do Marfim,17613205
2022,Dezembro,Coveite (Kuweit),22559234
2022,Dezembro,Croácia,4646731
2022,Dezembro,Cuba,31272403
2022,Dezembro,Curaçao,3133599
2022,Dezembro,Dinamarca,43863752
2022,Dezembro,Djibuti,826884
2022,Dezembro,Dominica,463863
2022,Dezembro,Egito,310098783
2022,Dezembro,El Salvador,34961347
2022,Dezembro,Emirados Árabes Unidos,387945910
2022,Dezembro,Equador,88820176
2022,Dezembro,Eslováquia,3628334
2022,Dezembro,Eslovênia,17801401
2022,Dezembro,Espanha,709584245
2022,Dezembro,Estados Unidos,3586382967
2022,Dezembro,Estônia,2773956
2022,Dezembro,Etiópia,1554294
2022,Dezembro,Falkland (Malvinas),2081
2022,Dezembro,Faroe Ilhas,55
2022,Dezembro,Fiji,227036
2022,Dezembro,Filipinas,66088994
2022,Dezembro,Finlândia,49564082
2022,Dezembro,França,362152196
2022,Dezembro,Gabão,2923723
2022,Dezembro,Gana,14094941
2022,Dezembro,Geórgia,12679019
2022,Dezembro,Gibraltar,4153
2022,Dezembro,Granada,1376300
2022,Dezembro,Grécia,22215253
2022,Dezembro,Guadalupe,1120949
2022,Dezembro,Guatemala,50827999
2022,Dezembro,Guernsey,1170
2022,Dezembro,Guiana,13975659
2022,Dezembro,Guiana Francesa,504217
2022,Dezembro,Guiné,9112009
2022,Dezembro,Guiné Equatorial,1629275
2022,Dezembro,Guiné-Bissau,19804
2022,Dezembro,Gâmbia,12306835
2022,Dezembro,Haiti,1907307
2022,Dezembro,Honduras,12782269
2022,Dezembro,Hong Kong,104355855
2022,Dezembro,Hungria,3206013
2022,Dezembro,Ilha de Man,930584
2022,Dezembro,Indonésia,222715103
2022,Dezembro,Iraque,79637058
2022,Dezembro,Irlanda,40614769
2022,Dezembro,Irã,301245743
2022,Dezembro,Islândia,21010236
2022,Dezembro,Israel,113878486
2022,Dezembro,Itália,475778166
2022,Dezembro,Iêmen,14893564
2022,Dezembro,Jamaica,12036067
2022,Dezembro,Japão,577826770
2022,Dezembro,Jersey,221
2022,Dezembro,Jordânia,33938918
2022,Dezembro,Laos,376021
2022,Dezembro,Letônia,4238792
2022,Dezembro,Libéria,26859464
2022,Dezembro,Liechtenstein,2355551
2022,Dezembro,Lituânia,1546208
2022,Dezembro,Luxemburgo,2372020
2022,Dezembro,Líbano,25051258
2022,Dezembro,Líbia,47406744
2022,Dezembro,Macau,231035
2022,Dezembro,Macedônia,558238
2022,Dezembro,Madagascar,3856205
2022,Dezembro,Malavi,224501
2022,Dezembro,Maldivas,2577781
2022,Dezembro,Mali,525123
2022,Dezembro,Malta,12768743
2022,Dezembro,Malásia,283699379
2022,Dezembro,Marrocos,86561571
2022,Dezembro,Marshall Ilhas,17121099
2022,Dezembro,Martinica,831634
2022,Dezembro,Mauritânia,26134496
2022,Dezembro,Maurício,1287493
2022,Dezembro,Mayotte,1481051
2022,Dezembro,Mianmar,2823188
2022,Dezembro,Moldávia,133853
2022,Dezembro,Mongólia,237687
2022,Dezembro,Montenegro,1939523
2022,Dezembro,Montserrat,33371
2022,Dezembro,Moçambique,2697928
2022,Dezembro,México,621068326
2022,Dezembro,Namíbia,1294123
2022,Dezembro,Nauru,12597
2022,Dezembro,Nepal,75619
2022,Dezembro,Nicarágua,21776317
2022,Dezembro,Nigéria,83608390
2022,Dezembro,Norfolk Ilha,2220
2022,Dezembro,Noruega,157453341
2022,Dezembro,Nova Caledônia,3631070
2022,Dezembro,Nova Zelândia,17852292
2022,Dezembro,Níger,439055
2022,Dezembro,Omã,59352175
2022,Dezembro,Pacífico Ilhas do (EUA),50914
2022,Dezembro,Palau,2849
2022,Dezembro,Palestina,1180816
2022,Dezembro,Panamá,63118015
2022,Dezembro,Paquistão,70692799
2022,Dezembro,Paraguai,311973169
2022,Dezembro,Países Baixos (Holanda),775410458
2022,Dezembro,Peru,263194961
2022,Dezembro,Pitcairn,1755
2022,Dezembro,Polinésia Francesa,1449178
2022,Dezembro,Polônia,72276764
2022,Dezembro,Porto Rico,10958689
2022,Dezembro,Portugal,404885364
2022,Dezembro,Quirguistão,186294
2022,Dezembro,Quênia,5748454
2022,Dezembro,Reino Unido,326868048
2022,Dezembro,República Centro-Africana,4570931
2022,Dezembro,República Dominicana,49556218
2022,Dezembro,Reunião,492356
2022,Dezembro,Romênia,4755306
2022,Dezembro,Ruanda,38813
2022,Dezembro,Rússia,230229148
2022,Dezembro,Samoa,207280
2022,Dezembro,Samoa Americana,124114
2022,Dezembro,Santa Lúcia,174824
2022,Dezembro,Seicheles,796976
2022,Dezembro,Senegal,19752730
2022,Dezembro,Serra Leoa,1271271
2022,Dezembro,Singapura,616351647
2022,Dezembro,Sint Maarten,1083828
2022,Dezembro,Somália,701028
2022,Dezembro,Sri Lanka,2602154
2022,Dezembro,Sudão,1440222
2022,Dezembro,Suriname,4874011
2022,Dezembro,Suécia,55778128
2022,Dezembro,Suíça,106350720
2022,Dezembro,São Bartolomeu,233193
2022,Dezembro,São Cristóvão e Névis,195780
2022,Dezembro,São Martinho Ilha de (parte francesa),107540
2022,Dezembro,São Tomé e Príncipe,214291
2022,Dezembro,São Vicente e Granadinas,801720
2022,Dezembro,Sérvia,1789589
2022,Dezembro,Síria,1010884
2022,Dezembro,Tailândia,212691958
2022,Dezembro,Taiwan (Formosa),87575495
2022,Dezembro,Tanzânia,2916281
2022,Dezembro,Tcheca República,3717138
2022,Dezembro,Terras Austrais Francesas,83512
2022,Dezembro,Timor Leste,1086866
2022,Dezembro,Togo,13719465
2022,Dezembro,Tonga,181060
2022,Dezembro,Trinidad e Tobago,23558748
2022,Dezembro,Tunísia,32177952
2022,Dezembro,Turcas e Caicos Ilhas,102119
2022,Dezembro,Turcomenistão,250224
2022,Dezembro,Turquia,171668468
2022,Dezembro,Tuvalu,2127
2022,Dezembro,Ucrânia,3151174
2022,Dezembro,Uganda,2562786
2022,Dezembro,Uruguai,240417384
2022,Dezembro,Uzbequistão,13647113
2022,Dezembro,Venezuela,114561295
2022,Dezembro,Vietnã,256033401
2022,Dezembro,Virgens Ilhas (Americanas),25205319
2022,Dezembro,Virgens Ilhas (Britânicas),333379
2022,Dezembro,Zimbábue,229493
2022,Dezembro,Zâmbia,691049
2022,Dezembro,África do Sul,156484274
2022,Dezembro,Áustria,9311882
2022,Dezembro,Índia,647909847
2022,Novembro,Afeganistão,438707
2022,Novembro,Albânia,4929317
2022,Novembro,Alemanha,556325054
2022,Novembro,Angola,85045916
2022,Novembro,Anguilla,56
2022,Novembro,Antígua e Barbuda,2875085
2022,Novembro,Argentina,1191788164
2022,Novembro,Argélia,164103879
2022,Novembro,Armênia,716676
2022,Novembro,Aruba,6079458
2022,Novembro,Arábia Saudita,262799740
2022,Novembro,Austrália,68281972
2022,Novembro,Azerbaijão,7690348
2022,Novembro,Bahamas,79435904
2022,Novembro,Bangladesh,184559679
2022,Novembro,Barbados,4944183
2022,Novembro,Barein,109845466
2022,Novembro,Belarus,475488
2022,Novembro,Belize,1000191
2022,Novembro,Benin,3400974
2022,Novembro,Bermudas,381410
2022,Novembro,Bolívia,51655215
2022,Novembro,Bonaire Saint Eustatius e Saba,436061
2022,Novembro,Botsuana,29862
2022,Novembro,Brasil,36810084
2022,Novembro,Brunei,18075
2022,Novembro,Bulgária,18769300
2022,Novembro,Burkina Faso,2061902
2022,Novembro,Burundi,219
2022,Novembro,Butão,238123
2022,Novembro,Bélgica,375552999
2022,Novembro,Bósnia-Herzegovina,89076
2022,Novembro,Cabo Verde,2437671
2022,Novembro,Camarões,16420056
2022,Novembro,Camboja,2163745
2022,Novembro,Canadá,471595929
2022,Novembro,Catar,24772424
2022,Novembro,Cayman Ilhas,618821
2022,Novembro,Cazaquistão,6873955
2022,Novembro,Chade,826930
2022,Novembro,Chile,839890565
2022,Novembro,China,6926836099
2022,Novembro,Chipre,7569743
2022,Novembro,Colômbia,460618339
2022,Novembro,Comores,165785
2022,Novembro,Congo,6917533
2022,Novembro,Congo República Democrática,26436617
2022,Novembro,Coreia do Sul,578408099
2022,Novembro,Costa Rica,30120527
2022,Novembro,Costa do Marfim,19626978
2022,Novembro,Coveite (Kuweit),22818728
2022,Novembro,Croácia,9975971
2022,Novembro,Cuba,18017118
2022,Novembro,Curaçao,3290879
2022,Novembro,Dinamarca,46902603
2022,Novembro,Djibuti,498728
2022,Novembro,Dominica,163293
2022,Novembro,Egito,274049972
2022,Novembro,El Salvador,19012141
2022,Novembro,Emirados Árabes Unidos,281581907
2022,Novembro,Equador,103923034
2022,Novembro,Eslováquia,4584018
2022,Novembro,Eslovênia,69806510
2022,Novembro,Espanha,807938191
2022,Novembro,Estados Unidos,2836724524
2022,Novembro,Estônia,4719047
2022,Novembro,Etiópia,3677044
2022,Novembro,Faroe Ilhas,3960
2022,Novembro,Fiji,59947
2022,Novembro,Filipinas,116495292
2022,Novembro,Finlândia,51222552
2022,Novembro,França,383144763
2022,Novembro,Gabão,5654748
2022,Novembro,Gana,22682440
2022,Novembro,Geórgia,15200237
2022,Novembro,Gibraltar,49092695
2022,Novembro,Granada,1601940
2022,Novembro,Grécia,22804582
2022,Novembro,Guadalupe,724815
2022,Novembro,Guam,21920
2022,Novembro,Guatemala,55393411
2022,Novembro,Guiana,38424211
2022,Novembro,Guiana Francesa,705688
2022,Novembro,Guiné,15702968
2022,Novembro,Guiné Equatorial,1757556
2022,Novembro,Guiné-Bissau,188730
2022,Novembro,Gâmbia,10683316
2022,Novembro,Haiti,1437011
2022,Novembro,Honduras,24866791
2022,Novembro,Hong Kong,88999549
2022,Novembro,Hungria,2822702
2022,Novembro,Ilha de Man,3816
2022,Novembro,Indonésia,328894247
2022,Novembro,Iraque,88130278
2022,Novembro,Irlanda,15434076
2022,Novembro,Irã,213263460
2022,Novembro,Islândia,11622796
2022,Novembro,Israel,209241687
2022,Novembro,Itália,358793825
2022,Novembro,Iêmen,39657010
2022,Novembro,Jamaica,7999172
2022,Novembro,Japão,527936752
2022,Novembro,Jordânia,27634093
2022,Novembro,Kiribati,45504
2022,Novembro,Laos,622669
2022,Novembro,Lesoto,5011
2022,Novembro,Letônia,26150219
2022,Novembro,Libéria,34557474
2022,Novembro,Liechtenstein,945718
2022,Novembro,Lituânia,3113839
2022,Novembro,Luxemburgo,6295627
2022,Novembro,Líbano,28875895
2022,Novembro,Líbia,31421521
2022,Novembro,Macau,1269
2022,Novembro,Macedônia,1376107
2022,Novembro,Madagascar,1906742
2022,Novembro,Malavi,477280
2022,Novembro,Maldivas,2154289
2022,Novembro,Mali,64919
2022,Novembro,Malta,16597680
2022,Novembro,Malásia,358261464
2022,Novembro,Marrocos,65192563
2022,Novembro,Marshall Ilhas,29199026
2022,Novembro,Martinica,1030268
2022,Novembro,Mauritânia,12495112
2022,Novembro,Maurício,1186117
2022,Novembro,Mayotte,807880
2022,Novembro,Mianmar,2609916
2022,Novembro,Moldávia,332664
2022,Novembro,Mongólia,35881
2022,Novembro,Montenegro,1676253
2022,Novembro,Moçambique,2699027
2022,Novembro,México,696279133
2022,Novembro,Mônaco,120357
2022,Novembro,Namíbia,1839073
2022,Novembro,Nepal,199880
2022,Novembro,Nicarágua,11310429
2022,Novembro,Nigéria,66891031
2022,Novembro,Norfolk Ilha,73184
2022,Novembro,Noruega,78637632
2022,Novembro,Nova Caledônia,1238009
2022,Novembro,Nova Zelândia,8062785
2022,Novembro,Omã,87036187
2022,Novembro,Pacífico Ilhas do (EUA),32502
2022,Novembro,Palestina,2400629
2022,Novembro,Panamá,77259756
2022,Novembro,Papua Nova Guiné,413850
2022,Novembro,Paquistão,124274981
2022,Novembro,Paraguai,311137191
2022,Novembro,Países Baixos (Holanda),917292154
2022,Novembro,Peru,396043445
2022,Novembro,Polinésia Francesa,556492
2022,Novembro,Polônia,88544188
2022,Novembro,Porto Rico,20585469
2022,Novembro,Portugal,366791338
2022,Novembro,Quirguistão,7376
2022,Novembro,Quênia,6355675
2022,Novembro,Reino Unido,274000054
2022,Novembro,República Centro-Africana,590346
2022,Novembro,República Dominicana,98511315
2022,Novembro,Reunião,184843
2022,Novembro,Romênia,35355601
2022,Novembro,Ruanda,18071
2022,Novembro,Rússia,189888063
2022,Novembro,Samoa,85111
2022,Novembro,Samoa Americana,41126
2022,Novembro,San Marino,14110
2022,Novembro,Santa Lúcia,223533
2022,Novembro,Seicheles,1137061
2022,Novembro,Senegal,7347292
2022,Novembro,Serra Leoa,2806286
2022,Novembro,Singapura,865834014
2022,Novembro,Sint Maarten,1666409
2022,Novembro,Somália,533107
2022,Novembro,Sri Lanka,2147939
2022,Novembro,Sudão,317923
2022,Novembro,Sudão do Sul,156753
2022,Novembro,Suriname,4131571
2022,Novembro,Suécia,31002014
2022,Novembro,Suíça,120704054
2022,Novembro,São Bartolomeu,723674
2022,Novembro,São Cristóvão e Névis,432130
2022,Novembro,São Martinho Ilha de (parte francesa),977
2022,Novembro,São Tomé e Príncipe,581701
2022,Novembro,São Vicente e Granadinas,436085
2022,Novembro,Sérvia,6173208
2022,Novembro,Síria,1919879
2022,Novembro,Tailândia,228310894
2022,Novembro,Taiwan (Formosa),157878412
2022,Novembro,Tanzânia,1456649
2022,Novembro,Tcheca República,7528591
2022,Novembro,Terras Austrais Francesas,41303
2022,Novembro,Timor Leste,974427
2022,Novembro,Togo,8533403
2022,Novembro,Tonga,215471
2022,Novembro,Trinidad e Tobago,6690943
2022,Novembro,Tunísia,29348685
2022,Novembro,Turcas e Caicos Ilhas,39718
2022,Novembro,Turcomenistão,471528
2022,Novembro,Turquia,207279213
2022,Novembro,Tuvalu,60445
2022,Novembro,Ucrânia,5781709
2022,Novembro,Uganda,434333
2022,Novembro,Uruguai,306667617
2022,Novembro,Uzbequistão,13243145
2022,Novembro,Venezuela,108510677
2022,Novembro,Vietnã,394889316
2022,Novembro,Virgens Ilhas (Americanas),7443
2022,Novembro,Virgens Ilhas (Britânicas),174657
2022,Novembro,Zimbábue,617155
2022,Novembro,Zâmbia,743124
2022,Novembro,África do Sul,210859924
2022,Novembro,Áustria,6909947
2022,Novembro,Índia,525084649
2022,Outubro,Afeganistão,362770
2022,Outubro,Albânia,5127715
2022,Outubro,Alemanha,596726713
2022,Outubro,Angola,55422213
2022,Outubro,Anguilla,230606
2022,Outubro,Antártica,196627
2022,Outubro,Antígua e Barbuda,5149111
2022,Outubro,Argentina,1301337286
2022,Outubro,Argélia,167855502
2022,Outubro,Armênia,847063
2022,Outubro,Aruba,4025886
2022,Outubro,Arábia Saudita,260794512
2022,Outubro,Austrália,47339987
2022,Outubro,Azerbaijão,2681020
2022,Outubro,Bahamas,16255520
2022,Outubro,Bangladesh,179908335
2022,Outubro,Barbados,1669441
2022,Outubro,Barein,68316338
2022,Outubro,Belarus,597264
2022,Outubro,Belize,1643259
2022,Outubro,Benin,6062644
2022,Outubro,Bermudas,444086
2022,Outubro,Bolívia,128876775
2022,Outubro,Bonaire Saint Eustatius e Saba,430222
2022,Outubro,Botsuana,119243
2022,Outubro,Bouvet Ilha,218
2022,Outubro,Brasil,20074657
2022,Outubro,Brunei,99835
2022,Outubro,Bulgária,9499669
2022,Outubro,Burkina Faso,9684
2022,Outubro,Butão,314718
2022,Outubro,Bélgica,288034355
2022,Outubro,Bósnia-Herzegovina,21721
2022,Outubro,Cabo Verde,1568107
2022,Outubro,Camarões,14052623
2022,Outubro,Camboja,1838447
2022,Outubro,Canadá,455557100
2022,Outubro,Catar,26935850
2022,Outubro,Cayman Ilhas,456569
2022,Outubro,Cazaquistão,2993460
2022,Outubro,Chade,812537
2022,Outubro,Chile,707974495
2022,Outubro,China,6606458362
2022,Outubro,Chipre,9176653
2022,Outubro,Cocos (Keeling) Ilhas,4566
2022,Outubro,Colômbia,445161532
2022,Outubro,Comores,159990
2022,Outubro,Congo,3453380
2022,Outubro,Congo República Democrática,6696266
2022,Outubro,Cook Ilhas,21115
2022,Outubro,Coreia do Sul,476467501
2022,Outubro,Costa Rica,84841563
2022,Outubro,Costa do Marfim,20895358
2022,Outubro,Coveite (Kuweit),35771315
2022,Outubro,Croácia,19586881
2022,Outubro,Cuba,23814108
2022,Outubro,Curaçao,3880104
2022,Outubro,Dinamarca,46208219
2022,Outubro,Djibuti,2213537
2022,Outubro,Dominica,560424
2022,Outubro,Egito,227795578
2022,Outubro,El Salvador,26332996
2022,Outubro,Emirados Árabes Unidos,348615111
2022,Outubro,Equador,83887021
2022,Outubro,Eslováquia,1859700
2022,Outubro,Eslovênia,34303381
2022,Outubro,Espanha,698311752
2022,Outubro,Estados Unidos,3150340888
2022,Outubro,Estônia,1285272
2022,Outubro,Etiópia,2392168
2022,Outubro,Faroe Ilhas,39568
2022,Outubro,Fiji,1333
2022,Outubro,Filipinas,223443462
2022,Outubro,Finlândia,60438158
2022,Outubro,França,226572024
2022,Outubro,Gabão,3615410
2022,Outubro,Gana,37488772
2022,Outubro,Geórgia,30577381
2022,Outubro,Gibraltar,221377
2022,Outubro,Granada,1036435
2022,Outubro,Grécia,21316250
2022,Outubro,Guadalupe,647536
2022,Outubro,Guam,495
2022,Outubro,Guatemala,90759088
2022,Outubro,Guiana,6286778
2022,Outubro,Guiana Francesa,939398
2022,Outubro,Guiné,9696836
2022,Outubro,Guiné Equatorial,2041635
2022,Outubro,Guiné-Bissau,413976
2022,Outubro,Gâmbia,4511170
2022,Outubro,Haiti,3835929
2022,Outubro,Honduras,16761733
2022,Outubro,Hong Kong,106012011
2022,Outubro,Hungria,4232551
2022,Outubro,Ilha de Man,1456657
2022,Outubro,Indonésia,228578350
2022,Outubro,Iraque,49525224
2022,Outubro,Irlanda,44761470
2022,Outubro,Irã,264482676
2022,Outubro,Islândia,77189
2022,Outubro,Israel,93653918
2022,Outubro,Itália,427854811
2022,Outubro,Iêmen,57755573
2022,Outubro,Jamaica,7476631
2022,Outubro,Japão,824303620
2022,Outubro,Jordânia,30956567
2022,Outubro,Kiribati,25766
2022,Outubro,Laos,99732
2022,Outubro,Letônia,15623388
2022,Outubro,Libéria,38626257
2022,Outubro,Liechtenstein,2198764
2022,Outubro,Lituânia,1601738
2022,Outubro,Luxemburgo,2885061
2022,Outubro,Líbano,15262456
2022,Outubro,Líbia,17067077
2022,Outubro,Macau,108043
2022,Outubro,Macedônia,841785
2022,Outubro,Madagascar,1914990
2022,Outubro,Malavi,779502
2022,Outubro,Maldivas,2388859
2022,Outubro,Mali,451700
2022,Outubro,Malta,16187077
2022,Outubro,Malásia,381066713
2022,Outubro,Marrocos,123150965
2022,Outubro,Marshall Ilhas,26194001
2022,Outubro,Martinica,987663
2022,Outubro,Mauritânia,21672339
2022,Outubro,Maurício,4339585
2022,Outubro,Mayotte,1464731
2022,Outubro,Mianmar,12161072
2022,Outubro,Moldávia,366720
2022,Outubro,Mongólia,168958
2022,Outubro,Montenegro,1615965
2022,Outubro,Montserrat,67445
2022,Outubro,Moçambique,1430060
2022,Outubro,México,603716981
2022,Outubro,Mônaco,108
2022,Outubro,Namíbia,795620
2022,Outubro,Nepal,60157
2022,Outubro,Nicarágua,22846844
2022,Outubro,Nigéria,94646046
2022,Outubro,Niue,989
2022,Outubro,Noruega,157949954
2022,Outubro,Nova Caledônia,678970
2022,Outubro,Nova Zelândia,3317551
2022,Outubro,Níger,729548
2022,Outubro,Omã,90727243
2022,Outubro,Pacífico Ilhas do (EUA),14529
2022,Outubro,Palestina,1683133
2022,Outubro,Panamá,74345301
2022,Outubro,Papua Nova Guiné,54560
2022,Outubro,Paquistão,99586735
2022,Outubro,Paraguai,312798181
2022,Outubro,Países Baixos (Holanda),1199518506
2022,Outubro,Peru,244918848
2022,Outubro,Polinésia Francesa,264327
2022,Outubro,Polônia,54574874
2022,Outubro,Porto Rico,13905882
2022,Outubro,Portugal,148178259
2022,Outubro,Quirguistão,13474
2022,Outubro,Quênia,9105427
2022,Outubro,Reino Unido,309377163
2022,Outubro,República Centro-Africana,506785
2022,Outubro,República Dominicana,114076639
2022,Outubro,Reunião,196135
2022,Outubro,Romênia,6446562
2022,Outubro,Ruanda,723886
2022,Outubro,Rússia,146761960
2022,Outubro,Samoa,146750
2022,Outubro,Samoa Americana,14400
2022,Outubro,Santa Lúcia,238972
2022,Outubro,Seicheles,1180003
2022,Outubro,Senegal,34724107
2022,Outubro,Serra Leoa,4518516
2022,Outubro,Singapura,537078169
2022,Outubro,Sint Maarten,657907
2022,Outubro,Somália,2916023
2022,Outubro,Sri Lanka,1716989
2022,Outubro,Sudão,3405694
2022,Outubro,Sudão do Sul,312677
2022,Outubro,Suriname,4890236
2022,Outubro,Suécia,95301059
2022,Outubro,Suíça,80414805
2022,Outubro,São Bartolomeu,489249
2022,Outubro,São Cristóvão e Névis,218063
2022,Outubro,São Tomé e Príncipe,265646
2022,Outubro,São Vicente e Granadinas,272701
2022,Outubro,Sérvia,1301469
2022,Outubro,Síria,3183841
2022,Outubro,Tailândia,233633636
2022,Outubro,Taiwan (Formosa),60686815
2022,Outubro,Tanzânia,1646534
2022,Outubro,Tcheca República,4056434
2022,Outubro,Terras Austrais Francesas,117550
2022,Outubro,Território Britânico do Oceano Índico,175
2022,Outubro,Timor Leste,1003371
2022,Outubro,Togo,8740987
2022,Outubro,Tonga,78897
2022,Outubro,Trinidad e Tobago,26871711
2022,Outubro,Tunísia,9958093
2022,Outubro,Turcas e Caicos Ilhas,223045
2022,Outubro,Turcomenistão,1331778
2022,Outubro,Turquia,225165894
2022,Outubro,Ucrânia,2975930
2022,Outubro,Uganda,212261
2022,Outubro,Uruguai,218232497
2022,Outubro,Uzbequistão,25949086
2022,Outubro,Venezuela,105479982
2022,Outubro,Vietnã,341920777
2022,Outubro,Virgens Ilhas (Americanas),60599583
2022,Outubro,Virgens Ilhas (Britânicas),149711
2022,Outubro,Zimbábue,256451
2022,Outubro,Zâmbia,193932
2022,Outubro,África do Sul,73285288
2022,Outubro,Áustria,6616066
2022,Outubro,Índia,641642196
2022,Setembro,Afeganistão,57532
2022,Setembro,Albânia,5165399
2022,Setembro,Alemanha,565892481
2022,Setembro,Angola,47732690
2022,Setembro,Anguilla,69427
2022,Setembro,Antígua e Barbuda,2484529
2022,Setembro,Argentina,1456164563
2022,Setembro,Argélia,77785346
2022,Setembro,Armênia,1067964
2022,Setembro,Aruba,5512688
2022,Setembro,Arábia Saudita,243842080
2022,Setembro,Austrália,61196646
2022,Setembro,Azerbaijão,2530889
2022,Setembro,Bahamas,16794533
2022,Setembro,Bangladesh,170501429
2022,Setembro,Barbados,4293018
2022,Setembro,Barein,84280976
2022,Setembro,Belarus,531506
2022,Setembro,Belize,1294040
2022,Setembro,Benin,11152482
2022,Setembro,Bermudas,327606
2022,Setembro,Bolívia,166998171
2022,Setembro,Bonaire Saint Eustatius e Saba,844415
2022,Setembro,Botsuana,222504
2022,Setembro,Brasil,24943
2022,Setembro,Brunei,101301
2022,Setembro,Bulgária,95829517
2022,Setembro,Burkina Faso,908487
2022,Setembro,Burundi,411
2022,Setembro,Butão,256928
2022,Setembro,Bélgica,350316689
2022,Setembro,Bósnia-Herzegovina,41168
2022,Setembro,Cabo Verde,2584197
2022,Setembro,Camarões,11799000
2022,Setembro,Camboja,2524024
2022,Setembro,Canadá,473451507
2022,Setembro,Catar,28581007
2022,Setembro,Cayman Ilhas,954909
2022,Setembro,Cazaquistão,1205778
2022,Setembro,Chade,907630
2022,Setembro,Chile,752275825
2022,Setembro,China,6764397448
2022,Setembro,Chipre,6453998
2022,Setembro,Cocos (Keeling) Ilhas,5841
2022,Setembro,Colômbia,461978763
2022,Setembro,Comores,257886
2022,Setembro,Congo,6342854
2022,Setembro,Congo República Democrática,19464072
2022,Setembro,Cook Ilhas,767530
2022,Setembro,Coreia do Sul,525623878
2022,Setembro,Costa Rica,38690734
2022,Setembro,Costa do Marfim,13087331
2022,Setembro,Coveite (Kuweit),34367110
2022,Setembro,Croácia,1688658
2022,Setembro,Cuba,47739403
2022,Setembro,Curaçao,3964655
2022,Setembro,Dinamarca,44106122
2022,Setembro,Djibuti,3327381
2022,Setembro,Dominica,449055
2022,Setembro,Egito,236408741
2022,Setembro,El Salvador,30803149
2022,Setembro,Emirados Árabes Unidos,297329799
2022,Setembro,Equador,95353813
2022,Setembro,Eslováquia,1047504
2022,Setembro,Eslovênia,63475791
2022,Setembro,Espanha,917384397
2022,Setembro,Estados Unidos,3379994612
2022,Setembro,Estônia,5995369
2022,Setembro,Etiópia,3553533
2022,Setembro,Faroe Ilhas,742
2022,Setembro,Fiji,354722
2022,Setembro,Filipinas,155394727
2022,Setembro,Finlândia,55390362
2022,Setembro,França,398499596
2022,Setembro,Gabão,3654736
2022,Setembro,Gana,36188422
2022,Setembro,Geórgia,33953746
2022,Setembro,Gibraltar,68544328
2022,Setembro,Granada,1951038
2022,Setembro,Groenlândia,39
2022,Setembro,Grécia,27773144
2022,Setembro,Guadalupe,1266881
2022,Setembro,Guam,351429
2022,Setembro,Guatemala,57547135
2022,Setembro,Guiana,23084989
2022,Setembro,Guiana Francesa,532509
2022,Setembro,Guiné,11584391
2022,Setembro,Guiné Equatorial,1453260
2022,Setembro,Guiné-Bissau,9413
2022,Setembro,Gâmbia,2833726
2022,Setembro,Haiti,6746329
2022,Setembro,Honduras,17273350
2022,Setembro,Hong Kong,118340839
2022,Setembro,Hungria,5060681
2022,Setembro,Ilha de Man,1141915
2022,Setembro,Indonésia,338137606
2022,Setembro,Iraque,67322742
2022,Setembro,Irlanda,48913502
2022,Setembro,Irã,629498884
2022,Setembro,Islândia,45099754
2022,Setembro,Israel,84961185
2022,Setembro,Itália,348633482
2022,Setembro,Iêmen,21394496
2022,Setembro,Jamaica,90887505
2022,Setembro,Japão,652450201
2022,Setembro,Jordânia,44909216
2022,Setembro,Kiribati,124244
2022,Setembro,Laos,16879
2022,Setembro,Lesoto,9419
2022,Setembro,Letônia,14315466
2022,Setembro,Libéria,49362105
2022,Setembro,Liechtenstein,1334091
2022,Setembro,Lituânia,4402065
2022,Setembro,Luxemburgo,4676204
2022,Setembro,Líbano,29286755
2022,Setembro,Líbia,30880233
2022,Setembro,Macau,401828
2022,Setembro,Macedônia,2639931
2022,Setembro,Madagascar,23012728
2022,Setembro,Malavi,587183
2022,Setembro,Maldivas,2958467
2022,Setembro,Mali,459367
2022,Setembro,Malta,14198384
2022,Setembro,Malásia,422061998
2022,Setembro,Marrocos,106446539
2022,Setembro,Marshall Ilhas,37918349
2022,Setembro,Martinica,3083988
2022,Setembro,Mauritânia,19571235
2022,Setembro,Maurício,1738228
2022,Setembro,Mayotte,699878
2022,Setembro,Mianmar,16191872
2022,Setembro,Moldávia,703935
2022,Setembro,Mongólia,338023
2022,Setembro,Montenegro,1527522
2022,Setembro,Montserrat,26207
2022,Setembro,Moçambique,8878697
2022,Setembro,México,595612451
2022,Setembro,Mônaco,841
2022,Setembro,Namíbia,1071176
2022,Setembro,Nauru,659
2022,Setembro,Nepal,384570
2022,Setembro,Nicarágua,11331520
2022,Setembro,Nigéria,62841584
2022,Setembro,Norfolk Ilha,348896
2022,Setembro,Noruega,84839508
2022,Setembro,Nova Caledônia,1679699
2022,Setembro,Nova Zelândia,15866060
2022,Setembro,Omã,70123243
2022,Setembro,Pacífico Ilhas do (EUA),128
2022,Setembro,Palestina,1513935
2022,Setembro,Panamá,88213599
2022,Setembro,Papua Nova Guiné,11237
2022,Setembro,Paquistão,92894957
2022,Setembro,Paraguai,319199189
2022,Setembro,Países Baixos (Holanda),1117656280
2022,Setembro,Peru,255445340
2022,Setembro,Polinésia Francesa,1337372
2022,Setembro,Polônia,124898780
2022,Setembro,Porto Rico,25864086
2022,Setembro,Portugal,479974408
2022,Setembro,Quirguistão,23370
2022,Setembro,Quênia,6837507
2022,Setembro,Reino Unido,371744794
2022,Setembro,República Centro-Africana,233004
2022,Setembro,República Dominicana,66112130
2022,Setembro,Reunião,809061
2022,Setembro,Romênia,30507144
2022,Setembro,Ruanda,282964
2022,Setembro,Rússia,115153549
2022,Setembro,Salomão Ilhas,60703
2022,Setembro,Samoa,220922
2022,Setembro,Samoa Americana,35084
2022,Setembro,San Marino,20616
2022,Setembro,Santa Lúcia,295903
2022,Setembro,Seicheles,747469
2022,Setembro,Senegal,12846529
2022,Setembro,Serra Leoa,2555069
2022,Setembro,Singapura,418656476
2022,Setembro,Sint Maarten,988834
2022,Setembro,Somália,16241246
2022,Setembro,Sri Lanka,1580594
2022,Setembro,Sudão,767208
2022,Setembro,Sudão do Sul,452336
2022,Setembro,Suriname,3735446
2022,Setembro,Suécia,56173621
2022,Setembro,Suíça,96878517
2022,Setembro,São Bartolomeu,180958
2022,Setembro,São Cristóvão e Névis,582512
2022,Setembro,São Martinho Ilha de (parte francesa),194916
2022,Setembro,São Tomé e Príncipe,62178
2022,Setembro,São Vicente e Granadinas,1753904
2022,Setembro,Sérvia,7404744
2022,Setembro,Síria,398112
2022,Setembro,Tailândia,339240831
2022,Setembro,Taiwan (Formosa),183332264
2022,Setembro,Tanzânia,3269257
2022,Setembro,Tcheca República,5810975
2022,Setembro,Terras Austrais Francesas,101467
2022,Setembro,Timor Leste,1620271
2022,Setembro,Togo,16038522
2022,Setembro,Tonga,254530
2022,Setembro,Trinidad e Tobago,40111313
2022,Setembro,Tunísia,38624973
2022,Setembro,Turcas e Caicos Ilhas,253806
2022,Setembro,Turcomenistão,630581
2022,Setembro,Turquia,244554385
2022,Setembro,Ucrânia,6671311
2022,Setembro,Uganda,1063384
2022,Setembro,Uruguai,220304987
2022,Setembro,Uzbequistão,14836363
2022,Setembro,Vaticano,39156
2022,Setembro,Venezuela,123410592
2022,Setembro,Vietnã,203686900
2022,Setembro,Virgens Ilhas (Americanas),59078504
2022,Setembro,Virgens Ilhas (Britânicas),98250
2022,Setembro,Wallis e Futuna Ilhas,9765
2022,Setembro,Zimbábue,727327
2022,Setembro,Zâmbia,1025537
2022,Setembro,África do Sul,108339128
2022,Setembro,Áustria,8146035
2022,Setembro,Índia,548848286
2022,Agosto,Afeganistão,58243
2022,Agosto,Albânia,9047324
2022,Agosto,Alemanha,510295326
2022,Agosto,Angola,50265314
2022,Agosto,Anguilla,65811
2022,Agosto,Antígua e Barbuda,6238533
2022,Agosto,Argentina,1563061855
2022,Agosto,Argélia,69076141
2022,Agosto,Armênia,601734
2022,Agosto,Aruba,3957801
2022,Agosto,Arábia Saudita,262118971
2022,Agosto,Austrália,82314429
2022,Agosto,Azerbaijão,2286101
2022,Agosto,Bahamas,90415650
2022,Agosto,Bangladesh,120230801
2022,Agosto,Barbados,2342893
2022,Agosto,Barein,205373973
2022,Agosto,Belarus,340713
2022,Agosto,Belize,1693863
2022,Agosto,Benin,8166021
2022,Agosto,Bermudas,297282
2022,Agosto,Bolívia,173843417
2022,Agosto,Bonaire Saint Eustatius e Saba,321800
2022,Agosto,Botsuana,14208
2022,Agosto,Brasil,1013978
2022,Agosto,Brunei,184992
2022,Agosto,Bulgária,3062906
2022,Agosto,Burkina Faso,103236
2022,Agosto,Burundi,324
2022,Agosto,Butão,172063
2022,Agosto,Bélgica,264125070
2022,Agosto,Bósnia-Herzegovina,466689
2022,Agosto,Cabo Verde,2461894
2022,Agosto,Camarões,13147400
2022,Agosto,Camboja,2039414
2022,Agosto,Canadá,496739353
2022,Agosto,Catar,36432301
2022,Agosto,Cayman Ilhas,361611
2022,Agosto,Cazaquistão,1454962
2022,Agosto,Chade,174551
2022,Agosto,Chile,929888062
2022,Agosto,China,7948753350
2022,Agosto,Chipre,12853802
2022,Agosto,Colômbia,649249566
2022,Agosto,Comores,781718
2022,Agosto,Congo,6030456
2022,Agosto,Congo República Democrática,8801881
2022,Agosto,Coreia do Sul,749803113
2022,Agosto,Costa Rica,82884591
2022,Agosto,Costa do Marfim,15044350
2022,Agosto,Coveite (Kuweit),24253429
2022,Agosto,Croácia,4000666
2022,Agosto,Cuba,21378238
2022,Agosto,Curaçao,3348916
2022,Agosto,Dinamarca,58521824
2022,Agosto,Djibuti,3962130
2022,Agosto,Dominica,374958
2022,Agosto,Egito,335294322
2022,Agosto,El Salvador,38014890
2022,Agosto,Emirados Árabes Unidos,204387035
2022,Agosto,Equador,101989334
2022,Agosto,Eritreia,16821
2022,Agosto,Eslováquia,2279532
2022,Agosto,Eslovênia,14580049
2022,Agosto,Espanha,910318999
2022,Agosto,Estados Unidos,3590806549
2022,Agosto,Estônia,3529522
2022,Agosto,Etiópia,3447280
2022,Agosto,Falkland (Malvinas),130698
2022,Agosto,Fiji,32958
2022,Agosto,Filipinas,139004492
2022,Agosto,Finlândia,28633978
2022,Agosto,França,320686689
2022,Agosto,Gabão,2527660
2022,Agosto,Gana,32863382
2022,Agosto,Geórgia,26556335
2022,Agosto,Gibraltar,21578
2022,Agosto,Granada,1289891
2022,Agosto,Grécia,26246088
2022,Agosto,Guadalupe,550275
2022,Agosto,Guam,548251
2022,Agosto,Guatemala,86732001
2022,Agosto,Guernsey,73
2022,Agosto,Guiana,45315069
2022,Agosto,Guiana Francesa,513536
2022,Agosto,Guiné,11195186
2022,Agosto,Guiné Equatorial,2538412
2022,Agosto,Guiné-Bissau,74795
2022,Agosto,Gâmbia,9298433
2022,Agosto,Haiti,8107192
2022,Agosto,Heard e ilhas mcdonald Ilha,302336
2022,Agosto,Honduras,26473972
2022,Agosto,Hong Kong,122070871
2022,Agosto,Hungria,4097851
2022,Agosto,Ilha de Man,2383043
2022,Agosto,Indonésia,357270345
2022,Agosto,Iraque,51139767
2022,Agosto,Irlanda,28897514
2022,Agosto,Irã,851415887
2022,Agosto,Islândia,11327864
2022,Agosto,Israel,192737944
2022,Agosto,Itália,462908099
2022,Agosto,Iêmen,43154171
2022,Agosto,Jamaica,3141545
2022,Agosto,Japão,717556794
2022,Agosto,Jersey,259
2022,Agosto,Jordânia,40609728
2022,Agosto,Kiribati,58590
2022,Agosto,Laos,43967
2022,Agosto,Lesoto,6004
2022,Agosto,Letônia,4681542
2022,Agosto,Libéria,44490609
2022,Agosto,Liechtenstein,1361658
2022,Agosto,Lituânia,3256289
2022,Agosto,Luxemburgo,5377594
2022,Agosto,Líbano,14801638
2022,Agosto,Líbia,16315273
2022,Agosto,Macau,435582
2022,Agosto,Macedônia,1103576
2022,Agosto,Madagascar,1384603
2022,Agosto,Malavi,112258
2022,Agosto,Maldivas,2602111
2022,Agosto,Mali,1029859
2022,Agosto,Malta,18067422
2022,Agosto,Malásia,199595593
2022,Agosto,Marrocos,106523959
2022,Agosto,Marshall Ilhas,44051887
2022,Agosto,Martinica,638472
2022,Agosto,Mauritânia,5247831
2022,Agosto,Maurício,11294902
2022,Agosto,Mayotte,460480
2022,Agosto,Mianmar,2181953
2022,Agosto,Micronésia,81133
2022,Agosto,Moldávia,118025
2022,Agosto,Mongólia,104687
2022,Agosto,Montenegro,2368964
2022,Agosto,Moçambique,2258632
2022,Agosto,México,743646851
2022,Agosto,Mônaco,1476
2022,Agosto,Namíbia,1910489
2022,Agosto,Nauru,149
2022,Agosto,Nepal,32023
2022,Agosto,Nicarágua,21005432
2022,Agosto,Nigéria,51203244
2022,Agosto,Niue,1176
2022,Agosto,Norfolk Ilha,154560
2022,Agosto,Noruega,128490133
2022,Agosto,Nova Caledônia,1545710
2022,Agosto,Nova Zelândia,6971077
2022,Agosto,Omã,110009792
2022,Agosto,Pacífico Ilhas do (EUA),11264
2022,Agosto,Palestina,4706084
2022,Agosto,Panamá,87309844
2022,Agosto,Papua Nova Guiné,167025
2022,Agosto,Paquistão,43103149
2022,Agosto,Paraguai,325106969
2022,Agosto,Países Baixos (Holanda),1120568621
2022,Agosto,Peru,379195071
2022,Agosto,Polinésia Francesa,750396
2022,Agosto,Polônia,98897546
2022,Agosto,Porto Rico,30215112
2022,Agosto,Portugal,358168959
2022,Agosto,Quirguistão,73212
2022,Agosto,Quênia,4191748
2022,Agosto,Reino Unido,346115707
2022,Agosto,República Centro-Africana,143750
2022,Agosto,República Dominicana,115099208
2022,Agosto,Reunião,478541
2022,Agosto,Romênia,20268461
2022,Agosto,Ruanda,79612
2022,Agosto,Rússia,120866673
2022,Agosto,Samoa,262274
2022,Agosto,Samoa Americana,16632
2022,Agosto,Santa Lúcia,163157
2022,Agosto,Seicheles,1001008
2022,Agosto,Senegal,11952928
2022,Agosto,Serra Leoa,4277582
2022,Agosto,Singapura,769657725
2022,Agosto,Sint Maarten,1130863
2022,Agosto,Somália,10582877
2022,Agosto,Sri Lanka,2456216
2022,Agosto,Sudão,2085590
2022,Agosto,Sudão do Sul,292880
2022,Agosto,Suriname,3514054
2022,Agosto,Suécia,64999020
2022,Agosto,Suíça,130483287
2022,Agosto,São Bartolomeu,204150
2022,Agosto,São Cristóvão e Névis,344749
2022,Agosto,São Martinho Ilha de (parte francesa),11485
2022,Agosto,São Tomé e Príncipe,226728
2022,Agosto,São Vicente e Granadinas,492853
2022,Agosto,Sérvia,3644296
2022,Agosto,Síria,325243
2022,Agosto,Tailândia,197814359
2022,Agosto,Taiwan (Formosa),129479818
2022,Agosto,Tanzânia,2060930
2022,Agosto,Tcheca República,2437437
2022,Agosto,Terras Austrais Francesas,289778
2022,Agosto,Timor Leste,2101096
2022,Agosto,Togo,6248674
2022,Agosto,Tonga,649209
2022,Agosto,Trinidad e Tobago,10340240
2022,Agosto,Tunísia,19446809
2022,Agosto,Turcas e Caicos Ilhas,350676
2022,Agosto,Turcomenistão,452671
2022,Agosto,Turquia,216594606
2022,Agosto,Ucrânia,5715324
2022,Agosto,Uganda,312476
2022,Agosto,Uruguai,233901042
2022,Agosto,Uzbequistão,6320646
2022,Agosto,Vanuatu,40324
2022,Agosto,Vaticano,1901
2022,Agosto,Venezuela,164050700
2022,Agosto,Vietnã,235037056
2022,Agosto,Virgens Ilhas (Americanas),111691
2022,Agosto,Virgens Ilhas (Britânicas),96602
2022,Agosto,Wallis e Futuna Ilhas,5434
2022,Agosto,Zimbábue,383099
2022,Agosto,Zâmbia,298048
2022,Agosto,África do Sul,78283230
2022,Agosto,Áustria,7924415
2022,Agosto,Índia,480171496
2022,Julho,Afeganistão,69537
2022,Julho,Albânia,10478526
2022,Julho,Alemanha,419011716
2022,Julho,Andorra,25925
2022,Julho,Angola,61955960
2022,Julho,Anguilla,132490
2022,Julho,Antígua e Barbuda,5764972
2022,Julho,Argentina,1375886419
2022,Julho,Argélia,132741833
2022,Julho,Armênia,344798
2022,Julho,Aruba,2716612
2022,Julho,Arábia Saudita,344497486
2022,Julho,Austrália,64682172
2022,Julho,Azerbaijão,1680033
2022,Julho,Bahamas,9498562
2022,Julho,Bangladesh,212555786
2022,Julho,Barbados,3945879
2022,Julho,Barein,106581929
2022,Julho,Belarus,336418
2022,Julho,Belize,1127705
2022,Julho,Benin,4886812
2022,Julho,Bermudas,1285864
2022,Julho,Bolívia,163550819
2022,Julho,Bonaire Saint Eustatius e Saba,231194
2022,Julho,Botsuana,29970
2022,Julho,Brasil,6203
2022,Julho,Brunei,75729
2022,Julho,Bulgária,2361323
2022,Julho,Burkina Faso,134406
2022,Julho,Bélgica,361475804
2022,Julho,Bósnia-Herzegovina,210359
2022,Julho,Cabo Verde,2430145
2022,Julho,Camarões,7225283
2022,Julho,Camboja,2407787
2022,Julho,Canadá,450285662
2022,Julho,Catar,32593526
2022,Julho,Cayman Ilhas,2070822
2022,Julho,Cazaquistão,3405480
2022,Julho,Chade,425479
2022,Julho,Chile,1059910401
2022,Julho,China,7873786885
2022,Julho,Chipre,10591734
2022,Julho,Colômbia,479102745
2022,Julho,Comores,732807
2022,Julho,Congo,4034673
2022,Julho,Congo República Democrática,12510087
2022,Julho,Coreia do Sul,388048484
2022,Julho,Costa Rica,41606989
2022,Julho,Costa do Marfim,16252830
2022,Julho,Coveite (Kuweit),32085185
2022,Julho,Croácia,15599512
2022,Julho,Cuba,26653435
2022,Julho,Curaçao,3594544
2022,Julho,Dinamarca,24345722
2022,Julho,Djibuti,2983149
2022,Julho,Dominica,505113
2022,Julho,Egito,115470725
2022,Julho,El Salvador,12557978
2022,Julho,Emirados Árabes Unidos,357306400
2022,Julho,Equador,76778620
2022,Julho,Eslováquia,2074001
2022,Julho,Eslovênia,54208754
2022,Julho,Espanha,942582706
2022,Julho,Estados Unidos,3298380519
2022,Julho,Estônia,4867312
2022,Julho,Etiópia,3087615
2022,Julho,Fiji,307218
2022,Julho,Filipinas,99607575
2022,Julho,Finlândia,30705074
2022,Julho,França,269624207
2022,Julho,Gabão,2968356
2022,Julho,Gana,21878872
2022,Julho,Geórgia,41584194
2022,Julho,Geórgia do Sul e Sandwich do Sul Ilhas,71526
2022,Julho,Gibraltar,29245
2022,Julho,Granada,1565278
2022,Julho,Grécia,31976225
2022,Julho,Guadalupe,1150232
2022,Julho,Guatemala,42767389
2022,Julho,Guiana,46389292
2022,Julho,Guiana Francesa,756557
2022,Julho,Guiné,7852527
2022,Julho,Guiné Equatorial,1918277
2022,Julho,Guiné-Bissau,254850
2022,Julho,Gâmbia,1899079
2022,Julho,Haiti,5997702
2022,Julho,Honduras,26149704
2022,Julho,Hong Kong,112355131
2022,Julho,Hungria,3828504
2022,Julho,Ilha de Man,1176273
2022,Julho,Indonésia,268716643
2022,Julho,Iraque,40909206
2022,Julho,Irlanda,37648883
2022,Julho,Irã,529241598
2022,Julho,Islândia,32308015
2022,Julho,Israel,101801045
2022,Julho,Itália,353246792
2022,Julho,Iêmen,45918376
2022,Julho,Jamaica,8054242
2022,Julho,Japão,622323310
2022,Julho,Jersey,429
2022,Julho,Jordânia,50371029
2022,Julho,Kiribati,77700
2022,Julho,Letônia,42176842
2022,Julho,Libéria,46508473
2022,Julho,Liechtenstein,1666987
2022,Julho,Lituânia,2690892
2022,Julho,Luxemburgo,3799493
2022,Julho,Líbano,26636636
2022,Julho,Líbia,25550224
2022,Julho,Macau,164008
2022,Julho,Macedônia,834529
2022,Julho,Madagascar,4382415
2022,Julho,Malavi,10840
2022,Julho,Maldivas,3194342
2022,Julho,Mali,813038
2022,Julho,Malta,17632102
2022,Julho,Malásia,300274046
2022,Julho,Marrocos,88133822
2022,Julho,Marshall Ilhas,49996687
2022,Julho,Martinica,1125922
2022,Julho,Mauritânia,12932474
2022,Julho,Maurício,1832857
2022,Julho,Mayotte,1845300
2022,Julho,Mianmar,2830630
2022,Julho,Micronésia,87833
2022,Julho,Moldávia,153837
2022,Julho,Mongólia,55604
2022,Julho,Montenegro,2413968
2022,Julho,Montserrat,17372
2022,Julho,Moçambique,5399729
2022,Julho,México,528447273
2022,Julho,Mônaco,186
2022,Julho,Namíbia,1797485
2022,Julho,Nepal,9000
2022,Julho,Nicarágua,16304076
2022,Julho,Nigéria,60343144
2022,Julho,Niue,500890
2022,Julho,Norfolk Ilha,18850
2022,Julho,Noruega,78264984
2022,Julho,Nova Caledônia,1517170
2022,Julho,Nova Zelândia,6221410
2022,Julho,Níger,350083
2022,Julho,Omã,87717330
2022,Julho,Pacífico Ilhas do (EUA),142948
2022,Julho,Palestina,1527440
2022,Julho,Panamá,87658672
2022,Julho,Papua Nova Guiné,426808
2022,Julho,Paquistão,70942345
2022,Julho,Paraguai,324185661
2022,Julho,Países Baixos (Holanda),1021588840
2022,Julho,Peru,390063958
2022,Julho,Polinésia Francesa,547534
2022,Julho,Polônia,124319986
2022,Julho,Porto Rico,17329025
2022,Julho,Portugal,645309884
2022,Julho,Quirguistão,115
2022,Julho,Quênia,5705101
2022,Julho,Reino Unido,318107488
2022,Julho,República Centro-Africana,925324
2022,Julho,República Dominicana,86494697
2022,Julho,Reunião,426153
2022,Julho,Romênia,20552509
2022,Julho,Ruanda,21638
2022,Julho,Rússia,170798300
2022,Julho,Salomão Ilhas,50419
2022,Julho,Samoa,74001
2022,Julho,Samoa Americana,35200
2022,Julho,San Marino,4800
2022,Julho,Santa Lúcia,281080
2022,Julho,Seicheles,1173908
2022,Julho,Senegal,22760417
2022,Julho,Serra Leoa,2884590
2022,Julho,Singapura,1071871263
2022,Julho,Sint Maarten,1049916
2022,Julho,Somália,973240
2022,Julho,Sri Lanka,878679
2022,Julho,Suazilândia,96
2022,Julho,Sudão,872499
2022,Julho,Sudão do Sul,514539
2022,Julho,Suriname,4012662
2022,Julho,Suécia,159365399
2022,Julho,Suíça,86771695
2022,Julho,São Bartolomeu,162144
2022,Julho,São Cristóvão e Névis,351396
2022,Julho,São Martinho Ilha de (parte francesa),624
2022,Julho,São Tomé e Príncipe,463512
2022,Julho,São Vicente e Granadinas,1161439
2022,Julho,Sérvia,3190635
2022,Julho,Síria,451650
2022,Julho,Tailândia,401614056
2022,Julho,Taiwan (Formosa),131837081
2022,Julho,Tanzânia,1895880
2022,Julho,Tcheca República,3381926
2022,Julho,Terras Austrais Francesas,12903
2022,Julho,Timor Leste,1190794
2022,Julho,Togo,10779266
2022,Julho,Tonga,750461
2022,Julho,Trinidad e Tobago,36863865
2022,Julho,Tunísia,25612356
2022,Julho,Turcas e Caicos Ilhas,90936
2022,Julho,Turcomenistão,344730
2022,Julho,Turquia,311897819
2022,Julho,Ucrânia,3798579
2022,Julho,Uganda,1005786
2022,Julho,Uruguai,320402615
2022,Julho,Uzbequistão,4535597
2022,Julho,Venezuela,130495967
2022,Julho,Vietnã,226351736
2022,Julho,Virgens Ilhas (Americanas),8582
2022,Julho,Virgens Ilhas (Britânicas),169368
2022,Julho,Wallis e Futuna Ilhas,1845
2022,Julho,Zimbábue,546599
2022,Julho,Zâmbia,706998
2022,Julho,África do Sul,110672796
2022,Julho,Áustria,9803083
2022,Julho,Índia,546253099
2022,Junho,Afeganistão,353424
2022,Junho,Albânia,11838538
2022,Junho,Alemanha,600715256
2022,Junho,Angola,41405818
2022,Junho,Anguilla,128
2022,Junho,Antártica,43492
2022,Junho,Antígua e Barbuda,4478147
2022,Junho,Argentina,1575526120
2022,Junho,Argélia,161447394
2022,Junho,Armênia,2359171
2022,Junho,Aruba,3701713
2022,Junho,Arábia Saudita,288181559
2022,Junho,Austrália,49259374
2022,Junho,Azerbaijão,2205685
2022,Junho,Bahamas,26529510
2022,Junho,Bangladesh,470808516
2022,Junho,Barbados,2718665
2022,Junho,Barein,139936161
2022,Junho,Belarus,410741
2022,Junho,Belize,2578224
2022,Junho,Benin,5447345
2022,Junho,Bermudas,934629
2022,Junho,Bolívia,169930231
2022,Junho,Bonaire Saint Eustatius e Saba,219179
2022,Junho,Botsuana,269649
2022,Junho,Bulgária,40270692
2022,Junho,Burkina Faso,150239
2022,Junho,Burundi,3144
2022,Junho,Butão,242641
2022,Junho,Bélgica,475948183
2022,Junho,Bósnia-Herzegovina,265529
2022,Junho,Cabo Verde,1683426
2022,Junho,Camarões,4657600
2022,Junho,Camboja,3964108
2022,Junho,Canadá,441443104
2022,Junho,Catar,22904319
2022,Junho,Cayman Ilhas,509432
2022,Junho,Cazaquistão,1036272
2022,Junho,Chade,389029
2022,Junho,Chile,844689596
2022,Junho,China,9369918500
2022,Junho,Chipre,8375985
2022,Junho,Colômbia,406001313
2022,Junho,Comores,837992
2022,Junho,Congo,3953757
2022,Junho,Congo República Democrática,14475052
2022,Junho,Cook Ilhas,178
2022,Junho,Coreia do Sul,581933087
2022,Junho,Costa Rica,71178630
2022,Junho,Costa do Marfim,27764243
2022,Junho,Coveite (Kuweit),33211162
2022,Junho,Croácia,14203077
2022,Junho,Cuba,23824301
2022,Junho,Curaçao,2226241
2022,Junho,Dinamarca,59165963
2022,Junho,Djibuti,1545584
2022,Junho,Dominica,837895
2022,Junho,Egito,163255100
2022,Junho,El Salvador,11228470
2022,Junho,Emirados Árabes Unidos,221612012
2022,Junho,Equador,98906177
2022,Junho,Eritreia,11291
2022,Junho,Eslováquia,2247026
2022,Junho,Eslovênia,35519170
2022,Junho,Espanha,1218605266
2022,Junho,Estados Unidos,4025143863
2022,Junho,Estônia,4681300
2022,Junho,Etiópia,2985926
2022,Junho,Faroe Ilhas,47286
2022,Junho,Fiji,99751
2022,Junho,Filipinas,156305916
2022,Junho,Finlândia,23813801
2022,Junho,França,252013654
2022,Junho,Gabão,4484904
2022,Junho,Gana,26180059
2022,Junho,Geórgia,18485997
2022,Junho,Gibraltar,13363
2022,Junho,Granada,1647313
2022,Junho,Grécia,45826670
2022,Junho,Guadalupe,545694
2022,Junho,Guam,1809
2022,Junho,Guatemala,32674231
2022,Junho,Guernsey,385
2022,Junho,Guiana,5172075
2022,Junho,Guiana Francesa,952257
2022,Junho,Guiné,9517358
2022,Junho,Guiné Equatorial,2276508
2022,Junho,Guiné-Bissau,383512
2022,Junho,Gâmbia,11957307
2022,Junho,Haiti,5662905
2022,Junho,Heard e ilhas mcdonald Ilha,1378
2022,Junho,Honduras,16337524
2022,Junho,Hong Kong,111162095
2022,Junho,Hungria,5637352
2022,Junho,Ilha de Man,1826820
2022,Junho,Indonésia,181732033
2022,Junho,Iraque,103302061
2022,Junho,Irlanda,14649551
2022,Junho,Irã,402020368
2022,Junho,Islândia,17086800
2022,Junho,Israel,144367893
2022,Junho,Itália,370259583
2022,Junho,Iêmen,33080055
2022,Junho,Jamaica,6400434
2022,Junho,Japão,453374219
2022,Junho,Jersey,1911
2022,Junho,Jordânia,30490188
2022,Junho,Letônia,16731581
2022,Junho,Libéria,59797776
2022,Junho,Liechtenstein,1272257
2022,Junho,Lituânia,2707553
2022,Junho,Luxemburgo,5072990
2022,Junho,Líbano,29838855
2022,Junho,Líbia,17546750
2022,Junho,Macau,315606
2022,Junho,Macedônia,2573765
2022,Junho,Madagascar,3003005
2022,Junho,Malavi,24000
2022,Junho,Maldivas,1679081
2022,Junho,Mali,395862
2022,Junho,Malta,18985181
2022,Junho,Malásia,347157850
2022,Junho,Marrocos,47427673
2022,Junho,Marshall Ilhas,37257947
2022,Junho,Martinica,736273
2022,Junho,Mauritânia,4584480
2022,Junho,Maurício,2024287
2022,Junho,Mayotte,1191312
2022,Junho,Mianmar,12692718
2022,Junho,Micronésia,20758
2022,Junho,Moldávia,211901
2022,Junho,Mongólia,160120
2022,Junho,Montenegro,963117
2022,Junho,Montserrat,35580
2022,Junho,Moçambique,2470628
2022,Junho,México,764282007
2022,Junho,Mônaco,4472
2022,Junho,Namíbia,1952212
2022,Junho,Nauru,2566
2022,Junho,Nepal,99742
2022,Junho,Nicarágua,8954459
2022,Junho,Nigéria,78693293
2022,Junho,Norfolk Ilha,279732
2022,Junho,Noruega,135894924
2022,Junho,Nova Caledônia,863160
2022,Junho,Nova Zelândia,17971712
2022,Junho,Níger,258982
2022,Junho,Omã,119956900
2022,Junho,Pacífico Ilhas do (EUA),4472
2022,Junho,Palau,12465
2022,Junho,Palestina,2288959
2022,Junho,Panamá,66557902
2022,Junho,Papua Nova Guiné,62006
2022,Junho,Paquistão,154277897
2022,Junho,Paraguai,266218775
2022,Junho,Países Baixos (Holanda),1026861805
2022,Junho,Peru,275431892
2022,Junho,Polinésia Francesa,117080
2022,Junho,Polônia,44245458
2022,Junho,Porto Rico,17501453
2022,Junho,Portugal,432810140
2022,Junho,Quirguistão,3853
2022,Junho,Quênia,5731201
2022,Junho,Reino Unido,348249178
2022,Junho,República Centro-Africana,41994
2022,Junho,República Dominicana,102879324
2022,Junho,Reunião,597518
2022,Junho,Romênia,35645973
2022,Junho,Ruanda,85549
2022,Junho,Rússia,116217134
2022,Junho,Samoa,103304
2022,Junho,Santa Lúcia,244151
2022,Junho,Seicheles,868915
2022,Junho,Senegal,36799653
2022,Junho,Serra Leoa,3048024
2022,Junho,Singapura,946447424
2022,Junho,Sint Maarten,1375566
2022,Junho,Somália,388959
2022,Junho,Sri Lanka,1154276
2022,Junho,Sudão,473126
2022,Junho,Sudão do Sul,527960
2022,Junho,Suriname,4386006
2022,Junho,Suécia,64819078
2022,Junho,Suíça,113863546
2022,Junho,São Bartolomeu,58986
2022,Junho,São Cristóvão e Névis,356404
2022,Junho,São Martinho Ilha de (parte francesa),45670
2022,Junho,São Tomé e Príncipe,301256
2022,Junho,São Vicente e Granadinas,291621
2022,Junho,Sérvia,5704555
2022,Junho,Síria,708720
2022,Junho,Tadjiquistão,56589
2022,Junho,Tailândia,492977135
2022,Junho,Taiwan (Formosa),136667446
2022,Junho,Tanzânia,1992401
2022,Junho,Tcheca República,4296087
2022,Junho,Terras Austrais Francesas,69343
2022,Junho,Timor Leste,1144317
2022,Junho,Togo,7598999
2022,Junho,Tonga,367360
2022,Junho,Trinidad e Tobago,8179686
2022,Junho,Tunísia,53685688
2022,Junho,Turcas e Caicos Ilhas,123346
2022,Junho,Turcomenistão,1105107
2022,Junho,Turquia,381377170
2022,Junho,Ucrânia,3710064
2022,Junho,Uganda,1209245
2022,Junho,Uruguai,244621614
2022,Junho,Uzbequistão,7498973
2022,Junho,Vanuatu,42314
2022,Junho,Venezuela,104838746
2022,Junho,Vietnã,178407859
2022,Junho,Virgens Ilhas (Americanas),85637975
2022,Junho,Virgens Ilhas (Britânicas),87590
2022,Junho,Zimbábue,854128
2022,Junho,Zâmbia,1059873
2022,Junho,África do Sul,122403223
2022,Junho,Áustria,7200211
2022,Junho,Índia,778182195
2022,Maio,Afeganistão,427855
2022,Maio,Albânia,12325607
2022,Maio,Alemanha,520367178
2022,Maio,Angola,43273949
2022,Maio,Anguilla,68308
2022,Maio,Antígua e Barbuda,5528451
2022,Maio,Argentina,1460172245
2022,Maio,Argélia,343196150
2022,Maio,Armênia,598445
2022,Maio,Aruba,2570891
2022,Maio,Arábia Saudita,231390132
2022,Maio,Austrália,80380247
2022,Maio,Azerbaijão,710050
2022,Maio,Bahamas,12787016
2022,Maio,Bangladesh,257163198
2022,Maio,Barbados,2787431
2022,Maio,Barein,168633217
2022,Maio,Belarus,389800
2022,Maio,Belize,1028191
2022,Maio,Benin,3643428
2022,Maio,Bermudas,440862
2022,Maio,Bolívia,186622460
2022,Maio,Bonaire Saint Eustatius e Saba,345516
2022,Maio,Botsuana,11627
2022,Maio,Brasil,1755
2022,Maio,Brunei,94922
2022,Maio,Bulgária,87363394
2022,Maio,Burkina Faso,65032
2022,Maio,Bélgica,326810048
2022,Maio,Bósnia-Herzegovina,570377
2022,Maio,Cabo Verde,3091587
2022,Maio,Camarões,3568750
2022,Maio,Camboja,4253778
2022,Maio,Canadá,440359641
2022,Maio,Catar,64763144
2022,Maio,Cayman Ilhas,2009846
2022,Maio,Cazaquistão,831628
2022,Maio,Chade,170662
2022,Maio,Chile,522762276
2022,Maio,China,8410097504
2022,Maio,Chipre,8179647
2022,Maio,Colômbia,441242964
2022,Maio,Comores,1152836
2022,Maio,Congo,8207862
2022,Maio,Congo República Democrática,20500876
2022,Maio,Coreia do Sul,535117628
2022,Maio,Costa Rica,35931442
2022,Maio,Costa do Marfim,9329178
2022,Maio,Coveite (Kuweit),30146363
2022,Maio,Croácia,13296755
2022,Maio,Cuba,24289688
2022,Maio,Curaçao,3134814
2022,Maio,Dinamarca,27111898
2022,Maio,Djibuti,484846
2022,Maio,Dominica,557394
2022,Maio,Egito,211445426
2022,Maio,El Salvador,15048345
2022,Maio,Emirados Árabes Unidos,230670033
2022,Maio,Equador,94154578
2022,Maio,Eritreia,54907
2022,Maio,Eslováquia,987115
2022,Maio,Eslovênia,11544810
2022,Maio,Espanha,945910466
2022,Maio,Estados Unidos,3090741878
2022,Maio,Estônia,2680300
2022,Maio,Etiópia,2878657
2022,Maio,Fiji,315180
2022,Maio,Filipinas,132725238
2022,Maio,Finlândia,93207125
2022,Maio,França,357333029
2022,Maio,Gabão,2966950
2022,Maio,Gana,23298794
2022,Maio,Geórgia,68550175
2022,Maio,Gibraltar,596172
2022,Maio,Granada,2215012
2022,Maio,Grécia,43491124
2022,Maio,Guadalupe,1313857
2022,Maio,Guam,72563
2022,Maio,Guatemala,32772019
2022,Maio,Guiana,28453139
2022,Maio,Guiana Francesa,588319
2022,Maio,Guiné,5003484
2022,Maio,Guiné Equatorial,2300845
2022,Maio,Guiné-Bissau,436962
2022,Maio,Gâmbia,16028404
2022,Maio,Haiti,5432882
2022,Maio,Honduras,17210787
2022,Maio,Hong Kong,117570178
2022,Maio,Hungria,2992347
2022,Maio,Ilha de Man,850617
2022,Maio,Indonésia,266208753
2022,Maio,Iraque,40424726
2022,Maio,Irlanda,12935461
2022,Maio,Irã,473266766
2022,Maio,Islândia,92988
2022,Maio,Israel,134610230
2022,Maio,Itália,600221846
2022,Maio,Iêmen,16314028
2022,Maio,Jamaica,103293458
2022,Maio,Japão,470187473
2022,Maio,Jordânia,41390447
2022,Maio,Laos,63347
2022,Maio,Letônia,1893309
2022,Maio,Libéria,47470542
2022,Maio,Liechtenstein,1713554
2022,Maio,Lituânia,8222360
2022,Maio,Luxemburgo,10037123
2022,Maio,Líbano,9610026
2022,Maio,Líbia,24641768
2022,Maio,Macau,1823346
2022,Maio,Macedônia,1679612
2022,Maio,Madagascar,598912
2022,Maio,Malavi,275361
2022,Maio,Maldivas,2353519
2022,Maio,Mali,230160
2022,Maio,Malta,21544844
2022,Maio,Malásia,269698754
2022,Maio,Marianas do Norte Ilhas,180
2022,Maio,Marrocos,109148169
2022,Maio,Marshall Ilhas,39988695
2022,Maio,Martinica,482729
2022,Maio,Mauritânia,2704754
2022,Maio,Maurício,1157954
2022,Maio,Mayotte,1483932
2022,Maio,Mianmar,1476681
2022,Maio,Moldávia,505958
2022,Maio,Mongólia,342699
2022,Maio,Montenegro,1912170
2022,Maio,Montserrat,31362
2022,Maio,Moçambique,49005413
2022,Maio,México,613503019
2022,Maio,Mônaco,1770
2022,Maio,Namíbia,4911864
2022,Maio,Nauru,111
2022,Maio,Nepal,81500
2022,Maio,Nicarágua,8165997
2022,Maio,Nigéria,79595074
2022,Maio,Norfolk Ilha,279180
2022,Maio,Noruega,121633070
2022,Maio,Nova Caledônia,1116220
2022,Maio,Nova Zelândia,11535290
2022,Maio,Omã,94856203
2022,Maio,Pacífico Ilhas do (EUA),43309
2022,Maio,Palau,133706
2022,Maio,Palestina,1246285
2022,Maio,Panamá,68510866
2022,Maio,Papua Nova Guiné,1028482
2022,Maio,Paquistão,161281490
2022,Maio,Paraguai,335902368
2022,Maio,Países Baixos (Holanda),1488072898
2022,Maio,Peru,224194755
2022,Maio,Polinésia Francesa,412383
2022,Maio,Polônia,96016287
2022,Maio,Porto Rico,22008806
2022,Maio,Portugal,332436070
2022,Maio,Quirguistão,2110
2022,Maio,Quênia,5761137
2022,Maio,Reino Unido,315330969
2022,Maio,República Centro-Africana,560738
2022,Maio,República Dominicana,113245361
2022,Maio,Reunião,432344
2022,Maio,Romênia,56638747
2022,Maio,Ruanda,66523
2022,Maio,Rússia,139923903
2022,Maio,Saara Ocidental,78812
2022,Maio,Samoa,140121
2022,Maio,Samoa Americana,541358
2022,Maio,Santa Lúcia,447631
2022,Maio,Seicheles,821735
2022,Maio,Senegal,9533186
2022,Maio,Serra Leoa,1249807
2022,Maio,Singapura,358293859
2022,Maio,Sint Maarten,1514183
2022,Maio,Somália,691306
2022,Maio,Sri Lanka,1506167
2022,Maio,Suazilândia,27168
2022,Maio,Sudão,25836955
2022,Maio,Sudão do Sul,930688
2022,Maio,Suriname,3821547
2022,Maio,Suécia,37671453
2022,Maio,Suíça,97244991
2022,Maio,São Bartolomeu,284268
2022,Maio,São Cristóvão e Névis,710336
2022,Maio,São Tomé e Príncipe,321353
2022,Maio,São Vicente e Granadinas,677630
2022,Maio,Sérvia,4355024
2022,Maio,Síria,1336274
2022,Maio,Tailândia,343759175
2022,Maio,Taiwan (Formosa),88577058
2022,Maio,Tanzânia,3967323
2022,Maio,Tcheca República,3510767
2022,Maio,Terras Austrais Francesas,1967
2022,Maio,Timor Leste,811119
2022,Maio,Togo,3123215
2022,Maio,Tonga,120327
2022,Maio,Trinidad e Tobago,62832977
2022,Maio,Tunísia,11315989
2022,Maio,Turcas e Caicos Ilhas,82683
2022,Maio,Turcomenistão,5845716
2022,Maio,Turquia,354594878
2022,Maio,Ucrânia,883731
2022,Maio,Uganda,1498892
2022,Maio,Uruguai,208191221
2022,Maio,Uzbequistão,7538662
2022,Maio,Venezuela,102994073
2022,Maio,Vietnã,376654462
2022,Maio,Virgens Ilhas (Americanas),60003
2022,Maio,Virgens Ilhas (Britânicas),1443651
2022,Maio,Zimbábue,114859
2022,Maio,Zâmbia,578023
2022,Maio,África do Sul,116049156
2022,Maio,Áustria,6557334
2022,Maio,Índia,403533334
2022,Abril,Afeganistão,274890
2022,Abril,Albânia,10517382
2022,Abril,Alemanha,525065471
2022,Abril,Andorra,12123
2022,Abril,Angola,50085982
2022,Abril,Anguilla,4221
2022,Abril,Antígua e Barbuda,3483769
2022,Abril,Argentina,1270518074
2022,Abril,Argélia,149280811
2022,Abril,Armênia,197970
2022,Abril,Aruba,1800992
2022,Abril,Arábia Saudita,203942806
2022,Abril,Austrália,50969444
2022,Abril,Azerbaijão,908217
2022,Abril,Bahamas,19446274
2022,Abril,Bangladesh,226751641
2022,Abril,Barbados,2147135
2022,Abril,Barein,82193755
2022,Abril,Belarus,134350
2022,Abril,Belize,328566
2022,Abril,Benin,5288657
2022,Abril,Bermudas,209540
2022,Abril,Bolívia,133744754
2022,Abril,Bonaire Saint Eustatius e Saba,74858
2022,Abril,Botsuana,1724
2022,Abril,Brasil,60891
2022,Abril,Brunei,84523
2022,Abril,Bulgária,1803184
2022,Abril,Burkina Faso,463809
2022,Abril,Burundi,91
2022,Abril,Butão,183993
2022,Abril,Bélgica,390572715
2022,Abril,Bósnia-Herzegovina,119850
2022,Abril,Cabo Verde,4144305
2022,Abril,Camarões,11936953
2022,Abril,Camboja,2470982
2022,Abril,Canadá,456689973
2022,Abril,Catar,28113538
2022,Abril,Cayman Ilhas,454963
2022,Abril,Cazaquistão,788171
2022,Abril,Chade,263151
2022,Abril,Chile,662187289
2022,Abril,China,9273167066
2022,Abril,Chipre,7065590
2022,Abril,Colômbia,347790521
2022,Abril,Comores,902985
2022,Abril,Congo,5282647
2022,Abril,Congo República Democrática,8740178
2022,Abril,Cook Ilhas,18
2022,Abril,Coreia do Sul,478419557
2022,Abril,Costa Rica,17737350
2022,Abril,Costa do Marfim,11494849
2022,Abril,Coveite (Kuweit),17340605
2022,Abril,Croácia,2898082
2022,Abril,Cuba,8029458
2022,Abril,Curaçao,2335584
2022,Abril,Dinamarca,39479259
2022,Abril,Djibuti,509183
2022,Abril,Dominica,220250
2022,Abril,Egito,238966871
2022,Abril,El Salvador,9679810
2022,Abril,Emirados Árabes Unidos,218561905
2022,Abril,Equador,105545107
2022,Abril,Eslováquia,4033826
2022,Abril,Eslovênia,91209350
2022,Abril,Espanha,785821260
2022,Abril,Estados Unidos,2935035938
2022,Abril,Estônia,2365015
2022,Abril,Etiópia,1061772
2022,Abril,Faroe Ilhas,731
2022,Abril,Fiji,96028
2022,Abril,Filipinas,102125407
2022,Abril,Finlândia,137064425
2022,Abril,França,261520433
2022,Abril,Gabão,3453838
2022,Abril,Gana,22058580
2022,Abril,Geórgia,50505106
2022,Abril,Granada,978836
2022,Abril,Grécia,37763073
2022,Abril,Guadalupe,384971
2022,Abril,Guam,34830
2022,Abril,Guatemala,28776205
2022,Abril,Guiana,6118100
2022,Abril,Guiana Francesa,440565
2022,Abril,Guiné,2796866
2022,Abril,Guiné Equatorial,1886517
2022,Abril,Guiné-Bissau,77704
2022,Abril,Gâmbia,4246760
2022,Abril,Haiti,5295054
2022,Abril,Honduras,10809010
2022,Abril,Hong Kong,113899263
2022,Abril,Hungria,4314789
2022,Abril,Ilha de Man,2434215
2022,Abril,Indonésia,198676826
2022,Abril,Iraque,19006230
2022,Abril,Irlanda,12807459
2022,Abril,Irã,228061484
2022,Abril,Islândia,51786425
2022,Abril,Israel,79941241
2022,Abril,Itália,445937205
2022,Abril,Iêmen,15859173
2022,Abril,Jamaica,5637104
2022,Abril,Japão,529237794
2022,Abril,Jordânia,22796452
2022,Abril,Kiribati,50128
2022,Abril,Letônia,2885354
2022,Abril,Libéria,38783329
2022,Abril,Liechtenstein,1018832
2022,Abril,Lituânia,5141170
2022,Abril,Luxemburgo,16731830
2022,Abril,Líbano,20194233
2022,Abril,Líbia,58700419
2022,Abril,Macau,311030
2022,Abril,Macedônia,1987327
2022,Abril,Madagascar,1336786
2022,Abril,Malavi,545493
2022,Abril,Maldivas,2715043
2022,Abril,Mali,117365
2022,Abril,Malta,9005369
2022,Abril,Malásia,407650916
2022,Abril,Marrocos,90910352
2022,Abril,Marshall Ilhas,39424837
2022,Abril,Martinica,390959
2022,Abril,Mauritânia,2080551
2022,Abril,Maurício,1148951
2022,Abril,Mayotte,714882
2022,Abril,Mianmar,1238245
2022,Abril,Micronésia,3879
2022,Abril,Moldávia,122986
2022,Abril,Mongólia,23708
2022,Abril,Montenegro,1241279
2022,Abril,Moçambique,2817856
2022,Abril,México,578528296
2022,Abril,Mônaco,154
2022,Abril,Namíbia,928095
2022,Abril,Nauru,7186
2022,Abril,Nepal,5435
2022,Abril,Nicarágua,5705858
2022,Abril,Nigéria,49335435
2022,Abril,Noruega,105974486
2022,Abril,Nova Caledônia,435677
2022,Abril,Nova Zelândia,6074710
2022,Abril,Níger,296961
2022,Abril,Omã,86898410
2022,Abril,Pacífico Ilhas do (EUA),2693
2022,Abril,Palestina,2664459
2022,Abril,Panamá,72772299
2022,Abril,Papua Nova Guiné,321181
2022,Abril,Paquistão,263677849
2022,Abril,Paraguai,259371650
2022,Abril,Países Baixos (Holanda),892675670
2022,Abril,Peru,236730679
2022,Abril,Pitcairn,358447
2022,Abril,Polinésia Francesa,719562
2022,Abril,Polônia,142470159
2022,Abril,Porto Rico,12013151
2022,Abril,Portugal,274037801
2022,Abril,Quirguistão,3781
2022,Abril,Quênia,4791588
2022,Abril,Reino Unido,260173823
2022,Abril,República Centro-Africana,207377
2022,Abril,República Dominicana,73697089
2022,Abril,Reunião,440956
2022,Abril,Romênia,28456560
2022,Abril,Ruanda,419580
2022,Abril,Rússia,96158294
2022,Abril,Salomão Ilhas,26606
2022,Abril,Samoa,36501
2022,Abril,Samoa Americana,54061
2022,Abril,Santa Lúcia,261737
2022,Abril,Seicheles,385693
2022,Abril,Senegal,28264092
2022,Abril,Serra Leoa,885503
2022,Abril,Singapura,550630652
2022,Abril,Sint Maarten,1689902
2022,Abril,Somália,7243128
2022,Abril,Sri Lanka,1454392
2022,Abril,Sudão,605042
2022,Abril,Sudão do Sul,855921
2022,Abril,Suriname,2995417
2022,Abril,Suécia,30008875
2022,Abril,Suíça,79670291
2022,Abril,São Bartolomeu,162895
2022,Abril,São Cristóvão e Névis,245028
2022,Abril,São Martinho Ilha de (parte francesa),56164
2022,Abril,São Tomé e Príncipe,416496
2022,Abril,São Vicente e Granadinas,362519
2022,Abril,Sérvia,6488282
2022,Abril,Síria,193036
2022,Abril,Tailândia,395643769
2022,Abril,Taiwan (Formosa),178739847
2022,Abril,Tanzânia,5628902
2022,Abril,Tcheca República,3364227
2022,Abril,Terras Austrais Francesas,70348
2022,Abril,Timor Leste,1169162
2022,Abril,Togo,149377379
2022,Abril,Tonga,40032
2022,Abril,Trinidad e Tobago,5050451
2022,Abril,Tunísia,19004302
2022,Abril,Turcas e Caicos Ilhas,200390
2022,Abril,Turcomenistão,2098264
2022,Abril,Turquia,458218737
2022,Abril,Ucrânia,1195172
2022,Abril,Uganda,630075
2022,Abril,Uruguai,179232645
2022,Abril,Uzbequistão,15346051
2022,Abril,Venezuela,88832879
2022,Abril,Vietnã,367533623
2022,Abril,Virgens Ilhas (Americanas),151439061
2022,Abril,Virgens Ilhas (Britânicas),4631600
2022,Abril,Zimbábue,529268
2022,Abril,Zâmbia,339706
2022,Abril,África do Sul,277090912
2022,Abril,Áustria,7608344
2022,Abril,Índia,461794326
2022,Março,Afeganistão,556473
2022,Março,Albânia,5173216
2022,Março,Alemanha,624124446
2022,Março,Angola,47475693
2022,Março,Anguilla,105439
2022,Março,Antígua e Barbuda,6812943
2022,Março,Argentina,1199208654
2022,Março,Argélia,203274177
2022,Março,Armênia,383503
2022,Março,Aruba,1740358
2022,Março,Arábia Saudita,186224384
2022,Março,Austrália,56959276
2022,Março,Azerbaijão,1780236
2022,Março,Bahamas,15571715
2022,Março,Bangladesh,202530169
2022,Março,Barbados,1419695
2022,Março,Barein,165171529
2022,Março,Belarus,405859
2022,Março,Belize,822494
2022,Março,Benin,10034507
2022,Março,Bermudas,253368
2022,Março,Bolívia,153574528
2022,Março,Bonaire Saint Eustatius e Saba,346184
2022,Março,Botsuana,481958
2022,Março,Brasil,66024
2022,Março,Brunei,4523
2022,Março,Bulgária,2152591
2022,Março,Burkina Faso,313099
2022,Março,Burundi,12
2022,Março,Bélgica,429384612
2022,Março,Cabo Verde,2262870
2022,Março,Camarões,4023251
2022,Março,Camboja,4523894
2022,Março,Canadá,418899497
2022,Março,Catar,59752175
2022,Março,Cayman Ilhas,1760244
2022,Março,Cazaquistão,1066344
2022,Março,Chade,97906
2022,Março,Chile,821258009
2022,Março,China,9321758715
2022,Março,Chipre,7236068
2022,Março,Colômbia,345842570
2022,Março,Comores,1174730
2022,Março,Congo,4756980
2022,Março,Congo República Democrática,7537192
2022,Março,Coreia do Sul,431324632
2022,Março,Costa Rica,19381268
2022,Março,Costa do Marfim,6078545
2022,Março,Coveite (Kuweit),13680461
2022,Março,Croácia,1539754
2022,Março,Cuba,22745487
2022,Março,Curaçao,2569487
2022,Março,Dinamarca,30945172
2022,Março,Djibuti,486027
2022,Março,Dominica,325294
2022,Março,Egito,236913171
2022,Março,El Salvador,9449762
2022,Março,Emirados Árabes Unidos,262352994
2022,Março,Equador,100902657
2022,Março,Eslováquia,3127217
2022,Março,Eslovênia,36276509
2022,Março,Espanha,794183328
2022,Março,Estados Unidos,2877192749
2022,Março,Estônia,4558023
2022,Março,Etiópia,2341630
2022,Março,Falkland (Malvinas),5039
2022,Março,Fiji,181299
2022,Março,Filipinas,136789830
2022,Março,Finlândia,61854610
2022,Março,França,226877133
2022,Março,Gabão,3656569
2022,Março,Gana,13126095
2022,Março,Geórgia,9107480
2022,Março,Gibraltar,24742
2022,Março,Granada,1162235
2022,Março,Grécia,28149366
2022,Março,Guadalupe,1027194
2022,Março,Guam,8344
2022,Março,Guatemala,34212751
2022,Março,Guiana,5583398
2022,Março,Guiana Francesa,552025
2022,Março,Guiné,12565177
2022,Março,Guiné Equatorial,1141015
2022,Março,Guiné-Bissau,153692
2022,Março,Gâmbia,10745465
2022,Março,Haiti,8062680
2022,Março,Honduras,16611205
2022,Março,Hong Kong,135912818
2022,Março,Hungria,4565447
2022,Março,Ilha de Man,1351592
2022,Março,Indonésia,255017240
2022,Março,Iraque,25793521
2022,Março,Irlanda,15993407
2022,Março,Irã,88344326
2022,Março,Islândia,12641884
2022,Março,Israel,372186319
2022,Março,Itália,361058382
2022,Março,Iêmen,8043805
2022,Março,Jamaica,92496671
2022,Março,Japão,339040964
2022,Março,Jersey,1430
2022,Março,Jordânia,22377641
2022,Março,Laos,90695
2022,Março,Letônia,1194367
2022,Março,Libéria,53814878
2022,Março,Liechtenstein,580599
2022,Março,Lituânia,2154976
2022,Março,Luxemburgo,4349124
2022,Março,Líbano,10067284
2022,Março,Líbia,16348637
2022,Março,Macau,28762
2022,Março,Macedônia,1690023
2022,Março,Madagascar,527400
2022,Março,Malavi,56784
2022,Março,Maldivas,2301321
2022,Março,Mali,105977
2022,Março,Malta,84187681
2022,Março,Malásia,379603209
2022,Março,Marrocos,62423398
2022,Março,Marshall Ilhas,54501055
2022,Março,Martinica,544718
2022,Março,Mauritânia,7972857
2022,Março,Maurício,903368
2022,Março,Mayotte,696447
2022,Março,Mianmar,1424481
2022,Março,Moldávia,158106
2022,Março,Mongólia,179768
2022,Março,Montenegro,624032
2022,Março,Montserrat,29172
2022,Março,Moçambique,4774109
2022,Março,México,512826033
2022,Março,Namíbia,924722
2022,Março,Nauru,2616
2022,Março,Nepal,444191
2022,Março,Nicarágua,5823569
2022,Março,Nigéria,93777347
2022,Março,Norfolk Ilha,510433
2022,Março,Noruega,76139550
2022,Março,Nova Caledônia,841094
2022,Março,Nova Zelândia,7259338
2022,Março,Níger,357343
2022,Março,Omã,123919668
2022,Março,Pacífico Ilhas do (EUA),12855
2022,Março,Palestina,2708176
2022,Março,Panamá,70282531
2022,Março,Papua Nova Guiné,23581
2022,Março,Paquistão,155678161
2022,Março,Paraguai,280899939
2022,Março,Países Baixos (Holanda),1114720556
2022,Março,Peru,330515316
2022,Março,Polinésia Francesa,82193
2022,Março,Polônia,143269578
2022,Março,Porto Rico,11881094
2022,Março,Portugal,299762304
2022,Março,Quirguistão,997
2022,Março,Quênia,4333912
2022,Março,Reino Unido,297425420
2022,Março,República Centro-Africana,695020
2022,Março,República Dominicana,66411295
2022,Março,Reunião,613615
2022,Março,Romênia,78371540
2022,Março,Ruanda,86031
2022,Março,Rússia,166020786
2022,Março,Samoa,67795
2022,Março,Samoa Americana,303673
2022,Março,San Marino,12422
2022,Março,Santa Lúcia,116298
2022,Março,Seicheles,606726
2022,Março,Senegal,93936849
2022,Março,Serra Leoa,4883440
2022,Março,Singapura,680545756
2022,Março,Sint Maarten,2131722
2022,Março,Somália,412694
2022,Março,Sri Lanka,2109903
2022,Março,Sudão,23623694
2022,Março,Sudão do Sul,164574
2022,Março,Suriname,2995880
2022,Março,Suécia,121159808
2022,Março,Suíça,100746277
2022,Março,São Bartolomeu,462700
2022,Março,São Cristóvão e Névis,360106
2022,Março,São Martinho Ilha de (parte francesa),26911
2022,Março,São Tomé e Príncipe,451924
2022,Março,São Vicente e Granadinas,1492564
2022,Março,Sérvia,6612522
2022,Março,Síria,1534304
2022,Março,Tadjiquistão,29950
2022,Março,Tailândia,347864696
2022,Março,Taiwan (Formosa),142694660
2022,Março,Tanzânia,2567044
2022,Março,Tcheca República,5362185
2022,Março,Terras Austrais Francesas,52730
2022,Março,Timor Leste,1420906
2022,Março,Togo,10513192
2022,Março,Tonga,64749
2022,Março,Trinidad e Tobago,22663408
2022,Março,Tunísia,30816507
2022,Março,Turcas e Caicos Ilhas,270772
2022,Março,Turcomenistão,1019914
2022,Março,Turquia,389288030
2022,Março,Ucrânia,13503623
2022,Março,Uganda,1543945
2022,Março,Uruguai,314345028
2022,Março,Uzbequistão,3269610
2022,Março,Vanuatu,392
2022,Março,Vaticano,276
2022,Março,Venezuela,100412226
2022,Março,Vietnã,314213318
2022,Março,Virgens Ilhas (Americanas),55029112
2022,Março,Virgens Ilhas (Britânicas),1328738
2022,Março,Zimbábue,474593
2022,Março,Zâmbia,563101
2022,Março,África do Sul,192464163
2022,Março,Áustria,28755089
2022,Março,Índia,377976597
2022,Fevereiro,Afeganistão,95912
2022,Fevereiro,Albânia,6693587
2022,Fevereiro,Alemanha,468289929
2022,Fevereiro,Angola,39328572
2022,Fevereiro,Anguilla,132328
2022,Fevereiro,Antígua e Barbuda,3574634
2022,Fevereiro,Argentina,1032759295
2022,Fevereiro,Argélia,140492034
2022,Fevereiro,Armênia,217957
2022,Fevereiro,Aruba,1941314
2022,Fevereiro,Arábia Saudita,168610764
2022,Fevereiro,Austrália,55719354
2022,Fevereiro,Azerbaijão,4150068
2022,Fevereiro,Bahamas,11791422
2022,Fevereiro,Bangladesh,144942426
2022,Fevereiro,Barbados,1377795
2022,Fevereiro,Barein,85145748
2022,Fevereiro,Belarus,606589
2022,Fevereiro,Belize,842001
2022,Fevereiro,Benin,12579578
2022,Fevereiro,Bermudas,309294
2022,Fevereiro,Bolívia,135982315
2022,Fevereiro,Bonaire Saint Eustatius e Saba,73662379
2022,Fevereiro,Botsuana,143515
2022,Fevereiro,Brasil,42538
2022,Fevereiro,Brunei,89610
2022,Fevereiro,Bulgária,1353194
2022,Fevereiro,Burkina Faso,2148960
2022,Fevereiro,Butão,1567
2022,Fevereiro,Bélgica,430239289
2022,Fevereiro,Bósnia-Herzegovina,494745
2022,Fevereiro,Cabo Verde,2643959
2022,Fevereiro,Camarões,9307478
2022,Fevereiro,Camboja,1387653
2022,Fevereiro,Canadá,386016016
2022,Fevereiro,Catar,18554215
2022,Fevereiro,Cayman Ilhas,411598
2022,Fevereiro,Cazaquistão,1763750
2022,Fevereiro,Chade,224330
2022,Fevereiro,Chile,642280939
2022,Fevereiro,China,6266023578
2022,Fevereiro,Chipre,7927022
2022,Fevereiro,Colômbia,323885499
2022,Fevereiro,Comores,1112062
2022,Fevereiro,Congo,5236981
2022,Fevereiro,Congo República Democrática,13617898
2022,Fevereiro,Coreia do Sul,490558130
2022,Fevereiro,Costa Rica,29364358
2022,Fevereiro,Costa do Marfim,7397246
2022,Fevereiro,Coveite (Kuweit),15511609
2022,Fevereiro,Croácia,6037646
2022,Fevereiro,Cuba,34554303
2022,Fevereiro,Curaçao,3245021
2022,Fevereiro,Dinamarca,32057157
2022,Fevereiro,Djibuti,729050
2022,Fevereiro,Dominica,392611
2022,Fevereiro,Egito,193986129
2022,Fevereiro,El Salvador,11292761
2022,Fevereiro,Emirados Árabes Unidos,209919746
2022,Fevereiro,Equador,101555690
2022,Fevereiro,Eritreia,14755
2022,Fevereiro,Eslováquia,4985646
2022,Fevereiro,Eslovênia,72141773
2022,Fevereiro,Espanha,602499463
2022,Fevereiro,Estados Unidos,2470836873
2022,Fevereiro,Estônia,1026858
2022,Fevereiro,Etiópia,964168
2022,Fevereiro,Faroe Ilhas,19723
2022,Fevereiro,Fiji,119389
2022,Fevereiro,Filipinas,104647418
2022,Fevereiro,Finlândia,27584362
2022,Fevereiro,França,189511880
2022,Fevereiro,Gabão,3354790
2022,Fevereiro,Gana,18987533
2022,Fevereiro,Geórgia,8806982
2022,Fevereiro,Granada,700818
2022,Fevereiro,Grécia,28219917
2022,Fevereiro,Guadalupe,799206
2022,Fevereiro,Guam,116851
2022,Fevereiro,Guatemala,31522578
2022,Fevereiro,Guernsey,155
2022,Fevereiro,Guiana,39177398
2022,Fevereiro,Guiana Francesa,265242
2022,Fevereiro,Guiné,10378471
2022,Fevereiro,Guiné Equatorial,1046067
2022,Fevereiro,Guiné-Bissau,102283
2022,Fevereiro,Gâmbia,17129488
2022,Fevereiro,Haiti,4047213
2022,Fevereiro,Honduras,17671900
2022,Fevereiro,Hong Kong,103876144
2022,Fevereiro,Hungria,4684383
2022,Fevereiro,Ilha de Man,14283122
2022,Fevereiro,Indonésia,226592069
2022,Fevereiro,Iraque,11333328
2022,Fevereiro,Irlanda,8802161
2022,Fevereiro,Irã,140339743
2022,Fevereiro,Islândia,31797544
2022,Fevereiro,Israel,222689998
2022,Fevereiro,Itália,373543894
2022,Fevereiro,Iêmen,8105022
2022,Fevereiro,Jamaica,4527472
2022,Fevereiro,Japão,363048057
2022,Fevereiro,Jersey,171
2022,Fevereiro,Jordânia,22484677
2022,Fevereiro,Laos,710
2022,Fevereiro,Letônia,2426452
2022,Fevereiro,Libéria,32976336
2022,Fevereiro,Liechtenstein,1481521
2022,Fevereiro,Lituânia,2942414
2022,Fevereiro,Luxemburgo,11540723
2022,Fevereiro,Líbano,23150994
2022,Fevereiro,Líbia,16456252
2022,Fevereiro,Macau,52084
2022,Fevereiro,Macedônia,1094630
2022,Fevereiro,Madagascar,5491293
2022,Fevereiro,Malavi,39227
2022,Fevereiro,Maldivas,1601346
2022,Fevereiro,Mali,396482
2022,Fevereiro,Malta,9746901
2022,Fevereiro,Malásia,249457898
2022,Fevereiro,Marrocos,77576850
2022,Fevereiro,Marshall Ilhas,23297954
2022,Fevereiro,Martinica,488894
2022,Fevereiro,Mauritânia,11080009
2022,Fevereiro,Maurício,18684507
2022,Fevereiro,Mayotte,180644
2022,Fevereiro,Mianmar,6376881
2022,Fevereiro,Moldávia,974522
2022,Fevereiro,Mongólia,192330
2022,Fevereiro,Montenegro,1741504
2022,Fevereiro,Moçambique,2690453
2022,Fevereiro,México,466904819
2022,Fevereiro,Namíbia,755552
2022,Fevereiro,Nepal,190387
2022,Fevereiro,Nicarágua,7998765
2022,Fevereiro,Nigéria,83827092
2022,Fevereiro,Norfolk Ilha,145530
2022,Fevereiro,Noruega,172140432
2022,Fevereiro,Nova Caledônia,552707
2022,Fevereiro,Nova Zelândia,10170264
2022,Fevereiro,Níger,80840
2022,Fevereiro,Omã,40438072
2022,Fevereiro,Pacífico Ilhas do (EUA),45
2022,Fevereiro,Palestina,4208076
2022,Fevereiro,Panamá,53558288
2022,Fevereiro,Papua Nova Guiné,117840
2022,Fevereiro,Paquistão,148693693
2022,Fevereiro,Paraguai,256013499
2022,Fevereiro,Países Baixos (Holanda),689546553
2022,Fevereiro,Peru,232687673
2022,Fevereiro,Pitcairn,613928
2022,Fevereiro,Polinésia Francesa,1327248
2022,Fevereiro,Polônia,62045344
2022,Fevereiro,Porto Rico,12557379
2022,Fevereiro,Portugal,381056086
2022,Fevereiro,Quirguistão,13706
2022,Fevereiro,Quênia,2240350
2022,Fevereiro,Reino Unido,257913089
2022,Fevereiro,República Centro-Africana,28934986
2022,Fevereiro,República Dominicana,76312723
2022,Fevereiro,Reunião,245416
2022,Fevereiro,Romênia,41740795
2022,Fevereiro,Ruanda,109352
2022,Fevereiro,Rússia,241547628
2022,Fevereiro,Samoa,104858
2022,Fevereiro,Samoa Americana,243192
2022,Fevereiro,San Marino,6359
2022,Fevereiro,Santa Lúcia,330512
2022,Fevereiro,Seicheles,704345
2022,Fevereiro,Senegal,3802413
2022,Fevereiro,Serra Leoa,1029466
2022,Fevereiro,Singapura,870332305
2022,Fevereiro,Sint Maarten,749968
2022,Fevereiro,Somália,472528
2022,Fevereiro,Sri Lanka,1416530
2022,Fevereiro,Sudão,23153930
2022,Fevereiro,Sudão do Sul,121994
2022,Fevereiro,Suriname,2207104
2022,Fevereiro,Suécia,41287346
2022,Fevereiro,Suíça,73284929
2022,Fevereiro,São Bartolomeu,1525
2022,Fevereiro,São Cristóvão e Névis,380566
2022,Fevereiro,São Martinho Ilha de (parte francesa),67222
2022,Fevereiro,São Tomé e Príncipe,133098
2022,Fevereiro,São Vicente e Granadinas,747325
2022,Fevereiro,Sérvia,5062331
2022,Fevereiro,Síria,2200349
2022,Fevereiro,Tailândia,264867298
2022,Fevereiro,Taiwan (Formosa),43791739
2022,Fevereiro,Tanzânia,1868039
2022,Fevereiro,Tcheca República,3700608
2022,Fevereiro,Terras Austrais Francesas,47056
2022,Fevereiro,Timor Leste,635018
2022,Fevereiro,Togo,19575345
2022,Fevereiro,Tonga,60758
2022,Fevereiro,Trinidad e Tobago,18943418
2022,Fevereiro,Tunísia,24759140
2022,Fevereiro,Turcas e Caicos Ilhas,86521
2022,Fevereiro,Turcomenistão,946772
2022,Fevereiro,Turquia,300997522
2022,Fevereiro,Ucrânia,17667779
2022,Fevereiro,Uganda,1021445
2022,Fevereiro,Uruguai,252842041
2022,Fevereiro,Uzbequistão,2448192
2022,Fevereiro,Vanuatu,46414
2022,Fevereiro,Venezuela,103287742
2022,Fevereiro,Vietnã,246788626
2022,Fevereiro,Virgens Ilhas (Americanas),25393
2022,Fevereiro,Virgens Ilhas (Britânicas),16456
2022,Fevereiro,Zimbábue,376740
2022,Fevereiro,Zâmbia,246720
2022,Fevereiro,África do Sul,155440761
2022,Fevereiro,Áustria,5013079
2022,Fevereiro,Índia,409596199
2022,Janeiro,Afeganistão,6900
2022,Janeiro,Aland Ilhas,2368
2022,Janeiro,Albânia,5241283
2022,Janeiro,Alemanha,475857887
2022,Janeiro,Angola,58670243
2022,Janeiro,Anguilla,62792
2022,Janeiro,Antártica,67785
2022,Janeiro,Antígua e Barbuda,5953042
2022,Janeiro,Argentina,945039786
2022,Janeiro,Argélia,119697786
2022,Janeiro,Armênia,715108
2022,Janeiro,Aruba,1940269
2022,Janeiro,Arábia Saudita,191715582
2022,Janeiro,Austrália,45168945
2022,Janeiro,Azerbaijão,1489968
2022,Janeiro,Bahamas,8918889
2022,Janeiro,Bangladesh,96381647
2022,Janeiro,Barbados,2329814
2022,Janeiro,Barein,95851770
2022,Janeiro,Belarus,1711780
2022,Janeiro,Belize,944560
2022,Janeiro,Benin,5362666
2022,Janeiro,Bermudas,541301
2022,Janeiro,Bolívia,126262850
2022,Janeiro,Bonaire Saint Eustatius e Saba,123870
2022,Janeiro,Botsuana,117655
2022,Janeiro,Brasil,427542
2022,Janeiro,Brunei,91515
2022,Janeiro,Bulgária,1136899
2022,Janeiro,Burkina Faso,472988
2022,Janeiro,Butão,1490
2022,Janeiro,Bélgica,392066374
2022,Janeiro,Bósnia-Herzegovina,242512
2022,Janeiro,Cabo Verde,2328943
2022,Janeiro,Camarões,4056437
2022,Janeiro,Camboja,2059891
2022,Janeiro,Canadá,353251472
2022,Janeiro,Catar,18412677
2022,Janeiro,Cayman Ilhas,535493
2022,Janeiro,Cazaquistão,900393
2022,Janeiro,Chade,567016
2022,Janeiro,Chile,627074267
2022,Janeiro,China,4417871873
2022,Janeiro,Chipre,7730349
2022,Janeiro,Colômbia,256490666
2022,Janeiro,Comores,578051
2022,Janeiro,Congo,4986272
2022,Janeiro,Congo República Democrática,4131560
2022,Janeiro,Cook Ilhas,9106
2022,Janeiro,Coreia do Sul,474786420
2022,Janeiro,Costa Rica,25905839
2022,Janeiro,Costa do Marfim,5773378
2022,Janeiro,Coveite (Kuweit),19194422
2022,Janeiro,Croácia,15640355
2022,Janeiro,Cuba,7608028
2022,Janeiro,Curaçao,1836270
2022,Janeiro,Dinamarca,26148692
2022,Janeiro,Djibuti,224663
2022,Janeiro,Dominica,306605
2022,Janeiro,Egito,298828093
2022,Janeiro,El Salvador,7752918
2022,Janeiro,Emirados Árabes Unidos,233414699
2022,Janeiro,Equador,71283249
2022,Janeiro,Eritreia,617
2022,Janeiro,Eslováquia,3282759
2022,Janeiro,Eslovênia,15081795
2022,Janeiro,Espanha,414398003
2022,Janeiro,Estados Unidos,2196232994
2022,Janeiro,Estônia,2107521
2022,Janeiro,Etiópia,769136
2022,Janeiro,Falkland (Malvinas),23068
2022,Janeiro,Fiji,26143
2022,Janeiro,Filipinas,96168625
2022,Janeiro,Finlândia,16966391
2022,Janeiro,França,238725262
2022,Janeiro,Gabão,3685248
2022,Janeiro,Gana,27509647
2022,Janeiro,Geórgia,12164653
2022,Janeiro,Gibraltar,356
2022,Janeiro,Granada,600652
2022,Janeiro,Grécia,15779632
2022,Janeiro,Guadalupe,849852
2022,Janeiro,Guatemala,20756079
2022,Janeiro,Guiana,4181323
2022,Janeiro,Guiana Francesa,756733
2022,Janeiro,Guiné,5189819
2022,Janeiro,Guiné Equatorial,1205110
2022,Janeiro,Guiné-Bissau,33017
2022,Janeiro,Gâmbia,12196123
2022,Janeiro,Haiti,4617032
2022,Janeiro,Honduras,11059150
2022,Janeiro,Hong Kong,105171303
2022,Janeiro,Hungria,4765046
2022,Janeiro,Ilha de Man,894413
2022,Janeiro,Indonésia,222941523
2022,Janeiro,Iraque,36838932
2022,Janeiro,Irlanda,16752810
2022,Janeiro,Irã,164670130
2022,Janeiro,Islândia,36572864
2022,Janeiro,Israel,133444524
2022,Janeiro,Itália,313503029
2022,Janeiro,Iêmen,23654841
2022,Janeiro,Jamaica,8406147
2022,Janeiro,Japão,542505095
2022,Janeiro,Jersey,136
2022,Janeiro,Jordânia,31962512
2022,Janeiro,Kiribati,34099
2022,Janeiro,Laos,58191
2022,Janeiro,Letônia,1906289
2022,Janeiro,Libéria,27715690
2022,Janeiro,Liechtenstein,891190
2022,Janeiro,Lituânia,2851587
2022,Janeiro,Luxemburgo,6161953
2022,Janeiro,Líbano,19842017
2022,Janeiro,Líbia,17678175
2022,Janeiro,Macau,45897
2022,Janeiro,Macedônia,1157177
2022,Janeiro,Madagascar,1138152
2022,Janeiro,Malavi,55479
2022,Janeiro,Maldivas,1658276
2022,Janeiro,Mali,401647
2022,Janeiro,Malta,8468125
2022,Janeiro,Malásia,243246517
2022,Janeiro,Marrocos,104260368
2022,Janeiro,Marshall Ilhas,24748068
2022,Janeiro,Martinica,844624
2022,Janeiro,Mauritânia,6979396
2022,Janeiro,Maurício,1459135
2022,Janeiro,Mayotte,61753
2022,Janeiro,Mianmar,2411169
2022,Janeiro,Moldávia,508841
2022,Janeiro,Mongólia,1737
2022,Janeiro,Montenegro,2824824
2022,Janeiro,Moçambique,1896426
2022,Janeiro,México,326094382
2022,Janeiro,Mônaco,6117
2022,Janeiro,Namíbia,1105808
2022,Janeiro,Nepal,6196767
2022,Janeiro,Nicarágua,4793757
2022,Janeiro,Nigéria,70516912
2022,Janeiro,Niue,23113
2022,Janeiro,Norfolk Ilha,148409
2022,Janeiro,Noruega,58792667
2022,Janeiro,Nova Caledônia,500257
2022,Janeiro,Nova Zelândia,5650231
2022,Janeiro,Níger,115132
2022,Janeiro,Omã,69655629
2022,Janeiro,Pacífico Ilhas do (EUA),2604
2022,Janeiro,Palestina,3969480
2022,Janeiro,Panamá,45187108
2022,Janeiro,Papua Nova Guiné,344830
2022,Janeiro,Paquistão,55814230
2022,Janeiro,Paraguai,216213062
2022,Janeiro,Países Baixos (Holanda),563997723
2022,Janeiro,Peru,251730901
2022,Janeiro,Polinésia Francesa,771012
2022,Janeiro,Polônia,31991690
2022,Janeiro,Porto Rico,10358748
2022,Janeiro,Portugal,163889294
2022,Janeiro,Quênia,7789645
2022,Janeiro,Reino Unido,244188292
2022,Janeiro,República Centro-Africana,203603
2022,Janeiro,República Dominicana,81195362
2022,Janeiro,Reunião,401342
2022,Janeiro,Romênia,42064113
2022,Janeiro,Ruanda,34195
2022,Janeiro,Rússia,225630305
2022,Janeiro,Samoa,91426
2022,Janeiro,Samoa Americana,179922
2022,Janeiro,Santa Helena,9854
2022,Janeiro,Santa Lúcia,132568
2022,Janeiro,Seicheles,315487
2022,Janeiro,Senegal,14241382
2022,Janeiro,Serra Leoa,1286637
2022,Janeiro,Singapura,710499661
2022,Janeiro,Sint Maarten,324010
2022,Janeiro,Somália,924297
2022,Janeiro,Sri Lanka,1340760
2022,Janeiro,Sudão,416808
2022,Janeiro,Sudão do Sul,147257
2022,Janeiro,Suriname,2267721
2022,Janeiro,Suécia,33315536
2022,Janeiro,Suíça,96543349
2022,Janeiro,São Bartolomeu,260563
2022,Janeiro,São Cristóvão e Névis,37848
2022,Janeiro,São Martinho Ilha de (parte francesa),17393
2022,Janeiro,São Tomé e Príncipe,521143
2022,Janeiro,São Vicente e Granadinas,274433
2022,Janeiro,Sérvia,4985754
2022,Janeiro,Síria,3908978
2022,Janeiro,Tailândia,65874829
2022,Janeiro,Taiwan (Formosa),73877774
2022,Janeiro,Tanzânia,5164158
2022,Janeiro,Tcheca República,2892787
2022,Janeiro,Terras Austrais Francesas,9256
2022,Janeiro,Timor Leste,612448
2022,Janeiro,Togo,19851183
2022,Janeiro,Tonga,20053
2022,Janeiro,Toquelau,17463
2022,Janeiro,Trinidad e Tobago,19062206
2022,Janeiro,Tunísia,14413432
2022,Janeiro,Turcas e Caicos Ilhas,104637
2022,Janeiro,Turcomenistão,194810
2022,Janeiro,Turquia,289063302
2022,Janeiro,Ucrânia,24541370
2022,Janeiro,Uganda,1201352
2022,Janeiro,Uruguai,161191165
2022,Janeiro,Uzbequistão,3969030
2022,Janeiro,Vanuatu,370815
2022,Janeiro,Venezuela,82195809
2022,Janeiro,Vietnã,277206682
2022,Janeiro,Virgens Ilhas (Americanas),65380837
2022,Janeiro,Virgens Ilhas (Britânicas),54880
2022,Janeiro,Zimbábue,1320990
2022,Janeiro,Zâmbia,465198
2022,Janeiro,África do Sul,122786998
2022,Janeiro,Áustria,6083675
2022,Janeiro,Índia,480521438