Operation;Year;Month;Country;Value US$ FOB
Exportação;2022;Janeiro;Afeganistão;6900
Exportação;2022;Janeiro;Aland, Ilhas;2368
Exportação;2022;Janeiro;Albânia;5241283
Exportação;2022;Janeiro;Alemanha;475857887
Exportação;2022;Janeiro;Angola;58670243
Exportação;2022;Janeiro;Anguilla;62792
Exportação;2022;Janeiro;Antártica;67785
Exportação;2022;Janeiro;Antígua e Barbuda;5953042
Exportação;2022;Janeiro;Argentina;945039786
Exportação;2022;Janeiro;Argélia;119697786
Exportação;2022;Janeiro;Armênia;715108
Exportação;2022;Janeiro;Aruba;1940269
Exportação;2022;Janeiro;Arábia Saudita;191715582
Exportação;2022;Janeiro;Austrália;45168945
Exportação;2022;Janeiro;Azerbaijão;1489968
Exportação;2022;Janeiro;Bahamas;8918889
Exportação;2022;Janeiro;Bangladesh;96381647
Exportação;2022;Janeiro;Barbados;2329814
Exportação;2022;Janeiro;Barein;95851770
Exportação;2022;Janeiro;Belarus;1711780
Exportação;2022;Janeiro;Belize;944560
Exportação;2022;Janeiro;Benin;5362666
Exportação;2022;Janeiro;Bermudas;5413
Exportação;2022;Janeiro;Bolívia;126262850
Exportação;2022;Janeiro;Bonaire, Saint Eustatius e Saba;123870
Exportação;2022;Janeiro;Botsuana;117655
Exportação;2022;Janeiro;Brasil;427542
Exportação;2022;Janeiro;Brunei;91515
Exportação;2022;Janeiro;Bulgária;1136899
Exportação;2022;Janeiro;Burkina Faso;472988
Exportação;2022;Janeiro;Butão;1490
Exportação;2022;Janeiro;Bélgica;392066374
Exportação;2022;Janeiro;Bósnia-Herzegovina;242512
Exportação;2022;Janeiro;Cabo Verde;2328943
Exportação;2022;Janeiro;Camarões;4056437
Exportação;2022;Janeiro;Camboja;2059891
Exportação;2022;Janeiro;Canadá;353251472
Exportação;2022;Janeiro;Catar;18412677
Exportação;2022;Janeiro;Cayman, Ilhas;535493
Exportação;2022;Janeiro;Cazaquistão;900393
Exportação;2022;Janeiro;Chade;567
Exportação;2022;Janeiro;Chile;627074267
Exportação;2022;Janeiro;China;4417871873
Exportação;2022;Janeiro;Chipre;7730349
Exportação;2022;Janeiro;Colômbia;256490666
Exportação;2022;Janeiro;Comores;578051
Exportação;2022;Janeiro;Congo;4986272
Exportação;2022;Janeiro;Congo, República Democrática;4131560
Exportação;2022;Janeiro;Cook, Ilhas;9106
Exportação;2022;Janeiro;Coreia do Sul;474786420
Exportação;2022;Janeiro;Costa Rica;25905839
Exportação;2022;Janeiro;Costa do Marfim;5773378
Exportação;2022;Janeiro;Coveite (Kuweit);19194422
Exportação;2022;Janeiro;Croácia;15640355
Exportação;2022;Janeiro;Cuba;7608028
Exportação;2022;Janeiro;Curaçao;1836270
Exportação;2022;Janeiro;Dinamarca;26148692
Exportação;2022;Janeiro;Djibuti;224663
Exportação;2022;Janeiro;Dominica;306605
Exportação;2022;Janeiro;Egito;298828093
Exportação;2022;Janeiro;El Salvador;7752918
Exportação;2022;Janeiro;Emirados Árabes Unidos;233414699
Exportação;2022;Janeiro;Equador;71283249
Exportação;2022;Janeiro;Eritreia;617
Exportação;2022;Janeiro;Eslováquia;3282759
Exportação;2022;Janeiro;Eslovênia;15081795
Exportação;2022;Janeiro;Espanha;414398003
Exportação;2022;Janeiro;Estados Unidos;2196232994
Exportação;2022;Janeiro;Estônia;2107521
Exportação;2022;Janeiro;Etiópia;769136
Exportação;2022;Janeiro;Falkland (Malvinas);23068
Exportação;2022;Janeiro;Fiji;26143
Exportação;2022;Janeiro;Filipinas;96168625
Exportação;2022;Janeiro;Finlândia;16966391
Exportação;2022;Janeiro;França;238725262
Exportação;2022;Janeiro;Gabão;3685248
Exportação;2022;Janeiro;Gana;27509647
Exportação;2022;Janeiro;Geórgia;12164653
Exportação;2022;Janeiro;Gibraltar;356
Exportação;2022;Janeiro;Granada;600652
Exportação;2022;Janeiro;Grécia;15779632
Exportação;2022;Janeiro;Guadalupe;849852
Exportação;2022;Janeiro;Guatemala;20756079
Exportação;2022;Janeiro;Guiana;4181323
Exportação;2022;Janeiro;Guiana Francesa;756733
Exportação;2022;Janeiro;Guiné;5189819
Exportação;2022;Janeiro;Guiné Equatorial;1205110
Exportação;2022;Janeiro;Guiné-Bissau;33
Exportação;2022;Janeiro;Gâmbia;12196123
Exportação;2022;Janeiro;Haiti;4617032
Exportação;2022;Janeiro;Honduras;11059150
Exportação;2022;Janeiro;Hong Kong;105171303
Exportação;2022;Janeiro;Hungria;4765046
Exportação;2022;Janeiro;Ilha de Man;894413
Exportação;2022;Janeiro;Indonésia;222941523
Exportação;2022;Janeiro;Iraque;36838932
Exportação;2022;Janeiro;Irlanda;16752810
Exportação;2022;Janeiro;Irã;164670
Exportação;2022;Janeiro;Islândia;36572864
Exportação;2022;Janeiro;Israel;133444524
Exportação;2022;Janeiro;Itália;313503029
Exportação;2022;Janeiro;Iêmen;23654841
Exportação;2022;Janeiro;Jamaica;8406147
Exportação;2022;Janeiro;Japão;542505095
Exportação;2022;Janeiro;Jersey;136
Exportação;2022;Janeiro;Jordânia;31962512
Exportação;2022;Janeiro;Kiribati;34099
Exportação;2022;Janeiro;Laos;58191
Exportação;2022;Janeiro;Letônia;1906289
Exportação;2022;Janeiro;Libéria;27715690
Exportação;2022;Janeiro;Liechtenstein;891190
Exportação;2022;Janeiro;Lituânia;2851587
Exportação;2022;Janeiro;Luxemburgo;6161953
Exportação;2022;Janeiro;Líbano;19842
Exportação;2022;Janeiro;Líbia;17678175
Exportação;2022;Janeiro;Macau;45897
Exportação;2022;Janeiro;Macedônia;1157177
Exportação;2022;Janeiro;Madagascar;1138152
Exportação;2022;Janeiro;Malavi;55479
Exportação;2022;Janeiro;Maldivas;1658276
Exportação;2022;Janeiro;Mali;447
Exportação;2022;Janeiro;Malta;8468125
Exportação;2022;Janeiro;Malásia;243246517
Exportação;2022;Janeiro;Marrocos;104260368
Exportação;2022;Janeiro;Marshall, Ilhas;24748068
Exportação;2022;Janeiro;Martinica;844624
Exportação;2022;Janeiro;Mauritânia;6979396
Exportação;2022;Janeiro;Maurício;1459135
Exportação;2022;Janeiro;Mayotte;61753
Exportação;2022;Janeiro;Mianmar;2411169
Exportação;2022;Janeiro;Moldávia;508841
Exportação;2022;Janeiro;Mongólia;1737
Exportação;2022;Janeiro;Montenegro;2824824
Exportação;2022;Janeiro;Moçambique;1896426
Exportação;2022;Janeiro;México;326094382
Exportação;2022;Janeiro;Mônaco;6117
Exportação;2022;Janeiro;Namíbia;1105808
Exportação;2022;Janeiro;Nepal;6196767
Exportação;2022;Janeiro;Nicarágua;4793757
Exportação;2022;Janeiro;Nigéria;70516912
Exportação;2022;Janeiro;Niue;23113
Exportação;2022;Janeiro;Norfolk, Ilha;148409
Exportação;2022;Janeiro;Noruega;58792667
Exportação;2022;Janeiro;Nova Caledônia;500257
Exportação;2022;Janeiro;Nova Zelândia;5650231
Exportação;2022;Janeiro;Níger;115132
Exportação;2022;Janeiro;Omã;69655629
Exportação;2022;Janeiro;Pacífico, Ilhas do (EUA);2604
Exportação;2022;Janeiro;Palestina;3969480
Exportação;2022;Janeiro;Panamá;45187108
Exportação;2022;Janeiro;Papua Nova Guiné;344830
Exportação;2022;Janeiro;Paquistão;55814230
Exportação;2022;Janeiro;Paraguai;216213062
Exportação;2022;Janeiro;Países Baixos (Holanda);563997723
Exportação;2022;Janeiro;Peru;2517309
Exportação;2022;Janeiro;Polinésia Francesa;771
Exportação;2022;Janeiro;Polônia;31991690
Exportação;2022;Janeiro;Porto Rico;10358748
Exportação;2022;Janeiro;Portugal;163889294
Exportação;2022;Janeiro;Quênia;7789645
Exportação;2022;Janeiro;Reino Unido;244188292
Exportação;2022;Janeiro;República Centro-Africana;203603
Exportação;2022;Janeiro;República Dominicana;81195362
Exportação;2022;Janeiro;Reunião;442
Exportação;2022;Janeiro;Romênia;42064113
Exportação;2022;Janeiro;Ruanda;34195
Exportação;2022;Janeiro;Rússia;225630305
Exportação;2022;Janeiro;Samoa;91426
Exportação;2022;Janeiro;Samoa Americana;179922
Exportação;2022;Janeiro;Santa Helena;9854
Exportação;2022;Janeiro;Santa Lúcia;132568
Exportação;2022;Janeiro;Seicheles;315487
Exportação;2022;Janeiro;Senegal;14241382
Exportação;2022;Janeiro;Serra Leoa;1286637
Exportação;2022;Janeiro;Singapura;710499661
Exportação;2022;Janeiro;Sint Maarten;324
Exportação;2022;Janeiro;Somália;924297
Exportação;2022;Janeiro;Sri Lanka;1340760
Exportação;2022;Janeiro;Sudão;416808
Exportação;2022;Janeiro;Sudão do Sul;147257
Exportação;2022;Janeiro;Suriname;2267721
Exportação;2022;Janeiro;Suécia;33315536
Exportação;2022;Janeiro;Suíça;96543349
Exportação;2022;Janeiro;São Bartolomeu;260563
Exportação;2022;Janeiro;São Cristóvão e Névis;37848
Exportação;2022;Janeiro;São Martinho, Ilha de (parte francesa);17393
Exportação;2022;Janeiro;São Tomé e Príncipe;521143
Exportação;2022;Janeiro;São Vicente e Granadinas;274433
Exportação;2022;Janeiro;Sérvia;4985754
Exportação;2022;Janeiro;Síria;3908978
Exportação;2022;Janeiro;Tailândia;65874829
Exportação;2022;Janeiro;Taiwan (Formosa);73877774
Exportação;2022;Janeiro;Tanzânia;5164158
Exportação;2022;Janeiro;Tcheca, República;2892787
Exportação;2022;Janeiro;Terras Austrais Francesas;9256
Exportação;2022;Janeiro;Timor Leste;612448
Exportação;2022;Janeiro;Togo;19851183
Exportação;2022;Janeiro;Tonga;20053
Exportação;2022;Janeiro;Toquelau;17463
Exportação;2022;Janeiro;Trinidad e Tobago;19062206
Exportação;2022;Janeiro;Tunísia;14413432
Exportação;2022;Janeiro;Turcas e Caicos, Ilhas;104637
Exportação;2022;Janeiro;Turcomenistão;194810
Exportação;2022;Janeiro;Turquia;289063302
Exportação;2022;Janeiro;Ucrânia;24541370
Exportação;2022;Janeiro;Uganda;1252
Exportação;2022;Janeiro;Uruguai;161191165
Exportação;2022;Janeiro;Uzbequistão;3969030
Exportação;2022;Janeiro;Vanuatu;370815
Exportação;2022;Janeiro;Venezuela;82195809
Exportação;2022;Janeiro;Vietnã;277206682
Exportação;2022;Janeiro;Virgens, Ilhas (Americanas);65380837
Exportação;2022;Janeiro;Virgens, Ilhas (Britânicas);54880
Exportação;2022;Janeiro;Zimbábue;1320990
Exportação;2022;Janeiro;Zâmbia;465198
Exportação;2022;Janeiro;África do Sul;122786998
Exportação;2022;Janeiro;Áustria;6083675
Exportação;2022;Janeiro;Índia;480521438
Exportação;2022;Fevereiro;Afeganistão;95912
Exportação;2022;Fevereiro;Albânia;6693587
Exportação;2022;Fevereiro;Alemanha;468289929
Exportação;2022;Fevereiro;Angola;39328572
Exportação;2022;Fevereiro;Anguilla;132328
Exportação;2022;Fevereiro;Antígua e Barbuda;3574634
Exportação;2022;Fevereiro;Argentina;1032759295
Exportação;2022;Fevereiro;Argélia;140492034
Exportação;2022;Fevereiro;Armênia;217957
Exportação;2022;Fevereiro;Aruba;1941314
Exportação;2022;Fevereiro;Arábia Saudita;168610764
Exportação;2022;Fevereiro;Austrália;55719354
Exportação;2022;Fevereiro;Azerbaijão;4150068
Exportação;2022;Fevereiro;Bahamas;11791422
Exportação;2022;Fevereiro;Bangladesh;144942426
Exportação;2022;Fevereiro;Barbados;1377795
Exportação;2022;Fevereiro;Barein;85145748
Exportação;2022;Fevereiro;Belarus;606589
Exportação;2022;Fevereiro;Belize;8420
Exportação;2022;Fevereiro;Benin;12579578
Exportação;2022;Fevereiro;Bermudas;309294
Exportação;2022;Fevereiro;Bolívia;135982315
Exportação;2022;Fevereiro;Bonaire, Saint Eustatius e Saba;73662379
Exportação;2022;Fevereiro;Botsuana;143515
Exportação;2022;Fevereiro;Brasil;42538
Exportação;2022;Fevereiro;Brunei;89610
Exportação;2022;Fevereiro;Bulgária;1353194
Exportação;2022;Fevereiro;Burkina Faso;2148960
Exportação;2022;Fevereiro;Butão;1567
Exportação;2022;Fevereiro;Bélgica;430239289
Exportação;2022;Fevereiro;Bósnia-Herzegovina;494745
Exportação;2022;Fevereiro;Cabo Verde;2643959
Exportação;2022;Fevereiro;Camarões;9307478
Exportação;2022;Fevereiro;Camboja;1387653
Exportação;2022;Fevereiro;Canadá;386
Exportação;2022;Fevereiro;Catar;18554215
Exportação;2022;Fevereiro;Cayman, Ilhas;411598
Exportação;2022;Fevereiro;Cazaquistão;1763750
Exportação;2022;Fevereiro;Chade;224330
Exportação;2022;Fevereiro;Chile;642280939
Exportação;2022;Fevereiro;China;6266023578
Exportação;2022;Fevereiro;Chipre;7927022
Exportação;2022;Fevereiro;Colômbia;323885499
Exportação;2022;Fevereiro;Comores;1112062
Exportação;2022;Fevereiro;Congo;5236981
Exportação;2022;Fevereiro;Congo, República Democrática;13617898
Exportação;2022;Fevereiro;Coreia do Sul;490558130
Exportação;2022;Fevereiro;Costa Rica;29364358
Exportação;2022;Fevereiro;Costa do Marfim;7397246
Exportação;2022;Fevereiro;Coveite (Kuweit);15511609
Exportação;2022;Fevereiro;Croácia;6037646
Exportação;2022;Fevereiro;Cuba;34554303
Exportação;2022;Fevereiro;Curaçao;3245021
Exportação;2022;Fevereiro;Dinamarca;32057157
Exportação;2022;Fevereiro;Djibuti;729050
Exportação;2022;Fevereiro;Dominica;392611
Exportação;2022;Fevereiro;Egito;193986129
Exportação;2022;Fevereiro;El Salvador;11292761
Exportação;2022;Fevereiro;Emirados Árabes Unidos;209919746
Exportação;2022;Fevereiro;Equador;155690
Exportação;2022;Fevereiro;Eritreia;14755
Exportação;2022;Fevereiro;Eslováquia;4985646
Exportação;2022;Fevereiro;Eslovênia;72141773
Exportação;2022;Fevereiro;Espanha;602499463
Exportação;2022;Fevereiro;Estados Unidos;2470836873
Exportação;2022;Fevereiro;Estônia;1026858
Exportação;2022;Fevereiro;Etiópia;964168
Exportação;2022;Fevereiro;Faroe, Ilhas;19723
Exportação;2022;Fevereiro;Fiji;119389
Exportação;2022;Fevereiro;Filipinas;104647418
Exportação;2022;Fevereiro;Finlândia;27584362
Exportação;2022;Fevereiro;França;189511880
Exportação;2022;Fevereiro;Gabão;3354790
Exportação;2022;Fevereiro;Gana;18987533
Exportação;2022;Fevereiro;Geórgia;8806982
Exportação;2022;Fevereiro;Granada;700818
Exportação;2022;Fevereiro;Grécia;28219917
Exportação;2022;Fevereiro;Guadalupe;799206
Exportação;2022;Fevereiro;Guam;116851
Exportação;2022;Fevereiro;Guatemala;31522578
Exportação;2022;Fevereiro;Guernsey;155
Exportação;2022;Fevereiro;Guiana;39177398
Exportação;2022;Fevereiro;Guiana Francesa;265242
Exportação;2022;Fevereiro;Guiné;10378471
Exportação;2022;Fevereiro;Guiné Equatorial;1046067
Exportação;2022;Fevereiro;Guiné-Bissau;102283
Exportação;2022;Fevereiro;Gâmbia;17129488
Exportação;2022;Fevereiro;Haiti;4047213
Exportação;2022;Fevereiro;Honduras;17671900
Exportação;2022;Fevereiro;Hong Kong;103876144
Exportação;2022;Fevereiro;Hungria;4684383
Exportação;2022;Fevereiro;Ilha de Man;14283122
Exportação;2022;Fevereiro;Indonésia;226592069
Exportação;2022;Fevereiro;Iraque;11333328
Exportação;2022;Fevereiro;Irlanda;8802161
Exportação;2022;Fevereiro;Irã;140339743
Exportação;2022;Fevereiro;Islândia;31797544
Exportação;2022;Fevereiro;Israel;222689998
Exportação;2022;Fevereiro;Itália;373543894
Exportação;2022;Fevereiro;Iêmen;8105022
Exportação;2022;Fevereiro;Jamaica;4527472
Exportação;2022;Fevereiro;Japão;363048057
Exportação;2022;Fevereiro;Jersey;171
Exportação;2022;Fevereiro;Jordânia;22484677
Exportação;2022;Fevereiro;Laos;710
Exportação;2022;Fevereiro;Letônia;2426452
Exportação;2022;Fevereiro;Libéria;32976336
Exportação;2022;Fevereiro;Liechtenstein;1481521
Exportação;2022;Fevereiro;Lituânia;2942414
Exportação;2022;Fevereiro;Luxemburgo;11540723
Exportação;2022;Fevereiro;Líbano;23150994
Exportação;2022;Fevereiro;Líbia;16456252
Exportação;2022;Fevereiro;Macau;52084
Exportação;2022;Fevereiro;Macedônia;1094630
Exportação;2022;Fevereiro;Madagascar;5491293
Exportação;2022;Fevereiro;Malavi;39227
Exportação;2022;Fevereiro;Maldivas;1646
Exportação;2022;Fevereiro;Mali;396482
Exportação;2022;Fevereiro;Malta;97469
Exportação;2022;Fevereiro;Malásia;249457898
Exportação;2022;Fevereiro;Marrocos;77576850
Exportação;2022;Fevereiro;Marshall, Ilhas;23297954
Exportação;2022;Fevereiro;Martinica;488894
Exportação;2022;Fevereiro;Mauritânia;11080009
Exportação;2022;Fevereiro;Maurício;18684507
Exportação;2022;Fevereiro;Mayotte;180644
Exportação;2022;Fevereiro;Mianmar;6376881
Exportação;2022;Fevereiro;Moldávia;974522
Exportação;2022;Fevereiro;Mongólia;192330
Exportação;2022;Fevereiro;Montenegro;1741504
Exportação;2022;Fevereiro;Moçambique;2690453
Exportação;2022;Fevereiro;México;466904819
Exportação;2022;Fevereiro;Namíbia;755552
Exportação;2022;Fevereiro;Nepal;190387
Exportação;2022;Fevereiro;Nicarágua;7998765
Exportação;2022;Fevereiro;Nigéria;83827092
Exportação;2022;Fevereiro;Norfolk, Ilha;145530
Exportação;2022;Fevereiro;Noruega;172140432
Exportação;2022;Fevereiro;Nova Caledônia;552707
Exportação;2022;Fevereiro;Nova Zelândia;10264
Exportação;2022;Fevereiro;Níger;80840
Exportação;2022;Fevereiro;Omã;40438072
Exportação;2022;Fevereiro;Pacífico, Ilhas do (EUA);45
Exportação;2022;Fevereiro;Palestina;4208076
Exportação;2022;Fevereiro;Panamá;53558288
Exportação;2022;Fevereiro;Papua Nova Guiné;117840
Exportação;2022;Fevereiro;Paquistão;148693693
Exportação;2022;Fevereiro;Paraguai;256499
Exportação;2022;Fevereiro;Países Baixos (Holanda);689546553
Exportação;2022;Fevereiro;Peru;232687673
Exportação;2022;Fevereiro;Pitcairn;613928
Exportação;2022;Fevereiro;Polinésia Francesa;1327248
Exportação;2022;Fevereiro;Polônia;62045344
Exportação;2022;Fevereiro;Porto Rico;12557379
Exportação;2022;Fevereiro;Portugal;381056086
Exportação;2022;Fevereiro;Quirguistão;13706
Exportação;2022;Fevereiro;Quênia;2240350
Exportação;2022;Fevereiro;Reino Unido;257913089
Exportação;2022;Fevereiro;República Centro-Africana;28934986
Exportação;2022;Fevereiro;República Dominicana;76312723
Exportação;2022;Fevereiro;Reunião;245416
Exportação;2022;Fevereiro;Romênia;41740795
Exportação;2022;Fevereiro;Ruanda;109352
Exportação;2022;Fevereiro;Rússia;241547628
Exportação;2022;Fevereiro;Samoa;104858
Exportação;2022;Fevereiro;Samoa Americana;243192
Exportação;2022;Fevereiro;San Marino;6359
Exportação;2022;Fevereiro;Santa Lúcia;330512
Exportação;2022;Fevereiro;Seicheles;704345
Exportação;2022;Fevereiro;Senegal;3802413
Exportação;2022;Fevereiro;Serra Leoa;1029466
Exportação;2022;Fevereiro;Singapura;870332305
Exportação;2022;Fevereiro;Sint Maarten;749968
Exportação;2022;Fevereiro;Somália;472528
Exportação;2022;Fevereiro;Sri Lanka;1416530
Exportação;2022;Fevereiro;Sudão;23153930
Exportação;2022;Fevereiro;Sudão do Sul;121994
Exportação;2022;Fevereiro;Suriname;2207104
Exportação;2022;Fevereiro;Suécia;41287346
Exportação;2022;Fevereiro;Suíça;73284929
Exportação;2022;Fevereiro;São Bartolomeu;1525
Exportação;2022;Fevereiro;São Cristóvão e Névis;380566
Exportação;2022;Fevereiro;São Martinho, Ilha de (parte francesa);67222
Exportação;2022;Fevereiro;São Tomé e Príncipe;133098
Exportação;2022;Fevereiro;São Vicente e Granadinas;747325
Exportação;2022;Fevereiro;Sérvia;5062331
Exportação;2022;Fevereiro;Síria;2200349
Exportação;2022;Fevereiro;Tailândia;264867298
Exportação;2022;Fevereiro;Taiwan (Formosa);43791739
Exportação;2022;Fevereiro;Tanzânia;1868039
Exportação;2022;Fevereiro;Tcheca, República;3700608
Exportação;2022;Fevereiro;Terras Austrais Francesas;47056
Exportação;2022;Fevereiro;Timor Leste;635
Exportação;2022;Fevereiro;Togo;19575345
Exportação;2022;Fevereiro;Tonga;60758
Exportação;2022;Fevereiro;Trinidad e Tobago;18943418
Exportação;2022;Fevereiro;Tunísia;24759140
Exportação;2022;Fevereiro;Turcas e Caicos, Ilhas;86521
Exportação;2022;Fevereiro;Turcomenistão;946772
Exportação;2022;Fevereiro;Turquia;300997522
Exportação;2022;Fevereiro;Ucrânia;17667779
Exportação;2022;Fevereiro;Uganda;1021445
Exportação;2022;Fevereiro;Uruguai;252842041
Exportação;2022;Fevereiro;Uzbequistão;2448192
Exportação;2022;Fevereiro;Vanuatu;46414
Exportação;2022;Fevereiro;Venezuela;103287742
Exportação;2022;Fevereiro;Vietnã;246788626
Exportação;2022;Fevereiro;Virgens, Ilhas (Americanas);25393
Exportação;2022;Fevereiro;Virgens, Ilhas (Britânicas);16456
Exportação;2022;Fevereiro;Zimbábue;376740
Exportação;2022;Fevereiro;Zâmbia;246720
Exportação;2022;Fevereiro;África do Sul;155440761
Exportação;2022;Fevereiro;Áustria;5079
Exportação;2022;Fevereiro;Índia;409596199
Exportação;2022;Março;Afeganistão;556473
Exportação;2022;Março;Albânia;5173216
Exportação;2022;Março;Alemanha;624124446
Exportação;2022;Março;Angola;47475693
Exportação;2022;Março;Anguilla;105439
Exportação;2022;Março;Antígua e Barbuda;6812943
Exportação;2022;Março;Argentina;1199208654
Exportação;2022;Março;Argélia;203274177
Exportação;2022;Março;Armênia;383503
Exportação;2022;Março;Aruba;1740358
Exportação;2022;Março;Arábia Saudita;186224384
Exportação;2022;Março;Austrália;56959276
Exportação;2022;Março;Azerbaijão;1780236
Exportação;2022;Março;Bahamas;15571715
Exportação;2022;Março;Bangladesh;202539
Exportação;2022;Março;Barbados;1419695
Exportação;2022;Março;Barein;165171529
Exportação;2022;Março;Belarus;405859
Exportação;2022;Março;Belize;822494
Exportação;2022;Março;Benin;10034507
Exportação;2022;Março;Bermudas;253368
Exportação;2022;Março;Bolívia;153574528
Exportação;2022;Março;Bonaire, Saint Eustatius e Saba;346184
Exportação;2022;Março;Botsuana;481958
Exportação;2022;Março;Brasil;66024
Exportação;2022;Março;Brunei;4523
Exportação;2022;Março;Bulgária;2152591
Exportação;2022;Março;Burkina Faso;313099
Exportação;2022;Março;Burundi;12
Exportação;2022;Março;Bélgica;429384612
Exportação;2022;Março;Cabo Verde;2262870
Exportação;2022;Março;Camarões;4023251
Exportação;2022;Março;Camboja;4523894
Exportação;2022;Março;Canadá;418899497
Exportação;2022;Março;Catar;59752175
Exportação;2022;Março;Cayman, Ilhas;1760244
Exportação;2022;Março;Cazaquistão;1066344
Exportação;2022;Março;Chade;97906
Exportação;2022;Março;Chile;821258009
Exportação;2022;Março;China;9321758715
Exportação;2022;Março;Chipre;7236068
Exportação;2022;Março;Colômbia;345842570
Exportação;2022;Março;Comores;1174730
Exportação;2022;Março;Congo;4756980
Exportação;2022;Março;Congo, República Democrática;7537192
Exportação;2022;Março;Coreia do Sul;431324632
Exportação;2022;Março;Costa Rica;19381268
Exportação;2022;Março;Costa do Marfim;6078545
Exportação;2022;Março;Coveite (Kuweit);13680461
Exportação;2022;Março;Croácia;1539754
Exportação;2022;Março;Cuba;22745487
Exportação;2022;Março;Curaçao;2569487
Exportação;2022;Março;Dinamarca;30945172
Exportação;2022;Março;Djibuti;486027
Exportação;2022;Março;Dominica;325294
Exportação;2022;Março;Egito;236913171
Exportação;2022;Março;El Salvador;9449762
Exportação;2022;Março;Emirados Árabes Unidos;262352994
Exportação;2022;Março;Equador;100902657
Exportação;2022;Março;Eslováquia;3127217
Exportação;2022;Março;Eslovênia;36276509
Exportação;2022;Março;Espanha;794183328
Exportação;2022;Março;Estados Unidos;2877192749
Exportação;2022;Março;Estônia;4558023
Exportação;2022;Março;Etiópia;2341630
Exportação;2022;Março;Falkland (Malvinas);5039
Exportação;2022;Março;Fiji;181299
Exportação;2022;Março;Filipinas;136789830
Exportação;2022;Março;Finlândia;61854610
Exportação;2022;Março;França;226877133
Exportação;2022;Março;Gabão;3656569
Exportação;2022;Março;Gana;13126095
Exportação;2022;Março;Geórgia;9107480
Exportação;2022;Março;Gibraltar;24742
Exportação;2022;Março;Granada;1162235
Exportação;2022;Março;Grécia;28149366
Exportação;2022;Março;Guadalupe;1027194
Exportação;2022;Março;Guam;8344
Exportação;2022;Março;Guatemala;34212751
Exportação;2022;Março;Guiana;5583398
Exportação;2022;Março;Guiana Francesa;552025
Exportação;2022;Março;Guiné;12565177
Exportação;2022;Março;Guiné Equatorial;1141
Exportação;2022;Março;Guiné-Bissau;153692
Exportação;2022;Março;Gâmbia;10745465
Exportação;2022;Março;Haiti;8062680
Exportação;2022;Março;Honduras;16611205
Exportação;2022;Março;Hong Kong;135912818
Exportação;2022;Março;Hungria;4565447
Exportação;2022;Março;Ilha de Man;1351592
Exportação;2022;Março;Indonésia;255240
Exportação;2022;Março;Iraque;25793521
Exportação;2022;Março;Irlanda;15993407
Exportação;2022;Março;Irã;88344326
Exportação;2022;Março;Islândia;12641884
Exportação;2022;Março;Israel;372186319
Exportação;2022;Março;Itália;361058382
Exportação;2022;Março;Iêmen;8043805
Exportação;2022;Março;Jamaica;92496671
Exportação;2022;Março;Japão;339040964
Exportação;2022;Março;Jersey;1430
Exportação;2022;Março;Jordânia;22377641
Exportação;2022;Março;Laos;90695
Exportação;2022;Março;Letônia;1194367
Exportação;2022;Março;Libéria;53814878
Exportação;2022;Março;Liechtenstein;580599
Exportação;2022;Março;Lituânia;2154976
Exportação;2022;Março;Luxemburgo;4349124
Exportação;2022;Março;Líbano;10067284
Exportação;2022;Março;Líbia;16348637
Exportação;2022;Março;Macau;28762
Exportação;2022;Março;Macedônia;1690023
Exportação;2022;Março;Madagascar;527400
Exportação;2022;Março;Malavi;56784
Exportação;2022;Março;Maldivas;2321
Exportação;2022;Março;Mali;105977
Exportação;2022;Março;Malta;84187681
Exportação;2022;Março;Malásia;379603209
Exportação;2022;Março;Marrocos;62423398
Exportação;2022;Março;Marshall, Ilhas;54555
Exportação;2022;Março;Martinica;544718
Exportação;2022;Março;Mauritânia;7972857
Exportação;2022;Março;Maurício;903368
Exportação;2022;Março;Mayotte;696447
Exportação;2022;Março;Mianmar;1424481
Exportação;2022;Março;Moldávia;158106
Exportação;2022;Março;Mongólia;179768
Exportação;2022;Março;Montenegro;624032
Exportação;2022;Março;Montserrat;29172
Exportação;2022;Março;Moçambique;4774109
Exportação;2022;Março;México;512826033
Exportação;2022;Março;Namíbia;924722
Exportação;2022;Março;Nauru;2616
Exportação;2022;Março;Nepal;444191
Exportação;2022;Março;Nicarágua;5823569
Exportação;2022;Março;Nigéria;93777347
Exportação;2022;Março;Norfolk, Ilha;510433
Exportação;2022;Março;Noruega;76139550
Exportação;2022;Março;Nova Caledônia;841094
Exportação;2022;Março;Nova Zelândia;7259338
Exportação;2022;Março;Níger;357343
Exportação;2022;Março;Omã;123919668
Exportação;2022;Março;Pacífico, Ilhas do (EUA);12855
Exportação;2022;Março;Palestina;2708176
Exportação;2022;Março;Panamá;70282531
Exportação;2022;Março;Papua Nova Guiné;23581
Exportação;2022;Março;Paquistão;155678161
Exportação;2022;Março;Paraguai;280899939
Exportação;2022;Março;Países Baixos (Holanda);1114720556
Exportação;2022;Março;Peru;330515316
Exportação;2022;Março;Polinésia Francesa;82193
Exportação;2022;Março;Polônia;143269578
Exportação;2022;Março;Porto Rico;11881094
Exportação;2022;Março;Portugal;299762304
Exportação;2022;Março;Quirguistão;997
Exportação;2022;Março;Quênia;4333912
Exportação;2022;Março;Reino Unido;297425420
Exportação;2022;Março;República Centro-Africana;695020
Exportação;2022;Março;República Dominicana;66411295
Exportação;2022;Março;Reunião;613615
Exportação;2022;Março;Romênia;78371540
Exportação;2022;Março;Ruanda;86031
Exportação;2022;Março;Rússia;166020786
Exportação;2022;Março;Samoa;67795
Exportação;2022;Março;Samoa Americana;303673
Exportação;2022;Março;San Marino;12422
Exportação;2022;Março;Santa Lúcia;116298
Exportação;2022;Março;Seicheles;606726
Exportação;2022;Março;Senegal;93936849
Exportação;2022;Março;Serra Leoa;4883440
Exportação;2022;Março;Singapura;680545756
Exportação;2022;Março;Sint Maarten;2131722
Exportação;2022;Março;Somália;412694
Exportação;2022;Março;Sri Lanka;2109903
Exportação;2022;Março;Sudão;23623694
Exportação;2022;Março;Sudão do Sul;164574
Exportação;2022;Março;Suriname;2995880
Exportação;2022;Março;Suécia;121159808
Exportação;2022;Março;Suíça;100746277
Exportação;2022;Março;São Bartolomeu;462700
Exportação;2022;Março;São Cristóvão e Névis;366
Exportação;2022;Março;São Martinho, Ilha de (parte francesa);26911
Exportação;2022;Março;São Tomé e Príncipe;451924
Exportação;2022;Março;São Vicente e Granadinas;1492564
Exportação;2022;Março;Sérvia;6612522
Exportação;2022;Março;Síria;1534304
Exportação;2022;Março;Tadjiquistão;29950
Exportação;2022;Março;Tailândia;347864696
Exportação;2022;Março;Taiwan (Formosa);142694660
Exportação;2022;Março;Tanzânia;2567044
Exportação;2022;Março;Tcheca, República;5362185
Exportação;2022;Março;Terras Austrais Francesas;52730
Exportação;2022;Março;Timor Leste;1420906
Exportação;2022;Março;Togo;10513192
Exportação;2022;Março;Tonga;64749
Exportação;2022;Março;Trinidad e Tobago;22663408
Exportação;2022;Março;Tunísia;30816507
Exportação;2022;Março;Turcas e Caicos, Ilhas;270772
Exportação;2022;Março;Turcomenistão;1914
Exportação;2022;Março;Turquia;389288030
Exportação;2022;Março;Ucrânia;13503623
Exportação;2022;Março;Uganda;1543945
Exportação;2022;Março;Uruguai;314345028
Exportação;2022;Março;Uzbequistão;3269610
Exportação;2022;Março;Vanuatu;392
Exportação;2022;Março;Vaticano;276
Exportação;2022;Março;Venezuela;100412226
Exportação;2022;Março;Vietnã;314213318
Exportação;2022;Março;Virgens, Ilhas (Americanas);55029112
Exportação;2022;Março;Virgens, Ilhas (Britânicas);1328738
Exportação;2022;Março;Zimbábue;474593
Exportação;2022;Março;Zâmbia;5631
Exportação;2022;Março;África do Sul;192464163
Exportação;2022;Março;Áustria;28755089
Exportação;2022;Março;Índia;377976597
Exportação;2022;Abril;Afeganistão;274890
Exportação;2022;Abril;Albânia;10517382
Exportação;2022;Abril;Alemanha;525065471
Exportação;2022;Abril;Andorra;12123
Exportação;2022;Abril;Angola;50085982
Exportação;2022;Abril;Anguilla;4221
Exportação;2022;Abril;Antígua e Barbuda;3483769
Exportação;2022;Abril;Argentina;1270518074
Exportação;2022;Abril;Argélia;149280811
Exportação;2022;Abril;Armênia;197970
Exportação;2022;Abril;Aruba;1800992
Exportação;2022;Abril;Arábia Saudita;203942806
Exportação;2022;Abril;Austrália;50969444
Exportação;2022;Abril;Azerbaijão;908217
Exportação;2022;Abril;Bahamas;19446274
Exportação;2022;Abril;Bangladesh;226751641
Exportação;2022;Abril;Barbados;2147135
Exportação;2022;Abril;Barein;82193755
Exportação;2022;Abril;Belarus;134350
Exportação;2022;Abril;Belize;328566
Exportação;2022;Abril;Benin;5288657
Exportação;2022;Abril;Bermudas;209540
Exportação;2022;Abril;Bolívia;133744754
Exportação;2022;Abril;Bonaire, Saint Eustatius e Saba;74858
Exportação;2022;Abril;Botsuana;1724
Exportação;2022;Abril;Brasil;60891
Exportação;2022;Abril;Brunei;84523
Exportação;2022;Abril;Bulgária;1803184
Exportação;2022;Abril;Burkina Faso;463809
Exportação;2022;Abril;Burundi;91
Exportação;2022;Abril;Butão;183993
Exportação;2022;Abril;Bélgica;390572715
Exportação;2022;Abril;Bósnia-Herzegovina;119850
Exportação;2022;Abril;Cabo Verde;4144305
Exportação;2022;Abril;Camarões;11936953
Exportação;2022;Abril;Camboja;2470982
Exportação;2022;Abril;Canadá;456689973
Exportação;2022;Abril;Catar;28113538
Exportação;2022;Abril;Cayman, Ilhas;454963
Exportação;2022;Abril;Cazaquistão;788171
Exportação;2022;Abril;Chade;263151
Exportação;2022;Abril;Chile;662187289
Exportação;2022;Abril;China;9273167066
Exportação;2022;Abril;Chipre;7065590
Exportação;2022;Abril;Colômbia;347790521
Exportação;2022;Abril;Comores;902985
Exportação;2022;Abril;Congo;5282647
Exportação;2022;Abril;Congo, República Democrática;8748
Exportação;2022;Abril;Cook, Ilhas;18
Exportação;2022;Abril;Coreia do Sul;478419557
Exportação;2022;Abril;Costa Rica;17737350
Exportação;2022;Abril;Costa do Marfim;11494849
Exportação;2022;Abril;Coveite (Kuweit);17340605
Exportação;2022;Abril;Croácia;2898082
Exportação;2022;Abril;Cuba;8029458
Exportação;2022;Abril;Curaçao;2335584
Exportação;2022;Abril;Dinamarca;39479259
Exportação;2022;Abril;Djibuti;509183
Exportação;2022;Abril;Dominica;220250
Exportação;2022;Abril;Egito;238966871
Exportação;2022;Abril;El Salvador;9679810
Exportação;2022;Abril;Emirados Árabes Unidos;218561905
Exportação;2022;Abril;Equador;105545107
Exportação;2022;Abril;Eslováquia;4033826
Exportação;2022;Abril;Eslovênia;91209350
Exportação;2022;Abril;Espanha;785821260
Exportação;2022;Abril;Estados Unidos;2935035938
Exportação;2022;Abril;Estônia;2365
Exportação;2022;Abril;Etiópia;1061772
Exportação;2022;Abril;Faroe, Ilhas;731
Exportação;2022;Abril;Fiji;96028
Exportação;2022;Abril;Filipinas;102125407
Exportação;2022;Abril;Finlândia;137064425
Exportação;2022;Abril;França;261520433
Exportação;2022;Abril;Gabão;3453838
Exportação;2022;Abril;Gana;22058580
Exportação;2022;Abril;Geórgia;50505106
Exportação;2022;Abril;Granada;978836
Exportação;2022;Abril;Grécia;37763073
Exportação;2022;Abril;Guadalupe;384971
Exportação;2022;Abril;Guam;34830
Exportação;2022;Abril;Guatemala;28776205
Exportação;2022;Abril;Guiana;6118100
Exportação;2022;Abril;Guiana Francesa;440565
Exportação;2022;Abril;Guiné;2796866
Exportação;2022;Abril;Guiné Equatorial;1886517
Exportação;2022;Abril;Guiné-Bissau;77704
Exportação;2022;Abril;Gâmbia;4246760
Exportação;2022;Abril;Haiti;5295054
Exportação;2022;Abril;Honduras;10809
Exportação;2022;Abril;Hong Kong;113899263
Exportação;2022;Abril;Hungria;4314789
Exportação;2022;Abril;Ilha de Man;2434215
Exportação;2022;Abril;Indonésia;198676826
Exportação;2022;Abril;Iraque;19006230
Exportação;2022;Abril;Irlanda;12807459
Exportação;2022;Abril;Irã;228061484
Exportação;2022;Abril;Islândia;51786425
Exportação;2022;Abril;Israel;79941241
Exportação;2022;Abril;Itália;445937205
Exportação;2022;Abril;Iêmen;15859173
Exportação;2022;Abril;Jamaica;5637104
Exportação;2022;Abril;Japão;529237794
Exportação;2022;Abril;Jordânia;22796452
Exportação;2022;Abril;Kiribati;58
Exportação;2022;Abril;Letônia;2885354
Exportação;2022;Abril;Libéria;38783329
Exportação;2022;Abril;Liechtenstein;1832
Exportação;2022;Abril;Lituânia;5141170
Exportação;2022;Abril;Luxemburgo;16731830
Exportação;2022;Abril;Líbano;24233
Exportação;2022;Abril;Líbia;58700419
Exportação;2022;Abril;Macau;311030
Exportação;2022;Abril;Macedônia;1987327
Exportação;2022;Abril;Madagascar;1336786
Exportação;2022;Abril;Malavi;545493
Exportação;2022;Abril;Maldivas;2715043
Exportação;2022;Abril;Mali;117365
Exportação;2022;Abril;Malta;9005369
Exportação;2022;Abril;Malásia;407650916
Exportação;2022;Abril;Marrocos;90910352
Exportação;2022;Abril;Marshall, Ilhas;39424837
Exportação;2022;Abril;Martinica;390959
Exportação;2022;Abril;Mauritânia;2080551
Exportação;2022;Abril;Maurício;1148951
Exportação;2022;Abril;Mayotte;714882
Exportação;2022;Abril;Mianmar;1238245
Exportação;2022;Abril;Micronésia;3879
Exportação;2022;Abril;Moldávia;122986
Exportação;2022;Abril;Mongólia;23708
Exportação;2022;Abril;Montenegro;1241279
Exportação;2022;Abril;Moçambique;2817856
Exportação;2022;Abril;México;578528296
Exportação;2022;Abril;Mônaco;154
Exportação;2022;Abril;Namíbia;928095
Exportação;2022;Abril;Nauru;7186
Exportação;2022;Abril;Nepal;5435
Exportação;2022;Abril;Nicarágua;5705858
Exportação;2022;Abril;Nigéria;49335435
Exportação;2022;Abril;Noruega;105974486
Exportação;2022;Abril;Nova Caledônia;435677
Exportação;2022;Abril;Nova Zelândia;6074710
Exportação;2022;Abril;Níger;296961
Exportação;2022;Abril;Omã;86898410
Exportação;2022;Abril;Pacífico, Ilhas do (EUA);2693
Exportação;2022;Abril;Palestina;2664459
Exportação;2022;Abril;Panamá;72772299
Exportação;2022;Abril;Papua Nova Guiné;321181
Exportação;2022;Abril;Paquistão;263677849
Exportação;2022;Abril;Paraguai;259371650
Exportação;2022;Abril;Países Baixos (Holanda);892675670
Exportação;2022;Abril;Peru;236730679
Exportação;2022;Abril;Pitcairn;358447
Exportação;2022;Abril;Polinésia Francesa;719562
Exportação;2022;Abril;Polônia;142479
Exportação;2022;Abril;Porto Rico;12151
Exportação;2022;Abril;Portugal;2740378
Exportação;2022;Abril;Quirguistão;3781
Exportação;2022;Abril;Quênia;4791588
Exportação;2022;Abril;Reino Unido;263823
Exportação;2022;Abril;República Centro-Africana;207377
Exportação;2022;Abril;República Dominicana;73697089
Exportação;2022;Abril;Reunião;440956
Exportação;2022;Abril;Romênia;28456560
Exportação;2022;Abril;Ruanda;419580
Exportação;2022;Abril;Rússia;96158294
Exportação;2022;Abril;Salomão, Ilhas;26606
Exportação;2022;Abril;Samoa;365
Exportação;2022;Abril;Samoa Americana;54061
Exportação;2022;Abril;Santa Lúcia;261737
Exportação;2022;Abril;Seicheles;385693
Exportação;2022;Abril;Senegal;28264092
Exportação;2022;Abril;Serra Leoa;885503
Exportação;2022;Abril;Singapura;550630652
Exportação;2022;Abril;Sint Maarten;1689902
Exportação;2022;Abril;Somália;7243128
Exportação;2022;Abril;Sri Lanka;1454392
Exportação;2022;Abril;Sudão;605042
Exportação;2022;Abril;Sudão do Sul;855921
Exportação;2022;Abril;Suriname;2995417
Exportação;2022;Abril;Suécia;30008875
Exportação;2022;Abril;Suíça;79670291
Exportação;2022;Abril;São Bartolomeu;162895
Exportação;2022;Abril;São Cristóvão e Névis;245028
Exportação;2022;Abril;São Martinho, Ilha de (parte francesa);56164
Exportação;2022;Abril;São Tomé e Príncipe;416496
Exportação;2022;Abril;São Vicente e Granadinas;362519
Exportação;2022;Abril;Sérvia;6488282
Exportação;2022;Abril;Síria;193036
Exportação;2022;Abril;Tailândia;395643769
Exportação;2022;Abril;Taiwan (Formosa);178739847
Exportação;2022;Abril;Tanzânia;5628902
Exportação;2022;Abril;Tcheca, República;3364227
Exportação;2022;Abril;Terras Austrais Francesas;70348
Exportação;2022;Abril;Timor Leste;1169162
Exportação;2022;Abril;Togo;149377379
Exportação;2022;Abril;Tonga;40032
Exportação;2022;Abril;Trinidad e Tobago;5050451
Exportação;2022;Abril;Tunísia;19004302
Exportação;2022;Abril;Turcas e Caicos, Ilhas;200390
Exportação;2022;Abril;Turcomenistão;2098264
Exportação;2022;Abril;Turquia;458218737
Exportação;2022;Abril;Ucrânia;1195172
Exportação;2022;Abril;Uganda;630075
Exportação;2022;Abril;Uruguai;179232645
Exportação;2022;Abril;Uzbequistão;15346051
Exportação;2022;Abril;Venezuela;88832879
Exportação;2022;Abril;Vietnã;367533623
Exportação;2022;Abril;Virgens, Ilhas (Americanas);151439061
Exportação;2022;Abril;Virgens, Ilhas (Britânicas);4631600
Exportação;2022;Abril;Zimbábue;529268
Exportação;2022;Abril;Zâmbia;339706
Exportação;2022;Abril;África do Sul;277090912
Exportação;2022;Abril;Áustria;7608344
Exportação;2022;Abril;Índia;461794326
Exportação;2022;Maio;Afeganistão;427855
Exportação;2022;Maio;Albânia;12325607
Exportação;2022;Maio;Alemanha;520367178
Exportação;2022;Maio;Angola;43273949
Exportação;2022;Maio;Anguilla;68308
Exportação;2022;Maio;Antígua e Barbuda;5528451
Exportação;2022;Maio;Argentina;1462245
Exportação;2022;Maio;Argélia;343196150
Exportação;2022;Maio;Armênia;598445
Exportação;2022;Maio;Aruba;2570891
Exportação;2022;Maio;Arábia Saudita;231392
Exportação;2022;Maio;Austrália;80380247
Exportação;2022;Maio;Azerbaijão;710050
Exportação;2022;Maio;Bahamas;12787
Exportação;2022;Maio;Bangladesh;257163198
Exportação;2022;Maio;Barbados;2787431
Exportação;2022;Maio;Barein;168633217
Exportação;2022;Maio;Belarus;389800
Exportação;2022;Maio;Belize;1028191
Exportação;2022;Maio;Benin;3643428
Exportação;2022;Maio;Bermudas;440862
Exportação;2022;Maio;Bolívia;186622460
Exportação;2022;Maio;Bonaire, Saint Eustatius e Saba;345516
Exportação;2022;Maio;Botsuana;11627
Exportação;2022;Maio;Brasil;1755
Exportação;2022;Maio;Brunei;94922
Exportação;2022;Maio;Bulgária;87363394
Exportação;2022;Maio;Burkina Faso;65032
Exportação;2022;Maio;Bélgica;326810048
Exportação;2022;Maio;Bósnia-Herzegovina;570377
Exportação;2022;Maio;Cabo Verde;3091587
Exportação;2022;Maio;Camarões;3568750
Exportação;2022;Maio;Camboja;4253778
Exportação;2022;Maio;Canadá;440359641
Exportação;2022;Maio;Catar;64763144
Exportação;2022;Maio;Cayman, Ilhas;2009846
Exportação;2022;Maio;Cazaquistão;831628
Exportação;2022;Maio;Chade;170662
Exportação;2022;Maio;Chile;522762276
Exportação;2022;Maio;China;8410097504
Exportação;2022;Maio;Chipre;8179647
Exportação;2022;Maio;Colômbia;441242964
Exportação;2022;Maio;Comores;1152836
Exportação;2022;Maio;Congo;8207862
Exportação;2022;Maio;Congo, República Democrática;20500876
Exportação;2022;Maio;Coreia do Sul;535117628
Exportação;2022;Maio;Costa Rica;35931442
Exportação;2022;Maio;Costa do Marfim;9329178
Exportação;2022;Maio;Coveite (Kuweit);36363
Exportação;2022;Maio;Croácia;13296755
Exportação;2022;Maio;Cuba;24289688
Exportação;2022;Maio;Curaçao;3134814
Exportação;2022;Maio;Dinamarca;27111898
Exportação;2022;Maio;Djibuti;484846
Exportação;2022;Maio;Dominica;557394
Exportação;2022;Maio;Egito;211445426
Exportação;2022;Maio;El Salvador;15048345
Exportação;2022;Maio;Emirados Árabes Unidos;230670033
Exportação;2022;Maio;Equador;94154578
Exportação;2022;Maio;Eritreia;54907
Exportação;2022;Maio;Eslováquia;987115
Exportação;2022;Maio;Eslovênia;11544810
Exportação;2022;Maio;Espanha;945910466
Exportação;2022;Maio;Estados Unidos;3090741878
Exportação;2022;Maio;Estônia;2680300
Exportação;2022;Maio;Etiópia;2878657
Exportação;2022;Maio;Fiji;315180
Exportação;2022;Maio;Filipinas;132725238
Exportação;2022;Maio;Finlândia;93207125
Exportação;2022;Maio;França;357333029
Exportação;2022;Maio;Gabão;2966950
Exportação;2022;Maio;Gana;23298794
Exportação;2022;Maio;Geórgia;68555
Exportação;2022;Maio;Gibraltar;596172
Exportação;2022;Maio;Granada;2215
Exportação;2022;Maio;Grécia;43491124
Exportação;2022;Maio;Guadalupe;1313857
Exportação;2022;Maio;Guam;72563
Exportação;2022;Maio;Guatemala;32772
Exportação;2022;Maio;Guiana;28453139
Exportação;2022;Maio;Guiana Francesa;588319
Exportação;2022;Maio;Guiné;5003484
Exportação;2022;Maio;Guiné Equatorial;2300845
Exportação;2022;Maio;Guiné-Bissau;436962
Exportação;2022;Maio;Gâmbia;16028404
Exportação;2022;Maio;Haiti;5432882
Exportação;2022;Maio;Honduras;17210787
Exportação;2022;Maio;Hong Kong;117578
Exportação;2022;Maio;Hungria;2992347
Exportação;2022;Maio;Ilha de Man;850617
Exportação;2022;Maio;Indonésia;266208753
Exportação;2022;Maio;Iraque;40424726
Exportação;2022;Maio;Irlanda;12935461
Exportação;2022;Maio;Irã;473266766
Exportação;2022;Maio;Islândia;92988
Exportação;2022;Maio;Israel;134610230
Exportação;2022;Maio;Itália;600221846
Exportação;2022;Maio;Iêmen;16314028
Exportação;2022;Maio;Jamaica;103293458
Exportação;2022;Maio;Japão;477473
Exportação;2022;Maio;Jordânia;41390447
Exportação;2022;Maio;Laos;63347
Exportação;2022;Maio;Letônia;1893309
Exportação;2022;Maio;Libéria;47470542
Exportação;2022;Maio;Liechtenstein;1713554
Exportação;2022;Maio;Lituânia;8222360
Exportação;2022;Maio;Luxemburgo;10037123
Exportação;2022;Maio;Líbano;9610026
Exportação;2022;Maio;Líbia;24641768
Exportação;2022;Maio;Macau;1823346
Exportação;2022;Maio;Macedônia;1679612
Exportação;2022;Maio;Madagascar;598912
Exportação;2022;Maio;Malavi;275361
Exportação;2022;Maio;Maldivas;2353519
Exportação;2022;Maio;Mali;230
Exportação;2022;Maio;Malta;21544844
Exportação;2022;Maio;Malásia;269698754
Exportação;2022;Maio;Marianas do Norte, Ilhas;180
Exportação;2022;Maio;Marrocos;109148169
Exportação;2022;Maio;Marshall, Ilhas;39988695
Exportação;2022;Maio;Martinica;482729
Exportação;2022;Maio;Mauritânia;2704754
Exportação;2022;Maio;Maurício;1157954
Exportação;2022;Maio;Mayotte;1483932
Exportação;2022;Maio;Mianmar;1476681
Exportação;2022;Maio;Moldávia;505958
Exportação;2022;Maio;Mongólia;342699
Exportação;2022;Maio;Montenegro;1912170
Exportação;2022;Maio;Montserrat;31362
Exportação;2022;Maio;Moçambique;49005413
Exportação;2022;Maio;México;613503
Exportação;2022;Maio;Mônaco;1770
Exportação;2022;Maio;Namíbia;4911864
Exportação;2022;Maio;Nauru;111
Exportação;2022;Maio;Nepal;81500
Exportação;2022;Maio;Nicarágua;8165997
Exportação;2022;Maio;Nigéria;79595074
Exportação;2022;Maio;Norfolk, Ilha;279180
Exportação;2022;Maio;Noruega;121633070
Exportação;2022;Maio;Nova Caledônia;1116220
Exportação;2022;Maio;Nova Zelândia;11535290
Exportação;2022;Maio;Omã;94856203
Exportação;2022;Maio;Pacífico, Ilhas do (EUA);43309
Exportação;2022;Maio;Palau;133706
Exportação;2022;Maio;Palestina;1246285
Exportação;2022;Maio;Panamá;68510866
Exportação;2022;Maio;Papua Nova Guiné;1028482
Exportação;2022;Maio;Paquistão;161281490
Exportação;2022;Maio;Paraguai;335902368
Exportação;2022;Maio;Países Baixos (Holanda);1488072898
Exportação;2022;Maio;Peru;224194755
Exportação;2022;Maio;Polinésia Francesa;412383
Exportação;2022;Maio;Polônia;96287
Exportação;2022;Maio;Porto Rico;22008806
Exportação;2022;Maio;Portugal;332436070
Exportação;2022;Maio;Quirguistão;2110
Exportação;2022;Maio;Quênia;5761137
Exportação;2022;Maio;Reino Unido;315330969
Exportação;2022;Maio;República Centro-Africana;560738
Exportação;2022;Maio;República Dominicana;113245361
Exportação;2022;Maio;Reunião;432344
Exportação;2022;Maio;Romênia;56638747
Exportação;2022;Maio;Ruanda;66523
Exportação;2022;Maio;Rússia;139923903
Exportação;2022;Maio;Saara Ocidental;78812
Exportação;2022;Maio;Samoa;141
Exportação;2022;Maio;Samoa Americana;541358
Exportação;2022;Maio;Santa Lúcia;447631
Exportação;2022;Maio;Seicheles;821735
Exportação;2022;Maio;Senegal;9533186
Exportação;2022;Maio;Serra Leoa;1249807
Exportação;2022;Maio;Singapura;358293859
Exportação;2022;Maio;Sint Maarten;1514183
Exportação;2022;Maio;Somália;691306
Exportação;2022;Maio;Sri Lanka;1506167
Exportação;2022;Maio;Suazilândia;27168
Exportação;2022;Maio;Sudão;25836955
Exportação;2022;Maio;Sudão do Sul;930688
Exportação;2022;Maio;Suriname;3821547
Exportação;2022;Maio;Suécia;37671453
Exportação;2022;Maio;Suíça;97244991
Exportação;2022;Maio;São Bartolomeu;284268
Exportação;2022;Maio;São Cristóvão e Névis;710336
Exportação;2022;Maio;São Tomé e Príncipe;321353
Exportação;2022;Maio;São Vicente e Granadinas;677630
Exportação;2022;Maio;Sérvia;4355024
Exportação;2022;Maio;Síria;1336274
Exportação;2022;Maio;Tailândia;343759175
Exportação;2022;Maio;Taiwan (Formosa);88577058
Exportação;2022;Maio;Tanzânia;3967323
Exportação;2022;Maio;Tcheca, República;3510767
Exportação;2022;Maio;Terras Austrais Francesas;1967
Exportação;2022;Maio;Timor Leste;811119
Exportação;2022;Maio;Togo;3123215
Exportação;2022;Maio;Tonga;120327
Exportação;2022;Maio;Trinidad e Tobago;62832977
Exportação;2022;Maio;Tunísia;11315989
Exportação;2022;Maio;Turcas e Caicos, Ilhas;82683
Exportação;2022;Maio;Turcomenistão;5845716
Exportação;2022;Maio;Turquia;354594878
Exportação;2022;Maio;Ucrânia;883731
Exportação;2022;Maio;Uganda;1498892
Exportação;2022;Maio;Uruguai;208191221
Exportação;2022;Maio;Uzbequistão;7538662
Exportação;2022;Maio;Venezuela;102994073
Exportação;2022;Maio;Vietnã;376654462
Exportação;2022;Maio;Virgens, Ilhas (Americanas);60003
Exportação;2022;Maio;Virgens, Ilhas (Britânicas);1443651
Exportação;2022;Maio;Zimbábue;114859
Exportação;2022;Maio;Zâmbia;578023
Exportação;2022;Maio;África do Sul;116049156
Exportação;2022;Maio;Áustria;6557334
Exportação;2022;Maio;Índia;403533334
Exportação;2022;Junho;Afeganistão;353424
Exportação;2022;Junho;Albânia;11838538
Exportação;2022;Junho;Alemanha;600715256
Exportação;2022;Junho;Angola;41405818
Exportação;2022;Junho;Anguilla;128
Exportação;2022;Junho;Antártica;43492
Exportação;2022;Junho;Antígua e Barbuda;4478147
Exportação;2022;Junho;Argentina;1575526120
Exportação;2022;Junho;Argélia;161447394
Exportação;2022;Junho;Armênia;2359171
Exportação;2022;Junho;Aruba;3713
Exportação;2022;Junho;Arábia Saudita;288181559
Exportação;2022;Junho;Austrália;49259374
Exportação;2022;Junho;Azerbaijão;2205685
Exportação;2022;Junho;Bahamas;26529510
Exportação;2022;Junho;Bangladesh;470808516
Exportação;2022;Junho;Barbados;2718665
Exportação;2022;Junho;Barein;139936161
Exportação;2022;Junho;Belarus;410741
Exportação;2022;Junho;Belize;2578224
Exportação;2022;Junho;Benin;5447345
Exportação;2022;Junho;Bermudas;934629
Exportação;2022;Junho;Bolívia;169930231
Exportação;2022;Junho;Bonaire, Saint Eustatius e Saba;219179
Exportação;2022;Junho;Botsuana;269649
Exportação;2022;Junho;Bulgária;40270692
Exportação;2022;Junho;Burkina Faso;150239
Exportação;2022;Junho;Burundi;3144
Exportação;2022;Junho;Butão;242641
Exportação;2022;Junho;Bélgica;475948183
Exportação;2022;Junho;Bósnia-Herzegovina;265529
Exportação;2022;Junho;Cabo Verde;1683426
Exportação;2022;Junho;Camarões;4657600
Exportação;2022;Junho;Camboja;3964108
Exportação;2022;Junho;Canadá;441443104
Exportação;2022;Junho;Catar;22904319
Exportação;2022;Junho;Cayman, Ilhas;509432
Exportação;2022;Junho;Cazaquistão;1036272
Exportação;2022;Junho;Chade;389029
Exportação;2022;Junho;Chile;844689596
Exportação;2022;Junho;China;9369918500
Exportação;2022;Junho;Chipre;8375985
Exportação;2022;Junho;Colômbia;406013
Exportação;2022;Junho;Comores;837992
Exportação;2022;Junho;Congo;3953757
Exportação;2022;Junho;Congo, República Democrática;14475052
Exportação;2022;Junho;Cook, Ilhas;178
Exportação;2022;Junho;Coreia do Sul;581933087
Exportação;2022;Junho;Costa Rica;71178630
Exportação;2022;Junho;Costa do Marfim;27764243
Exportação;2022;Junho;Coveite (Kuweit);33211162
Exportação;2022;Junho;Croácia;14203077
Exportação;2022;Junho;Cuba;238243
Exportação;2022;Junho;Curaçao;2226241
Exportação;2022;Junho;Dinamarca;59165963
Exportação;2022;Junho;Djibuti;1545584
Exportação;2022;Junho;Dominica;837895
Exportação;2022;Junho;Egito;163255100
Exportação;2022;Junho;El Salvador;11228470
Exportação;2022;Junho;Emirados Árabes Unidos;221612
Exportação;2022;Junho;Equador;98906177
Exportação;2022;Junho;Eritreia;11291
Exportação;2022;Junho;Eslováquia;2247026
Exportação;2022;Junho;Eslovênia;35519170
Exportação;2022;Junho;Espanha;1218605266
Exportação;2022;Junho;Estados Unidos;4025143863
Exportação;2022;Junho;Estônia;4681300
Exportação;2022;Junho;Etiópia;2985926
Exportação;2022;Junho;Faroe, Ilhas;47286
Exportação;2022;Junho;Fiji;99751
Exportação;2022;Junho;Filipinas;156305916
Exportação;2022;Junho;Finlândia;238138
Exportação;2022;Junho;França;252654
Exportação;2022;Junho;Gabão;4484904
Exportação;2022;Junho;Gana;26180059
Exportação;2022;Junho;Geórgia;18485997
Exportação;2022;Junho;Gibraltar;13363
Exportação;2022;Junho;Granada;1647313
Exportação;2022;Junho;Grécia;45826670
Exportação;2022;Junho;Guadalupe;545694
Exportação;2022;Junho;Guam;1809
Exportação;2022;Junho;Guatemala;32674231
Exportação;2022;Junho;Guernsey;385
Exportação;2022;Junho;Guiana;5172075
Exportação;2022;Junho;Guiana Francesa;952257
Exportação;2022;Junho;Guiné;9517358
Exportação;2022;Junho;Guiné Equatorial;2276508
Exportação;2022;Junho;Guiné-Bissau;383512
Exportação;2022;Junho;Gâmbia;11957307
Exportação;2022;Junho;Haiti;5662905
Exportação;2022;Junho;Heard e ilhas mcdonald, Ilha;1378
Exportação;2022;Junho;Honduras;16337524
Exportação;2022;Junho;Hong Kong;111162095
Exportação;2022;Junho;Hungria;5637352
Exportação;2022;Junho;Ilha de Man;1826820
Exportação;2022;Junho;Indonésia;181732033
Exportação;2022;Junho;Iraque;103302061
Exportação;2022;Junho;Irlanda;14649551
Exportação;2022;Junho;Irã;402020368
Exportação;2022;Junho;Islândia;17086800
Exportação;2022;Junho;Israel;144367893
Exportação;2022;Junho;Itália;370259583
Exportação;2022;Junho;Iêmen;33080055
Exportação;2022;Junho;Jamaica;6400434
Exportação;2022;Junho;Japão;453374219
Exportação;2022;Junho;Jersey;1911
Exportação;2022;Junho;Jordânia;30498
Exportação;2022;Junho;Letônia;16731581
Exportação;2022;Junho;Libéria;59797776
Exportação;2022;Junho;Liechtenstein;1272257
Exportação;2022;Junho;Lituânia;2707553
Exportação;2022;Junho;Luxemburgo;5072990
Exportação;2022;Junho;Líbano;29838855
Exportação;2022;Junho;Líbia;17546750
Exportação;2022;Junho;Macau;315606
Exportação;2022;Junho;Macedônia;2573765
Exportação;2022;Junho;Madagascar;3003005
Exportação;2022;Junho;Malavi;24000
Exportação;2022;Junho;Maldivas;1679081
Exportação;2022;Junho;Mali;395862
Exportação;2022;Junho;Malta;18985181
Exportação;2022;Junho;Malásia;347157850
Exportação;2022;Junho;Marrocos;47427673
Exportação;2022;Junho;Marshall, Ilhas;37257947
Exportação;2022;Junho;Martinica;736273
Exportação;2022;Junho;Mauritânia;4584480
Exportação;2022;Junho;Maurício;2024287
Exportação;2022;Junho;Mayotte;1191312
Exportação;2022;Junho;Mianmar;12692718
Exportação;2022;Junho;Micronésia;20758
Exportação;2022;Junho;Moldávia;2119
Exportação;2022;Junho;Mongólia;160
Exportação;2022;Junho;Montenegro;963117
Exportação;2022;Junho;Montserrat;35580
Exportação;2022;Junho;Moçambique;2470628
Exportação;2022;Junho;México;764282007
Exportação;2022;Junho;Mônaco;4472
Exportação;2022;Junho;Namíbia;1952212
Exportação;2022;Junho;Nauru;2566
Exportação;2022;Junho;Nepal;99742
Exportação;2022;Junho;Nicarágua;8954459
Exportação;2022;Junho;Nigéria;78693293
Exportação;2022;Junho;Norfolk, Ilha;279732
Exportação;2022;Junho;Noruega;135894924
Exportação;2022;Junho;Nova Caledônia;863160
Exportação;2022;Junho;Nova Zelândia;17971712
Exportação;2022;Junho;Níger;258982
Exportação;2022;Junho;Omã;119956900
Exportação;2022;Junho;Pacífico, Ilhas do (EUA);4472
Exportação;2022;Junho;Palau;12465
Exportação;2022;Junho;Palestina;2288959
Exportação;2022;Junho;Panamá;66557902
Exportação;2022;Junho;Papua Nova Guiné;62006
Exportação;2022;Junho;Paquistão;154277897
Exportação;2022;Junho;Paraguai;266218775
Exportação;2022;Junho;Países Baixos (Holanda);1026861805
Exportação;2022;Junho;Peru;275431892
Exportação;2022;Junho;Polinésia Francesa;117080
Exportação;2022;Junho;Polônia;44245458
Exportação;2022;Junho;Porto Rico;17553
Exportação;2022;Junho;Portugal;432810
Exportação;2022;Junho;Quirguistão;3853
Exportação;2022;Junho;Quênia;57312
Exportação;2022;Junho;Reino Unido;348249178
Exportação;2022;Junho;República Centro-Africana;41994
Exportação;2022;Junho;República Dominicana;102879324
Exportação;2022;Junho;Reunião;597518
Exportação;2022;Junho;Romênia;35645973
Exportação;2022;Junho;Ruanda;85549
Exportação;2022;Junho;Rússia;116217134
Exportação;2022;Junho;Samoa;103304
Exportação;2022;Junho;Santa Lúcia;244151
Exportação;2022;Junho;Seicheles;868915
Exportação;2022;Junho;Senegal;36799653
Exportação;2022;Junho;Serra Leoa;3048024
Exportação;2022;Junho;Singapura;946447424
Exportação;2022;Junho;Sint Maarten;1375566
Exportação;2022;Junho;Somália;388959
Exportação;2022;Junho;Sri Lanka;1154276
Exportação;2022;Junho;Sudão;473126
Exportação;2022;Junho;Sudão do Sul;527960
Exportação;2022;Junho;Suriname;4386006
Exportação;2022;Junho;Suécia;64819078
Exportação;2022;Junho;Suíça;113863546
Exportação;2022;Junho;São Bartolomeu;58986
Exportação;2022;Junho;São Cristóvão e Névis;356404
Exportação;2022;Junho;São Martinho, Ilha de (parte francesa);45670
Exportação;2022;Junho;São Tomé e Príncipe;356
Exportação;2022;Junho;São Vicente e Granadinas;291621
Exportação;2022;Junho;Sérvia;5704555
Exportação;2022;Junho;Síria;708720
Exportação;2022;Junho;Tadjiquistão;56589
Exportação;2022;Junho;Tailândia;492977135
Exportação;2022;Junho;Taiwan (Formosa);136667446
Exportação;2022;Junho;Tanzânia;19924
Exportação;2022;Junho;Tcheca, República;4296087
Exportação;2022;Junho;Terras Austrais Francesas;69343
Exportação;2022;Junho;Timor Leste;1144317
Exportação;2022;Junho;Togo;7598999
Exportação;2022;Junho;Tonga;367360
Exportação;2022;Junho;Trinidad e Tobago;8179686
Exportação;2022;Junho;Tunísia;53685688
Exportação;2022;Junho;Turcas e Caicos, Ilhas;123346
Exportação;2022;Junho;Turcomenistão;1105107
Exportação;2022;Junho;Turquia;381377170
Exportação;2022;Junho;Ucrânia;3710064
Exportação;2022;Junho;Uganda;1209245
Exportação;2022;Junho;Uruguai;244621614
Exportação;2022;Junho;Uzbequistão;7498973
Exportação;2022;Junho;Vanuatu;42314
Exportação;2022;Junho;Venezuela;104838746
Exportação;2022;Junho;Vietnã;178407859
Exportação;2022;Junho;Virgens, Ilhas (Americanas);85637975
Exportação;2022;Junho;Virgens, Ilhas (Britânicas);87590
Exportação;2022;Junho;Zimbábue;854128
Exportação;2022;Junho;Zâmbia;1059873
Exportação;2022;Junho;África do Sul;122403223
Exportação;2022;Junho;Áustria;7200211
Exportação;2022;Junho;Índia;778182195
Exportação;2022;Julho;Afeganistão;69537
Exportação;2022;Julho;Albânia;10478526
Exportação;2022;Julho;Alemanha;419716
Exportação;2022;Julho;Andorra;25925
Exportação;2022;Julho;Angola;61955960
Exportação;2022;Julho;Anguilla;132490
Exportação;2022;Julho;Antígua e Barbuda;5764972
Exportação;2022;Julho;Argentina;1375886419
Exportação;2022;Julho;Argélia;132741833
Exportação;2022;Julho;Armênia;344798
Exportação;2022;Julho;Aruba;2716612
Exportação;2022;Julho;Arábia Saudita;344497486
Exportação;2022;Julho;Austrália;64682172
Exportação;2022;Julho;Azerbaijão;1680033
Exportação;2022;Julho;Bahamas;9498562
Exportação;2022;Julho;Bangladesh;212555786
Exportação;2022;Julho;Barbados;3945879
Exportação;2022;Julho;Barein;106581929
Exportação;2022;Julho;Belarus;336418
Exportação;2022;Julho;Belize;1127705
Exportação;2022;Julho;Benin;4886812
Exportação;2022;Julho;Bermudas;1285864
Exportação;2022;Julho;Bolívia;163550819
Exportação;2022;Julho;Bonaire, Saint Eustatius e Saba;231194
Exportação;2022;Julho;Botsuana;29970
Exportação;2022;Julho;Brasil;6203
Exportação;2022;Julho;Brunei;75729
Exportação;2022;Julho;Bulgária;2361323
Exportação;2022;Julho;Burkina Faso;134406
Exportação;2022;Julho;Bélgica;361475804
Exportação;2022;Julho;Bósnia-Herzegovina;210359
Exportação;2022;Julho;Cabo Verde;2435
Exportação;2022;Julho;Camarões;7225283
Exportação;2022;Julho;Camboja;2407787
Exportação;2022;Julho;Canadá;450285662
Exportação;2022;Julho;Catar;32593526
Exportação;2022;Julho;Cayman, Ilhas;2070822
Exportação;2022;Julho;Cazaquistão;3405480
Exportação;2022;Julho;Chade;425479
Exportação;2022;Julho;Chile;10599104
Exportação;2022;Julho;China;7873786885
Exportação;2022;Julho;Chipre;10591734
Exportação;2022;Julho;Colômbia;479102745
Exportação;2022;Julho;Comores;732807
Exportação;2022;Julho;Congo;4034673
Exportação;2022;Julho;Congo, República Democrática;12510087
Exportação;2022;Julho;Coreia do Sul;388048484
Exportação;2022;Julho;Costa Rica;41606989
Exportação;2022;Julho;Costa do Marfim;16252830
Exportação;2022;Julho;Coveite (Kuweit);32085185
Exportação;2022;Julho;Croácia;15599512
Exportação;2022;Julho;Cuba;26653435
Exportação;2022;Julho;Curaçao;3594544
Exportação;2022;Julho;Dinamarca;24345722
Exportação;2022;Julho;Djibuti;2983149
Exportação;2022;Julho;Dominica;505113
Exportação;2022;Julho;Egito;115470725
Exportação;2022;Julho;El Salvador;12557978
Exportação;2022;Julho;Emirados Árabes Unidos;357306400
Exportação;2022;Julho;Equador;76778620
Exportação;2022;Julho;Eslováquia;20740
Exportação;2022;Julho;Eslovênia;54208754
Exportação;2022;Julho;Espanha;942582706
Exportação;2022;Julho;Estados Unidos;3298380519
Exportação;2022;Julho;Estônia;4867312
Exportação;2022;Julho;Etiópia;3087615
Exportação;2022;Julho;Fiji;307218
Exportação;2022;Julho;Filipinas;99607575
Exportação;2022;Julho;Finlândia;30705074
Exportação;2022;Julho;França;269624207
Exportação;2022;Julho;Gabão;2968356
Exportação;2022;Julho;Gana;21878872
Exportação;2022;Julho;Geórgia;41584194
Exportação;2022;Julho;Geórgia do Sul e Sandwich do Sul, Ilhas;71526
Exportação;2022;Julho;Gibraltar;29245
Exportação;2022;Julho;Granada;1565278
Exportação;2022;Julho;Grécia;31976225
Exportação;2022;Julho;Guadalupe;1150232
Exportação;2022;Julho;Guatemala;42767389
Exportação;2022;Julho;Guiana;46389292
Exportação;2022;Julho;Guiana Francesa;756557
Exportação;2022;Julho;Guiné;7852527
Exportação;2022;Julho;Guiné Equatorial;1918277
Exportação;2022;Julho;Guiné-Bissau;254850
Exportação;2022;Julho;Gâmbia;1899079
Exportação;2022;Julho;Haiti;5997702
Exportação;2022;Julho;Honduras;26149704
Exportação;2022;Julho;Hong Kong;112355131
Exportação;2022;Julho;Hungria;3828504
Exportação;2022;Julho;Ilha de Man;1176273
Exportação;2022;Julho;Indonésia;268716643
Exportação;2022;Julho;Iraque;40909206
Exportação;2022;Julho;Irlanda;37648883
Exportação;2022;Julho;Irã;529241598
Exportação;2022;Julho;Islândia;32308
Exportação;2022;Julho;Israel;145
Exportação;2022;Julho;Itália;353246792
Exportação;2022;Julho;Iêmen;45918376
Exportação;2022;Julho;Jamaica;8054242
Exportação;2022;Julho;Japão;622323310
Exportação;2022;Julho;Jersey;429
Exportação;2022;Julho;Jordânia;50371029
Exportação;2022;Julho;Kiribati;77700
Exportação;2022;Julho;Letônia;42176842
Exportação;2022;Julho;Libéria;46508473
Exportação;2022;Julho;Liechtenstein;1666987
Exportação;2022;Julho;Lituânia;2690892
Exportação;2022;Julho;Luxemburgo;3799493
Exportação;2022;Julho;Líbano;26636636
Exportação;2022;Julho;Líbia;25550224
Exportação;2022;Julho;Macau;164008
Exportação;2022;Julho;Macedônia;834529
Exportação;2022;Julho;Madagascar;4382415
Exportação;2022;Julho;Malavi;10840
Exportação;2022;Julho;Maldivas;3194342
Exportação;2022;Julho;Mali;813038
Exportação;2022;Julho;Malta;17632102
Exportação;2022;Julho;Malásia;300274046
Exportação;2022;Julho;Marrocos;88133822
Exportação;2022;Julho;Marshall, Ilhas;49996687
Exportação;2022;Julho;Martinica;1125922
Exportação;2022;Julho;Mauritânia;12932474
Exportação;2022;Julho;Maurício;1832857
Exportação;2022;Julho;Mayotte;1845300
Exportação;2022;Julho;Mianmar;2830630
Exportação;2022;Julho;Micronésia;87833
Exportação;2022;Julho;Moldávia;153837
Exportação;2022;Julho;Mongólia;55604
Exportação;2022;Julho;Montenegro;2413968
Exportação;2022;Julho;Montserrat;17372
Exportação;2022;Julho;Moçambique;5399729
Exportação;2022;Julho;México;528447273
Exportação;2022;Julho;Mônaco;186
Exportação;2022;Julho;Namíbia;1797485
Exportação;2022;Julho;Nepal;9000
Exportação;2022;Julho;Nicarágua;16304076
Exportação;2022;Julho;Nigéria;60343144
Exportação;2022;Julho;Niue;500890
Exportação;2022;Julho;Norfolk, Ilha;18850
Exportação;2022;Julho;Noruega;78264984
Exportação;2022;Julho;Nova Caledônia;1517170
Exportação;2022;Julho;Nova Zelândia;6221410
Exportação;2022;Julho;Níger;350083
Exportação;2022;Julho;Omã;87717330
Exportação;2022;Julho;Pacífico, Ilhas do (EUA);142948
Exportação;2022;Julho;Palestina;1527440
Exportação;2022;Julho;Panamá;87658672
Exportação;2022;Julho;Papua Nova Guiné;426808
Exportação;2022;Julho;Paquistão;70942345
Exportação;2022;Julho;Paraguai;324185661
Exportação;2022;Julho;Países Baixos (Holanda);1021588840
Exportação;2022;Julho;Peru;390063958
Exportação;2022;Julho;Polinésia Francesa;547534
Exportação;2022;Julho;Polônia;124319986
Exportação;2022;Julho;Porto Rico;17329025
Exportação;2022;Julho;Portugal;645309884
Exportação;2022;Julho;Quirguistão;115
Exportação;2022;Julho;Quênia;57051
Exportação;2022;Julho;Reino Unido;318107488
Exportação;2022;Julho;República Centro-Africana;925324
Exportação;2022;Julho;República Dominicana;86494697
Exportação;2022;Julho;Reunião;426153
Exportação;2022;Julho;Romênia;20552509
Exportação;2022;Julho;Ruanda;21638
Exportação;2022;Julho;Rússia;170798300
Exportação;2022;Julho;Salomão, Ilhas;50419
Exportação;2022;Julho;Samoa;740
Exportação;2022;Julho;Samoa Americana;35200
Exportação;2022;Julho;San Marino;4800
Exportação;2022;Julho;Santa Lúcia;281080
Exportação;2022;Julho;Seicheles;1173908
Exportação;2022;Julho;Senegal;22760417
Exportação;2022;Julho;Serra Leoa;2884590
Exportação;2022;Julho;Singapura;1071871263
Exportação;2022;Julho;Sint Maarten;1049916
Exportação;2022;Julho;Somália;973240
Exportação;2022;Julho;Sri Lanka;878679
Exportação;2022;Julho;Suazilândia;96
Exportação;2022;Julho;Sudão;872499
Exportação;2022;Julho;Sudão do Sul;514539
Exportação;2022;Julho;Suriname;4662
Exportação;2022;Julho;Suécia;159365399
Exportação;2022;Julho;Suíça;86771695
Exportação;2022;Julho;São Bartolomeu;162144
Exportação;2022;Julho;São Cristóvão e Névis;351396
Exportação;2022;Julho;São Martinho, Ilha de (parte francesa);624
Exportação;2022;Julho;São Tomé e Príncipe;463512
Exportação;2022;Julho;São Vicente e Granadinas;1161439
Exportação;2022;Julho;Sérvia;3190635
Exportação;2022;Julho;Síria;451650
Exportação;2022;Julho;Tailândia;414056
Exportação;2022;Julho;Taiwan (Formosa);131837081
Exportação;2022;Julho;Tanzânia;1895880
Exportação;2022;Julho;Tcheca, República;3381926
Exportação;2022;Julho;Terras Austrais Francesas;12903
Exportação;2022;Julho;Timor Leste;1190794
Exportação;2022;Julho;Togo;10779266
Exportação;2022;Julho;Tonga;750461
Exportação;2022;Julho;Trinidad e Tobago;36863865
Exportação;2022;Julho;Tunísia;25612356
Exportação;2022;Julho;Turcas e Caicos, Ilhas;90936
Exportação;2022;Julho;Turcomenistão;344730
Exportação;2022;Julho;Turquia;311897819
Exportação;2022;Julho;Ucrânia;3798579
Exportação;2022;Julho;Uganda;1005786
Exportação;2022;Julho;Uruguai;320402615
Exportação;2022;Julho;Uzbequistão;4535597
Exportação;2022;Julho;Venezuela;130495967
Exportação;2022;Julho;Vietnã;226351736
Exportação;2022;Julho;Virgens, Ilhas (Americanas);8582
Exportação;2022;Julho;Virgens, Ilhas (Britânicas);169368
Exportação;2022;Julho;Wallis e Futuna, Ilhas;1845
Exportação;2022;Julho;Zimbábue;546599
Exportação;2022;Julho;Zâmbia;706998
Exportação;2022;Julho;África do Sul;110672796
Exportação;2022;Julho;Áustria;9803083
Exportação;2022;Julho;Índia;546253099
Exportação;2022;Agosto;Afeganistão;58243
Exportação;2022;Agosto;Albânia;9047324
Exportação;2022;Agosto;Alemanha;510295326
Exportação;2022;Agosto;Angola;50265314
Exportação;2022;Agosto;Anguilla;65811
Exportação;2022;Agosto;Antígua e Barbuda;6238533
Exportação;2022;Agosto;Argentina;1563061855
Exportação;2022;Agosto;Argélia;69076141
Exportação;2022;Agosto;Armênia;634
Exportação;2022;Agosto;Aruba;39578
Exportação;2022;Agosto;Arábia Saudita;262118971
Exportação;2022;Agosto;Austrália;82314429
Exportação;2022;Agosto;Azerbaijão;22861
Exportação;2022;Agosto;Bahamas;90415650
Exportação;2022;Agosto;Bangladesh;1202308
Exportação;2022;Agosto;Barbados;2342893
Exportação;2022;Agosto;Barein;205373973
Exportação;2022;Agosto;Belarus;340713
Exportação;2022;Agosto;Belize;1693863
Exportação;2022;Agosto;Benin;8166021
Exportação;2022;Agosto;Bermudas;297282
Exportação;2022;Agosto;Bolívia;173843417
Exportação;2022;Agosto;Bonaire, Saint Eustatius e Saba;321800
Exportação;2022;Agosto;Botsuana;14208
Exportação;2022;Agosto;Brasil;1978
Exportação;2022;Agosto;Brunei;184992
Exportação;2022;Agosto;Bulgária;3062906
Exportação;2022;Agosto;Burkina Faso;103236
Exportação;2022;Agosto;Burundi;324
Exportação;2022;Agosto;Butão;172063
Exportação;2022;Agosto;Bélgica;264125070
Exportação;2022;Agosto;Bósnia-Herzegovina;466689
Exportação;2022;Agosto;Cabo Verde;2461894
Exportação;2022;Agosto;Camarões;13147400
Exportação;2022;Agosto;Camboja;2039414
Exportação;2022;Agosto;Canadá;496739353
Exportação;2022;Agosto;Catar;364323
Exportação;2022;Agosto;Cayman, Ilhas;361611
Exportação;2022;Agosto;Cazaquistão;1454962
Exportação;2022;Agosto;Chade;174551
Exportação;2022;Agosto;Chile;929888062
Exportação;2022;Agosto;China;7948753350
Exportação;2022;Agosto;Chipre;12853802
Exportação;2022;Agosto;Colômbia;649249566
Exportação;2022;Agosto;Comores;781718
Exportação;2022;Agosto;Congo;6030456
Exportação;2022;Agosto;Congo, República Democrática;8881
Exportação;2022;Agosto;Coreia do Sul;749803113
Exportação;2022;Agosto;Costa Rica;82884591
Exportação;2022;Agosto;Costa do Marfim;15044350
Exportação;2022;Agosto;Coveite (Kuweit);24253429
Exportação;2022;Agosto;Croácia;4000666
Exportação;2022;Agosto;Cuba;21378238
Exportação;2022;Agosto;Curaçao;3348916
Exportação;2022;Agosto;Dinamarca;58521824
Exportação;2022;Agosto;Djibuti;3962130
Exportação;2022;Agosto;Dominica;374958
Exportação;2022;Agosto;Egito;335294322
Exportação;2022;Agosto;El Salvador;38890
Exportação;2022;Agosto;Emirados Árabes Unidos;204387035
Exportação;2022;Agosto;Equador;189334
Exportação;2022;Agosto;Eritreia;16821
Exportação;2022;Agosto;Eslováquia;2279532
Exportação;2022;Agosto;Eslovênia;14580049
Exportação;2022;Agosto;Espanha;910318999
Exportação;2022;Agosto;Estados Unidos;3590806549
Exportação;2022;Agosto;Estônia;3529522
Exportação;2022;Agosto;Etiópia;3447280
Exportação;2022;Agosto;Falkland (Malvinas);130698
Exportação;2022;Agosto;Fiji;32958
Exportação;2022;Agosto;Filipinas;139004492
Exportação;2022;Agosto;Finlândia;28633978
Exportação;2022;Agosto;França;320686689
Exportação;2022;Agosto;Gabão;2527660
Exportação;2022;Agosto;Gana;32863382
Exportação;2022;Agosto;Geórgia;26556335
Exportação;2022;Agosto;Gibraltar;21578
Exportação;2022;Agosto;Granada;1289891
Exportação;2022;Agosto;Grécia;26246088
Exportação;2022;Agosto;Guadalupe;550275
Exportação;2022;Agosto;Guam;548251
Exportação;2022;Agosto;Guatemala;867320
Exportação;2022;Agosto;Guernsey;73
Exportação;2022;Agosto;Guiana;45315069
Exportação;2022;Agosto;Guiana Francesa;513536
Exportação;2022;Agosto;Guiné;11195186
Exportação;2022;Agosto;Guiné Equatorial;2538412
Exportação;2022;Agosto;Guiné-Bissau;74795
Exportação;2022;Agosto;Gâmbia;9298433
Exportação;2022;Agosto;Haiti;8107192
Exportação;2022;Agosto;Heard e ilhas mcdonald, Ilha;302336
Exportação;2022;Agosto;Honduras;26473972
Exportação;2022;Agosto;Hong Kong;122070871
Exportação;2022;Agosto;Hungria;4097851
Exportação;2022;Agosto;Ilha de Man;2383043
Exportação;2022;Agosto;Indonésia;357270345
Exportação;2022;Agosto;Iraque;51139767
Exportação;2022;Agosto;Irlanda;28897514
Exportação;2022;Agosto;Irã;851415887
Exportação;2022;Agosto;Islândia;11327864
Exportação;2022;Agosto;Israel;192737944
Exportação;2022;Agosto;Itália;462908099
Exportação;2022;Agosto;Iêmen;43154171
Exportação;2022;Agosto;Jamaica;3141545
Exportação;2022;Agosto;Japão;717556794
Exportação;2022;Agosto;Jersey;259
Exportação;2022;Agosto;Jordânia;40609728
Exportação;2022;Agosto;Kiribati;58590
Exportação;2022;Agosto;Laos;43967
Exportação;2022;Agosto;Lesoto;6004
Exportação;2022;Agosto;Letônia;4681542
Exportação;2022;Agosto;Libéria;44490609
Exportação;2022;Agosto;Liechtenstein;1361658
Exportação;2022;Agosto;Lituânia;3256289
Exportação;2022;Agosto;Luxemburgo;5377594
Exportação;2022;Agosto;Líbano;14838
Exportação;2022;Agosto;Líbia;16315273
Exportação;2022;Agosto;Macau;435582
Exportação;2022;Agosto;Macedônia;1103576
Exportação;2022;Agosto;Madagascar;1384603
Exportação;2022;Agosto;Malavi;112258
Exportação;2022;Agosto;Maldivas;2602111
Exportação;2022;Agosto;Mali;1029859
Exportação;2022;Agosto;Malta;18067422
Exportação;2022;Agosto;Malásia;199595593
Exportação;2022;Agosto;Marrocos;106523959
Exportação;2022;Agosto;Marshall, Ilhas;44051887
Exportação;2022;Agosto;Martinica;638472
Exportação;2022;Agosto;Mauritânia;5247831
Exportação;2022;Agosto;Maurício;11294902
Exportação;2022;Agosto;Mayotte;460480
Exportação;2022;Agosto;Mianmar;2181953
Exportação;2022;Agosto;Micronésia;81133
Exportação;2022;Agosto;Moldávia;118025
Exportação;2022;Agosto;Mongólia;104687
Exportação;2022;Agosto;Montenegro;2368964
Exportação;2022;Agosto;Moçambique;2258632
Exportação;2022;Agosto;México;743646851
Exportação;2022;Agosto;Mônaco;1476
Exportação;2022;Agosto;Namíbia;1910489
Exportação;2022;Agosto;Nauru;149
Exportação;2022;Agosto;Nepal;32023
Exportação;2022;Agosto;Nicarágua;21005432
Exportação;2022;Agosto;Nigéria;51203244
Exportação;2022;Agosto;Niue;1176
Exportação;2022;Agosto;Norfolk, Ilha;154560
Exportação;2022;Agosto;Noruega;128493
Exportação;2022;Agosto;Nova Caledônia;1545710
Exportação;2022;Agosto;Nova Zelândia;6971077
Exportação;2022;Agosto;Omã;110009792
Exportação;2022;Agosto;Pacífico, Ilhas do (EUA);11264
Exportação;2022;Agosto;Palestina;4706084
Exportação;2022;Agosto;Panamá;87309844
Exportação;2022;Agosto;Papua Nova Guiné;167025
Exportação;2022;Agosto;Paquistão;43103149
Exportação;2022;Agosto;Paraguai;325106969
Exportação;2022;Agosto;Países Baixos (Holanda);1120568621
Exportação;2022;Agosto;Peru;379195071
Exportação;2022;Agosto;Polinésia Francesa;750396
Exportação;2022;Agosto;Polônia;98897546
Exportação;2022;Agosto;Porto Rico;30215112
Exportação;2022;Agosto;Portugal;358168959
Exportação;2022;Agosto;Quirguistão;73212
Exportação;2022;Agosto;Quênia;4191748
Exportação;2022;Agosto;Reino Unido;346115707
Exportação;2022;Agosto;República Centro-Africana;143750
Exportação;2022;Agosto;República Dominicana;115099208
Exportação;2022;Agosto;Reunião;478541
Exportação;2022;Agosto;Romênia;20268461
Exportação;2022;Agosto;Ruanda;79612
Exportação;2022;Agosto;Rússia;120866673
Exportação;2022;Agosto;Samoa;262274
Exportação;2022;Agosto;Samoa Americana;16632
Exportação;2022;Agosto;Santa Lúcia;163157
Exportação;2022;Agosto;Seicheles;1008
Exportação;2022;Agosto;Senegal;11952928
Exportação;2022;Agosto;Serra Leoa;4277582
Exportação;2022;Agosto;Singapura;769657725
Exportação;2022;Agosto;Sint Maarten;1130863
Exportação;2022;Agosto;Somália;10582877
Exportação;2022;Agosto;Sri Lanka;2456216
Exportação;2022;Agosto;Sudão;2085590
Exportação;2022;Agosto;Sudão do Sul;292880
Exportação;2022;Agosto;Suriname;3514054
Exportação;2022;Agosto;Suécia;64999020
Exportação;2022;Agosto;Suíça;130483287
Exportação;2022;Agosto;São Bartolomeu;204150
Exportação;2022;Agosto;São Cristóvão e Névis;344749
Exportação;2022;Agosto;São Martinho, Ilha de (parte francesa);11485
Exportação;2022;Agosto;São Tomé e Príncipe;226728
Exportação;2022;Agosto;São Vicente e Granadinas;492853
Exportação;2022;Agosto;Sérvia;3644296
Exportação;2022;Agosto;Síria;325243
Exportação;2022;Agosto;Tailândia;197814359
Exportação;2022;Agosto;Taiwan (Formosa);129479818
Exportação;2022;Agosto;Tanzânia;2060930
Exportação;2022;Agosto;Tcheca, República;2437437
Exportação;2022;Agosto;Terras Austrais Francesas;289778
Exportação;2022;Agosto;Timor Leste;2196
Exportação;2022;Agosto;Togo;6248674
Exportação;2022;Agosto;Tonga;649209
Exportação;2022;Agosto;Trinidad e Tobago;10340240
Exportação;2022;Agosto;Tunísia;19446809
Exportação;2022;Agosto;Turcas e Caicos, Ilhas;350676
Exportação;2022;Agosto;Turcomenistão;452671
Exportação;2022;Agosto;Turquia;216594606
Exportação;2022;Agosto;Ucrânia;5715324
Exportação;2022;Agosto;Uganda;312476
Exportação;2022;Agosto;Uruguai;233942
Exportação;2022;Agosto;Uzbequistão;6320646
Exportação;2022;Agosto;Vanuatu;40324
Exportação;2022;Agosto;Vaticano;19
Exportação;2022;Agosto;Venezuela;164050700
Exportação;2022;Agosto;Vietnã;235037056
Exportação;2022;Agosto;Virgens, Ilhas (Americanas);111691
Exportação;2022;Agosto;Virgens, Ilhas (Britânicas);96602
Exportação;2022;Agosto;Wallis e Futuna, Ilhas;5434
Exportação;2022;Agosto;Zimbábue;383099
Exportação;2022;Agosto;Zâmbia;298048
Exportação;2022;Agosto;África do Sul;78283230
Exportação;2022;Agosto;Áustria;7924415
Exportação;2022;Agosto;Índia;481496
Exportação;2022;Setembro;Afeganistão;57532
Exportação;2022;Setembro;Albânia;5165399
Exportação;2022;Setembro;Alemanha;565892481
Exportação;2022;Setembro;Angola;47732690
Exportação;2022;Setembro;Anguilla;69427
Exportação;2022;Setembro;Antígua e Barbuda;2484529
Exportação;2022;Setembro;Argentina;1456164563
Exportação;2022;Setembro;Argélia;77785346
Exportação;2022;Setembro;Armênia;1067964
Exportação;2022;Setembro;Aruba;5512688
Exportação;2022;Setembro;Arábia Saudita;243842080
Exportação;2022;Setembro;Austrália;61196646
Exportação;2022;Setembro;Azerbaijão;2530889
Exportação;2022;Setembro;Bahamas;16794533
Exportação;2022;Setembro;Bangladesh;170529
Exportação;2022;Setembro;Barbados;4293
Exportação;2022;Setembro;Barein;84280976
Exportação;2022;Setembro;Belarus;531506
Exportação;2022;Setembro;Belize;1294040
Exportação;2022;Setembro;Benin;11152482
Exportação;2022;Setembro;Bermudas;327606
Exportação;2022;Setembro;Bolívia;166998171
Exportação;2022;Setembro;Bonaire, Saint Eustatius e Saba;844415
Exportação;2022;Setembro;Botsuana;222504
Exportação;2022;Setembro;Brasil;24943
Exportação;2022;Setembro;Brunei;1
Exportação;2022;Setembro;Bulgária;95829517
Exportação;2022;Setembro;Burkina Faso;908487
Exportação;2022;Setembro;Burundi;411
Exportação;2022;Setembro;Butão;256928
Exportação;2022;Setembro;Bélgica;350316689
Exportação;2022;Setembro;Bósnia-Herzegovina;41168
Exportação;2022;Setembro;Cabo Verde;2584197
Exportação;2022;Setembro;Camarões;11799000
Exportação;2022;Setembro;Camboja;2524024
Exportação;2022;Setembro;Canadá;473451507
Exportação;2022;Setembro;Catar;28581007
Exportação;2022;Setembro;Cayman, Ilhas;954909
Exportação;2022;Setembro;Cazaquistão;1205778
Exportação;2022;Setembro;Chade;907630
Exportação;2022;Setembro;Chile;752275825
Exportação;2022;Setembro;China;6764397448
Exportação;2022;Setembro;Chipre;6453998
Exportação;2022;Setembro;Cocos (Keeling), Ilhas;5841
Exportação;2022;Setembro;Colômbia;461978763
Exportação;2022;Setembro;Comores;257886
Exportação;2022;Setembro;Congo;6342854
Exportação;2022;Setembro;Congo, República Democrática;19464072
Exportação;2022;Setembro;Cook, Ilhas;767530
Exportação;2022;Setembro;Coreia do Sul;525623878
Exportação;2022;Setembro;Costa Rica;38690734
Exportação;2022;Setembro;Costa do Marfim;13087331
Exportação;2022;Setembro;Coveite (Kuweit);34367110
Exportação;2022;Setembro;Croácia;1688658
Exportação;2022;Setembro;Cuba;47739403
Exportação;2022;Setembro;Curaçao;3964655
Exportação;2022;Setembro;Dinamarca;44106122
Exportação;2022;Setembro;Djibuti;3327381
Exportação;2022;Setembro;Dominica;449055
Exportação;2022;Setembro;Egito;236408741
Exportação;2022;Setembro;El Salvador;30803149
Exportação;2022;Setembro;Emirados Árabes Unidos;297329799
Exportação;2022;Setembro;Equador;95353813
Exportação;2022;Setembro;Eslováquia;1047504
Exportação;2022;Setembro;Eslovênia;63475791
Exportação;2022;Setembro;Espanha;917384397
Exportação;2022;Setembro;Estados Unidos;3379994612
Exportação;2022;Setembro;Estônia;5995369
Exportação;2022;Setembro;Etiópia;3553533
Exportação;2022;Setembro;Faroe, Ilhas;742
Exportação;2022;Setembro;Fiji;354722
Exportação;2022;Setembro;Filipinas;155394727
Exportação;2022;Setembro;Finlândia;55390362
Exportação;2022;Setembro;França;398499596
Exportação;2022;Setembro;Gabão;3654736
Exportação;2022;Setembro;Gana;36188422
Exportação;2022;Setembro;Geórgia;33953746
Exportação;2022;Setembro;Gibraltar;68544328
Exportação;2022;Setembro;Granada;1951038
Exportação;2022;Setembro;Groenlândia;39
Exportação;2022;Setembro;Grécia;27773144
Exportação;2022;Setembro;Guadalupe;1266881
Exportação;2022;Setembro;Guam;351429
Exportação;2022;Setembro;Guatemala;57547135
Exportação;2022;Setembro;Guiana;23084989
Exportação;2022;Setembro;Guiana Francesa;532509
Exportação;2022;Setembro;Guiné;11584391
Exportação;2022;Setembro;Guiné Equatorial;1453260
Exportação;2022;Setembro;Guiné-Bissau;9413
Exportação;2022;Setembro;Gâmbia;2833726
Exportação;2022;Setembro;Haiti;6746329
Exportação;2022;Setembro;Honduras;17273350
Exportação;2022;Setembro;Hong Kong;118340839
Exportação;2022;Setembro;Hungria;5060681
Exportação;2022;Setembro;Ilha de Man;1141915
Exportação;2022;Setembro;Indonésia;338137606
Exportação;2022;Setembro;Iraque;67322742
Exportação;2022;Setembro;Irlanda;48913502
Exportação;2022;Setembro;Irã;629498884
Exportação;2022;Setembro;Islândia;45099754
Exportação;2022;Setembro;Israel;84961185
Exportação;2022;Setembro;Itália;348633482
Exportação;2022;Setembro;Iêmen;21394496
Exportação;2022;Setembro;Jamaica;90887505
Exportação;2022;Setembro;Japão;6524502
Exportação;2022;Setembro;Jordânia;44909216
Exportação;2022;Setembro;Kiribati;124244
Exportação;2022;Setembro;Laos;16879
Exportação;2022;Setembro;Lesoto;9419
Exportação;2022;Setembro;Letônia;14315466
Exportação;2022;Setembro;Libéria;49362105
Exportação;2022;Setembro;Liechtenstein;1334091
Exportação;2022;Setembro;Lituânia;4402065
Exportação;2022;Setembro;Luxemburgo;4676204
Exportação;2022;Setembro;Líbano;29286755
Exportação;2022;Setembro;Líbia;30880233
Exportação;2022;Setembro;Macau;428
Exportação;2022;Setembro;Macedônia;2639931
Exportação;2022;Setembro;Madagascar;23728
Exportação;2022;Setembro;Malavi;587183
Exportação;2022;Setembro;Maldivas;2958467
Exportação;2022;Setembro;Mali;459367
Exportação;2022;Setembro;Malta;14198384
Exportação;2022;Setembro;Malásia;422061998
Exportação;2022;Setembro;Marrocos;106446539
Exportação;2022;Setembro;Marshall, Ilhas;37918349
Exportação;2022;Setembro;Martinica;3083988
Exportação;2022;Setembro;Mauritânia;19571235
Exportação;2022;Setembro;Maurício;1738228
Exportação;2022;Setembro;Mayotte;699878
Exportação;2022;Setembro;Mianmar;16191872
Exportação;2022;Setembro;Moldávia;703935
Exportação;2022;Setembro;Mongólia;338023
Exportação;2022;Setembro;Montenegro;1527522
Exportação;2022;Setembro;Montserrat;26207
Exportação;2022;Setembro;Moçambique;8878697
Exportação;2022;Setembro;México;595612451
Exportação;2022;Setembro;Mônaco;841
Exportação;2022;Setembro;Namíbia;1071176
Exportação;2022;Setembro;Nauru;659
Exportação;2022;Setembro;Nepal;384570
Exportação;2022;Setembro;Nicarágua;11331520
Exportação;2022;Setembro;Nigéria;62841584
Exportação;2022;Setembro;Norfolk, Ilha;348896
Exportação;2022;Setembro;Noruega;84839508
Exportação;2022;Setembro;Nova Caledônia;1679699
Exportação;2022;Setembro;Nova Zelândia;15866060
Exportação;2022;Setembro;Omã;73243
Exportação;2022;Setembro;Pacífico, Ilhas do (EUA);128
Exportação;2022;Setembro;Palestina;1513935
Exportação;2022;Setembro;Panamá;88213599
Exportação;2022;Setembro;Papua Nova Guiné;11237
Exportação;2022;Setembro;Paquistão;92894957
Exportação;2022;Setembro;Paraguai;319199189
Exportação;2022;Setembro;Países Baixos (Holanda);1117656280
Exportação;2022;Setembro;Peru;255445340
Exportação;2022;Setembro;Polinésia Francesa;1337372
Exportação;2022;Setembro;Polônia;124898780
Exportação;2022;Setembro;Porto Rico;25864086
Exportação;2022;Setembro;Portugal;479974408
Exportação;2022;Setembro;Quirguistão;23370
Exportação;2022;Setembro;Quênia;6837507
Exportação;2022;Setembro;Reino Unido;371744794
Exportação;2022;Setembro;República Centro-Africana;233004
Exportação;2022;Setembro;República Dominicana;66112130
Exportação;2022;Setembro;Reunião;809061
Exportação;2022;Setembro;Romênia;30507144
Exportação;2022;Setembro;Ruanda;282964
Exportação;2022;Setembro;Rússia;115153549
Exportação;2022;Setembro;Salomão, Ilhas;60703
Exportação;2022;Setembro;Samoa;220922
Exportação;2022;Setembro;Samoa Americana;35084
Exportação;2022;Setembro;San Marino;20616
Exportação;2022;Setembro;Santa Lúcia;295903
Exportação;2022;Setembro;Seicheles;747469
Exportação;2022;Setembro;Senegal;12846529
Exportação;2022;Setembro;Serra Leoa;2555069
Exportação;2022;Setembro;Singapura;418656476
Exportação;2022;Setembro;Sint Maarten;988834
Exportação;2022;Setembro;Somália;16241246
Exportação;2022;Setembro;Sri Lanka;1580594
Exportação;2022;Setembro;Sudão;767208
Exportação;2022;Setembro;Sudão do Sul;452336
Exportação;2022;Setembro;Suriname;3735446
Exportação;2022;Setembro;Suécia;56173621
Exportação;2022;Setembro;Suíça;96878517
Exportação;2022;Setembro;São Bartolomeu;180958
Exportação;2022;Setembro;São Cristóvão e Névis;582512
Exportação;2022;Setembro;São Martinho, Ilha de (parte francesa);194916
Exportação;2022;Setembro;São Tomé e Príncipe;62178
Exportação;2022;Setembro;São Vicente e Granadinas;1753904
Exportação;2022;Setembro;Sérvia;7404744
Exportação;2022;Setembro;Síria;398112
Exportação;2022;Setembro;Tailândia;339240831
Exportação;2022;Setembro;Taiwan (Formosa);183332264
Exportação;2022;Setembro;Tanzânia;3269257
Exportação;2022;Setembro;Tcheca, República;5810975
Exportação;2022;Setembro;Terras Austrais Francesas;167
Exportação;2022;Setembro;Timor Leste;1620271
Exportação;2022;Setembro;Togo;16038522
Exportação;2022;Setembro;Tonga;254530
Exportação;2022;Setembro;Trinidad e Tobago;41313
Exportação;2022;Setembro;Tunísia;38624973
Exportação;2022;Setembro;Turcas e Caicos, Ilhas;253806
Exportação;2022;Setembro;Turcomenistão;630581
Exportação;2022;Setembro;Turquia;244554385
Exportação;2022;Setembro;Ucrânia;6671311
Exportação;2022;Setembro;Uganda;1063384
Exportação;2022;Setembro;Uruguai;220304987
Exportação;2022;Setembro;Uzbequistão;14836363
Exportação;2022;Setembro;Vaticano;39156
Exportação;2022;Setembro;Venezuela;123410592
Exportação;2022;Setembro;Vietnã;203686900
Exportação;2022;Setembro;Virgens, Ilhas (Americanas);59078504
Exportação;2022;Setembro;Virgens, Ilhas (Britânicas);98250
Exportação;2022;Setembro;Wallis e Futuna, Ilhas;9765
Exportação;2022;Setembro;Zimbábue;727327
Exportação;2022;Setembro;Zâmbia;1025537
Exportação;2022;Setembro;África do Sul;108339128
Exportação;2022;Setembro;Áustria;8146035
Exportação;2022;Setembro;Índia;548848286
Exportação;2022;Outubro;Afeganistão;362770
Exportação;2022;Outubro;Albânia;5127715
Exportação;2022;Outubro;Alemanha;596726713
Exportação;2022;Outubro;Angola;55422213
Exportação;2022;Outubro;Anguilla;230606
Exportação;2022;Outubro;Antártica;196627
Exportação;2022;Outubro;Antígua e Barbuda;5149111
Exportação;2022;Outubro;Argentina;1337286
Exportação;2022;Outubro;Argélia;167855502
Exportação;2022;Outubro;Armênia;847063
Exportação;2022;Outubro;Aruba;4025886
Exportação;2022;Outubro;Arábia Saudita;260794512
Exportação;2022;Outubro;Austrália;47339987
Exportação;2022;Outubro;Azerbaijão;2681020
Exportação;2022;Outubro;Bahamas;16255520
Exportação;2022;Outubro;Bangladesh;179908335
Exportação;2022;Outubro;Barbados;1669441
Exportação;2022;Outubro;Barein;68316338
Exportação;2022;Outubro;Belarus;597264
Exportação;2022;Outubro;Belize;1643259
Exportação;2022;Outubro;Benin;6062644
Exportação;2022;Outubro;Bermudas;444086
Exportação;2022;Outubro;Bolívia;128876775
Exportação;2022;Outubro;Bonaire, Saint Eustatius e Saba;430222
Exportação;2022;Outubro;Botsuana;119243
Exportação;2022;Outubro;Bouvet, Ilha;218
Exportação;2022;Outubro;Brasil;20074657
Exportação;2022;Outubro;Brunei;99835
Exportação;2022;Outubro;Bulgária;9499669
Exportação;2022;Outubro;Burkina Faso;9684
Exportação;2022;Outubro;Butão;314718
Exportação;2022;Outubro;Bélgica;288034355
Exportação;2022;Outubro;Bósnia-Herzegovina;21721
Exportação;2022;Outubro;Cabo Verde;1568107
Exportação;2022;Outubro;Camarões;14052623
Exportação;2022;Outubro;Camboja;1838447
Exportação;2022;Outubro;Canadá;455557100
Exportação;2022;Outubro;Catar;26935850
Exportação;2022;Outubro;Cayman, Ilhas;456569
Exportação;2022;Outubro;Cazaquistão;2993460
Exportação;2022;Outubro;Chade;812537
Exportação;2022;Outubro;Chile;707974495
Exportação;2022;Outubro;China;6606458362
Exportação;2022;Outubro;Chipre;9176653
Exportação;2022;Outubro;Cocos (Keeling), Ilhas;4566
Exportação;2022;Outubro;Colômbia;445161532
Exportação;2022;Outubro;Comores;159990
Exportação;2022;Outubro;Congo;3453380
Exportação;2022;Outubro;Congo, República Democrática;6696266
Exportação;2022;Outubro;Cook, Ilhas;21115
Exportação;2022;Outubro;Coreia do Sul;4764675
Exportação;2022;Outubro;Costa Rica;84841563
Exportação;2022;Outubro;Costa do Marfim;20895358
Exportação;2022;Outubro;Coveite (Kuweit);35771315
Exportação;2022;Outubro;Croácia;19586881
Exportação;2022;Outubro;Cuba;23814108
Exportação;2022;Outubro;Curaçao;3884
Exportação;2022;Outubro;Dinamarca;46208219
Exportação;2022;Outubro;Djibuti;2213537
Exportação;2022;Outubro;Dominica;560424
Exportação;2022;Outubro;Egito;227795578
Exportação;2022;Outubro;El Salvador;26332996
Exportação;2022;Outubro;Emirados Árabes Unidos;348615111
Exportação;2022;Outubro;Equador;83887021
Exportação;2022;Outubro;Eslováquia;1859700
Exportação;2022;Outubro;Eslovênia;34303381
Exportação;2022;Outubro;Espanha;698311752
Exportação;2022;Outubro;Estados Unidos;3150340888
Exportação;2022;Outubro;Estônia;1285272
Exportação;2022;Outubro;Etiópia;2392168
Exportação;2022;Outubro;Faroe, Ilhas;39568
Exportação;2022;Outubro;Fiji;1333
Exportação;2022;Outubro;Filipinas;223443462
Exportação;2022;Outubro;Finlândia;60438158
Exportação;2022;Outubro;França;226572024
Exportação;2022;Outubro;Gabão;3615410
Exportação;2022;Outubro;Gana;37488772
Exportação;2022;Outubro;Geórgia;30577381
Exportação;2022;Outubro;Gibraltar;221377
Exportação;2022;Outubro;Granada;1036435
Exportação;2022;Outubro;Grécia;21316250
Exportação;2022;Outubro;Guadalupe;647536
Exportação;2022;Outubro;Guam;495
Exportação;2022;Outubro;Guatemala;90759088
Exportação;2022;Outubro;Guiana;6286778
Exportação;2022;Outubro;Guiana Francesa;939398
Exportação;2022;Outubro;Guiné;9696836
Exportação;2022;Outubro;Guiné Equatorial;2041635
Exportação;2022;Outubro;Guiné-Bissau;413976
Exportação;2022;Outubro;Gâmbia;4511170
Exportação;2022;Outubro;Haiti;3835929
Exportação;2022;Outubro;Honduras;16761733
Exportação;2022;Outubro;Hong Kong;106
Exportação;2022;Outubro;Hungria;4232551
Exportação;2022;Outubro;Ilha de Man;1456657
Exportação;2022;Outubro;Indonésia;228578350
Exportação;2022;Outubro;Iraque;49525224
Exportação;2022;Outubro;Irlanda;44761470
Exportação;2022;Outubro;Irã;264482676
Exportação;2022;Outubro;Islândia;77189
Exportação;2022;Outubro;Israel;93653918
Exportação;2022;Outubro;Itália;427854811
Exportação;2022;Outubro;Iêmen;57755573
Exportação;2022;Outubro;Jamaica;7476631
Exportação;2022;Outubro;Japão;824303620
Exportação;2022;Outubro;Jordânia;30956567
Exportação;2022;Outubro;Kiribati;25766
Exportação;2022;Outubro;Laos;99732
Exportação;2022;Outubro;Letônia;15623388
Exportação;2022;Outubro;Libéria;38626257
Exportação;2022;Outubro;Liechtenstein;2198764
Exportação;2022;Outubro;Lituânia;1638
Exportação;2022;Outubro;Luxemburgo;2885061
Exportação;2022;Outubro;Líbano;15262456
Exportação;2022;Outubro;Líbia;17067077
Exportação;2022;Outubro;Macau;108043
Exportação;2022;Outubro;Macedônia;841785
Exportação;2022;Outubro;Madagascar;1914990
Exportação;2022;Outubro;Malavi;779502
Exportação;2022;Outubro;Maldivas;2388859
Exportação;2022;Outubro;Mali;451700
Exportação;2022;Outubro;Malta;16187077
Exportação;2022;Outubro;Malásia;381066713
Exportação;2022;Outubro;Marrocos;123150965
Exportação;2022;Outubro;Marshall, Ilhas;261940
Exportação;2022;Outubro;Martinica;987663
Exportação;2022;Outubro;Mauritânia;21672339
Exportação;2022;Outubro;Maurício;4339585
Exportação;2022;Outubro;Mayotte;1464731
Exportação;2022;Outubro;Mianmar;12161072
Exportação;2022;Outubro;Moldávia;366720
Exportação;2022;Outubro;Mongólia;168958
Exportação;2022;Outubro;Montenegro;1615965
Exportação;2022;Outubro;Montserrat;67445
Exportação;2022;Outubro;Moçambique;1430060
Exportação;2022;Outubro;México;603716981
Exportação;2022;Outubro;Mônaco;108
Exportação;2022;Outubro;Namíbia;795620
Exportação;2022;Outubro;Nepal;67
Exportação;2022;Outubro;Nicarágua;22846844
Exportação;2022;Outubro;Nigéria;94646046
Exportação;2022;Outubro;Niue;989
Exportação;2022;Outubro;Noruega;157949954
Exportação;2022;Outubro;Nova Caledônia;678970
Exportação;2022;Outubro;Nova Zelândia;3317551
Exportação;2022;Outubro;Níger;729548
Exportação;2022;Outubro;Omã;90727243
Exportação;2022;Outubro;Pacífico, Ilhas do (EUA);14529
Exportação;2022;Outubro;Palestina;1683133
Exportação;2022;Outubro;Panamá;743453
Exportação;2022;Outubro;Papua Nova Guiné;54560
Exportação;2022;Outubro;Paquistão;99586735
Exportação;2022;Outubro;Paraguai;312798181
Exportação;2022;Outubro;Países Baixos (Holanda);1199518506
Exportação;2022;Outubro;Peru;244918848
Exportação;2022;Outubro;Polinésia Francesa;264327
Exportação;2022;Outubro;Polônia;54574874
Exportação;2022;Outubro;Porto Rico;13905882
Exportação;2022;Outubro;Portugal;148178259
Exportação;2022;Outubro;Quirguistão;13474
Exportação;2022;Outubro;Quênia;9105427
Exportação;2022;Outubro;Reino Unido;309377163
Exportação;2022;Outubro;República Centro-Africana;506785
Exportação;2022;Outubro;República Dominicana;114076639
Exportação;2022;Outubro;Reunião;196135
Exportação;2022;Outubro;Romênia;6446562
Exportação;2022;Outubro;Ruanda;723886
Exportação;2022;Outubro;Rússia;146761960
Exportação;2022;Outubro;Samoa;146750
Exportação;2022;Outubro;Samoa Americana;14400
Exportação;2022;Outubro;Santa Lúcia;238972
Exportação;2022;Outubro;Seicheles;1180003
Exportação;2022;Outubro;Senegal;34724107
Exportação;2022;Outubro;Serra Leoa;4518516
Exportação;2022;Outubro;Singapura;537078169
Exportação;2022;Outubro;Sint Maarten;657907
Exportação;2022;Outubro;Somália;2916023
Exportação;2022;Outubro;Sri Lanka;1716989
Exportação;2022;Outubro;Sudão;3405694
Exportação;2022;Outubro;Sudão do Sul;312677
Exportação;2022;Outubro;Suriname;4890236
Exportação;2022;Outubro;Suécia;95359
Exportação;2022;Outubro;Suíça;80414805
Exportação;2022;Outubro;São Bartolomeu;489249
Exportação;2022;Outubro;São Cristóvão e Névis;218063
Exportação;2022;Outubro;São Tomé e Príncipe;265646
Exportação;2022;Outubro;São Vicente e Granadinas;2727
Exportação;2022;Outubro;Sérvia;1369
Exportação;2022;Outubro;Síria;3183841
Exportação;2022;Outubro;Tailândia;233633636
Exportação;2022;Outubro;Taiwan (Formosa);60686815
Exportação;2022;Outubro;Tanzânia;1646534
Exportação;2022;Outubro;Tcheca, República;4056434
Exportação;2022;Outubro;Terras Austrais Francesas;117550
Exportação;2022;Outubro;Território Britânico do Oceano Índico;175
Exportação;2022;Outubro;Timor Leste;1003371
Exportação;2022;Outubro;Togo;8740987
Exportação;2022;Outubro;Tonga;78897
Exportação;2022;Outubro;Trinidad e Tobago;26871711
Exportação;2022;Outubro;Tunísia;9958093
Exportação;2022;Outubro;Turcas e Caicos, Ilhas;223045
Exportação;2022;Outubro;Turcomenistão;1331778
Exportação;2022;Outubro;Turquia;225165894
Exportação;2022;Outubro;Ucrânia;2975930
Exportação;2022;Outubro;Uganda;212261
Exportação;2022;Outubro;Uruguai;218232497
Exportação;2022;Outubro;Uzbequistão;25949086
Exportação;2022;Outubro;Venezuela;105479982
Exportação;2022;Outubro;Vietnã;341920777
Exportação;2022;Outubro;Virgens, Ilhas (Americanas);60599583
Exportação;2022;Outubro;Virgens, Ilhas (Britânicas);149711
Exportação;2022;Outubro;Zimbábue;256451
Exportação;2022;Outubro;Zâmbia;193932
Exportação;2022;Outubro;África do Sul;73285288
Exportação;2022;Outubro;Áustria;6616066
Exportação;2022;Outubro;Índia;641642196
Exportação;2022;Novembro;Afeganistão;438707
Exportação;2022;Novembro;Albânia;4929317
Exportação;2022;Novembro;Alemanha;556325054
Exportação;2022;Novembro;Angola;85045916
Exportação;2022;Novembro;Anguilla;56
Exportação;2022;Novembro;Antígua e Barbuda;2875085
Exportação;2022;Novembro;Argentina;1191788164
Exportação;2022;Novembro;Argélia;164103879
Exportação;2022;Novembro;Armênia;716676
Exportação;2022;Novembro;Aruba;6079458
Exportação;2022;Novembro;Arábia Saudita;262799740
Exportação;2022;Novembro;Austrália;68281972
Exportação;2022;Novembro;Azerbaijão;7690348
Exportação;2022;Novembro;Bahamas;79435904
Exportação;2022;Novembro;Bangladesh;184559679
Exportação;2022;Novembro;Barbados;4944183
Exportação;2022;Novembro;Barein;109845466
Exportação;2022;Novembro;Belarus;475488
Exportação;2022;Novembro;Belize;1001
Exportação;2022;Novembro;Benin;3400974
Exportação;2022;Novembro;Bermudas;381410
Exportação;2022;Novembro;Bolívia;51655215
Exportação;2022;Novembro;Bonaire, Saint Eustatius e Saba;436061
Exportação;2022;Novembro;Botsuana;29862
Exportação;2022;Novembro;Brasil;36810084
Exportação;2022;Novembro;Brunei;18075
Exportação;2022;Novembro;Bulgária;18769300
Exportação;2022;Novembro;Burkina Faso;2061902
Exportação;2022;Novembro;Burundi;219
Exportação;2022;Novembro;Butão;238123
Exportação;2022;Novembro;Bélgica;375552999
Exportação;2022;Novembro;Bósnia-Herzegovina;89076
Exportação;2022;Novembro;Cabo Verde;2437671
Exportação;2022;Novembro;Camarões;16420056
Exportação;2022;Novembro;Camboja;2163745
Exportação;2022;Novembro;Canadá;471595929
Exportação;2022;Novembro;Catar;24772424
Exportação;2022;Novembro;Cayman, Ilhas;618821
Exportação;2022;Novembro;Cazaquistão;6873955
Exportação;2022;Novembro;Chade;826930
Exportação;2022;Novembro;Chile;839890565
Exportação;2022;Novembro;China;6926836099
Exportação;2022;Novembro;Chipre;7569743
Exportação;2022;Novembro;Colômbia;460618339
Exportação;2022;Novembro;Comores;165785
Exportação;2022;Novembro;Congo;6917533
Exportação;2022;Novembro;Congo, República Democrática;26436617
Exportação;2022;Novembro;Coreia do Sul;578408099
Exportação;2022;Novembro;Costa Rica;30527
Exportação;2022;Novembro;Costa do Marfim;19626978
Exportação;2022;Novembro;Coveite (Kuweit);22818728
Exportação;2022;Novembro;Croácia;9975971
Exportação;2022;Novembro;Cuba;18118
Exportação;2022;Novembro;Curaçao;3290879
Exportação;2022;Novembro;Dinamarca;46902603
Exportação;2022;Novembro;Djibuti;498728
Exportação;2022;Novembro;Dominica;163293
Exportação;2022;Novembro;Egito;274049972
Exportação;2022;Novembro;El Salvador;19141
Exportação;2022;Novembro;Emirados Árabes Unidos;281581907
Exportação;2022;Novembro;Equador;103923034
Exportação;2022;Novembro;Eslováquia;4584
Exportação;2022;Novembro;Eslovênia;69806510
Exportação;2022;Novembro;Espanha;807938191
Exportação;2022;Novembro;Estados Unidos;2836724524
Exportação;2022;Novembro;Estônia;4719047
Exportação;2022;Novembro;Etiópia;3677044
Exportação;2022;Novembro;Faroe, Ilhas;3960
Exportação;2022;Novembro;Fiji;59947
Exportação;2022;Novembro;Filipinas;116495292
Exportação;2022;Novembro;Finlândia;51222552
Exportação;2022;Novembro;França;383144763
Exportação;2022;Novembro;Gabão;5654748
Exportação;2022;Novembro;Gana;22682440
Exportação;2022;Novembro;Geórgia;15200237
Exportação;2022;Novembro;Gibraltar;49092695
Exportação;2022;Novembro;Granada;1640
Exportação;2022;Novembro;Grécia;22804582
Exportação;2022;Novembro;Guadalupe;724815
Exportação;2022;Novembro;Guam;21920
Exportação;2022;Novembro;Guatemala;55393411
Exportação;2022;Novembro;Guiana;38424211
Exportação;2022;Novembro;Guiana Francesa;705688
Exportação;2022;Novembro;Guiné;15702968
Exportação;2022;Novembro;Guiné Equatorial;1757556
Exportação;2022;Novembro;Guiné-Bissau;188730
Exportação;2022;Novembro;Gâmbia;10683316
Exportação;2022;Novembro;Haiti;1437
Exportação;2022;Novembro;Honduras;24866791
Exportação;2022;Novembro;Hong Kong;88999549
Exportação;2022;Novembro;Hungria;2822702
Exportação;2022;Novembro;Ilha de Man;3816
Exportação;2022;Novembro;Indonésia;328894247
Exportação;2022;Novembro;Iraque;88130278
Exportação;2022;Novembro;Irlanda;15434076
Exportação;2022;Novembro;Irã;213263460
Exportação;2022;Novembro;Islândia;11622796
Exportação;2022;Novembro;Israel;209241687
Exportação;2022;Novembro;Itália;358793825
Exportação;2022;Novembro;Iêmen;39657
Exportação;2022;Novembro;Jamaica;7999172
Exportação;2022;Novembro;Japão;527936752
Exportação;2022;Novembro;Jordânia;27634093
Exportação;2022;Novembro;Kiribati;45504
Exportação;2022;Novembro;Laos;622669
Exportação;2022;Novembro;Lesoto;5
Exportação;2022;Novembro;Letônia;26150219
Exportação;2022;Novembro;Libéria;34557474
Exportação;2022;Novembro;Liechtenstein;945718
Exportação;2022;Novembro;Lituânia;3113839
Exportação;2022;Novembro;Luxemburgo;6295627
Exportação;2022;Novembro;Líbano;28875895
Exportação;2022;Novembro;Líbia;31421521
Exportação;2022;Novembro;Macau;1269
Exportação;2022;Novembro;Macedônia;1376107
Exportação;2022;Novembro;Madagascar;1906742
Exportação;2022;Novembro;Malavi;477280
Exportação;2022;Novembro;Maldivas;2154289
Exportação;2022;Novembro;Mali;64919
Exportação;2022;Novembro;Malta;16597680
Exportação;2022;Novembro;Malásia;358261464
Exportação;2022;Novembro;Marrocos;65192563
Exportação;2022;Novembro;Marshall, Ilhas;29199026
Exportação;2022;Novembro;Martinica;1030268
Exportação;2022;Novembro;Mauritânia;12495112
Exportação;2022;Novembro;Maurício;1186117
Exportação;2022;Novembro;Mayotte;807880
Exportação;2022;Novembro;Mianmar;2609916
Exportação;2022;Novembro;Moldávia;332664
Exportação;2022;Novembro;Mongólia;35881
Exportação;2022;Novembro;Montenegro;1676253
Exportação;2022;Novembro;Moçambique;2699027
Exportação;2022;Novembro;México;696279133
Exportação;2022;Novembro;Mônaco;120357
Exportação;2022;Novembro;Namíbia;1839073
Exportação;2022;Novembro;Nepal;199880
Exportação;2022;Novembro;Nicarágua;11310429
Exportação;2022;Novembro;Nigéria;66891031
Exportação;2022;Novembro;Norfolk, Ilha;73184
Exportação;2022;Novembro;Noruega;78637632
Exportação;2022;Novembro;Nova Caledônia;1238009
Exportação;2022;Novembro;Nova Zelândia;8062785
Exportação;2022;Novembro;Omã;87036187
Exportação;2022;Novembro;Pacífico, Ilhas do (EUA);32502
Exportação;2022;Novembro;Palestina;2400629
Exportação;2022;Novembro;Panamá;77259756
Exportação;2022;Novembro;Papua Nova Guiné;413850
Exportação;2022;Novembro;Paquistão;124274981
Exportação;2022;Novembro;Paraguai;311137191
Exportação;2022;Novembro;Países Baixos (Holanda);917292154
Exportação;2022;Novembro;Peru;396043445
Exportação;2022;Novembro;Polinésia Francesa;556492
Exportação;2022;Novembro;Polônia;88544188
Exportação;2022;Novembro;Porto Rico;20585469
Exportação;2022;Novembro;Portugal;366791338
Exportação;2022;Novembro;Quirguistão;7376
Exportação;2022;Novembro;Quênia;6355675
Exportação;2022;Novembro;Reino Unido;274000054
Exportação;2022;Novembro;República Centro-Africana;590346
Exportação;2022;Novembro;República Dominicana;98511315
Exportação;2022;Novembro;Reunião;184843
Exportação;2022;Novembro;Romênia;353556
Exportação;2022;Novembro;Ruanda;18071
Exportação;2022;Novembro;Rússia;189888063
Exportação;2022;Novembro;Samoa;85111
Exportação;2022;Novembro;Samoa Americana;41126
Exportação;2022;Novembro;San Marino;14110
Exportação;2022;Novembro;Santa Lúcia;223533
Exportação;2022;Novembro;Seicheles;1137061
Exportação;2022;Novembro;Senegal;7347292
Exportação;2022;Novembro;Serra Leoa;2806286
Exportação;2022;Novembro;Singapura;865834
Exportação;2022;Novembro;Sint Maarten;1666409
Exportação;2022;Novembro;Somália;533107
Exportação;2022;Novembro;Sri Lanka;2147939
Exportação;2022;Novembro;Sudão;317923
Exportação;2022;Novembro;Sudão do Sul;156753
Exportação;2022;Novembro;Suriname;4131571
Exportação;2022;Novembro;Suécia;31002
Exportação;2022;Novembro;Suíça;120704054
Exportação;2022;Novembro;São Bartolomeu;723674
Exportação;2022;Novembro;São Cristóvão e Névis;432130
Exportação;2022;Novembro;São Martinho, Ilha de (parte francesa);977
Exportação;2022;Novembro;São Tomé e Príncipe;5817
Exportação;2022;Novembro;São Vicente e Granadinas;436085
Exportação;2022;Novembro;Sérvia;6173208
Exportação;2022;Novembro;Síria;1919879
Exportação;2022;Novembro;Tailândia;228310894
Exportação;2022;Novembro;Taiwan (Formosa);157878412
Exportação;2022;Novembro;Tanzânia;1456649
Exportação;2022;Novembro;Tcheca, República;7528591
Exportação;2022;Novembro;Terras Austrais Francesas;41303
Exportação;2022;Novembro;Timor Leste;974427
Exportação;2022;Novembro;Togo;8533403
Exportação;2022;Novembro;Tonga;215471
Exportação;2022;Novembro;Trinidad e Tobago;6690943
Exportação;2022;Novembro;Tunísia;29348685
Exportação;2022;Novembro;Turcas e Caicos, Ilhas;39718
Exportação;2022;Novembro;Turcomenistão;471528
Exportação;2022;Novembro;Turquia;207279213
Exportação;2022;Novembro;Tuvalu;60445
Exportação;2022;Novembro;Ucrânia;5781709
Exportação;2022;Novembro;Uganda;434333
Exportação;2022;Novembro;Uruguai;306667617
Exportação;2022;Novembro;Uzbequistão;13243145
Exportação;2022;Novembro;Venezuela;108510677
Exportação;2022;Novembro;Vietnã;394889316
Exportação;2022;Novembro;Virgens, Ilhas (Americanas);7443
Exportação;2022;Novembro;Virgens, Ilhas (Britânicas);174657
Exportação;2022;Novembro;Zimbábue;617155
Exportação;2022;Novembro;Zâmbia;743124
Exportação;2022;Novembro;África do Sul;210859924
Exportação;2022;Novembro;Áustria;6909947
Exportação;2022;Novembro;Índia;525084649
Exportação;2022;Dezembro;Afeganistão;49174
Exportação;2022;Dezembro;Albânia;3963129
Exportação;2022;Dezembro;Alemanha;406654848
Exportação;2022;Dezembro;Andorra;1
Exportação;2022;Dezembro;Angola;59659415
Exportação;2022;Dezembro;Anguilla;65626
Exportação;2022;Dezembro;Antígua e Barbuda;4964167
Exportação;2022;Dezembro;Argentina;973189469
Exportação;2022;Dezembro;Argélia;188825114
Exportação;2022;Dezembro;Armênia;1619937
Exportação;2022;Dezembro;Aruba;3224512
Exportação;2022;Dezembro;Arábia Saudita;270585962
Exportação;2022;Dezembro;Austrália;70512147
Exportação;2022;Dezembro;Azerbaijão;2594627
Exportação;2022;Dezembro;Bahamas;14962855
Exportação;2022;Dezembro;Bangladesh;85697108
Exportação;2022;Dezembro;Barbados;2228573
Exportação;2022;Dezembro;Barein;103809678
Exportação;2022;Dezembro;Belarus;655156
Exportação;2022;Dezembro;Belize;626369
Exportação;2022;Dezembro;Benin;2388672
Exportação;2022;Dezembro;Bermudas;262171
Exportação;2022;Dezembro;Bolívia;241645247
Exportação;2022;Dezembro;Bonaire, Saint Eustatius e Saba;139642
Exportação;2022;Dezembro;Botsuana;382921
Exportação;2022;Dezembro;Brasil;85409726
Exportação;2022;Dezembro;Brunei;9723
Exportação;2022;Dezembro;Bulgária;59476102
Exportação;2022;Dezembro;Burkina Faso;111720
Exportação;2022;Dezembro;Burundi;2282
Exportação;2022;Dezembro;Butão;350666
Exportação;2022;Dezembro;Bélgica;291284170
Exportação;2022;Dezembro;Bósnia-Herzegovina;96945
Exportação;2022;Dezembro;Cabo Verde;29540
Exportação;2022;Dezembro;Camarões;25918934
Exportação;2022;Dezembro;Camboja;1739402
Exportação;2022;Dezembro;Canadá;552555463
Exportação;2022;Dezembro;Catar;49426544
Exportação;2022;Dezembro;Cayman, Ilhas;727399
Exportação;2022;Dezembro;Cazaquistão;4937827
Exportação;2022;Dezembro;Chade;788189
Exportação;2022;Dezembro;Chile;684061970
Exportação;2022;Dezembro;China;6248691904
Exportação;2022;Dezembro;Chipre;8833237
Exportação;2022;Dezembro;Cocos (Keeling), Ilhas;9895
Exportação;2022;Dezembro;Colômbia;440711
Exportação;2022;Dezembro;Comores;173133
Exportação;2022;Dezembro;Congo;4533704
Exportação;2022;Dezembro;Congo, República Democrática;16622881
Exportação;2022;Dezembro;Cook, Ilhas;7736
Exportação;2022;Dezembro;Coreia do Sul;495441136
Exportação;2022;Dezembro;Costa Rica;67032235
Exportação;2022;Dezembro;Costa do Marfim;17613205
Exportação;2022;Dezembro;Coveite (Kuweit);22559234
Exportação;2022;Dezembro;Croácia;4646731
Exportação;2022;Dezembro;Cuba;31272403
Exportação;2022;Dezembro;Curaçao;3133599
Exportação;2022;Dezembro;Dinamarca;43863752
Exportação;2022;Dezembro;Djibuti;826884
Exportação;2022;Dezembro;Dominica;463863
Exportação;2022;Dezembro;Egito;310098783
Exportação;2022;Dezembro;El Salvador;34961347
Exportação;2022;Dezembro;Emirados Árabes Unidos;387945910
Exportação;2022;Dezembro;Equador;88826
Exportação;2022;Dezembro;Eslováquia;3628334
Exportação;2022;Dezembro;Eslovênia;178
Exportação;2022;Dezembro;Espanha;709584245
Exportação;2022;Dezembro;Estados Unidos;3586382967
Exportação;2022;Dezembro;Estônia;2773956
Exportação;2022;Dezembro;Etiópia;1554294
Exportação;2022;Dezembro;Falkland (Malvinas);2081
Exportação;2022;Dezembro;Faroe, Ilhas;55
Exportação;2022;Dezembro;Fiji;227036
Exportação;2022;Dezembro;Filipinas;66088994
Exportação;2022;Dezembro;Finlândia;49564082
Exportação;2022;Dezembro;França;362152196
Exportação;2022;Dezembro;Gabão;2923723
Exportação;2022;Dezembro;Gana;14094941
Exportação;2022;Dezembro;Geórgia;12679
Exportação;2022;Dezembro;Gibraltar;4153
Exportação;2022;Dezembro;Granada;1376300
Exportação;2022;Dezembro;Grécia;22215253
Exportação;2022;Dezembro;Guadalupe;1120949
Exportação;2022;Dezembro;Guatemala;50827999
Exportação;2022;Dezembro;Guernsey;1170
Exportação;2022;Dezembro;Guiana;13975659
Exportação;2022;Dezembro;Guiana Francesa;504217
Exportação;2022;Dezembro;Guiné;9112009
Exportação;2022;Dezembro;Guiné Equatorial;1629275
Exportação;2022;Dezembro;Guiné-Bissau;19804
Exportação;2022;Dezembro;Gâmbia;12306835
Exportação;2022;Dezembro;Haiti;1907307
Exportação;2022;Dezembro;Honduras;12782269
Exportação;2022;Dezembro;Hong Kong;104355855
Exportação;2022;Dezembro;Hungria;3206
Exportação;2022;Dezembro;Ilha de Man;930584
Exportação;2022;Dezembro;Indonésia;222715103
Exportação;2022;Dezembro;Iraque;79637058
Exportação;2022;Dezembro;Irlanda;40614769
Exportação;2022;Dezembro;Irã;345743
Exportação;2022;Dezembro;Islândia;21236
Exportação;2022;Dezembro;Israel;113878486
Exportação;2022;Dezembro;Itália;475778166
Exportação;2022;Dezembro;Iêmen;14893564
Exportação;2022;Dezembro;Jamaica;12036067
Exportação;2022;Dezembro;Japão;577826770
Exportação;2022;Dezembro;Jersey;221
Exportação;2022;Dezembro;Jordânia;33938918
Exportação;2022;Dezembro;Laos;376021
Exportação;2022;Dezembro;Letônia;4238792
Exportação;2022;Dezembro;Libéria;26859464
Exportação;2022;Dezembro;Liechtenstein;2355551
Exportação;2022;Dezembro;Lituânia;1546208
Exportação;2022;Dezembro;Luxemburgo;2372020
Exportação;2022;Dezembro;Líbano;25051258
Exportação;2022;Dezembro;Líbia;47406744
Exportação;2022;Dezembro;Macau;231035
Exportação;2022;Dezembro;Macedônia;558238
Exportação;2022;Dezembro;Madagascar;3856205
Exportação;2022;Dezembro;Malavi;2245
Exportação;2022;Dezembro;Maldivas;2577781
Exportação;2022;Dezembro;Mali;525123
Exportação;2022;Dezembro;Malta;12768743
Exportação;2022;Dezembro;Malásia;283699379
Exportação;2022;Dezembro;Marrocos;86561571
Exportação;2022;Dezembro;Marshall, Ilhas;17121099
Exportação;2022;Dezembro;Martinica;831634
Exportação;2022;Dezembro;Mauritânia;26134496
Exportação;2022;Dezembro;Maurício;1287493
Exportação;2022;Dezembro;Mayotte;1481051
Exportação;2022;Dezembro;Mianmar;2823188
Exportação;2022;Dezembro;Moldávia;133853
Exportação;2022;Dezembro;Mongólia;237687
Exportação;2022;Dezembro;Montenegro;1939523
Exportação;2022;Dezembro;Montserrat;33371
Exportação;2022;Dezembro;Moçambique;2697928
Exportação;2022;Dezembro;México;621068326
Exportação;2022;Dezembro;Namíbia;1294123
Exportação;2022;Dezembro;Nauru;12597
Exportação;2022;Dezembro;Nepal;75619
Exportação;2022;Dezembro;Nicarágua;21776317
Exportação;2022;Dezembro;Nigéria;83608390
Exportação;2022;Dezembro;Norfolk, Ilha;2220
Exportação;2022;Dezembro;Noruega;157453341
Exportação;2022;Dezembro;Nova Caledônia;3631070
Exportação;2022;Dezembro;Nova Zelândia;17852292
Exportação;2022;Dezembro;Níger;439055
Exportação;2022;Dezembro;Omã;59352175
Exportação;2022;Dezembro;Pacífico, Ilhas do (EUA);50914
Exportação;2022;Dezembro;Palau;2849
Exportação;2022;Dezembro;Palestina;1180816
Exportação;2022;Dezembro;Panamá;63118
Exportação;2022;Dezembro;Paquistão;70692799
Exportação;2022;Dezembro;Paraguai;311973169
Exportação;2022;Dezembro;Países Baixos (Holanda);775410458
Exportação;2022;Dezembro;Peru;263194961
Exportação;2022;Dezembro;Pitcairn;1755
Exportação;2022;Dezembro;Polinésia Francesa;1449178
Exportação;2022;Dezembro;Polônia;72276764
Exportação;2022;Dezembro;Porto Rico;10958689
Exportação;2022;Dezembro;Portugal;404885364
Exportação;2022;Dezembro;Quirguistão;186294
Exportação;2022;Dezembro;Quênia;5748454
Exportação;2022;Dezembro;Reino Unido;326868048
Exportação;2022;Dezembro;República Centro-Africana;4570931
Exportação;2022;Dezembro;República Dominicana;49556218
Exportação;2022;Dezembro;Reunião;492356
Exportação;2022;Dezembro;Romênia;4755306
Exportação;2022;Dezembro;Ruanda;38813
Exportação;2022;Dezembro;Rússia;230229148
Exportação;2022;Dezembro;Samoa;207280
Exportação;2022;Dezembro;Samoa Americana;124114
Exportação;2022;Dezembro;Santa Lúcia;174824
Exportação;2022;Dezembro;Seicheles;796976
Exportação;2022;Dezembro;Senegal;19752730
Exportação;2022;Dezembro;Serra Leoa;1271271
Exportação;2022;Dezembro;Singapura;616351647
Exportação;2022;Dezembro;Sint Maarten;1083828
Exportação;2022;Dezembro;Somália;728
Exportação;2022;Dezembro;Sri Lanka;2602154
Exportação;2022;Dezembro;Sudão;1440222
Exportação;2022;Dezembro;Suriname;4874
Exportação;2022;Dezembro;Suécia;55778128
Exportação;2022;Dezembro;Suíça;106350720
Exportação;2022;Dezembro;São Bartolomeu;233193
Exportação;2022;Dezembro;São Cristóvão e Névis;195780
Exportação;2022;Dezembro;São Martinho, Ilha de (parte francesa);107540
Exportação;2022;Dezembro;São Tomé e Príncipe;214291
Exportação;2022;Dezembro;São Vicente e Granadinas;820
Exportação;2022;Dezembro;Sérvia;1789589
Exportação;2022;Dezembro;Síria;1884
Exportação;2022;Dezembro;Tailândia;212691958
Exportação;2022;Dezembro;Taiwan (Formosa);87575495
Exportação;2022;Dezembro;Tanzânia;2916281
Exportação;2022;Dezembro;Tcheca, República;3717138
Exportação;2022;Dezembro;Terras Austrais Francesas;83512
Exportação;2022;Dezembro;Timor Leste;1086866
Exportação;2022;Dezembro;Togo;13719465
Exportação;2022;Dezembro;Tonga;181060
Exportação;2022;Dezembro;Trinidad e Tobago;23558748
Exportação;2022;Dezembro;Tunísia;32177952
Exportação;2022;Dezembro;Turcas e Caicos, Ilhas;102119
Exportação;2022;Dezembro;Turcomenistão;250224
Exportação;2022;Dezembro;Turquia;171668468
Exportação;2022;Dezembro;Tuvalu;2127
Exportação;2022;Dezembro;Ucrânia;3151174
Exportação;2022;Dezembro;Uganda;2562786
Exportação;2022;Dezembro;Uruguai;240417384
Exportação;2022;Dezembro;Uzbequistão;13647113
Exportação;2022;Dezembro;Venezuela;114561295
Exportação;2022;Dezembro;Vietnã;2560334
Exportação;2022;Dezembro;Virgens, Ilhas (Americanas);25205319
Exportação;2022;Dezembro;Virgens, Ilhas (Britânicas);333379
Exportação;2022;Dezembro;Zimbábue;229493
Exportação;2022;Dezembro;Zâmbia;691049
Exportação;2022;Dezembro;África do Sul;156484274
Exportação;2022;Dezembro;Áustria;9311882
Exportação;2022;Dezembro;Índia;647909847
Importação;2022;Janeiro;Afeganistão;10268
Importação;2022;Janeiro;Aland, Ilhas;2150
Importação;2022;Janeiro;Albânia;86808
Importação;2022;Janeiro;Alemanha;859264547
Importação;2022;Janeiro;Andorra;589
Importação;2022;Janeiro;Angola;20593418
Importação;2022;Janeiro;Anguilla;2860
Importação;2022;Janeiro;Argentina;795852598
Importação;2022;Janeiro;Argélia;51346673
Importação;2022;Janeiro;Armênia;20395
Importação;2022;Janeiro;Arábia Saudita;324837622
Importação;2022;Janeiro;Austrália;257450739
Importação;2022;Janeiro;Azerbaijão;3032
Importação;2022;Janeiro;Bangladesh;10992476
Importação;2022;Janeiro;Barbados;55095
Importação;2022;Janeiro;Barein;7190084
Importação;2022;Janeiro;Belarus;51688021
Importação;2022;Janeiro;Belize;30
Importação;2022;Janeiro;Benin;130
Importação;2022;Janeiro;Bermudas;141032
Importação;2022;Janeiro;Bolívia;139539
Importação;2022;Janeiro;Bonaire, Saint Eustatius e Saba;636
Importação;2022;Janeiro;Brasil;22412697
Importação;2022;Janeiro;Bulgária;8759125
Importação;2022;Janeiro;Burkina Faso;62718
Importação;2022;Janeiro;Burundi;30
Importação;2022;Janeiro;Butão;12964
Importação;2022;Janeiro;Bélgica;231320437
Importação;2022;Janeiro;Bósnia-Herzegovina;492364
Importação;2022;Janeiro;Cabo Verde;2056
Importação;2022;Janeiro;Camarões;1125
Importação;2022;Janeiro;Camboja;3891815
Importação;2022;Janeiro;Canadá;164552349
Importação;2022;Janeiro;Catar;92798634
Importação;2022;Janeiro;Cayman, Ilhas;183626
Importação;2022;Janeiro;Cazaquistão;4448321
Importação;2022;Janeiro;Chile;358286354
Importação;2022;Janeiro;China;5115837864
Importação;2022;Janeiro;Chipre;150905
Importação;2022;Janeiro;Colômbia;200513352
Importação;2022;Janeiro;Congo;81574282
Importação;2022;Janeiro;Congo, República Democrática;847164
Importação;2022;Janeiro;Coreia do Sul;472047804
Importação;2022;Janeiro;Costa Rica;6724064
Importação;2022;Janeiro;Costa do Marfim;3081742
Importação;2022;Janeiro;Coveite (Kuweit);2137548
Importação;2022;Janeiro;Croácia;2419207
Importação;2022;Janeiro;Cuba;10
Importação;2022;Janeiro;Curaçao;37977
Importação;2022;Janeiro;Dinamarca;121030822
Importação;2022;Janeiro;Dominica;910
Importação;2022;Janeiro;Egito;25623764
Importação;2022;Janeiro;El Salvador;782176
Importação;2022;Janeiro;Emirados Árabes Unidos;155570
Importação;2022;Janeiro;Equador;9191269
Importação;2022;Janeiro;Eslováquia;16320025
Importação;2022;Janeiro;Eslovênia;6029581
Importação;2022;Janeiro;Espanha;243388492
Importação;2022;Janeiro;Estados Unidos;4082911422
Importação;2022;Janeiro;Estônia;2492405
Importação;2022;Janeiro;Etiópia;138324
Importação;2022;Janeiro;Faroe, Ilhas;34
Importação;2022;Janeiro;Filipinas;23719956
Importação;2022;Janeiro;Finlândia;50327481
Importação;2022;Janeiro;França;324628472
Importação;2022;Janeiro;Gana;522388
Importação;2022;Janeiro;Geórgia;244813
Importação;2022;Janeiro;Grécia;2332849
Importação;2022;Janeiro;Guatemala;5696734
Importação;2022;Janeiro;Guiana;87177677
Importação;2022;Janeiro;Guiné;42
Importação;2022;Janeiro;Gâmbia;218
Importação;2022;Janeiro;Haiti;126416
Importação;2022;Janeiro;Honduras;3155964
Importação;2022;Janeiro;Hong Kong;81515254
Importação;2022;Janeiro;Hungria;31315813
Importação;2022;Janeiro;Indonésia;130924406
Importação;2022;Janeiro;Irlanda;42846245
Importação;2022;Janeiro;Irã;1117057
Importação;2022;Janeiro;Islândia;1289860
Importação;2022;Janeiro;Israel;103052170
Importação;2022;Janeiro;Itália;344088376
Importação;2022;Janeiro;Jamaica;11032
Importação;2022;Janeiro;Japão;388631579
Importação;2022;Janeiro;Jersey;7
Importação;2022;Janeiro;Jordânia;677703
Importação;2022;Janeiro;Kiribati;61
Importação;2022;Janeiro;Laos;187695
Importação;2022;Janeiro;Lesoto;302
Importação;2022;Janeiro;Letônia;1273972
Importação;2022;Janeiro;Liechtenstein;1492717
Importação;2022;Janeiro;Lituânia;1852127
Importação;2022;Janeiro;Luxemburgo;2739883
Importação;2022;Janeiro;Líbano;128648
Importação;2022;Janeiro;Macau;1211437
Importação;2022;Janeiro;Macedônia;1573860
Importação;2022;Janeiro;Madagascar;86775
Importação;2022;Janeiro;Mali;27335
Importação;2022;Janeiro;Malta;2905
Importação;2022;Janeiro;Malásia;109955729
Importação;2022;Janeiro;Marrocos;60203380
Importação;2022;Janeiro;Maurício;15488
Importação;2022;Janeiro;Mianmar;500
Importação;2022;Janeiro;Moldávia;84981
Importação;2022;Janeiro;Mongólia;47257
Importação;2022;Janeiro;Moçambique;298
Importação;2022;Janeiro;México;305867852
Importação;2022;Janeiro;Mônaco;515856
Importação;2022;Janeiro;Namíbia;1860
Importação;2022;Janeiro;Nepal;5599
Importação;2022;Janeiro;Nicarágua;329869
Importação;2022;Janeiro;Nigéria;116944052
Importação;2022;Janeiro;Niue;27029
Importação;2022;Janeiro;Noruega;67906176
Importação;2022;Janeiro;Nova Zelândia;5186463
Importação;2022;Janeiro;Níger;21712
Importação;2022;Janeiro;Omã;53646679
Importação;2022;Janeiro;Pacífico, Ilhas do (EUA);61034
Importação;2022;Janeiro;Panamá;1237963
Importação;2022;Janeiro;Papua Nova Guiné;21327
Importação;2022;Janeiro;Paquistão;6944675
Importação;2022;Janeiro;Paraguai;204033850
Importação;2022;Janeiro;Países Baixos (Holanda);248387503
Importação;2022;Janeiro;Peru;84817163
Importação;2022;Janeiro;Polinésia Francesa;4400
Importação;2022;Janeiro;Polônia;79555219
Importação;2022;Janeiro;Porto Rico;17351626
Importação;2022;Janeiro;Portugal;58058180
Importação;2022;Janeiro;Quirguistão;64
Importação;2022;Janeiro;Quênia;252356
Importação;2022;Janeiro;Reino Unido;175424729
Importação;2022;Janeiro;República Centro-Africana;56478
Importação;2022;Janeiro;República Dominicana;984225
Importação;2022;Janeiro;Reunião;287
Importação;2022;Janeiro;Romênia;18993393
Importação;2022;Janeiro;Ruanda;355
Importação;2022;Janeiro;Rússia;529983810
Importação;2022;Janeiro;Salomão, Ilhas;3687
Importação;2022;Janeiro;Samoa;71681
Importação;2022;Janeiro;Samoa Americana;4
Importação;2022;Janeiro;San Marino;1533757
Importação;2022;Janeiro;Seicheles;29030
Importação;2022;Janeiro;Senegal;228029
Importação;2022;Janeiro;Serra Leoa;13720
Importação;2022;Janeiro;Singapura;61209891
Importação;2022;Janeiro;Somália;31179
Importação;2022;Janeiro;Sri Lanka;4770389
Importação;2022;Janeiro;Suazilândia;9369
Importação;2022;Janeiro;Suriname;9
Importação;2022;Janeiro;Suécia;125991629
Importação;2022;Janeiro;Suíça;170919569
Importação;2022;Janeiro;São Cristóvão e Névis;236
Importação;2022;Janeiro;Sérvia;1615463
Importação;2022;Janeiro;Tadjiquistão;5190521
Importação;2022;Janeiro;Tailândia;149798533
Importação;2022;Janeiro;Taiwan (Formosa);248385811
Importação;2022;Janeiro;Tanzânia;67
Importação;2022;Janeiro;Tcheca, República;44829956
Importação;2022;Janeiro;Toquelau;124767
Importação;2022;Janeiro;Trinidad e Tobago;55669708
Importação;2022;Janeiro;Tunísia;4538757
Importação;2022;Janeiro;Turquia;89437778
Importação;2022;Janeiro;Ucrânia;7372638
Importação;2022;Janeiro;Uganda;384
Importação;2022;Janeiro;Uruguai;154248152
Importação;2022;Janeiro;Uzbequistão;3610
Importação;2022;Janeiro;Venezuela;17924803
Importação;2022;Janeiro;Vietnã;262365670
Importação;2022;Janeiro;Virgens, Ilhas (Americanas);240
Importação;2022;Janeiro;Virgens, Ilhas (Britânicas);69399
Importação;2022;Janeiro;Zimbábue;77062
Importação;2022;Janeiro;Zâmbia;237
Importação;2022;Janeiro;África do Sul;58576816
Importação;2022;Janeiro;Áustria;68830
Importação;2022;Janeiro;Índia;568756350
Importação;2022;Fevereiro;Afeganistão;17748
Importação;2022;Fevereiro;Aland, Ilhas;13115
Importação;2022;Fevereiro;Albânia;38344
Importação;2022;Fevereiro;Alemanha;793443681
Importação;2022;Fevereiro;Andorra;4759
Importação;2022;Fevereiro;Angola;34234
Importação;2022;Fevereiro;Anguilla;5500
Importação;2022;Fevereiro;Argentina;792202346
Importação;2022;Fevereiro;Argélia;64677780
Importação;2022;Fevereiro;Armênia;7182
Importação;2022;Fevereiro;Arábia Saudita;212550
Importação;2022;Fevereiro;Austrália;215733458
Importação;2022;Fevereiro;Azerbaijão;145534
Importação;2022;Fevereiro;Bahamas;96
Importação;2022;Fevereiro;Bangladesh;12937640
Importação;2022;Fevereiro;Barbados;30669
Importação;2022;Fevereiro;Barein;51212974
Importação;2022;Fevereiro;Belarus;54200619
Importação;2022;Fevereiro;Benin;38
Importação;2022;Fevereiro;Bermudas;10298
Importação;2022;Fevereiro;Bolívia;166200357
Importação;2022;Fevereiro;Botsuana;4385
Importação;2022;Fevereiro;Brasil;24217888
Importação;2022;Fevereiro;Brunei;138
Importação;2022;Fevereiro;Bulgária;6197154
Importação;2022;Fevereiro;Burundi;4
Importação;2022;Fevereiro;Butão;98941
Importação;2022;Fevereiro;Bélgica;417790918
Importação;2022;Fevereiro;Bósnia-Herzegovina;236047
Importação;2022;Fevereiro;Cabo Verde;1
Importação;2022;Fevereiro;Camarões;46062
Importação;2022;Fevereiro;Camboja;3346032
Importação;2022;Fevereiro;Canadá;333416285
Importação;2022;Fevereiro;Catar;118044395
Importação;2022;Fevereiro;Cayman, Ilhas;409
Importação;2022;Fevereiro;Cazaquistão;9192021
Importação;2022;Fevereiro;Chade;71328
Importação;2022;Fevereiro;Chile;392518244
Importação;2022;Fevereiro;China;4547220250
Importação;2022;Fevereiro;Chipre;50661
Importação;2022;Fevereiro;Colômbia;154993405
Importação;2022;Fevereiro;Comores;1433
Importação;2022;Fevereiro;Congo;84524405
Importação;2022;Fevereiro;Congo, República Democrática;202181
Importação;2022;Fevereiro;Coreia do Sul;513310722
Importação;2022;Fevereiro;Costa Rica;10590092
Importação;2022;Fevereiro;Costa do Marfim;2204823
Importação;2022;Fevereiro;Coveite (Kuweit);25396314
Importação;2022;Fevereiro;Croácia;506800
Importação;2022;Fevereiro;Cuba;373431
Importação;2022;Fevereiro;Curaçao;4636
Importação;2022;Fevereiro;Dinamarca;64085061
Importação;2022;Fevereiro;Djibuti;1618
Importação;2022;Fevereiro;Dominica;174
Importação;2022;Fevereiro;Egito;41254892
Importação;2022;Fevereiro;El Salvador;491754
Importação;2022;Fevereiro;Emirados Árabes Unidos;21820033
Importação;2022;Fevereiro;Equador;8617245
Importação;2022;Fevereiro;Eslováquia;18828311
Importação;2022;Fevereiro;Eslovênia;6972349
Importação;2022;Fevereiro;Espanha;237354064
Importação;2022;Fevereiro;Estados Unidos;3539471182
Importação;2022;Fevereiro;Estônia;3247055
Importação;2022;Fevereiro;Etiópia;20692
Importação;2022;Fevereiro;Filipinas;22868623
Importação;2022;Fevereiro;Finlândia;185610977
Importação;2022;Fevereiro;França;406022484
Importação;2022;Fevereiro;Gana;319659
Importação;2022;Fevereiro;Geórgia;39475
Importação;2022;Fevereiro;Grécia;2234410
Importação;2022;Fevereiro;Guatemala;2880876
Importação;2022;Fevereiro;Guiné-Bissau;118340
Importação;2022;Fevereiro;Haiti;38395
Importação;2022;Fevereiro;Honduras;2728622
Importação;2022;Fevereiro;Hong Kong;64272775
Importação;2022;Fevereiro;Hungria;34136554
Importação;2022;Fevereiro;Indonésia;138118370
Importação;2022;Fevereiro;Irlanda;46470824
Importação;2022;Fevereiro;Irã;22827055
Importação;2022;Fevereiro;Islândia;1667260
Importação;2022;Fevereiro;Israel;73622541
Importação;2022;Fevereiro;Itália;422733377
Importação;2022;Fevereiro;Jamaica;343
Importação;2022;Fevereiro;Japão;413374580
Importação;2022;Fevereiro;Jordânia;574530
Importação;2022;Fevereiro;Laos;147580
Importação;2022;Fevereiro;Lesoto;403
Importação;2022;Fevereiro;Letônia;1262858
Importação;2022;Fevereiro;Liechtenstein;1208086
Importação;2022;Fevereiro;Lituânia;7217040
Importação;2022;Fevereiro;Luxemburgo;2487056
Importação;2022;Fevereiro;Líbano;164340
Importação;2022;Fevereiro;Macau;1598523
Importação;2022;Fevereiro;Macedônia;2378357
Importação;2022;Fevereiro;Madagascar;732756
Importação;2022;Fevereiro;Malavi;335428
Importação;2022;Fevereiro;Mali;46784
Importação;2022;Fevereiro;Malta;1554699
Importação;2022;Fevereiro;Malásia;111095490
Importação;2022;Fevereiro;Marianas do Norte, Ilhas;72
Importação;2022;Fevereiro;Marrocos;64032534
Importação;2022;Fevereiro;Marshall, Ilhas;820
Importação;2022;Fevereiro;Maurício;76854
Importação;2022;Fevereiro;Mianmar;422638
Importação;2022;Fevereiro;Micronésia;159
Importação;2022;Fevereiro;Moldávia;252197
Importação;2022;Fevereiro;Moçambique;902795
Importação;2022;Fevereiro;México;282738951
Importação;2022;Fevereiro;Mônaco;269451
Importação;2022;Fevereiro;Namíbia;3476
Importação;2022;Fevereiro;Nepal;14278
Importação;2022;Fevereiro;Nicarágua;148072
Importação;2022;Fevereiro;Nigéria;77786058
Importação;2022;Fevereiro;Niue;184672
Importação;2022;Fevereiro;Noruega;77085296
Importação;2022;Fevereiro;Nova Caledônia;824
Importação;2022;Fevereiro;Nova Zelândia;4931597
Importação;2022;Fevereiro;Omã;117060687
Importação;2022;Fevereiro;Pacífico, Ilhas do (EUA);14774
Importação;2022;Fevereiro;Palestina;126877
Importação;2022;Fevereiro;Panamá;272378
Importação;2022;Fevereiro;Paquistão;9496313
Importação;2022;Fevereiro;Paraguai;222516776
Importação;2022;Fevereiro;Países Baixos (Holanda);135160984
Importação;2022;Fevereiro;Peru;111435271
Importação;2022;Fevereiro;Polinésia Francesa;43
Importação;2022;Fevereiro;Polônia;59390670
Importação;2022;Fevereiro;Porto Rico;25250518
Importação;2022;Fevereiro;Portugal;53796219
Importação;2022;Fevereiro;Quênia;1363
Importação;2022;Fevereiro;Reino Unido;183543454
Importação;2022;Fevereiro;República Centro-Africana;1285
Importação;2022;Fevereiro;República Dominicana;1996384
Importação;2022;Fevereiro;Reunião;10
Importação;2022;Fevereiro;Romênia;22428712
Importação;2022;Fevereiro;Rússia;485307955
Importação;2022;Fevereiro;Samoa;315838
Importação;2022;Fevereiro;San Marino;1295219
Importação;2022;Fevereiro;Seicheles;9423
Importação;2022;Fevereiro;Senegal;1779
Importação;2022;Fevereiro;Serra Leoa;32733
Importação;2022;Fevereiro;Singapura;57080074
Importação;2022;Fevereiro;Somália;1861
Importação;2022;Fevereiro;Sri Lanka;6441869
Importação;2022;Fevereiro;Suazilândia;572
Importação;2022;Fevereiro;Suécia;105561664
Importação;2022;Fevereiro;Suíça;165079533
Importação;2022;Fevereiro;São Cristóvão e Névis;833
Importação;2022;Fevereiro;Sérvia;1990763
Importação;2022;Fevereiro;Síria;3708
Importação;2022;Fevereiro;Tadjiquistão;1137728
Importação;2022;Fevereiro;Tailândia;170863035
Importação;2022;Fevereiro;Taiwan (Formosa);218076414
Importação;2022;Fevereiro;Tcheca, República;51598829
Importação;2022;Fevereiro;Togo;6943598
Importação;2022;Fevereiro;Toquelau;60305
Importação;2022;Fevereiro;Trinidad e Tobago;41930858
Importação;2022;Fevereiro;Tunísia;3738063
Importação;2022;Fevereiro;Turcomenistão;6892451
Importação;2022;Fevereiro;Turquia;90438666
Importação;2022;Fevereiro;Ucrânia;4966
Importação;2022;Fevereiro;Uruguai;123646487
Importação;2022;Fevereiro;Uzbequistão;1339
Importação;2022;Fevereiro;Venezuela;37649251
Importação;2022;Fevereiro;Vietnã;217524027
Importação;2022;Fevereiro;Virgens, Ilhas (Americanas);5
Importação;2022;Fevereiro;Virgens, Ilhas (Britânicas);4211
Importação;2022;Fevereiro;Zâmbia;139634
Importação;2022;Fevereiro;África do Sul;45677931
Importação;2022;Fevereiro;Áustria;78621476
Importação;2022;Fevereiro;Índia;5882233
Importação;2022;Março;Afeganistão;21315
Importação;2022;Março;Aland, Ilhas;9859
Importação;2022;Março;Albânia;520665
Importação;2022;Março;Alemanha;933518142
Importação;2022;Março;Angola;1680
Importação;2022;Março;Anguilla;3300
Importação;2022;Março;Argentina;972867077
Importação;2022;Março;Argélia;36889812
Importação;2022;Março;Armênia;10029
Importação;2022;Março;Arábia Saudita;570753337
Importação;2022;Março;Austrália;121599121
Importação;2022;Março;Azerbaijão;11736
Importação;2022;Março;Bangladesh;18893554
Importação;2022;Março;Barbados;30425
Importação;2022;Março;Barein;42635892
Importação;2022;Março;Belarus;71623595
Importação;2022;Março;Belize;521
Importação;2022;Março;Bermudas;117461
Importação;2022;Março;Bolívia;177184529
Importação;2022;Março;Botsuana;280
Importação;2022;Março;Brasil;24955528
Importação;2022;Março;Bulgária;6081692
Importação;2022;Março;Butão;53347
Importação;2022;Março;Bélgica;305142
Importação;2022;Março;Bósnia-Herzegovina;374
Importação;2022;Março;Camarões;155
Importação;2022;Março;Camboja;5915615
Importação;2022;Março;Canadá;261678628
Importação;2022;Março;Catar;150604881
Importação;2022;Março;Cayman, Ilhas;1426334
Importação;2022;Março;Cazaquistão;9688216
Importação;2022;Março;Chile;391206305
Importação;2022;Março;China;5045328990
Importação;2022;Março;Chipre;45037
Importação;2022;Março;Cocos (Keeling), Ilhas;2859
Importação;2022;Março;Colômbia;208843679
Importação;2022;Março;Comores;278
Importação;2022;Março;Congo, República Democrática;1423911
Importação;2022;Março;Coreia do Sul;615241604
Importação;2022;Março;Costa Rica;8420631
Importação;2022;Março;Costa do Marfim;10286778
Importação;2022;Março;Coveite (Kuweit);266496
Importação;2022;Março;Croácia;643732
Importação;2022;Março;Cuba;90077
Importação;2022;Março;Curaçao;23444
Importação;2022;Março;Dinamarca;116131754
Importação;2022;Março;Dominica;1672
Importação;2022;Março;Egito;26562007
Importação;2022;Março;El Salvador;514124
Importação;2022;Março;Emirados Árabes Unidos;246273274
Importação;2022;Março;Equador;6472980
Importação;2022;Março;Eslováquia;28223603
Importação;2022;Março;Eslovênia;9573578
Importação;2022;Março;Espanha;304439452
Importação;2022;Março;Estados Unidos;3811281725
Importação;2022;Março;Estônia;3702740
Importação;2022;Março;Etiópia;15614
Importação;2022;Março;Falkland (Malvinas);10
Importação;2022;Março;Fiji;3571
Importação;2022;Março;Filipinas;29459
Importação;2022;Março;Finlândia;186281503
Importação;2022;Março;França;403775422
Importação;2022;Março;Gabão;3233
Importação;2022;Março;Gana;609160
Importação;2022;Março;Geórgia;328287
Importação;2022;Março;Gibraltar;442
Importação;2022;Março;Grécia;6431858
Importação;2022;Março;Guatemala;5398941
Importação;2022;Março;Guernsey;60
Importação;2022;Março;Guiana;73657953
Importação;2022;Março;Haiti;73652
Importação;2022;Março;Honduras;2494089
Importação;2022;Março;Hong Kong;61125818
Importação;2022;Março;Hungria;34554340
Importação;2022;Março;Indonésia;112947456
Importação;2022;Março;Irlanda;56242555
Importação;2022;Março;Irã;575237
Importação;2022;Março;Islândia;875414
Importação;2022;Março;Israel;112748840
Importação;2022;Março;Itália;527408454
Importação;2022;Março;Iêmen;18
Importação;2022;Março;Jamaica;13620
Importação;2022;Março;Japão;405471407
Importação;2022;Março;Jordânia;153455
Importação;2022;Março;Laos;279594
Importação;2022;Março;Lesoto;2928
Importação;2022;Março;Letônia;1796183
Importação;2022;Março;Liechtenstein;1789212
Importação;2022;Março;Lituânia;2741505
Importação;2022;Março;Luxemburgo;4056454
Importação;2022;Março;Líbano;149123
Importação;2022;Março;Macau;1479787
Importação;2022;Março;Macedônia;1907026
Importação;2022;Março;Madagascar;69855
Importação;2022;Março;Malavi;81652
Importação;2022;Março;Mali;49154
Importação;2022;Março;Malta;1173955
Importação;2022;Março;Malásia;137449277
Importação;2022;Março;Marrocos;99332332
Importação;2022;Março;Martinica;75
Importação;2022;Março;Maurício;32786
Importação;2022;Março;Mayotte;10050
Importação;2022;Março;Mianmar;973554
Importação;2022;Março;Moldávia;50941
Importação;2022;Março;Montenegro;74
Importação;2022;Março;México;409822909
Importação;2022;Março;Mônaco;398936
Importação;2022;Março;Namíbia;5366
Importação;2022;Março;Nepal;134103
Importação;2022;Março;Nicarágua;630729
Importação;2022;Março;Nigéria;188994631
Importação;2022;Março;Niue;45276
Importação;2022;Março;Noruega;76380
Importação;2022;Março;Nova Caledônia;24
Importação;2022;Março;Nova Zelândia;10277192
Importação;2022;Março;Níger;396
Importação;2022;Março;Omã;42335583
Importação;2022;Março;Panamá;1558008
Importação;2022;Março;Papua Nova Guiné;16329
Importação;2022;Março;Paquistão;13374808
Importação;2022;Março;Paraguai;317796945
Importação;2022;Março;Países Baixos (Holanda);193558224
Importação;2022;Março;Peru;115355223
Importação;2022;Março;Polinésia Francesa;320
Importação;2022;Março;Polônia;77739398
Importação;2022;Março;Porto Rico;56065052
Importação;2022;Março;Portugal;91280628
Importação;2022;Março;Quênia;136390
Importação;2022;Março;Reino Unido;220063805
Importação;2022;Março;República Dominicana;2803927
Importação;2022;Março;Reunião;244
Importação;2022;Março;Romênia;32308469
Importação;2022;Março;Rússia;5652292
Importação;2022;Março;Salomão, Ilhas;4366
Importação;2022;Março;Samoa;283464
Importação;2022;Março;Samoa Americana;137
Importação;2022;Março;San Marino;1290683
Importação;2022;Março;Seicheles;165
Importação;2022;Março;Senegal;79966
Importação;2022;Março;Serra Leoa;28290
Importação;2022;Março;Singapura;76377364
Importação;2022;Março;Sri Lanka;8958064
Importação;2022;Março;Suazilândia;728
Importação;2022;Março;Sudão;4605
Importação;2022;Março;Suriname;203
Importação;2022;Março;Suécia;272340054
Importação;2022;Março;Suíça;194654357
Importação;2022;Março;São Cristóvão e Névis;833
Importação;2022;Março;Sérvia;3225297
Importação;2022;Março;Tadjiquistão;1034730
Importação;2022;Março;Tailândia;208147633
Importação;2022;Março;Taiwan (Formosa);267410367
Importação;2022;Março;Tcheca, República;44829752
Importação;2022;Março;Território Britânico do Oceano Índico;576
Importação;2022;Março;Togo;38454670
Importação;2022;Março;Toquelau;76354
Importação;2022;Março;Trinidad e Tobago;52850450
Importação;2022;Março;Tunísia;8187334
Importação;2022;Março;Turcomenistão;9821308
Importação;2022;Março;Turquia;104145320
Importação;2022;Março;Tuvalu;73
Importação;2022;Março;Ucrânia;6026559
Importação;2022;Março;Uganda;9500
Importação;2022;Março;Uruguai;149944637
Importação;2022;Março;Uzbequistão;100032
Importação;2022;Março;Venezuela;27155634
Importação;2022;Março;Vietnã;272267296
Importação;2022;Março;Virgens, Ilhas (Americanas);25818
Importação;2022;Março;Virgens, Ilhas (Britânicas);96292
Importação;2022;Março;Zimbábue;15868
Importação;2022;Março;Zâmbia;173
Importação;2022;Março;África do Sul;71235332
Importação;2022;Março;Áustria;142534358
Importação;2022;Março;Índia;609916550
Importação;2022;Abril;Afeganistão;6265
Importação;2022;Abril;Aland, Ilhas;12409
Importação;2022;Abril;Albânia;137852
Importação;2022;Abril;Alemanha;1045951690
Importação;2022;Abril;Andorra;1231
Importação;2022;Abril;Angola;60444330
Importação;2022;Abril;Antígua e Barbuda;20
Importação;2022;Abril;Argentina;1028241364
Importação;2022;Abril;Argélia;14217292
Importação;2022;Abril;Armênia;15949
Importação;2022;Abril;Arábia Saudita;511362048
Importação;2022;Abril;Austrália;255247558
Importação;2022;Abril;Bahamas;38067860
Importação;2022;Abril;Bangladesh;13527891
Importação;2022;Abril;Barbados;57821
Importação;2022;Abril;Barein;12368446
Importação;2022;Abril;Belarus;31118569
Importação;2022;Abril;Belize;390
Importação;2022;Abril;Bolívia;187309878
Importação;2022;Abril;Bonaire, Saint Eustatius e Saba;339
Importação;2022;Abril;Botsuana;148
Importação;2022;Abril;Brasil;16887754
Importação;2022;Abril;Bulgária;9833982
Importação;2022;Abril;Burkina Faso;20606
Importação;2022;Abril;Burundi;140
Importação;2022;Abril;Butão;18790
Importação;2022;Abril;Bélgica;245973817
Importação;2022;Abril;Bósnia-Herzegovina;496179
Importação;2022;Abril;Camboja;6894134
Importação;2022;Abril;Canadá;371189925
Importação;2022;Abril;Catar;84342993
Importação;2022;Abril;Cayman, Ilhas;1045505
Importação;2022;Abril;Cazaquistão;20547190
Importação;2022;Abril;Chile;457303
Importação;2022;Abril;China;3985631796
Importação;2022;Abril;Chipre;350667
Importação;2022;Abril;Cocos (Keeling), Ilhas;10868
Importação;2022;Abril;Colômbia;163283903
Importação;2022;Abril;Comores;25008
Importação;2022;Abril;Congo, República Democrática;1160292
Importação;2022;Abril;Coreia do Sul;471315455
Importação;2022;Abril;Costa Rica;7388279
Importação;2022;Abril;Costa do Marfim;16329146
Importação;2022;Abril;Coveite (Kuweit);68295
Importação;2022;Abril;Croácia;2398489
Importação;2022;Abril;Cuba;266759
Importação;2022;Abril;Curaçao;25757
Importação;2022;Abril;Dinamarca;81599758
Importação;2022;Abril;Egito;114603788
Importação;2022;Abril;El Salvador;681050
Importação;2022;Abril;Emirados Árabes Unidos;40887140
Importação;2022;Abril;Equador;5705347
Importação;2022;Abril;Eslováquia;21495269
Importação;2022;Abril;Eslovênia;7737174
Importação;2022;Abril;Espanha;294147604
Importação;2022;Abril;Estados Unidos;4371122039
Importação;2022;Abril;Estônia;3637
Importação;2022;Abril;Etiópia;27178
Importação;2022;Abril;Falkland (Malvinas);61
Importação;2022;Abril;Filipinas;27315002
Importação;2022;Abril;Finlândia;56182049
Importação;2022;Abril;França;342865367
Importação;2022;Abril;Gana;263
Importação;2022;Abril;Geórgia;38654
Importação;2022;Abril;Grécia;3091722
Importação;2022;Abril;Guatemala;3821298
Importação;2022;Abril;Guiné Equatorial;55
Importação;2022;Abril;Gâmbia;73
Importação;2022;Abril;Haiti;14336
Importação;2022;Abril;Honduras;3318155
Importação;2022;Abril;Hong Kong;51809025
Importação;2022;Abril;Hungria;46221507
Importação;2022;Abril;Indonésia;156173800
Importação;2022;Abril;Iraque;4632
Importação;2022;Abril;Irlanda;63872605
Importação;2022;Abril;Irã;244361
Importação;2022;Abril;Islândia;259593
Importação;2022;Abril;Israel;206171623
Importação;2022;Abril;Itália;469716048
Importação;2022;Abril;Jamaica;1022
Importação;2022;Abril;Japão;520051259
Importação;2022;Abril;Jersey;715
Importação;2022;Abril;Jordânia;433874
Importação;2022;Abril;Laos;186921
Importação;2022;Abril;Lesoto;90
Importação;2022;Abril;Letônia;1803054
Importação;2022;Abril;Liechtenstein;1712807
Importação;2022;Abril;Lituânia;3747764
Importação;2022;Abril;Luxemburgo;3430060
Importação;2022;Abril;Líbano;8471489
Importação;2022;Abril;Macau;1482428
Importação;2022;Abril;Macedônia;1185187
Importação;2022;Abril;Madagascar;67830
Importação;2022;Abril;Malavi;179458
Importação;2022;Abril;Mali;40620
Importação;2022;Abril;Malta;2128128
Importação;2022;Abril;Malásia;112122753
Importação;2022;Abril;Marrocos;2063557
Importação;2022;Abril;Marshall, Ilhas;9551
Importação;2022;Abril;Maurício;24950
Importação;2022;Abril;Mianmar;884423
Importação;2022;Abril;Micronésia;3805
Importação;2022;Abril;Moldávia;278921
Importação;2022;Abril;Montenegro;17
Importação;2022;Abril;Moçambique;55
Importação;2022;Abril;México;376988634
Importação;2022;Abril;Mônaco;336668
Importação;2022;Abril;Namíbia;5464
Importação;2022;Abril;Nepal;36579
Importação;2022;Abril;Nicarágua;237661
Importação;2022;Abril;Nigéria;61569374
Importação;2022;Abril;Niue;96867
Importação;2022;Abril;Noruega;56515089
Importação;2022;Abril;Nova Zelândia;6424863
Importação;2022;Abril;Níger;12198
Importação;2022;Abril;Omã;12794378
Importação;2022;Abril;Palau;0
Importação;2022;Abril;Panamá;147302
Importação;2022;Abril;Paquistão;9638828
Importação;2022;Abril;Paraguai;314159122
Importação;2022;Abril;Países Baixos (Holanda);118836312
Importação;2022;Abril;Peru;86422378
Importação;2022;Abril;Polinésia Francesa;5360
Importação;2022;Abril;Polônia;82693099
Importação;2022;Abril;Porto Rico;34464678
Importação;2022;Abril;Portugal;85370233
Importação;2022;Abril;Quirguistão;234
Importação;2022;Abril;Quênia;68760
Importação;2022;Abril;Reino Unido;205350
Importação;2022;Abril;República Centro-Africana;27
Importação;2022;Abril;República Dominicana;2314134
Importação;2022;Abril;Romênia;25237435
Importação;2022;Abril;Ruanda;2775
Importação;2022;Abril;Rússia;785324911
Importação;2022;Abril;Salomão, Ilhas;2504
Importação;2022;Abril;Samoa;183291
Importação;2022;Abril;San Marino;607762
Importação;2022;Abril;Seicheles;36087
Importação;2022;Abril;Senegal;85647
Importação;2022;Abril;Serra Leoa;79134
Importação;2022;Abril;Singapura;57373843
Importação;2022;Abril;Sri Lanka;7150789
Importação;2022;Abril;Suazilândia;1812
Importação;2022;Abril;Suécia;146348733
Importação;2022;Abril;Suíça;148241607
Importação;2022;Abril;São Cristóvão e Névis;1
Importação;2022;Abril;Sérvia;3164528
Importação;2022;Abril;Síria;4356
Importação;2022;Abril;Tailândia;183871304
Importação;2022;Abril;Taiwan (Formosa);255965086
Importação;2022;Abril;Tanzânia;383162
Importação;2022;Abril;Tcheca, República;60669564
Importação;2022;Abril;Território Britânico do Oceano Índico;70565
Importação;2022;Abril;Toquelau;66371
Importação;2022;Abril;Trinidad e Tobago;35892390
Importação;2022;Abril;Tunísia;27034123
Importação;2022;Abril;Turquia;96415265
Importação;2022;Abril;Ucrânia;5411022
Importação;2022;Abril;Uruguai;128161740
Importação;2022;Abril;Uzbequistão;8210
Importação;2022;Abril;Venezuela;33645518
Importação;2022;Abril;Vietnã;258959981
Importação;2022;Abril;Virgens, Ilhas (Britânicas);158511
Importação;2022;Abril;Zimbábue;513
Importação;2022;Abril;Zâmbia;642242
Importação;2022;Abril;África do Sul;86160434
Importação;2022;Abril;Áustria;87595565
Importação;2022;Abril;Índia;610651231
Importação;2022;Maio;Afeganistão;57237
Importação;2022;Maio;Aland, Ilhas;178700
Importação;2022;Maio;Albânia;444558
Importação;2022;Maio;Alemanha;1131885669
Importação;2022;Maio;Andorra;1541
Importação;2022;Maio;Angola;57988516
Importação;2022;Maio;Anguilla;2200
Importação;2022;Maio;Argentina;1222984930
Importação;2022;Maio;Argélia;180919636
Importação;2022;Maio;Armênia;23681
Importação;2022;Maio;Arábia Saudita;395943947
Importação;2022;Maio;Austrália;283479706
Importação;2022;Maio;Azerbaijão;147508
Importação;2022;Maio;Bahamas;2810266
Importação;2022;Maio;Bangladesh;11334430
Importação;2022;Maio;Barbados;43592
Importação;2022;Maio;Barein;67963720
Importação;2022;Maio;Belarus;38714704
Importação;2022;Maio;Belize;387
Importação;2022;Maio;Benin;525
Importação;2022;Maio;Bermudas;64631
Importação;2022;Maio;Bolívia;148505285
Importação;2022;Maio;Bonaire, Saint Eustatius e Saba;5170
Importação;2022;Maio;Brasil;21770606
Importação;2022;Maio;Bulgária;80269376
Importação;2022;Maio;Burkina Faso;3862
Importação;2022;Maio;Butão;73415
Importação;2022;Maio;Bélgica;240349387
Importação;2022;Maio;Bósnia-Herzegovina;347366
Importação;2022;Maio;Cabo Verde;5862
Importação;2022;Maio;Camarões;147058
Importação;2022;Maio;Camboja;4986604
Importação;2022;Maio;Canadá;594356
Importação;2022;Maio;Catar;107365745
Importação;2022;Maio;Cayman, Ilhas;151398
Importação;2022;Maio;Cazaquistão;286969
Importação;2022;Maio;Chile;466058511
Importação;2022;Maio;China;4656559
Importação;2022;Maio;Chipre;135934
Importação;2022;Maio;Colômbia;210755231
Importação;2022;Maio;Comores;105
Importação;2022;Maio;Coreia do Sul;547673
Importação;2022;Maio;Costa Rica;10666642
Importação;2022;Maio;Costa do Marfim;9474338
Importação;2022;Maio;Coveite (Kuweit);121470090
Importação;2022;Maio;Croácia;758566
Importação;2022;Maio;Cuba;4909
Importação;2022;Maio;Curaçao;4904
Importação;2022;Maio;Dinamarca;79645884
Importação;2022;Maio;Dominica;807
Importação;2022;Maio;Egito;59219
Importação;2022;Maio;El Salvador;339189
Importação;2022;Maio;Emirados Árabes Unidos;203043811
Importação;2022;Maio;Equador;8883511
Importação;2022;Maio;Eslováquia;23097445
Importação;2022;Maio;Eslovênia;10074947
Importação;2022;Maio;Espanha;369171359
Importação;2022;Maio;Estados Unidos;4866943267
Importação;2022;Maio;Estônia;4383
Importação;2022;Maio;Etiópia;14298
Importação;2022;Maio;Filipinas;24905927
Importação;2022;Maio;Finlândia;95666095
Importação;2022;Maio;França;455634115
Importação;2022;Maio;Gana;1629562
Importação;2022;Maio;Geórgia;220911
Importação;2022;Maio;Gibraltar;38297863
Importação;2022;Maio;Granada;363
Importação;2022;Maio;Grécia;5280
Importação;2022;Maio;Guatemala;5197700
Importação;2022;Maio;Guiana;458928
Importação;2022;Maio;Guiné-Bissau;44526
Importação;2022;Maio;Haiti;51148
Importação;2022;Maio;Honduras;1957115
Importação;2022;Maio;Hong Kong;65966879
Importação;2022;Maio;Hungria;41447852
Importação;2022;Maio;Indonésia;145540437
Importação;2022;Maio;Irlanda;44879180
Importação;2022;Maio;Irã;373699
Importação;2022;Maio;Islândia;1328211
Importação;2022;Maio;Israel;197342357
Importação;2022;Maio;Itália;553145568
Importação;2022;Maio;Iêmen;145
Importação;2022;Maio;Jamaica;5630
Importação;2022;Maio;Japão;480525210
Importação;2022;Maio;Jordânia;110898978
Importação;2022;Maio;Laos;249005
Importação;2022;Maio;Lesoto;142
Importação;2022;Maio;Letônia;2198
Importação;2022;Maio;Liechtenstein;1993872
Importação;2022;Maio;Lituânia;10840375
Importação;2022;Maio;Luxemburgo;4631
Importação;2022;Maio;Líbano;13597291
Importação;2022;Maio;Macau;337753
Importação;2022;Maio;Macedônia;1881109
Importação;2022;Maio;Madagascar;584613
Importação;2022;Maio;Malavi;52247
Importação;2022;Maio;Mali;34923
Importação;2022;Maio;Malta;948537
Importação;2022;Maio;Malásia;125467629
Importação;2022;Maio;Marrocos;413198679
Importação;2022;Maio;Maurício;33658
Importação;2022;Maio;Mianmar;954468
Importação;2022;Maio;Moldávia;416683
Importação;2022;Maio;Mongólia;606
Importação;2022;Maio;Montenegro;902
Importação;2022;Maio;Montserrat;5
Importação;2022;Maio;Moçambique;30215
Importação;2022;Maio;México;441792054
Importação;2022;Maio;Mônaco;384549
Importação;2022;Maio;Namíbia;8348
Importação;2022;Maio;Nauru;23823
Importação;2022;Maio;Nepal;16727
Importação;2022;Maio;Nicarágua;351730
Importação;2022;Maio;Nigéria;107422393
Importação;2022;Maio;Norfolk, Ilha;25
Importação;2022;Maio;Noruega;77291
Importação;2022;Maio;Nova Caledônia;1090
Importação;2022;Maio;Nova Zelândia;4860510
Importação;2022;Maio;Níger;29469
Importação;2022;Maio;Omã;204787742
Importação;2022;Maio;Palestina;47339
Importação;2022;Maio;Panamá;725177
Importação;2022;Maio;Paquistão;9330912
Importação;2022;Maio;Paraguai;343334835
Importação;2022;Maio;Países Baixos (Holanda);144239817
Importação;2022;Maio;Peru;118859838
Importação;2022;Maio;Polinésia Francesa;953
Importação;2022;Maio;Polônia;106007
Importação;2022;Maio;Porto Rico;32996836
Importação;2022;Maio;Portugal;68232951
Importação;2022;Maio;Quirguistão;11247
Importação;2022;Maio;Quênia;42140
Importação;2022;Maio;Reino Unido;221257154
Importação;2022;Maio;República Centro-Africana;1243
Importação;2022;Maio;República Dominicana;2077174
Importação;2022;Maio;Romênia;28552314
Importação;2022;Maio;Ruanda;27600
Importação;2022;Maio;Rússia;1036965924
Importação;2022;Maio;Salomão, Ilhas;1251
Importação;2022;Maio;Samoa;106997
Importação;2022;Maio;Samoa Americana;30
Importação;2022;Maio;San Marino;1333816
Importação;2022;Maio;Santa Lúcia;238
Importação;2022;Maio;Seicheles;4392
Importação;2022;Maio;Senegal;145713
Importação;2022;Maio;Serra Leoa;37271
Importação;2022;Maio;Singapura;84140604
Importação;2022;Maio;Sri Lanka;5867510
Importação;2022;Maio;Suazilândia;9054
Importação;2022;Maio;Sudão;43
Importação;2022;Maio;Suécia;196592484
Importação;2022;Maio;Suíça;239070245
Importação;2022;Maio;São Cristóvão e Névis;7
Importação;2022;Maio;Sérvia;3370877
Importação;2022;Maio;Tailândia;182021484
Importação;2022;Maio;Taiwan (Formosa);246890711
Importação;2022;Maio;Tanzânia;52418
Importação;2022;Maio;Tcheca, República;615565
Importação;2022;Maio;Timor Leste;4
Importação;2022;Maio;Tonga;2022
Importação;2022;Maio;Toquelau;118149
Importação;2022;Maio;Trinidad e Tobago;119465896
Importação;2022;Maio;Tunísia;28276
Importação;2022;Maio;Turquia;112059456
Importação;2022;Maio;Ucrânia;2902143
Importação;2022;Maio;Uganda;68
Importação;2022;Maio;Uruguai;146491605
Importação;2022;Maio;Uzbequistão;17996
Importação;2022;Maio;Venezuela;19265137
Importação;2022;Maio;Vietnã;272
Importação;2022;Maio;Virgens, Ilhas (Britânicas);171647
Importação;2022;Maio;Zimbábue;13488
Importação;2022;Maio;Zâmbia;25639
Importação;2022;Maio;África do Sul;106488725
Importação;2022;Maio;Áustria;138758638
Importação;2022;Maio;Índia;769279568
Importação;2022;Junho;Afeganistão;20580
Importação;2022;Junho;Aland, Ilhas;219850
Importação;2022;Junho;Albânia;57711
Importação;2022;Junho;Alemanha;1065541750
Importação;2022;Junho;Angola;25635180
Importação;2022;Junho;Argentina;1344768502
Importação;2022;Junho;Argélia;41028913
Importação;2022;Junho;Armênia;35585
Importação;2022;Junho;Arábia Saudita;378683733
Importação;2022;Junho;Austrália;472571664
Importação;2022;Junho;Azerbaijão;407
Importação;2022;Junho;Bangladesh;9675471
Importação;2022;Junho;Barbados;44407
Importação;2022;Junho;Barein;20520635
Importação;2022;Junho;Belarus;65975071
Importação;2022;Junho;Belize;26353
Importação;2022;Junho;Bermudas;49002
Importação;2022;Junho;Bolívia;132376904
Importação;2022;Junho;Bonaire, Saint Eustatius e Saba;4366
Importação;2022;Junho;Brasil;42735503
Importação;2022;Junho;Brunei;88920
Importação;2022;Junho;Bulgária;11948959
Importação;2022;Junho;Butão;54907
Importação;2022;Junho;Bélgica;223784108
Importação;2022;Junho;Bósnia-Herzegovina;419970
Importação;2022;Junho;Camarões;339402
Importação;2022;Junho;Camboja;4093285
Importação;2022;Junho;Canadá;766108849
Importação;2022;Junho;Catar;70254532
Importação;2022;Junho;Cayman, Ilhas;220324
Importação;2022;Junho;Cazaquistão;118375
Importação;2022;Junho;Chile;430056448
Importação;2022;Junho;China;4691993957
Importação;2022;Junho;Chipre;170680
Importação;2022;Junho;Colômbia;217268292
Importação;2022;Junho;Comores;20527
Importação;2022;Junho;Congo;3457726
Importação;2022;Junho;Congo, República Democrática;209
Importação;2022;Junho;Coreia do Sul;424213460
Importação;2022;Junho;Costa Rica;7909947
Importação;2022;Junho;Costa do Marfim;17691491
Importação;2022;Junho;Coveite (Kuweit);178
Importação;2022;Junho;Croácia;756662
Importação;2022;Junho;Cuba;472903
Importação;2022;Junho;Curaçao;1173
Importação;2022;Junho;Dinamarca;89046903
Importação;2022;Junho;Egito;117373956
Importação;2022;Junho;El Salvador;283298
Importação;2022;Junho;Emirados Árabes Unidos;395984711
Importação;2022;Junho;Equador;10797227
Importação;2022;Junho;Eslováquia;24243371
Importação;2022;Junho;Eslovênia;13853598
Importação;2022;Junho;Espanha;302853643
Importação;2022;Junho;Estados Unidos;4359770215
Importação;2022;Junho;Estônia;3716604
Importação;2022;Junho;Etiópia;1753
Importação;2022;Junho;Filipinas;25683198
Importação;2022;Junho;Finlândia;61968737
Importação;2022;Junho;França;430950980
Importação;2022;Junho;Gana;644622
Importação;2022;Junho;Geórgia;120497
Importação;2022;Junho;Grécia;3960592
Importação;2022;Junho;Guam;147
Importação;2022;Junho;Guatemala;6596087
Importação;2022;Junho;Guiana;92479100
Importação;2022;Junho;Guiana Francesa;513
Importação;2022;Junho;Gâmbia;147
Importação;2022;Junho;Haiti;33052
Importação;2022;Junho;Honduras;1716229
Importação;2022;Junho;Hong Kong;64779184
Importação;2022;Junho;Hungria;31650312
Importação;2022;Junho;Indonésia;210803022
Importação;2022;Junho;Irlanda;69539286
Importação;2022;Junho;Irã;320334
Importação;2022;Junho;Islândia;3042879
Importação;2022;Junho;Israel;258654760
Importação;2022;Junho;Itália;453828616
Importação;2022;Junho;Jamaica;562
Importação;2022;Junho;Japão;459124894
Importação;2022;Junho;Jordânia;15157780
Importação;2022;Junho;Laos;240668
Importação;2022;Junho;Letônia;1626754
Importação;2022;Junho;Liechtenstein;1477
Importação;2022;Junho;Lituânia;7009258
Importação;2022;Junho;Luxemburgo;4076498
Importação;2022;Junho;Líbano;119858
Importação;2022;Junho;Macau;336811
Importação;2022;Junho;Macedônia;1154180
Importação;2022;Junho;Madagascar;282885
Importação;2022;Junho;Malavi;469
Importação;2022;Junho;Maldivas;1143
Importação;2022;Junho;Mali;384877
Importação;2022;Junho;Malta;1715739
Importação;2022;Junho;Malásia;133958628
Importação;2022;Junho;Marrocos;416466218
Importação;2022;Junho;Maurício;85354
Importação;2022;Junho;Mianmar;796094
Importação;2022;Junho;Moldávia;225921
Importação;2022;Junho;Mongólia;1307
Importação;2022;Junho;Moçambique;124443
Importação;2022;Junho;México;422525411
Importação;2022;Junho;Mônaco;91650
Importação;2022;Junho;Namíbia;1986
Importação;2022;Junho;Nepal;948
Importação;2022;Junho;Nicarágua;446241
Importação;2022;Junho;Nigéria;266528113
Importação;2022;Junho;Niue;38500
Importação;2022;Junho;Noruega;82193866
Importação;2022;Junho;Nova Caledônia;1430
Importação;2022;Junho;Nova Zelândia;4759411
Importação;2022;Junho;Níger;4500
Importação;2022;Junho;Omã;194974915
Importação;2022;Junho;Palestina;65458
Importação;2022;Junho;Panamá;1997153
Importação;2022;Junho;Papua Nova Guiné;18853
Importação;2022;Junho;Paquistão;8949369
Importação;2022;Junho;Paraguai;315872831
Importação;2022;Junho;Países Baixos (Holanda);197028949
Importação;2022;Junho;Peru;145641886
Importação;2022;Junho;Polinésia Francesa;7722
Importação;2022;Junho;Polônia;69683084
Importação;2022;Junho;Porto Rico;41183729
Importação;2022;Junho;Portugal;69895118
Importação;2022;Junho;Quirguistão;22
Importação;2022;Junho;Quênia;67358
Importação;2022;Junho;Reino Unido;193472760
Importação;2022;Junho;República Dominicana;2393470
Importação;2022;Junho;Romênia;29428903
Importação;2022;Junho;Rússia;841499720
Importação;2022;Junho;Salomão, Ilhas;1253
Importação;2022;Junho;Samoa;132179
Importação;2022;Junho;Samoa Americana;6
Importação;2022;Junho;San Marino;1440870
Importação;2022;Junho;Seicheles;69
Importação;2022;Junho;Senegal;11670
Importação;2022;Junho;Serra Leoa;10454
Importação;2022;Junho;Singapura;82877538
Importação;2022;Junho;Sri Lanka;4415072
Importação;2022;Junho;Suazilândia;7086
Importação;2022;Junho;Suriname;10
Importação;2022;Junho;Suécia;162997553
Importação;2022;Junho;Suíça;251552431
Importação;2022;Junho;São Cristóvão e Névis;1812
Importação;2022;Junho;Sérvia;3233263
Importação;2022;Junho;Síria;9448
Importação;2022;Junho;Tadjiquistão;7883
Importação;2022;Junho;Tailândia;172112134
Importação;2022;Junho;Taiwan (Formosa);220232540
Importação;2022;Junho;Tanzânia;45106
Importação;2022;Junho;Tcheca, República;49857376
Importação;2022;Junho;Timor Leste;7
Importação;2022;Junho;Toquelau;38745
Importação;2022;Junho;Trinidad e Tobago;67051958
Importação;2022;Junho;Tunísia;20277838
Importação;2022;Junho;Turquia;112431416
Importação;2022;Junho;Ucrânia;3096751
Importação;2022;Junho;Uruguai;135510
Importação;2022;Junho;Uzbequistão;5569
Importação;2022;Junho;Vanuatu;23715
Importação;2022;Junho;Venezuela;25543625
Importação;2022;Junho;Vietnã;248557536
Importação;2022;Junho;Virgens, Ilhas (Britânicas);70975
Importação;2022;Junho;Zimbábue;38614
Importação;2022;Junho;Zâmbia;1109321
Importação;2022;Junho;África do Sul;83472698
Importação;2022;Junho;Áustria;109686062
Importação;2022;Junho;Índia;645263420
Importação;2022;Julho;Afeganistão;26972
Importação;2022;Julho;Aland, Ilhas;113602
Importação;2022;Julho;Albânia;64165
Importação;2022;Julho;Alemanha;1156773163
Importação;2022;Julho;Angola;22497022
Importação;2022;Julho;Anguilla;68
Importação;2022;Julho;Antígua e Barbuda;198
Importação;2022;Julho;Argentina;1024859667
Importação;2022;Julho;Argélia;40246494
Importação;2022;Julho;Armênia;12
Importação;2022;Julho;Aruba;2192
Importação;2022;Julho;Arábia Saudita;397741230
Importação;2022;Julho;Austrália;250253064
Importação;2022;Julho;Bangladesh;10827786
Importação;2022;Julho;Barbados;15791
Importação;2022;Julho;Barein;2999026
Importação;2022;Julho;Belarus;5073670
Importação;2022;Julho;Belize;16674
Importação;2022;Julho;Benin;17
Importação;2022;Julho;Bermudas;119838
Importação;2022;Julho;Bolívia;133153996
Importação;2022;Julho;Brasil;24791594
Importação;2022;Julho;Brunei;245
Importação;2022;Julho;Bulgária;10089271
Importação;2022;Julho;Butão;8225
Importação;2022;Julho;Bélgica;309856
Importação;2022;Julho;Bósnia-Herzegovina;446393
Importação;2022;Julho;Cabo Verde;766
Importação;2022;Julho;Camarões;2837
Importação;2022;Julho;Camboja;6942710
Importação;2022;Julho;Canadá;757468375
Importação;2022;Julho;Catar;73875134
Importação;2022;Julho;Cayman, Ilhas;380380
Importação;2022;Julho;Cazaquistão;14143151
Importação;2022;Julho;Chile;336771538
Importação;2022;Julho;China;5304840768
Importação;2022;Julho;Chipre;261006
Importação;2022;Julho;Christmas (Navidad), Ilha;95
Importação;2022;Julho;Colômbia;256974718
Importação;2022;Julho;Comores;7407
Importação;2022;Julho;Congo, República Democrática;364853
Importação;2022;Julho;Coreia do Sul;394643319
Importação;2022;Julho;Costa Rica;9490807
Importação;2022;Julho;Costa do Marfim;8452084
Importação;2022;Julho;Coveite (Kuweit);15877793
Importação;2022;Julho;Croácia;1289562
Importação;2022;Julho;Cuba;3162
Importação;2022;Julho;Curaçao;10240
Importação;2022;Julho;Dinamarca;79103577
Importação;2022;Julho;Dominica;51
Importação;2022;Julho;Egito;58636292
Importação;2022;Julho;El Salvador;253155
Importação;2022;Julho;Emirados Árabes Unidos;3914466
Importação;2022;Julho;Equador;8594066
Importação;2022;Julho;Eritreia;5798
Importação;2022;Julho;Eslováquia;35222492
Importação;2022;Julho;Eslovênia;9268170
Importação;2022;Julho;Espanha;369347135
Importação;2022;Julho;Estados Unidos;4806224392
Importação;2022;Julho;Estônia;4493660
Importação;2022;Julho;Etiópia;48225
Importação;2022;Julho;Filipinas;26316470
Importação;2022;Julho;Finlândia;127850615
Importação;2022;Julho;França;469893811
Importação;2022;Julho;Gana;133953
Importação;2022;Julho;Geórgia;403397
Importação;2022;Julho;Gibraltar;12846994
Importação;2022;Julho;Grécia;4379498
Importação;2022;Julho;Guam;64
Importação;2022;Julho;Guatemala;7414645
Importação;2022;Julho;Guiana;58986163
Importação;2022;Julho;Guiné;551
Importação;2022;Julho;Gâmbia;272
Importação;2022;Julho;Haiti;59700
Importação;2022;Julho;Honduras;2369270
Importação;2022;Julho;Hong Kong;73450263
Importação;2022;Julho;Hungria;43994180
Importação;2022;Julho;Indonésia;134746200
Importação;2022;Julho;Irlanda;51490237
Importação;2022;Julho;Irã;61231662
Importação;2022;Julho;Islândia;971235
Importação;2022;Julho;Israel;290745027
Importação;2022;Julho;Itália;493534881
Importação;2022;Julho;Jamaica;40
Importação;2022;Julho;Japão;446765242
Importação;2022;Julho;Jordânia;16526476
Importação;2022;Julho;Laos;560538
Importação;2022;Julho;Letônia;2037741
Importação;2022;Julho;Libéria;913
Importação;2022;Julho;Liechtenstein;1517855
Importação;2022;Julho;Lituânia;3930995
Importação;2022;Julho;Luxemburgo;3661188
Importação;2022;Julho;Líbano;2285193
Importação;2022;Julho;Macau;39652
Importação;2022;Julho;Macedônia;896317
Importação;2022;Julho;Madagascar;44986
Importação;2022;Julho;Mali;48155
Importação;2022;Julho;Malta;1822028
Importação;2022;Julho;Malásia;145177
Importação;2022;Julho;Marrocos;295932
Importação;2022;Julho;Marshall, Ilhas;5856
Importação;2022;Julho;Maurício;45967
Importação;2022;Julho;Mianmar;718030
Importação;2022;Julho;Micronésia;144
Importação;2022;Julho;Moldávia;449292
Importação;2022;Julho;Montenegro;32
Importação;2022;Julho;Montserrat;732
Importação;2022;Julho;Moçambique;133760
Importação;2022;Julho;México;443078715
Importação;2022;Julho;Mônaco;466004
Importação;2022;Julho;Namíbia;9320
Importação;2022;Julho;Nepal;55208
Importação;2022;Julho;Nicarágua;780728
Importação;2022;Julho;Nigéria;215488441
Importação;2022;Julho;Noruega;111028153
Importação;2022;Julho;Nova Caledônia;131
Importação;2022;Julho;Nova Zelândia;7499965
Importação;2022;Julho;Níger;2451
Importação;2022;Julho;Omã;79552083
Importação;2022;Julho;Panamá;2065749
Importação;2022;Julho;Paquistão;11204
Importação;2022;Julho;Paraguai;349362
Importação;2022;Julho;Países Baixos (Holanda);216097411
Importação;2022;Julho;Peru;154637
Importação;2022;Julho;Polinésia Francesa;698
Importação;2022;Julho;Polônia;91548469
Importação;2022;Julho;Porto Rico;17730487
Importação;2022;Julho;Portugal;92530
Importação;2022;Julho;Quênia;22211
Importação;2022;Julho;Reino Unido;251587451
Importação;2022;Julho;República Dominicana;2416538
Importação;2022;Julho;Reunião;851
Importação;2022;Julho;Romênia;31874573
Importação;2022;Julho;Ruanda;2179
Importação;2022;Julho;Rússia;929903058
Importação;2022;Julho;Salomão, Ilhas;1336
Importação;2022;Julho;Samoa;132087
Importação;2022;Julho;Samoa Americana;6
Importação;2022;Julho;San Marino;446341
Importação;2022;Julho;Santa Lúcia;95
Importação;2022;Julho;Seicheles;54414
Importação;2022;Julho;Senegal;317728
Importação;2022;Julho;Serra Leoa;27458
Importação;2022;Julho;Singapura;94679989
Importação;2022;Julho;Sri Lanka;4660806
Importação;2022;Julho;Suazilândia;16708
Importação;2022;Julho;Sudão;21956
Importação;2022;Julho;Suécia;242531464
Importação;2022;Julho;Suíça;186386236
Importação;2022;Julho;São Cristóvão e Névis;1168
Importação;2022;Julho;São Tomé e Príncipe;3
Importação;2022;Julho;Sérvia;6331787
Importação;2022;Julho;Tadjiquistão;924
Importação;2022;Julho;Tailândia;159657453
Importação;2022;Julho;Taiwan (Formosa);209558020
Importação;2022;Julho;Tanzânia;384357
Importação;2022;Julho;Tcheca, República;57746247
Importação;2022;Julho;Timor Leste;225
Importação;2022;Julho;Tonga;202
Importação;2022;Julho;Toquelau;187175
Importação;2022;Julho;Trinidad e Tobago;61297558
Importação;2022;Julho;Tunísia;10840581
Importação;2022;Julho;Turcomenistão;11457304
Importação;2022;Julho;Turquia;135552
Importação;2022;Julho;Ucrânia;2454967
Importação;2022;Julho;Uruguai;138069758
Importação;2022;Julho;Uzbequistão;2940
Importação;2022;Julho;Vaticano;6
Importação;2022;Julho;Venezuela;14862134
Importação;2022;Julho;Vietnã;213103634
Importação;2022;Julho;Virgens, Ilhas (Britânicas);98914
Importação;2022;Julho;Zimbábue;6980
Importação;2022;Julho;África do Sul;82068648
Importação;2022;Julho;Áustria;102942311
Importação;2022;Julho;Índia;635873895
Importação;2022;Agosto;Afeganistão;7455
Importação;2022;Agosto;Aland, Ilhas;248946
Importação;2022;Agosto;Albânia;117005
Importação;2022;Agosto;Alemanha;1299285725
Importação;2022;Agosto;Andorra;110
Importação;2022;Agosto;Angola;70807349
Importação;2022;Agosto;Anguilla;16008
Importação;2022;Agosto;Argentina;1314112334
Importação;2022;Agosto;Argélia;89428836
Importação;2022;Agosto;Armênia;58916
Importação;2022;Agosto;Aruba;24
Importação;2022;Agosto;Arábia Saudita;665495785
Importação;2022;Agosto;Austrália;212498973
Importação;2022;Agosto;Azerbaijão;148608
Importação;2022;Agosto;Bangladesh;15142478
Importação;2022;Agosto;Barbados;27040
Importação;2022;Agosto;Barein;6626048
Importação;2022;Agosto;Belarus;329538
Importação;2022;Agosto;Belize;2522
Importação;2022;Agosto;Benin;31
Importação;2022;Agosto;Bermudas;2051
Importação;2022;Agosto;Bolívia;150749181
Importação;2022;Agosto;Bonaire, Saint Eustatius e Saba;13075
Importação;2022;Agosto;Brasil;20722597
Importação;2022;Agosto;Bulgária;5796325
Importação;2022;Agosto;Burkina Faso;1957
Importação;2022;Agosto;Butão;13509
Importação;2022;Agosto;Bélgica;236323
Importação;2022;Agosto;Bósnia-Herzegovina;388478
Importação;2022;Agosto;Camarões;47857
Importação;2022;Agosto;Camboja;5903307
Importação;2022;Agosto;Canadá;524298595
Importação;2022;Agosto;Catar;76950904
Importação;2022;Agosto;Cayman, Ilhas;139
Importação;2022;Agosto;Cazaquistão;18819445
Importação;2022;Agosto;Chile;440503130
Importação;2022;Agosto;China;6446476474
Importação;2022;Agosto;Chipre;248088
Importação;2022;Agosto;Colômbia;241218460
Importação;2022;Agosto;Comores;17639
Importação;2022;Agosto;Congo;51621275
Importação;2022;Agosto;Congo, República Democrática;1061307
Importação;2022;Agosto;Coreia do Sul;456330870
Importação;2022;Agosto;Costa Rica;11919
Importação;2022;Agosto;Costa do Marfim;8297827
Importação;2022;Agosto;Coveite (Kuweit);9549557
Importação;2022;Agosto;Croácia;1709
Importação;2022;Agosto;Cuba;386493
Importação;2022;Agosto;Curaçao;480
Importação;2022;Agosto;Dinamarca;85162556
Importação;2022;Agosto;Dominica;3128
Importação;2022;Agosto;Egito;69785239
Importação;2022;Agosto;El Salvador;531033
Importação;2022;Agosto;Emirados Árabes Unidos;130451683
Importação;2022;Agosto;Equador;13451359
Importação;2022;Agosto;Eritreia;16065
Importação;2022;Agosto;Eslováquia;28288822
Importação;2022;Agosto;Eslovênia;10507
Importação;2022;Agosto;Espanha;347649329
Importação;2022;Agosto;Estados Unidos;50856602
Importação;2022;Agosto;Estônia;4185315
Importação;2022;Agosto;Etiópia;3185
Importação;2022;Agosto;Falkland (Malvinas);140
Importação;2022;Agosto;Faroe, Ilhas;828
Importação;2022;Agosto;Fiji;36411
Importação;2022;Agosto;Filipinas;26185435
Importação;2022;Agosto;Finlândia;104243296
Importação;2022;Agosto;França;478937598
Importação;2022;Agosto;Gabão;502
Importação;2022;Agosto;Gana;815678
Importação;2022;Agosto;Geórgia;189326
Importação;2022;Agosto;Gibraltar;2582159
Importação;2022;Agosto;Groenlândia;61
Importação;2022;Agosto;Grécia;4949702
Importação;2022;Agosto;Guatemala;11185122
Importação;2022;Agosto;Guiana;172629
Importação;2022;Agosto;Guiné;884
Importação;2022;Agosto;Gâmbia;960
Importação;2022;Agosto;Haiti;28738
Importação;2022;Agosto;Honduras;2608231
Importação;2022;Agosto;Hong Kong;85873094
Importação;2022;Agosto;Hungria;46685090
Importação;2022;Agosto;Ilha de Man;31723
Importação;2022;Agosto;Indonésia;184952057
Importação;2022;Agosto;Irlanda;96540809
Importação;2022;Agosto;Irã;48688688
Importação;2022;Agosto;Islândia;1719984
Importação;2022;Agosto;Israel;268161051
Importação;2022;Agosto;Itália;563917
Importação;2022;Agosto;Japão;486438177
Importação;2022;Agosto;Jordânia;1067897
Importação;2022;Agosto;Kiribati;591
Importação;2022;Agosto;Laos;242986
Importação;2022;Agosto;Letônia;2506
Importação;2022;Agosto;Libéria;479654
Importação;2022;Agosto;Liechtenstein;1051837
Importação;2022;Agosto;Lituânia;4833570
Importação;2022;Agosto;Luxemburgo;6654356
Importação;2022;Agosto;Líbano;385482
Importação;2022;Agosto;Macau;1136431
Importação;2022;Agosto;Macedônia;2808631
Importação;2022;Agosto;Madagascar;558050
Importação;2022;Agosto;Malavi;544186
Importação;2022;Agosto;Malta;1914119
Importação;2022;Agosto;Malásia;131662026
Importação;2022;Agosto;Marrocos;258507
Importação;2022;Agosto;Maurício;47285
Importação;2022;Agosto;Mianmar;1334889
Importação;2022;Agosto;Moldávia;291338
Importação;2022;Agosto;Mongólia;174169
Importação;2022;Agosto;Montserrat;2506
Importação;2022;Agosto;Moçambique;132
Importação;2022;Agosto;México;540627699
Importação;2022;Agosto;Mônaco;159170
Importação;2022;Agosto;Namíbia;3961
Importação;2022;Agosto;Nepal;2513
Importação;2022;Agosto;Nicarágua;817567
Importação;2022;Agosto;Nigéria;124676747
Importação;2022;Agosto;Niue;12421
Importação;2022;Agosto;Noruega;111724760
Importação;2022;Agosto;Nova Caledônia;2034
Importação;2022;Agosto;Nova Zelândia;8807164
Importação;2022;Agosto;Níger;372
Importação;2022;Agosto;Omã;25653328
Importação;2022;Agosto;Panamá;2107296
Importação;2022;Agosto;Paquistão;7976329
Importação;2022;Agosto;Paraguai;310852171
Importação;2022;Agosto;Países Baixos (Holanda);203069613
Importação;2022;Agosto;Peru;169135361
Importação;2022;Agosto;Polinésia Francesa;754
Importação;2022;Agosto;Polônia;74155800
Importação;2022;Agosto;Porto Rico;27896593
Importação;2022;Agosto;Portugal;107043024
Importação;2022;Agosto;Quirguistão;78
Importação;2022;Agosto;Quênia;139365
Importação;2022;Agosto;Reino Unido;297556686
Importação;2022;Agosto;República Dominicana;3670393
Importação;2022;Agosto;Romênia;31273609
Importação;2022;Agosto;Ruanda;575
Importação;2022;Agosto;Rússia;677267
Importação;2022;Agosto;Samoa;188579
Importação;2022;Agosto;Samoa Americana;222
Importação;2022;Agosto;San Marino;1364338
Importação;2022;Agosto;Seicheles;248007
Importação;2022;Agosto;Senegal;474845
Importação;2022;Agosto;Serra Leoa;33226
Importação;2022;Agosto;Singapura;98975429
Importação;2022;Agosto;Somália;1388
Importação;2022;Agosto;Sri Lanka;9309287
Importação;2022;Agosto;Suazilândia;831
Importação;2022;Agosto;Suriname;131
Importação;2022;Agosto;Suécia;171328249
Importação;2022;Agosto;Suíça;267847648
Importação;2022;Agosto;São Cristóvão e Névis;9450
Importação;2022;Agosto;São Tomé e Príncipe;2919
Importação;2022;Agosto;Sérvia;8763083
Importação;2022;Agosto;Síria;3073369
Importação;2022;Agosto;Tadjiquistão;2130
Importação;2022;Agosto;Tailândia;207489812
Importação;2022;Agosto;Taiwan (Formosa);214953492
Importação;2022;Agosto;Tanzânia;495735
Importação;2022;Agosto;Tcheca, República;66177600
Importação;2022;Agosto;Togo;29195
Importação;2022;Agosto;Toquelau;138656
Importação;2022;Agosto;Trinidad e Tobago;51980997
Importação;2022;Agosto;Tunísia;5514767
Importação;2022;Agosto;Turcomenistão;54994
Importação;2022;Agosto;Turquia;140623709
Importação;2022;Agosto;Ucrânia;4159388
Importação;2022;Agosto;Uganda;249
Importação;2022;Agosto;Uruguai;223320883
Importação;2022;Agosto;Uzbequistão;106088
Importação;2022;Agosto;Venezuela;35252444
Importação;2022;Agosto;Vietnã;266974760
Importação;2022;Agosto;Virgens, Ilhas (Americanas);18
Importação;2022;Agosto;Virgens, Ilhas (Britânicas);125119
Importação;2022;Agosto;Zimbábue;16810
Importação;2022;Agosto;Zâmbia;585711
Importação;2022;Agosto;África do Sul;100418412
Importação;2022;Agosto;Áustria;141821385
Importação;2022;Agosto;Índia;1069541357
Importação;2022;Setembro;Afeganistão;14902
Importação;2022;Setembro;Aland, Ilhas;87957
Importação;2022;Setembro;Albânia;61
Importação;2022;Setembro;Alemanha;1195120736
Importação;2022;Setembro;Andorra;1156
Importação;2022;Setembro;Angola;133597833
Importação;2022;Setembro;Anguilla;50715
Importação;2022;Setembro;Argentina;1208569803
Importação;2022;Setembro;Argélia;160381856
Importação;2022;Setembro;Armênia;16267
Importação;2022;Setembro;Aruba;595
Importação;2022;Setembro;Arábia Saudita;684961082
Importação;2022;Setembro;Austrália;89118779
Importação;2022;Setembro;Azerbaijão;357
Importação;2022;Setembro;Bahamas;91
Importação;2022;Setembro;Bangladesh;15581340
Importação;2022;Setembro;Barbados;8778
Importação;2022;Setembro;Barein;10097921
Importação;2022;Setembro;Belarus;19546654
Importação;2022;Setembro;Belize;55796
Importação;2022;Setembro;Benin;31
Importação;2022;Setembro;Bermudas;174
Importação;2022;Setembro;Bolívia;156642293
Importação;2022;Setembro;Bonaire, Saint Eustatius e Saba;146
Importação;2022;Setembro;Botsuana;445
Importação;2022;Setembro;Brasil;43447760
Importação;2022;Setembro;Bulgária;6990639
Importação;2022;Setembro;Butão;51120
Importação;2022;Setembro;Bélgica;281207982
Importação;2022;Setembro;Bósnia-Herzegovina;240297
Importação;2022;Setembro;Camarões;146645
Importação;2022;Setembro;Camboja;6263138
Importação;2022;Setembro;Canadá;506840286
Importação;2022;Setembro;Catar;80440365
Importação;2022;Setembro;Cayman, Ilhas;315269
Importação;2022;Setembro;Cazaquistão;16678392
Importação;2022;Setembro;Chile;394722595
Importação;2022;Setembro;China;5808882994
Importação;2022;Setembro;Chipre;333272
Importação;2022;Setembro;Christmas (Navidad), Ilha;11
Importação;2022;Setembro;Cocos (Keeling), Ilhas;698
Importação;2022;Setembro;Colômbia;224924078
Importação;2022;Setembro;Comores;25290
Importação;2022;Setembro;Congo;137708460
Importação;2022;Setembro;Congo, República Democrática;205662
Importação;2022;Setembro;Coreia do Sul;443819974
Importação;2022;Setembro;Costa Rica;13685984
Importação;2022;Setembro;Costa do Marfim;9573314
Importação;2022;Setembro;Coveite (Kuweit);1450
Importação;2022;Setembro;Croácia;3155986
Importação;2022;Setembro;Curaçao;13911
Importação;2022;Setembro;Dinamarca;103889590
Importação;2022;Setembro;Djibuti;108
Importação;2022;Setembro;Dominica;324
Importação;2022;Setembro;Egito;43876436
Importação;2022;Setembro;El Salvador;726024
Importação;2022;Setembro;Emirados Árabes Unidos;359698733
Importação;2022;Setembro;Equador;9423250
Importação;2022;Setembro;Eritreia;1336
Importação;2022;Setembro;Eslováquia;33300861
Importação;2022;Setembro;Eslovênia;8968845
Importação;2022;Setembro;Espanha;381157489
Importação;2022;Setembro;Estados Unidos;4404441342
Importação;2022;Setembro;Estônia;12543913
Importação;2022;Setembro;Etiópia;10446
Importação;2022;Setembro;Filipinas;28414477
Importação;2022;Setembro;Finlândia;82976585
Importação;2022;Setembro;França;425391389
Importação;2022;Setembro;Gana;816782
Importação;2022;Setembro;Geórgia;48466
Importação;2022;Setembro;Grécia;11781795
Importação;2022;Setembro;Guatemala;5771500
Importação;2022;Setembro;Guiana;89045821
Importação;2022;Setembro;Guiné-Bissau;199394
Importação;2022;Setembro;Haiti;81502
Importação;2022;Setembro;Honduras;2516147
Importação;2022;Setembro;Hong Kong;85404470
Importação;2022;Setembro;Hungria;52121751
Importação;2022;Setembro;Indonésia;190329574
Importação;2022;Setembro;Iraque;41539
Importação;2022;Setembro;Irlanda;897472
Importação;2022;Setembro;Irã;2865134
Importação;2022;Setembro;Islândia;1134440
Importação;2022;Setembro;Israel;204124327
Importação;2022;Setembro;Itália;466416844
Importação;2022;Setembro;Jamaica;2782
Importação;2022;Setembro;Japão;491948764
Importação;2022;Setembro;Jordânia;1717
Importação;2022;Setembro;Kiribati;2352
Importação;2022;Setembro;Laos;304
Importação;2022;Setembro;Letônia;2310
Importação;2022;Setembro;Liechtenstein;1173029
Importação;2022;Setembro;Lituânia;9450599
Importação;2022;Setembro;Luxemburgo;4372599
Importação;2022;Setembro;Líbano;3726123
Importação;2022;Setembro;Macau;157339
Importação;2022;Setembro;Macedônia;1044
Importação;2022;Setembro;Madagascar;298085
Importação;2022;Setembro;Malavi;462851
Importação;2022;Setembro;Maldivas;840
Importação;2022;Setembro;Malta;1372561
Importação;2022;Setembro;Malásia;120263852
Importação;2022;Setembro;Marrocos;142053626
Importação;2022;Setembro;Marshall, Ilhas;19750
Importação;2022;Setembro;Maurício;16678
Importação;2022;Setembro;Mianmar;1245882
Importação;2022;Setembro;Micronésia;8521
Importação;2022;Setembro;Moldávia;578395
Importação;2022;Setembro;Mongólia;260731
Importação;2022;Setembro;Montenegro;3815
Importação;2022;Setembro;Montserrat;313
Importação;2022;Setembro;Moçambique;96269
Importação;2022;Setembro;México;552763951
Importação;2022;Setembro;Mônaco;237363
Importação;2022;Setembro;Namíbia;17286
Importação;2022;Setembro;Nepal;15729
Importação;2022;Setembro;Nicarágua;603607
Importação;2022;Setembro;Nigéria;113647549
Importação;2022;Setembro;Noruega;73854225
Importação;2022;Setembro;Nova Caledônia;2876
Importação;2022;Setembro;Nova Zelândia;3787505
Importação;2022;Setembro;Omã;105619475
Importação;2022;Setembro;Panamá;743909
Importação;2022;Setembro;Papua Nova Guiné;19858
Importação;2022;Setembro;Paquistão;7359577
Importação;2022;Setembro;Paraguai;333827
Importação;2022;Setembro;Países Baixos (Holanda);193572423
Importação;2022;Setembro;Peru;107222526
Importação;2022;Setembro;Polinésia Francesa;6961
Importação;2022;Setembro;Polônia;71308772
Importação;2022;Setembro;Porto Rico;20082344
Importação;2022;Setembro;Portugal;87535044
Importação;2022;Setembro;Quirguistão;2410
Importação;2022;Setembro;Quênia;38209
Importação;2022;Setembro;Reino Unido;236348209
Importação;2022;Setembro;República Dominicana;2348377
Importação;2022;Setembro;Romênia;31229813
Importação;2022;Setembro;Rússia;385450221
Importação;2022;Setembro;Samoa;283205
Importação;2022;Setembro;Samoa Americana;586
Importação;2022;Setembro;San Marino;654060
Importação;2022;Setembro;Seicheles;79330
Importação;2022;Setembro;Senegal;582933
Importação;2022;Setembro;Serra Leoa;47156
Importação;2022;Setembro;Singapura;96038437
Importação;2022;Setembro;Somália;1350
Importação;2022;Setembro;Sri Lanka;6404532
Importação;2022;Setembro;Suazilândia;6243
Importação;2022;Setembro;Sudão;29288
Importação;2022;Setembro;Suécia;283631266
Importação;2022;Setembro;Suíça;210244261
Importação;2022;Setembro;São Cristóvão e Névis;4549
Importação;2022;Setembro;São Tomé e Príncipe;277
Importação;2022;Setembro;Sérvia;9773822
Importação;2022;Setembro;Síria;4651
Importação;2022;Setembro;Tadjiquistão;2198
Importação;2022;Setembro;Tailândia;189369777
Importação;2022;Setembro;Taiwan (Formosa);258231513
Importação;2022;Setembro;Tanzânia;28455
Importação;2022;Setembro;Tcheca, República;58590075
Importação;2022;Setembro;Tonga;150
Importação;2022;Setembro;Toquelau;218176
Importação;2022;Setembro;Trinidad e Tobago;135938
Importação;2022;Setembro;Tunísia;7219374
Importação;2022;Setembro;Turcomenistão;8
Importação;2022;Setembro;Turquia;105491818
Importação;2022;Setembro;Ucrânia;6411571
Importação;2022;Setembro;Uganda;363
Importação;2022;Setembro;Uruguai;165230042
Importação;2022;Setembro;Uzbequistão;8766
Importação;2022;Setembro;Venezuela;44295484
Importação;2022;Setembro;Vietnã;238188355
Importação;2022;Setembro;Virgens, Ilhas (Britânicas);68984
Importação;2022;Setembro;Zimbábue;24804
Importação;2022;Setembro;Zâmbia;6
Importação;2022;Setembro;África do Sul;106823158
Importação;2022;Setembro;Áustria;123874313
Importação;2022;Setembro;Índia;1104419780
Importação;2022;Outubro;Afeganistão;12862
Importação;2022;Outubro;Aland, Ilhas;122451
Importação;2022;Outubro;Albânia;89
Importação;2022;Outubro;Alemanha;11814461
Importação;2022;Outubro;Andorra;461
Importação;2022;Outubro;Angola;98199383
Importação;2022;Outubro;Anguilla;87688
Importação;2022;Outubro;Argentina;1168683359
Importação;2022;Outubro;Argélia;99541515
Importação;2022;Outubro;Armênia;26442
Importação;2022;Outubro;Arábia Saudita;509115235
Importação;2022;Outubro;Austrália;118467
Importação;2022;Outubro;Azerbaijão;150972
Importação;2022;Outubro;Bancos Centrais;94
Importação;2022;Outubro;Bangladesh;15390804
Importação;2022;Outubro;Barein;4736878
Importação;2022;Outubro;Belarus;16313999
Importação;2022;Outubro;Belize;7696
Importação;2022;Outubro;Bolívia;113434247
Importação;2022;Outubro;Bonaire, Saint Eustatius e Saba;165
Importação;2022;Outubro;Botsuana;7866
Importação;2022;Outubro;Brasil;21341049
Importação;2022;Outubro;Bulgária;5666560
Importação;2022;Outubro;Butão;70444
Importação;2022;Outubro;Bélgica;270825399
Importação;2022;Outubro;Bósnia-Herzegovina;423516
Importação;2022;Outubro;Camarões;608192
Importação;2022;Outubro;Camboja;4539842
Importação;2022;Outubro;Canadá;423048262
Importação;2022;Outubro;Catar;148539388
Importação;2022;Outubro;Cayman, Ilhas;362300
Importação;2022;Outubro;Cazaquistão;2440736
Importação;2022;Outubro;Chile;368282531
Importação;2022;Outubro;China;5474808931
Importação;2022;Outubro;Chipre;299729
Importação;2022;Outubro;Cocos (Keeling), Ilhas;23052
Importação;2022;Outubro;Colômbia;192704158
Importação;2022;Outubro;Comores;21085
Importação;2022;Outubro;Congo;43739102
Importação;2022;Outubro;Congo, República Democrática;1289942
Importação;2022;Outubro;Coreia do Sul;439916781
Importação;2022;Outubro;Costa Rica;10487514
Importação;2022;Outubro;Costa do Marfim;9885134
Importação;2022;Outubro;Coveite (Kuweit);69330717
Importação;2022;Outubro;Croácia;1612560
Importação;2022;Outubro;Cuba;76160
Importação;2022;Outubro;Curaçao;20048
Importação;2022;Outubro;Dinamarca;65790895
Importação;2022;Outubro;Djibuti;305
Importação;2022;Outubro;Dominica;114
Importação;2022;Outubro;Egito;51036317
Importação;2022;Outubro;El Salvador;890465
Importação;2022;Outubro;Emirados Árabes Unidos;280991896
Importação;2022;Outubro;Equador;9304932
Importação;2022;Outubro;Eritreia;7
Importação;2022;Outubro;Eslováquia;248
Importação;2022;Outubro;Eslovênia;11111
Importação;2022;Outubro;Espanha;300893689
Importação;2022;Outubro;Estados Unidos;4543698138
Importação;2022;Outubro;Estônia;3919446
Importação;2022;Outubro;Etiópia;76249
Importação;2022;Outubro;Fiji;470
Importação;2022;Outubro;Filipinas;27338754
Importação;2022;Outubro;Finlândia;49534140
Importação;2022;Outubro;França;391703336
Importação;2022;Outubro;Gana;1569710
Importação;2022;Outubro;Geórgia;159228
Importação;2022;Outubro;Geórgia do Sul e Sandwich do Sul, Ilhas;3721
Importação;2022;Outubro;Grécia;1665550
Importação;2022;Outubro;Guatemala;3229417
Importação;2022;Outubro;Guiana;202934
Importação;2022;Outubro;Guiné;59
Importação;2022;Outubro;Gâmbia;134
Importação;2022;Outubro;Haiti;33231
Importação;2022;Outubro;Honduras;1894633
Importação;2022;Outubro;Hong Kong;67938488
Importação;2022;Outubro;Hungria;37776624
Importação;2022;Outubro;Indonésia;174247495
Importação;2022;Outubro;Iraque;453495
Importação;2022;Outubro;Irlanda;48846189
Importação;2022;Outubro;Irã;464128
Importação;2022;Outubro;Islândia;352025
Importação;2022;Outubro;Israel;168866393
Importação;2022;Outubro;Itália;427062423
Importação;2022;Outubro;Iêmen;753
Importação;2022;Outubro;Jamaica;4567
Importação;2022;Outubro;Japão;380234932
Importação;2022;Outubro;Jersey;37
Importação;2022;Outubro;Jordânia;4002583
Importação;2022;Outubro;Laos;191533
Importação;2022;Outubro;Lesoto;223
Importação;2022;Outubro;Letônia;2560220
Importação;2022;Outubro;Libéria;5025
Importação;2022;Outubro;Liechtenstein;930745
Importação;2022;Outubro;Lituânia;4824425
Importação;2022;Outubro;Luxemburgo;4246258
Importação;2022;Outubro;Líbano;209977
Importação;2022;Outubro;Macau;966763
Importação;2022;Outubro;Macedônia;2224950
Importação;2022;Outubro;Madagascar;145362
Importação;2022;Outubro;Malavi;176780
Importação;2022;Outubro;Malta;1431290
Importação;2022;Outubro;Malásia;126964378
Importação;2022;Outubro;Marrocos;133117
Importação;2022;Outubro;Martinica;406
Importação;2022;Outubro;Maurício;67449
Importação;2022;Outubro;Mianmar;1157119
Importação;2022;Outubro;Moldávia;339532
Importação;2022;Outubro;Montenegro;9
Importação;2022;Outubro;Moçambique;76105
Importação;2022;Outubro;México;516323689
Importação;2022;Outubro;Mônaco;302965
Importação;2022;Outubro;Namíbia;410
Importação;2022;Outubro;Nepal;3707
Importação;2022;Outubro;Nicarágua;406719
Importação;2022;Outubro;Nigéria;161260
Importação;2022;Outubro;Niue;2006
Importação;2022;Outubro;Noruega;75285658
Importação;2022;Outubro;Nova Caledônia;22176
Importação;2022;Outubro;Nova Zelândia;4711888
Importação;2022;Outubro;Omã;115247009
Importação;2022;Outubro;Pacífico, Ilhas do (EUA);105
Importação;2022;Outubro;Panamá;804374
Importação;2022;Outubro;Paquistão;8546634
Importação;2022;Outubro;Paraguai;331761395
Importação;2022;Outubro;Países Baixos (Holanda);493860070
Importação;2022;Outubro;Peru;132232872
Importação;2022;Outubro;Polinésia Francesa;1534
Importação;2022;Outubro;Polônia;69529985
Importação;2022;Outubro;Porto Rico;56179162
Importação;2022;Outubro;Portugal;76915427
Importação;2022;Outubro;Quirguistão;37
Importação;2022;Outubro;Quênia;131240
Importação;2022;Outubro;Reino Unido;260682894
Importação;2022;Outubro;República Dominicana;2836949
Importação;2022;Outubro;Reunião;19521
Importação;2022;Outubro;Romênia;41369190
Importação;2022;Outubro;Rússia;458809002
Importação;2022;Outubro;Samoa;139228
Importação;2022;Outubro;San Marino;765294
Importação;2022;Outubro;Seicheles;22482
Importação;2022;Outubro;Senegal;166086
Importação;2022;Outubro;Serra Leoa;16924
Importação;2022;Outubro;Singapura;104377099
Importação;2022;Outubro;Sint Maarten;0
Importação;2022;Outubro;Somália;35034
Importação;2022;Outubro;Sri Lanka;7368363
Importação;2022;Outubro;Suazilândia;3302
Importação;2022;Outubro;Suriname;38464
Importação;2022;Outubro;Suécia;152095321
Importação;2022;Outubro;Suíça;230579080
Importação;2022;Outubro;São Cristóvão e Névis;4820
Importação;2022;Outubro;São Martinho, Ilha de (parte francesa);19
Importação;2022;Outubro;Sérvia;9214523
Importação;2022;Outubro;Tadjiquistão;25880
Importação;2022;Outubro;Tailândia;191295751
Importação;2022;Outubro;Taiwan (Formosa);258067266
Importação;2022;Outubro;Tanzânia;318
Importação;2022;Outubro;Tcheca, República;53925273
Importação;2022;Outubro;Togo;762
Importação;2022;Outubro;Toquelau;161196
Importação;2022;Outubro;Trinidad e Tobago;50436776
Importação;2022;Outubro;Tunísia;4473069
Importação;2022;Outubro;Turcomenistão;1135
Importação;2022;Outubro;Turquia;102195872
Importação;2022;Outubro;Tuvalu;99
Importação;2022;Outubro;Ucrânia;2818778
Importação;2022;Outubro;Uruguai;158130
Importação;2022;Outubro;Uzbequistão;59
Importação;2022;Outubro;Venezuela;28948931
Importação;2022;Outubro;Vietnã;263690723
Importação;2022;Outubro;Virgens, Ilhas (Americanas);1576
Importação;2022;Outubro;Virgens, Ilhas (Britânicas);21915466
Importação;2022;Outubro;Zâmbia;454775
Importação;2022;Outubro;África do Sul;66482908
Importação;2022;Outubro;Áustria;141005358
Importação;2022;Outubro;Índia;677287723
Importação;2022;Novembro;Afeganistão;86503
Importação;2022;Novembro;Aland, Ilhas;155875
Importação;2022;Novembro;Albânia;86980
Importação;2022;Novembro;Alemanha;1059306767
Importação;2022;Novembro;Andorra;1908
Importação;2022;Novembro;Angola;99675
Importação;2022;Novembro;Anguilla;13903
Importação;2022;Novembro;Argentina;1245474042
Importação;2022;Novembro;Argélia;119575674
Importação;2022;Novembro;Armênia;3360
Importação;2022;Novembro;Arábia Saudita;499445539
Importação;2022;Novembro;Austrália;192887721
Importação;2022;Novembro;Azerbaijão;222912
Importação;2022;Novembro;Bancos Centrais;908
Importação;2022;Novembro;Bangladesh;10447629
Importação;2022;Novembro;Barbados;62946
Importação;2022;Novembro;Barein;3685484
Importação;2022;Novembro;Belarus;280732
Importação;2022;Novembro;Belize;187
Importação;2022;Novembro;Bermudas;12493
Importação;2022;Novembro;Bolívia;137713290
Importação;2022;Novembro;Bonaire, Saint Eustatius e Saba;1120
Importação;2022;Novembro;Brasil;21220747
Importação;2022;Novembro;Brunei;6
Importação;2022;Novembro;Bulgária;6587035
Importação;2022;Novembro;Butão;28507
Importação;2022;Novembro;Bélgica;313853846
Importação;2022;Novembro;Bósnia-Herzegovina;591820
Importação;2022;Novembro;Camarões;33317
Importação;2022;Novembro;Camboja;5072280
Importação;2022;Novembro;Canadá;207289369
Importação;2022;Novembro;Catar;136997683
Importação;2022;Novembro;Cayman, Ilhas;3856
Importação;2022;Novembro;Cazaquistão;21115711
Importação;2022;Novembro;Chile;342762
Importação;2022;Novembro;China;4997555572
Importação;2022;Novembro;Chipre;212705
Importação;2022;Novembro;Christmas (Navidad), Ilha;8145
Importação;2022;Novembro;Cocos (Keeling), Ilhas;8119
Importação;2022;Novembro;Colômbia;137343746
Importação;2022;Novembro;Comores;23224
Importação;2022;Novembro;Congo;47245586
Importação;2022;Novembro;Congo, República Democrática;1966
Importação;2022;Novembro;Coreia do Norte;1200
Importação;2022;Novembro;Coreia do Sul;378376540
Importação;2022;Novembro;Costa Rica;15557231
Importação;2022;Novembro;Costa do Marfim;7927315
Importação;2022;Novembro;Coveite (Kuweit);65782182
Importação;2022;Novembro;Croácia;1280334
Importação;2022;Novembro;Cuba;602947
Importação;2022;Novembro;Curaçao;11973
Importação;2022;Novembro;Dinamarca;94308589
Importação;2022;Novembro;Djibuti;492
Importação;2022;Novembro;Dominica;105
Importação;2022;Novembro;Egito;14276025
Importação;2022;Novembro;El Salvador;961852
Importação;2022;Novembro;Emirados Árabes Unidos;19961863
Importação;2022;Novembro;Equador;13747731
Importação;2022;Novembro;Eritreia;3420
Importação;2022;Novembro;Eslováquia;43106269
Importação;2022;Novembro;Eslovênia;8854333
Importação;2022;Novembro;Espanha;263044907
Importação;2022;Novembro;Estados Unidos;3595327461
Importação;2022;Novembro;Estônia;3591138
Importação;2022;Novembro;Etiópia;6497
Importação;2022;Novembro;Faroe, Ilhas;96
Importação;2022;Novembro;Filipinas;25826818
Importação;2022;Novembro;Finlândia;98720835
Importação;2022;Novembro;França;429507331
Importação;2022;Novembro;Gana;441291
Importação;2022;Novembro;Geórgia;46746
Importação;2022;Novembro;Groenlândia;224
Importação;2022;Novembro;Grécia;4719580
Importação;2022;Novembro;Guatemala;6056390
Importação;2022;Novembro;Guiné;12
Importação;2022;Novembro;Guiné Equatorial;373
Importação;2022;Novembro;Gâmbia;67
Importação;2022;Novembro;Haiti;9984
Importação;2022;Novembro;Honduras;2543525
Importação;2022;Novembro;Hong Kong;61341738
Importação;2022;Novembro;Hungria;49847439
Importação;2022;Novembro;Indonésia;161906067
Importação;2022;Novembro;Iraque;102705
Importação;2022;Novembro;Irlanda;81943266
Importação;2022;Novembro;Irã;206966
Importação;2022;Novembro;Islândia;2851140
Importação;2022;Novembro;Israel;128922039
Importação;2022;Novembro;Itália;491994008
Importação;2022;Novembro;Jamaica;7225
Importação;2022;Novembro;Japão;423526551
Importação;2022;Novembro;Jersey;3375
Importação;2022;Novembro;Jordânia;26602986
Importação;2022;Novembro;Laos;328135
Importação;2022;Novembro;Lesoto;653
Importação;2022;Novembro;Letônia;2391996
Importação;2022;Novembro;Liechtenstein;878802
Importação;2022;Novembro;Lituânia;12574487
Importação;2022;Novembro;Luxemburgo;4430804
Importação;2022;Novembro;Líbano;447455
Importação;2022;Novembro;Macau;241929
Importação;2022;Novembro;Macedônia;794250
Importação;2022;Novembro;Madagascar;129294
Importação;2022;Novembro;Malavi;22478
Importação;2022;Novembro;Mali;298112
Importação;2022;Novembro;Malta;1627452
Importação;2022;Novembro;Malásia;155134809
Importação;2022;Novembro;Marrocos;33911726
Importação;2022;Novembro;Marshall, Ilhas;21315
Importação;2022;Novembro;Maurício;27411
Importação;2022;Novembro;Mianmar;895738
Importação;2022;Novembro;Moldávia;369409
Importação;2022;Novembro;Mongólia;135990
Importação;2022;Novembro;Montenegro;9203
Importação;2022;Novembro;Montserrat;133
Importação;2022;Novembro;México;544503342
Importação;2022;Novembro;Mônaco;861684
Importação;2022;Novembro;Namíbia;147
Importação;2022;Novembro;Nepal;10897
Importação;2022;Novembro;Nicarágua;657241
Importação;2022;Novembro;Nigéria;284871282
Importação;2022;Novembro;Noruega;127478153
Importação;2022;Novembro;Nova Caledônia;27
Importação;2022;Novembro;Nova Zelândia;4034423
Importação;2022;Novembro;Omã;95609417
Importação;2022;Novembro;Palestina;70
Importação;2022;Novembro;Panamá;1058891
Importação;2022;Novembro;Papua Nova Guiné;22772
Importação;2022;Novembro;Paquistão;7415
Importação;2022;Novembro;Paraguai;302624497
Importação;2022;Novembro;Países Baixos (Holanda);224496481
Importação;2022;Novembro;Peru;124051136
Importação;2022;Novembro;Polônia;71915504
Importação;2022;Novembro;Porto Rico;23533182
Importação;2022;Novembro;Portugal;108911672
Importação;2022;Novembro;Quirguistão;491
Importação;2022;Novembro;Quênia;272282
Importação;2022;Novembro;Reino Unido;283835744
Importação;2022;Novembro;República Dominicana;2912192
Importação;2022;Novembro;Romênia;30661619
Importação;2022;Novembro;Rússia;420246128
Importação;2022;Novembro;Salomão, Ilhas;9797
Importação;2022;Novembro;Samoa;60958
Importação;2022;Novembro;Samoa Americana;7743
Importação;2022;Novembro;San Marino;1739220
Importação;2022;Novembro;Seicheles;46102
Importação;2022;Novembro;Senegal;195313
Importação;2022;Novembro;Serra Leoa;27358
Importação;2022;Novembro;Singapura;74669339
Importação;2022;Novembro;Sri Lanka;5284690
Importação;2022;Novembro;Suazilândia;1665
Importação;2022;Novembro;Sudão do Sul;373
Importação;2022;Novembro;Suécia;178091419
Importação;2022;Novembro;Suíça;221354556
Importação;2022;Novembro;São Cristóvão e Névis;639
Importação;2022;Novembro;Sérvia;5505631
Importação;2022;Novembro;Síria;12154
Importação;2022;Novembro;Tadjiquistão;229457
Importação;2022;Novembro;Tailândia;191662457
Importação;2022;Novembro;Taiwan (Formosa);226170912
Importação;2022;Novembro;Tanzânia;327229
Importação;2022;Novembro;Tcheca, República;57715812
Importação;2022;Novembro;Toquelau;122086
Importação;2022;Novembro;Trinidad e Tobago;30364647
Importação;2022;Novembro;Tunísia;5744448
Importação;2022;Novembro;Turquia;129865522
Importação;2022;Novembro;Ucrânia;2765207
Importação;2022;Novembro;Uganda;1328
Importação;2022;Novembro;Uruguai;169233446
Importação;2022;Novembro;Uzbequistão;84100
Importação;2022;Novembro;Vanuatu;2551
Importação;2022;Novembro;Venezuela;393775
Importação;2022;Novembro;Vietnã;262837807
Importação;2022;Novembro;Virgens, Ilhas (Britânicas);150000
Importação;2022;Novembro;Zimbábue;23090
Importação;2022;Novembro;Zâmbia;72118
Importação;2022;Novembro;África do Sul;51153310
Importação;2022;Novembro;Áustria;109657361
Importação;2022;Novembro;Índia;679854810
Importação;2022;Dezembro;Afeganistão;21392
Importação;2022;Dezembro;Aland, Ilhas;59768
Importação;2022;Dezembro;Albânia;51807
Importação;2022;Dezembro;Alemanha;1086205973
Importação;2022;Dezembro;Andorra;335
Importação;2022;Dezembro;Angola;177248943
Importação;2022;Dezembro;Anguilla;18411
Importação;2022;Dezembro;Argentina;981309696
Importação;2022;Dezembro;Argélia;284199334
Importação;2022;Dezembro;Armênia;55859
Importação;2022;Dezembro;Arábia Saudita;155550
Importação;2022;Dezembro;Austrália;198306980
Importação;2022;Dezembro;Bancos Centrais;3612
Importação;2022;Dezembro;Bangladesh;15263205
Importação;2022;Dezembro;Barbados;61699
Importação;2022;Dezembro;Barein;12621940
Importação;2022;Dezembro;Belarus;18077009
Importação;2022;Dezembro;Belize;3319
Importação;2022;Dezembro;Benin;94
Importação;2022;Dezembro;Bermudas;222495
Importação;2022;Dezembro;Bolívia;165117172
Importação;2022;Dezembro;Brasil;20684162
Importação;2022;Dezembro;Brunei;20372977
Importação;2022;Dezembro;Bulgária;4647709
Importação;2022;Dezembro;Butão;26136
Importação;2022;Dezembro;Bélgica;458263030
Importação;2022;Dezembro;Bósnia-Herzegovina;279062
Importação;2022;Dezembro;Camarões;123761
Importação;2022;Dezembro;Camboja;7598620
Importação;2022;Dezembro;Canadá;254840280
Importação;2022;Dezembro;Catar;68380739
Importação;2022;Dezembro;Cayman, Ilhas;178087
Importação;2022;Dezembro;Cazaquistão;5434062
Importação;2022;Dezembro;Chile;298495531
Importação;2022;Dezembro;China;4723530721
Importação;2022;Dezembro;Chipre;394441
Importação;2022;Dezembro;Colômbia;157866202
Importação;2022;Dezembro;Comores;572
Importação;2022;Dezembro;Congo, República Democrática;860352
Importação;2022;Dezembro;Coreia do Norte;49
Importação;2022;Dezembro;Coreia do Sul;352111896
Importação;2022;Dezembro;Costa Rica;12611529
Importação;2022;Dezembro;Costa do Marfim;2450591
Importação;2022;Dezembro;Coveite (Kuweit);22337
Importação;2022;Dezembro;Croácia;1083630
Importação;2022;Dezembro;Cuba;382926
Importação;2022;Dezembro;Curaçao;8771
Importação;2022;Dezembro;Dinamarca;75269906
Importação;2022;Dezembro;Egito;26907553
Importação;2022;Dezembro;El Salvador;764339
Importação;2022;Dezembro;Emirados Árabes Unidos;273466770
Importação;2022;Dezembro;Equador;5576703
Importação;2022;Dezembro;Eslováquia;20233741
Importação;2022;Dezembro;Eslovênia;8911654
Importação;2022;Dezembro;Espanha;357361267
Importação;2022;Dezembro;Estados Unidos;3837508
Importação;2022;Dezembro;Estônia;3266919
Importação;2022;Dezembro;Etiópia;26981
Importação;2022;Dezembro;Filipinas;26226568
Importação;2022;Dezembro;Finlândia;42427225
Importação;2022;Dezembro;França;499365
Importação;2022;Dezembro;Gana;879855
Importação;2022;Dezembro;Geórgia;254381
Importação;2022;Dezembro;Geórgia do Sul e Sandwich do Sul, Ilhas;2797
Importação;2022;Dezembro;Granada;126
Importação;2022;Dezembro;Grécia;3967776
Importação;2022;Dezembro;Guatemala;5847528
Importação;2022;Dezembro;Guernsey;17989
Importação;2022;Dezembro;Guiana;165623148
Importação;2022;Dezembro;Guiana Francesa;814
Importação;2022;Dezembro;Gâmbia;4410
Importação;2022;Dezembro;Haiti;127
Importação;2022;Dezembro;Honduras;1953888
Importação;2022;Dezembro;Hong Kong;54811173
Importação;2022;Dezembro;Hungria;37981614
Importação;2022;Dezembro;Indonésia;123081826
Importação;2022;Dezembro;Irlanda;86845468
Importação;2022;Dezembro;Irã;258389
Importação;2022;Dezembro;Islândia;1326731
Importação;2022;Dezembro;Israel;106173145
Importação;2022;Dezembro;Itália;416833891
Importação;2022;Dezembro;Iêmen;8
Importação;2022;Dezembro;Jamaica;21827
Importação;2022;Dezembro;Japão;403715453
Importação;2022;Dezembro;Jordânia;3603598
Importação;2022;Dezembro;Laos;383785
Importação;2022;Dezembro;Lesoto;1335
Importação;2022;Dezembro;Letônia;32754067
Importação;2022;Dezembro;Liechtenstein;324439
Importação;2022;Dezembro;Lituânia;3292058
Importação;2022;Dezembro;Luxemburgo;6938549
Importação;2022;Dezembro;Líbano;216876
Importação;2022;Dezembro;Macau;907167
Importação;2022;Dezembro;Macedônia;1250472
Importação;2022;Dezembro;Madagascar;803726
Importação;2022;Dezembro;Malavi;174689
Importação;2022;Dezembro;Malta;575666
Importação;2022;Dezembro;Malásia;115521210
Importação;2022;Dezembro;Marrocos;30989412
Importação;2022;Dezembro;Maurício;44341
Importação;2022;Dezembro;Mianmar;1872575
Importação;2022;Dezembro;Moldávia;274534
Importação;2022;Dezembro;Mongólia;28490
Importação;2022;Dezembro;Montenegro;1178
Importação;2022;Dezembro;Montserrat;3214
Importação;2022;Dezembro;Moçambique;1251298
Importação;2022;Dezembro;México;446434353
Importação;2022;Dezembro;Mônaco;1121862
Importação;2022;Dezembro;Namíbia;7
Importação;2022;Dezembro;Nepal;170209
Importação;2022;Dezembro;Nicarágua;489072
Importação;2022;Dezembro;Nigéria;386712077
Importação;2022;Dezembro;Niue;62
Importação;2022;Dezembro;Noruega;79866596
Importação;2022;Dezembro;Nova Caledônia;827
Importação;2022;Dezembro;Nova Zelândia;7021675
Importação;2022;Dezembro;Níger;16
Importação;2022;Dezembro;Omã;112824451
Importação;2022;Dezembro;Pacífico, Ilhas do (EUA);216350
Importação;2022;Dezembro;Palestina;46900
Importação;2022;Dezembro;Panamá;1362734
Importação;2022;Dezembro;Paquistão;8897332
Importação;2022;Dezembro;Paraguai;290092783
Importação;2022;Dezembro;Países Baixos (Holanda);384344170
Importação;2022;Dezembro;Peru;91733413
Importação;2022;Dezembro;Pitcairn;92
Importação;2022;Dezembro;Polinésia Francesa;9384
Importação;2022;Dezembro;Polônia;73592978
Importação;2022;Dezembro;Porto Rico;35868607
Importação;2022;Dezembro;Portugal;90448571
Importação;2022;Dezembro;Quirguistão;1556
Importação;2022;Dezembro;Quênia;91473
Importação;2022;Dezembro;Reino Unido;256055373
Importação;2022;Dezembro;República Dominicana;2331591
Importação;2022;Dezembro;Reunião;4
Importação;2022;Dezembro;Romênia;22742688
Importação;2022;Dezembro;Rússia;737113
Importação;2022;Dezembro;Salomão, Ilhas;3677
Importação;2022;Dezembro;Samoa;45051
Importação;2022;Dezembro;Samoa Americana;16584
Importação;2022;Dezembro;San Marino;1069950
Importação;2022;Dezembro;Seicheles;192248
Importação;2022;Dezembro;Senegal;59597
Importação;2022;Dezembro;Serra Leoa;28849
Importação;2022;Dezembro;Singapura;1086750
Importação;2022;Dezembro;Somália;1805
Importação;2022;Dezembro;Sri Lanka;6390502
Importação;2022;Dezembro;Suazilândia;1736
Importação;2022;Dezembro;Suriname;60
Importação;2022;Dezembro;Suécia;141181518
Importação;2022;Dezembro;Suíça;174089522
Importação;2022;Dezembro;São Cristóvão e Névis;11024
Importação;2022;Dezembro;Sérvia;11189931
Importação;2022;Dezembro;Síria;5187
Importação;2022;Dezembro;Tadjiquistão;129488
Importação;2022;Dezembro;Tailândia;171670487
Importação;2022;Dezembro;Taiwan (Formosa);182435233
Importação;2022;Dezembro;Tanzânia;2886
Importação;2022;Dezembro;Tcheca, República;64398538
Importação;2022;Dezembro;Togo;82885444
Importação;2022;Dezembro;Toquelau;214583
Importação;2022;Dezembro;Trinidad e Tobago;51748204
Importação;2022;Dezembro;Tunísia;3566769
Importação;2022;Dezembro;Turquia;115445240
Importação;2022;Dezembro;Ucrânia;2567674
Importação;2022;Dezembro;Uruguai;144168773
Importação;2022;Dezembro;Uzbequistão;109809
Importação;2022;Dezembro;Venezuela;36926435
Importação;2022;Dezembro;Vietnã;208983318
Importação;2022;Dezembro;Virgens, Ilhas (Britânicas);70276
Importação;2022;Dezembro;Zâmbia;52
Importação;2022;Dezembro;África do Sul;49323594
Importação;2022;Dezembro;Áustria;134990885
Importação;2022;Dezembro;Índia;891116745
Exportação;2023;Janeiro;Albânia;4353511
Exportação;2023;Janeiro;Alemanha;515553185
Exportação;2023;Janeiro;Andorra;24847
Exportação;2023;Janeiro;Angola;43522177
Exportação;2023;Janeiro;Anguilla;69006
Exportação;2023;Janeiro;Antígua e Barbuda;3540
Exportação;2023;Janeiro;Argentina;1029323599
Exportação;2023;Janeiro;Argélia;151262274
Exportação;2023;Janeiro;Armênia;454467
Exportação;2023;Janeiro;Aruba;3087
Exportação;2023;Janeiro;Arábia Saudita;244407907
Exportação;2023;Janeiro;Austrália;58618710
Exportação;2023;Janeiro;Azerbaijão;307052
Exportação;2023;Janeiro;Bahamas;11780754
Exportação;2023;Janeiro;Bangladesh;118473254
Exportação;2023;Janeiro;Barbados;2244835
Exportação;2023;Janeiro;Barein;87496336
Exportação;2023;Janeiro;Belarus;583167
Exportação;2023;Janeiro;Belize;1637413
Exportação;2023;Janeiro;Benin;7935552
Exportação;2023;Janeiro;Bermudas;123999
Exportação;2023;Janeiro;Bolívia;149442297
Exportação;2023;Janeiro;Bonaire, Saint Eustatius e Saba;207
Exportação;2023;Janeiro;Botsuana;434178
Exportação;2023;Janeiro;Brasil;22479593
Exportação;2023;Janeiro;Brunei;86445
Exportação;2023;Janeiro;Bulgária;1209763
Exportação;2023;Janeiro;Burkina Faso;72722
Exportação;2023;Janeiro;Burundi;22082
Exportação;2023;Janeiro;Butão;206920
Exportação;2023;Janeiro;Bélgica;296335964
Exportação;2023;Janeiro;Bósnia-Herzegovina;537928
Exportação;2023;Janeiro;Cabo Verde;2439310
Exportação;2023;Janeiro;Camarões;14828471
Exportação;2023;Janeiro;Camboja;2342293
Exportação;2023;Janeiro;Canadá;441094729
Exportação;2023;Janeiro;Catar;21075724
Exportação;2023;Janeiro;Cayman, Ilhas;482726
Exportação;2023;Janeiro;Cazaquistão;7117153
Exportação;2023;Janeiro;Chade;2310235
Exportação;2023;Janeiro;Chile;547618684
Exportação;2023;Janeiro;China;5055734806
Exportação;2023;Janeiro;Chipre;5353292
Exportação;2023;Janeiro;Colômbia;456741174
Exportação;2023;Janeiro;Comores;404911
Exportação;2023;Janeiro;Congo;15125
Exportação;2023;Janeiro;Congo, República Democrática;21795739
Exportação;2023;Janeiro;Coreia do Sul;520861978
Exportação;2023;Janeiro;Costa Rica;29800914
Exportação;2023;Janeiro;Costa do Marfim;11858473
Exportação;2023;Janeiro;Coveite (Kuweit);17194024
Exportação;2023;Janeiro;Croácia;3800903
Exportação;2023;Janeiro;Cuba;18286895
Exportação;2023;Janeiro;Curaçao;2327307
Exportação;2023;Janeiro;Dinamarca;20283352
Exportação;2023;Janeiro;Djibuti;451835
Exportação;2023;Janeiro;Dominica;325150
Exportação;2023;Janeiro;Egito;150236226
Exportação;2023;Janeiro;El Salvador;13128867
Exportação;2023;Janeiro;Emirados Árabes Unidos;236104688
Exportação;2023;Janeiro;Equador;115982729
Exportação;2023;Janeiro;Eslováquia;1393924
Exportação;2023;Janeiro;Eslovênia;9287989
Exportação;2023;Janeiro;Espanha;667342139
Exportação;2023;Janeiro;Estados Unidos;2706103844
Exportação;2023;Janeiro;Estônia;4614448
Exportação;2023;Janeiro;Etiópia;1422067
Exportação;2023;Janeiro;Falkland (Malvinas);11379
Exportação;2023;Janeiro;Fiji;39007
Exportação;2023;Janeiro;Filipinas;86105129
Exportação;2023;Janeiro;Finlândia;38189007
Exportação;2023;Janeiro;França;225704603
Exportação;2023;Janeiro;Gabão;3754545
Exportação;2023;Janeiro;Gana;25772273
Exportação;2023;Janeiro;Geórgia;25065143
Exportação;2023;Janeiro;Gibraltar;94783
Exportação;2023;Janeiro;Granada;1711
Exportação;2023;Janeiro;Groenlândia;23147
Exportação;2023;Janeiro;Grécia;19231428
Exportação;2023;Janeiro;Guadalupe;1291725
Exportação;2023;Janeiro;Guam;320278
Exportação;2023;Janeiro;Guatemala;50354607
Exportação;2023;Janeiro;Guiana;13193144
Exportação;2023;Janeiro;Guiana Francesa;283441
Exportação;2023;Janeiro;Guiné;7284906
Exportação;2023;Janeiro;Guiné Equatorial;1938613
Exportação;2023;Janeiro;Guiné-Bissau;210499
Exportação;2023;Janeiro;Gâmbia;9159531
Exportação;2023;Janeiro;Haiti;4095224
Exportação;2023;Janeiro;Honduras;14222953
Exportação;2023;Janeiro;Hong Kong;96438546
Exportação;2023;Janeiro;Hungria;13861945
Exportação;2023;Janeiro;Ilha de Man;1794271
Exportação;2023;Janeiro;Indonésia;269360042
Exportação;2023;Janeiro;Iraque;35313855
Exportação;2023;Janeiro;Irlanda;19082295
Exportação;2023;Janeiro;Irã;203222658
Exportação;2023;Janeiro;Islândia;21213148
Exportação;2023;Janeiro;Israel;22609305
Exportação;2023;Janeiro;Itália;360595423
Exportação;2023;Janeiro;Iêmen;59007171
Exportação;2023;Janeiro;Jamaica;4381059
Exportação;2023;Janeiro;Japão;650435434
Exportação;2023;Janeiro;Jersey;189
Exportação;2023;Janeiro;Jordânia;33754061
Exportação;2023;Janeiro;Laos;1179
Exportação;2023;Janeiro;Lesoto;13155
Exportação;2023;Janeiro;Letônia;18518465
Exportação;2023;Janeiro;Libéria;27803609
Exportação;2023;Janeiro;Liechtenstein;1565436
Exportação;2023;Janeiro;Lituânia;2511491
Exportação;2023;Janeiro;Luxemburgo;2443197
Exportação;2023;Janeiro;Líbano;28727567
Exportação;2023;Janeiro;Líbia;26870488
Exportação;2023;Janeiro;Macedônia;1042861
Exportação;2023;Janeiro;Madagascar;1721159
Exportação;2023;Janeiro;Malavi;875485
Exportação;2023;Janeiro;Maldivas;2756024
Exportação;2023;Janeiro;Mali;308915
Exportação;2023;Janeiro;Malta;7083636
Exportação;2023;Janeiro;Malásia;3241489
Exportação;2023;Janeiro;Marrocos;126343059
Exportação;2023;Janeiro;Marshall, Ilhas;21100596
Exportação;2023;Janeiro;Martinica;513733
Exportação;2023;Janeiro;Mauritânia;38042182
Exportação;2023;Janeiro;Maurício;1833506
Exportação;2023;Janeiro;Mayotte;1065225
Exportação;2023;Janeiro;Mianmar;1050531
Exportação;2023;Janeiro;Moldávia;143029
Exportação;2023;Janeiro;Mongólia;45396
Exportação;2023;Janeiro;Montenegro;861942
Exportação;2023;Janeiro;Montserrat;29681
Exportação;2023;Janeiro;Moçambique;1838389
Exportação;2023;Janeiro;México;502077381
Exportação;2023;Janeiro;Mônaco;4495
Exportação;2023;Janeiro;Namíbia;6050802
Exportação;2023;Janeiro;Nepal;299819
Exportação;2023;Janeiro;Nicarágua;17716654
Exportação;2023;Janeiro;Nigéria;95165407
Exportação;2023;Janeiro;Noruega;85240825
Exportação;2023;Janeiro;Nova Caledônia;626388
Exportação;2023;Janeiro;Nova Zelândia;5478757
Exportação;2023;Janeiro;Omã;55674641
Exportação;2023;Janeiro;Pacífico, Ilhas do (EUA);51056
Exportação;2023;Janeiro;Palau;138095
Exportação;2023;Janeiro;Palestina;15985
Exportação;2023;Janeiro;Panamá;64292751
Exportação;2023;Janeiro;Papua Nova Guiné;103
Exportação;2023;Janeiro;Paquistão;51530
Exportação;2023;Janeiro;Paraguai;249810400
Exportação;2023;Janeiro;Países Baixos (Holanda);981303713
Exportação;2023;Janeiro;Peru;170519352
Exportação;2023;Janeiro;Polinésia Francesa;133804
Exportação;2023;Janeiro;Polônia;57383070
Exportação;2023;Janeiro;Porto Rico;23767
Exportação;2023;Janeiro;Portugal;299186434
Exportação;2023;Janeiro;Quirguistão;181256
Exportação;2023;Janeiro;Quênia;4083687
Exportação;2023;Janeiro;Reino Unido;332798169
Exportação;2023;Janeiro;República Centro-Africana;983367
Exportação;2023;Janeiro;República Dominicana;71827846
Exportação;2023;Janeiro;Reunião;281736
Exportação;2023;Janeiro;Romênia;7085221
Exportação;2023;Janeiro;Ruanda;60962
Exportação;2023;Janeiro;Rússia;162878478
Exportação;2023;Janeiro;Samoa;278884
Exportação;2023;Janeiro;Samoa Americana;38141
Exportação;2023;Janeiro;Santa Lúcia;235430
Exportação;2023;Janeiro;Seicheles;1485168
Exportação;2023;Janeiro;Senegal;22486
Exportação;2023;Janeiro;Serra Leoa;1356421
Exportação;2023;Janeiro;Singapura;784170058
Exportação;2023;Janeiro;Sint Maarten;1116932
Exportação;2023;Janeiro;Somália;11402423
Exportação;2023;Janeiro;Sri Lanka;2252439
Exportação;2023;Janeiro;Sudão;835339
Exportação;2023;Janeiro;Sudão do Sul;543958
Exportação;2023;Janeiro;Suriname;3161149
Exportação;2023;Janeiro;Suécia;55741262
Exportação;2023;Janeiro;Suíça;109106482
Exportação;2023;Janeiro;São Bartolomeu;430787
Exportação;2023;Janeiro;São Cristóvão e Névis;614747
Exportação;2023;Janeiro;São Martinho, Ilha de (parte francesa);67354
Exportação;2023;Janeiro;São Tomé e Príncipe;64288
Exportação;2023;Janeiro;São Vicente e Granadinas;387835
Exportação;2023;Janeiro;Sérvia;1842922
Exportação;2023;Janeiro;Síria;3028
Exportação;2023;Janeiro;Tadjiquistão;883914
Exportação;2023;Janeiro;Tailândia;188942153
Exportação;2023;Janeiro;Taiwan (Formosa);122097141
Exportação;2023;Janeiro;Tanzânia;2958040
Exportação;2023;Janeiro;Tcheca, República;6651874
Exportação;2023;Janeiro;Terras Austrais Francesas;3800
Exportação;2023;Janeiro;Timor Leste;372998
Exportação;2023;Janeiro;Togo;14307
Exportação;2023;Janeiro;Tonga;136599
Exportação;2023;Janeiro;Trinidad e Tobago;17789518
Exportação;2023;Janeiro;Tunísia;11787146
Exportação;2023;Janeiro;Turcas e Caicos, Ilhas;60960
Exportação;2023;Janeiro;Turcomenistão;281457
Exportação;2023;Janeiro;Turquia;147134223
Exportação;2023;Janeiro;Ucrânia;3280573
Exportação;2023;Janeiro;Uganda;1119
Exportação;2023;Janeiro;Uruguai;183373914
Exportação;2023;Janeiro;Uzbequistão;45293723
Exportação;2023;Janeiro;Vanuatu;58094
Exportação;2023;Janeiro;Vaticano;121
Exportação;2023;Janeiro;Venezuela;88129225
Exportação;2023;Janeiro;Vietnã;358645489
Exportação;2023;Janeiro;Virgens, Ilhas (Americanas);16736592
Exportação;2023;Janeiro;Virgens, Ilhas (Britânicas);13402
Exportação;2023;Janeiro;Zimbábue;898227
Exportação;2023;Janeiro;Zâmbia;7983
Exportação;2023;Janeiro;África do Sul;192155138
Exportação;2023;Janeiro;Áustria;8505725
Exportação;2023;Janeiro;Índia;352826
Exportação;2023;Fevereiro;Afeganistão;130952
Exportação;2023;Fevereiro;Albânia;5988254
Exportação;2023;Fevereiro;Alemanha;367559100
Exportação;2023;Fevereiro;Angola;31506599
Exportação;2023;Fevereiro;Anguilla;137723
Exportação;2023;Fevereiro;Antígua e Barbuda;3249299
Exportação;2023;Fevereiro;Argentina;1339716315
Exportação;2023;Fevereiro;Argélia;134392464
Exportação;2023;Fevereiro;Armênia;11937258
Exportação;2023;Fevereiro;Aruba;2150336
Exportação;2023;Fevereiro;Arábia Saudita;240543126
Exportação;2023;Fevereiro;Austrália;52958626
Exportação;2023;Fevereiro;Azerbaijão;566325
Exportação;2023;Fevereiro;Bahamas;11727962
Exportação;2023;Fevereiro;Bangladesh;115487618
Exportação;2023;Fevereiro;Barbados;1922896
Exportação;2023;Fevereiro;Barein;121223853
Exportação;2023;Fevereiro;Belarus;639753
Exportação;2023;Fevereiro;Belize;206432
Exportação;2023;Fevereiro;Benin;10264775
Exportação;2023;Fevereiro;Bermudas;195694
Exportação;2023;Fevereiro;Bolívia;129146294
Exportação;2023;Fevereiro;Bonaire, Saint Eustatius e Saba;137453
Exportação;2023;Fevereiro;Botsuana;40
Exportação;2023;Fevereiro;Brasil;57431208
Exportação;2023;Fevereiro;Brunei;318
Exportação;2023;Fevereiro;Bulgária;61714430
Exportação;2023;Fevereiro;Burkina Faso;172504
Exportação;2023;Fevereiro;Burundi;170
Exportação;2023;Fevereiro;Butão;84697
Exportação;2023;Fevereiro;Bélgica;170651527
Exportação;2023;Fevereiro;Bósnia-Herzegovina;238355
Exportação;2023;Fevereiro;Cabo Verde;2261911
Exportação;2023;Fevereiro;Camarões;6270
Exportação;2023;Fevereiro;Camboja;1639108
Exportação;2023;Fevereiro;Canadá;312925193
Exportação;2023;Fevereiro;Catar;17531408
Exportação;2023;Fevereiro;Cayman, Ilhas;1586920
Exportação;2023;Fevereiro;Cazaquistão;5726181
Exportação;2023;Fevereiro;Chade;59853
Exportação;2023;Fevereiro;Chile;514906175
Exportação;2023;Fevereiro;China;4941522153
Exportação;2023;Fevereiro;Chipre;7930009
Exportação;2023;Fevereiro;Colômbia;365537975
Exportação;2023;Fevereiro;Comores;820414
Exportação;2023;Fevereiro;Congo;4575071
Exportação;2023;Fevereiro;Congo, República Democrática;14261448
Exportação;2023;Fevereiro;Coreia do Norte;509
Exportação;2023;Fevereiro;Coreia do Sul;248354905
Exportação;2023;Fevereiro;Costa Rica;21034491
Exportação;2023;Fevereiro;Costa do Marfim;11499840
Exportação;2023;Fevereiro;Coveite (Kuweit);19788043
Exportação;2023;Fevereiro;Croácia;1462976
Exportação;2023;Fevereiro;Cuba;11076
Exportação;2023;Fevereiro;Curaçao;1983125
Exportação;2023;Fevereiro;Dinamarca;26413476
Exportação;2023;Fevereiro;Djibuti;960266
Exportação;2023;Fevereiro;Dominica;891294
Exportação;2023;Fevereiro;Egito;138133372
Exportação;2023;Fevereiro;El Salvador;8788860
Exportação;2023;Fevereiro;Emirados Árabes Unidos;224106745
Exportação;2023;Fevereiro;Equador;70400605
Exportação;2023;Fevereiro;Eslováquia;2405242
Exportação;2023;Fevereiro;Eslovênia;30772776
Exportação;2023;Fevereiro;Espanha;512973340
Exportação;2023;Fevereiro;Estados Unidos;2422743923
Exportação;2023;Fevereiro;Estônia;4759694
Exportação;2023;Fevereiro;Etiópia;1623569
Exportação;2023;Fevereiro;Faroe, Ilhas;2373
Exportação;2023;Fevereiro;Fiji;23962
Exportação;2023;Fevereiro;Filipinas;58581081
Exportação;2023;Fevereiro;Finlândia;34778416
Exportação;2023;Fevereiro;França;236533
Exportação;2023;Fevereiro;Gabão;4159611
Exportação;2023;Fevereiro;Gana;16398279
Exportação;2023;Fevereiro;Geórgia;14836724
Exportação;2023;Fevereiro;Gibraltar;8589
Exportação;2023;Fevereiro;Granada;1342615
Exportação;2023;Fevereiro;Grécia;13070338
Exportação;2023;Fevereiro;Guadalupe;1296308
Exportação;2023;Fevereiro;Guatemala;22461182
Exportação;2023;Fevereiro;Guiana;45162763
Exportação;2023;Fevereiro;Guiana Francesa;771459
Exportação;2023;Fevereiro;Guiné;10970300
Exportação;2023;Fevereiro;Guiné Equatorial;2442303
Exportação;2023;Fevereiro;Guiné-Bissau;152998
Exportação;2023;Fevereiro;Gâmbia;13045005
Exportação;2023;Fevereiro;Haiti;5028448
Exportação;2023;Fevereiro;Honduras;11922215
Exportação;2023;Fevereiro;Hong Kong;85817321
Exportação;2023;Fevereiro;Hungria;2825599
Exportação;2023;Fevereiro;Ilha de Man;717505
Exportação;2023;Fevereiro;Indonésia;172128870
Exportação;2023;Fevereiro;Iraque;32832669
Exportação;2023;Fevereiro;Irlanda;15303917
Exportação;2023;Fevereiro;Irã;77178669
Exportação;2023;Fevereiro;Islândia;21977573
Exportação;2023;Fevereiro;Israel;44079443
Exportação;2023;Fevereiro;Itália;266659568
Exportação;2023;Fevereiro;Iêmen;19238280
Exportação;2023;Fevereiro;Jamaica;7581708
Exportação;2023;Fevereiro;Japão;425181216
Exportação;2023;Fevereiro;Jordânia;23544879
Exportação;2023;Fevereiro;Laos;702316
Exportação;2023;Fevereiro;Letônia;25916622
Exportação;2023;Fevereiro;Libéria;30985509
Exportação;2023;Fevereiro;Liechtenstein;904455
Exportação;2023;Fevereiro;Lituânia;15898729
Exportação;2023;Fevereiro;Luxemburgo;2363183
Exportação;2023;Fevereiro;Líbano;6877842
Exportação;2023;Fevereiro;Líbia;14683508
Exportação;2023;Fevereiro;Macau;250525
Exportação;2023;Fevereiro;Macedônia;2171487
Exportação;2023;Fevereiro;Madagascar;12129213
Exportação;2023;Fevereiro;Malavi;143808
Exportação;2023;Fevereiro;Maldivas;1748880
Exportação;2023;Fevereiro;Mali;1275025
Exportação;2023;Fevereiro;Malta;6048760
Exportação;2023;Fevereiro;Malásia;157978269
Exportação;2023;Fevereiro;Marrocos;108926995
Exportação;2023;Fevereiro;Marshall, Ilhas;20603426
Exportação;2023;Fevereiro;Martinica;834671
Exportação;2023;Fevereiro;Mauritânia;39279
Exportação;2023;Fevereiro;Maurício;1911831
Exportação;2023;Fevereiro;Mayotte;556631
Exportação;2023;Fevereiro;Mianmar;1194496
Exportação;2023;Fevereiro;Moldávia;1981
Exportação;2023;Fevereiro;Mongólia;32379
Exportação;2023;Fevereiro;Montenegro;992276
Exportação;2023;Fevereiro;Moçambique;5945859
Exportação;2023;Fevereiro;México;574482831
Exportação;2023;Fevereiro;Mônaco;27653
Exportação;2023;Fevereiro;Namíbia;1046426
Exportação;2023;Fevereiro;Nepal;495769
Exportação;2023;Fevereiro;Nicarágua;6695030
Exportação;2023;Fevereiro;Nigéria;66470791
Exportação;2023;Fevereiro;Noruega;208785344
Exportação;2023;Fevereiro;Nova Caledônia;956519
Exportação;2023;Fevereiro;Nova Zelândia;15109739
Exportação;2023;Fevereiro;Níger;116699
Exportação;2023;Fevereiro;Omã;84716985
Exportação;2023;Fevereiro;Pacífico, Ilhas do (EUA);16
Exportação;2023;Fevereiro;Palau;11457
Exportação;2023;Fevereiro;Palestina;2004765
Exportação;2023;Fevereiro;Panamá;48714138
Exportação;2023;Fevereiro;Papua Nova Guiné;616132
Exportação;2023;Fevereiro;Paquistão;37169606
Exportação;2023;Fevereiro;Paraguai;243260832
Exportação;2023;Fevereiro;Países Baixos (Holanda);673899117
Exportação;2023;Fevereiro;Peru;184308893
Exportação;2023;Fevereiro;Polinésia Francesa;123743
Exportação;2023;Fevereiro;Polônia;105305579
Exportação;2023;Fevereiro;Porto Rico;15919376
Exportação;2023;Fevereiro;Portugal;154178959
Exportação;2023;Fevereiro;Quirguistão;38
Exportação;2023;Fevereiro;Quênia;2398285
Exportação;2023;Fevereiro;Reino Unido;243402753
Exportação;2023;Fevereiro;República Centro-Africana;1173045
Exportação;2023;Fevereiro;República Dominicana;78079041
Exportação;2023;Fevereiro;Reunião;256806
Exportação;2023;Fevereiro;Romênia;44369644
Exportação;2023;Fevereiro;Ruanda;3996
Exportação;2023;Fevereiro;Rússia;81453288
Exportação;2023;Fevereiro;Samoa;143258
Exportação;2023;Fevereiro;Samoa Americana;68271
Exportação;2023;Fevereiro;Santa Lúcia;112938
Exportação;2023;Fevereiro;Seicheles;909410
Exportação;2023;Fevereiro;Senegal;24857283
Exportação;2023;Fevereiro;Serra Leoa;8345393
Exportação;2023;Fevereiro;Singapura;632088397
Exportação;2023;Fevereiro;Sint Maarten;551847
Exportação;2023;Fevereiro;Somália;916311
Exportação;2023;Fevereiro;Sri Lanka;1223665
Exportação;2023;Fevereiro;Sudão;24522462
Exportação;2023;Fevereiro;Sudão do Sul;386606
Exportação;2023;Fevereiro;Suriname;5697268
Exportação;2023;Fevereiro;Suécia;52911294
Exportação;2023;Fevereiro;Suíça;108007805
Exportação;2023;Fevereiro;São Bartolomeu;30887
Exportação;2023;Fevereiro;São Cristóvão e Névis;12
Exportação;2023;Fevereiro;São Martinho, Ilha de (parte francesa);65819
Exportação;2023;Fevereiro;São Tomé e Príncipe;20818
Exportação;2023;Fevereiro;São Vicente e Granadinas;681261
Exportação;2023;Fevereiro;Sérvia;5045348
Exportação;2023;Fevereiro;Tadjiquistão;892918
Exportação;2023;Fevereiro;Tailândia;280987109
Exportação;2023;Fevereiro;Taiwan (Formosa);113820709
Exportação;2023;Fevereiro;Tanzânia;4595851
Exportação;2023;Fevereiro;Tcheca, República;8038893
Exportação;2023;Fevereiro;Território Britânico do Oceano Índico;38
Exportação;2023;Fevereiro;Timor Leste;1067497
Exportação;2023;Fevereiro;Togo;7965591
Exportação;2023;Fevereiro;Tonga;454686
Exportação;2023;Fevereiro;Trinidad e Tobago;40917652
Exportação;2023;Fevereiro;Tunísia;22878389
Exportação;2023;Fevereiro;Turcas e Caicos, Ilhas;120268
Exportação;2023;Fevereiro;Turquia;214737725
Exportação;2023;Fevereiro;Ucrânia;5296120
Exportação;2023;Fevereiro;Uganda;666051
Exportação;2023;Fevereiro;Uruguai;189052753
Exportação;2023;Fevereiro;Uzbequistão;37717823
Exportação;2023;Fevereiro;Venezuela;75557166
Exportação;2023;Fevereiro;Vietnã;171650204
Exportação;2023;Fevereiro;Virgens, Ilhas (Americanas);52155
Exportação;2023;Fevereiro;Virgens, Ilhas (Britânicas);115172
Exportação;2023;Fevereiro;Wallis e Futuna, Ilhas;4793
Exportação;2023;Fevereiro;Zimbábue;185366
Exportação;2023;Fevereiro;Zâmbia;346893
Exportação;2023;Fevereiro;África do Sul;116615782
Exportação;2023;Fevereiro;Áustria;6941316
Exportação;2023;Fevereiro;Índia;219625886
Exportação;2023;Março;Afeganistão;410428
Exportação;2023;Março;Albânia;9060993
Exportação;2023;Março;Alemanha;558499302
Exportação;2023;Março;Angola;32849098
Exportação;2023;Março;Anguilla;177809
Exportação;2023;Março;Antígua e Barbuda;1997303
Exportação;2023;Março;Argentina;1534588183
Exportação;2023;Março;Argélia;314349662
Exportação;2023;Março;Armênia;118917
Exportação;2023;Março;Aruba;3492243
Exportação;2023;Março;Arábia Saudita;265008864
Exportação;2023;Março;Austrália;60796622
Exportação;2023;Março;Azerbaijão;1309037
Exportação;2023;Março;Bahamas;11953728
Exportação;2023;Março;Bangladesh;273877272
Exportação;2023;Março;Barbados;4431232
Exportação;2023;Março;Barein;71657323
Exportação;2023;Março;Belarus;1053
Exportação;2023;Março;Belize;1358023
Exportação;2023;Março;Benin;8791087
Exportação;2023;Março;Bermudas;492532
Exportação;2023;Março;Bolívia;172999894
Exportação;2023;Março;Bonaire, Saint Eustatius e Saba;119480
Exportação;2023;Março;Botsuana;268386
Exportação;2023;Março;Brasil;21598688
Exportação;2023;Março;Brunei;1651
Exportação;2023;Março;Bulgária;1092673
Exportação;2023;Março;Burkina Faso;122336
Exportação;2023;Março;Burundi;164290
Exportação;2023;Março;Butão;269155
Exportação;2023;Março;Bélgica;263458966
Exportação;2023;Março;Bósnia-Herzegovina;513629
Exportação;2023;Março;Cabo Verde;4065022
Exportação;2023;Março;Camarões;6525628
Exportação;2023;Março;Camboja;4245785
Exportação;2023;Março;Canadá;462967061
Exportação;2023;Março;Catar;13511351
Exportação;2023;Março;Cayman, Ilhas;389791
Exportação;2023;Março;Cazaquistão;9210051
Exportação;2023;Março;Chade;297294
Exportação;2023;Março;Chile;754551698
Exportação;2023;Março;China;10964046554
Exportação;2023;Março;Chipre;149538174
Exportação;2023;Março;Colômbia;379186
Exportação;2023;Março;Comores;971
Exportação;2023;Março;Congo;8592005
Exportação;2023;Março;Congo, República Democrática;21671631
Exportação;2023;Março;Coreia do Sul;600717804
Exportação;2023;Março;Costa Rica;50050433
Exportação;2023;Março;Costa do Marfim;13594883
Exportação;2023;Março;Coveite (Kuweit);20062941
Exportação;2023;Março;Croácia;2670888
Exportação;2023;Março;Cuba;10974813
Exportação;2023;Março;Curaçao;3230938
Exportação;2023;Março;Dinamarca;37349486
Exportação;2023;Março;Djibuti;747223
Exportação;2023;Março;Dominica;965699
Exportação;2023;Março;Egito;260986523
Exportação;2023;Março;El Salvador;17576865
Exportação;2023;Março;Emirados Árabes Unidos;255369304
Exportação;2023;Março;Equador;109722600
Exportação;2023;Março;Eslováquia;2802098
Exportação;2023;Março;Eslovênia;39460923
Exportação;2023;Março;Espanha;1168239973
Exportação;2023;Março;Estados Unidos;3102511427
Exportação;2023;Março;Estônia;2711744
Exportação;2023;Março;Etiópia;1451695
Exportação;2023;Março;Falkland (Malvinas);1352
Exportação;2023;Março;Faroe, Ilhas;38
Exportação;2023;Março;Fiji;233477
Exportação;2023;Março;Filipinas;100448848
Exportação;2023;Março;Finlândia;46736680
Exportação;2023;Março;França;269589620
Exportação;2023;Março;Gabão;5248725
Exportação;2023;Março;Gana;23543090
Exportação;2023;Março;Geórgia;50935971
Exportação;2023;Março;Gibraltar;45948240
Exportação;2023;Março;Granada;1235835
Exportação;2023;Março;Groenlândia;25
Exportação;2023;Março;Grécia;40547834
Exportação;2023;Março;Guadalupe;1240
Exportação;2023;Março;Guam;40635
Exportação;2023;Março;Guatemala;47574
Exportação;2023;Março;Guernsey;350
Exportação;2023;Março;Guiana;23280025
Exportação;2023;Março;Guiana Francesa;373933
Exportação;2023;Março;Guiné;8416487
Exportação;2023;Março;Guiné Equatorial;1189932
Exportação;2023;Março;Guiné-Bissau;418652
Exportação;2023;Março;Gâmbia;3177100
Exportação;2023;Março;Haiti;6100898
Exportação;2023;Março;Honduras;19423174
Exportação;2023;Março;Hong Kong;127765367
Exportação;2023;Março;Hungria;3305905
Exportação;2023;Março;Ilha de Man;1115941
Exportação;2023;Março;Indonésia;277180269
Exportação;2023;Março;Iraque;189879767
Exportação;2023;Março;Irlanda;21513959
Exportação;2023;Março;Irã;117443250
Exportação;2023;Março;Islândia;23841300
Exportação;2023;Março;Israel;60833057
Exportação;2023;Março;Itália;462702939
Exportação;2023;Março;Iêmen;36053786
Exportação;2023;Março;Jamaica;12295964
Exportação;2023;Março;Japão;669049034
Exportação;2023;Março;Jordânia;29341269
Exportação;2023;Março;Laos;1786295
Exportação;2023;Março;Lesoto;4757
Exportação;2023;Março;Letônia;14047007
Exportação;2023;Março;Libéria;38387931
Exportação;2023;Março;Liechtenstein;3002244
Exportação;2023;Março;Lituânia;2569636
Exportação;2023;Março;Luxemburgo;41743719
Exportação;2023;Março;Líbano;39624929
Exportação;2023;Março;Líbia;23700
Exportação;2023;Março;Macau;148378
Exportação;2023;Março;Macedônia;2608294
Exportação;2023;Março;Madagascar;2849167
Exportação;2023;Março;Malavi;111036
Exportação;2023;Março;Maldivas;2664193
Exportação;2023;Março;Mali;122134
Exportação;2023;Março;Malta;8761848
Exportação;2023;Março;Malásia;411958444
Exportação;2023;Março;Marrocos;72569314
Exportação;2023;Março;Marshall, Ilhas;22068161
Exportação;2023;Março;Martinica;317775
Exportação;2023;Março;Mauritânia;23439
Exportação;2023;Março;Maurício;1355774
Exportação;2023;Março;Mayotte;829466
Exportação;2023;Março;Mianmar;2498569
Exportação;2023;Março;Micronésia;87331
Exportação;2023;Março;Moldávia;361223
Exportação;2023;Março;Mongólia;690526
Exportação;2023;Março;Montenegro;2236635
Exportação;2023;Março;Montserrat;25706
Exportação;2023;Março;Moçambique;1784514
Exportação;2023;Março;México;634681259
Exportação;2023;Março;Mônaco;96207
Exportação;2023;Março;Namíbia;1561950
Exportação;2023;Março;Nauru;10517
Exportação;2023;Março;Nepal;5140
Exportação;2023;Março;Nicarágua;8539192
Exportação;2023;Março;Nigéria;82720894
Exportação;2023;Março;Niue;12795
Exportação;2023;Março;Norfolk, Ilha;41795
Exportação;2023;Março;Noruega;128183129
Exportação;2023;Março;Nova Caledônia;963142
Exportação;2023;Março;Nova Zelândia;19371988
Exportação;2023;Março;Níger;391639
Exportação;2023;Março;Omã;136662691
Exportação;2023;Março;Pacífico, Ilhas do (EUA);108000
Exportação;2023;Março;Palau;63833
Exportação;2023;Março;Palestina;2057281
Exportação;2023;Março;Panamá;204956303
Exportação;2023;Março;Papua Nova Guiné;79470
Exportação;2023;Março;Paquistão;31408981
Exportação;2023;Março;Paraguai;304966830
Exportação;2023;Março;Países Baixos (Holanda);1258068672
Exportação;2023;Março;Peru;413641377
Exportação;2023;Março;Pitcairn;3364
Exportação;2023;Março;Polinésia Francesa;803110
Exportação;2023;Março;Polônia;153248973
Exportação;2023;Março;Porto Rico;20468956
Exportação;2023;Março;Portugal;239700229
Exportação;2023;Março;Quirguistão;173866
Exportação;2023;Março;Quênia;6261203
Exportação;2023;Março;Reino Unido;331364
Exportação;2023;Março;República Centro-Africana;1815213
Exportação;2023;Março;República Dominicana;94527798
Exportação;2023;Março;Reunião;577
Exportação;2023;Março;Romênia;51913059
Exportação;2023;Março;Ruanda;14288
Exportação;2023;Março;Rússia;173533078
Exportação;2023;Março;Samoa;273487
Exportação;2023;Março;San Marino;5642
Exportação;2023;Março;Santa Lúcia;186225
Exportação;2023;Março;Seicheles;637775
Exportação;2023;Março;Senegal;8716817
Exportação;2023;Março;Serra Leoa;11654065
Exportação;2023;Março;Singapura;399918602
Exportação;2023;Março;Sint Maarten;857895
Exportação;2023;Março;Somália;689435
Exportação;2023;Março;Sri Lanka;1717056
Exportação;2023;Março;Sudão;1106025
Exportação;2023;Março;Sudão do Sul;627251
Exportação;2023;Março;Suriname;3212512
Exportação;2023;Março;Suécia;84757812
Exportação;2023;Março;Suíça;89151648
Exportação;2023;Março;Svalbard e Jan Mayen;595
Exportação;2023;Março;São Bartolomeu;128245
Exportação;2023;Março;São Cristóvão e Névis;502003
Exportação;2023;Março;São Martinho, Ilha de (parte francesa);144997
Exportação;2023;Março;São Tomé e Príncipe;459669
Exportação;2023;Março;São Vicente e Granadinas;263545
Exportação;2023;Março;Sérvia;7380546
Exportação;2023;Março;Síria;2496991
Exportação;2023;Março;Tadjiquistão;4027
Exportação;2023;Março;Tailândia;358298558
Exportação;2023;Março;Taiwan (Formosa);111757437
Exportação;2023;Março;Tanzânia;6350915
Exportação;2023;Março;Tcheca, República;7096445
Exportação;2023;Março;Terras Austrais Francesas;7885
Exportação;2023;Março;Timor Leste;3235582
Exportação;2023;Março;Togo;8631818
Exportação;2023;Março;Tonga;657432
Exportação;2023;Março;Trinidad e Tobago;19336
Exportação;2023;Março;Tunísia;58367438
Exportação;2023;Março;Turcas e Caicos, Ilhas;128030
Exportação;2023;Março;Turcomenistão;283468
Exportação;2023;Março;Turquia;413166
Exportação;2023;Março;Ucrânia;3519778
Exportação;2023;Março;Uganda;496628
Exportação;2023;Março;Uruguai;306517275
Exportação;2023;Março;Uzbequistão;31349061
Exportação;2023;Março;Vanuatu;7127
Exportação;2023;Março;Venezuela;105484372
Exportação;2023;Março;Vietnã;272824211
Exportação;2023;Março;Virgens, Ilhas (Americanas);26061260
Exportação;2023;Março;Virgens, Ilhas (Britânicas);7153411
Exportação;2023;Março;Zimbábue;275646
Exportação;2023;Março;Zâmbia;426778
Exportação;2023;Março;África do Sul;237148078
Exportação;2023;Março;Áustria;12933076
Exportação;2023;Março;Índia;402689633
Exportação;2023;Abril;Afeganistão;520281
Exportação;2023;Abril;Aland, Ilhas;31892
Exportação;2023;Abril;Albânia;9630902
Exportação;2023;Abril;Alemanha;469396562
Exportação;2023;Abril;Andorra;882
Exportação;2023;Abril;Angola;37422312
Exportação;2023;Abril;Anguilla;72574
Exportação;2023;Abril;Antígua e Barbuda;1651972
Exportação;2023;Abril;Argentina;1667821319
Exportação;2023;Abril;Argélia;130858344
Exportação;2023;Abril;Armênia;1184785
Exportação;2023;Abril;Aruba;3811976
Exportação;2023;Abril;Arábia Saudita;250606736
Exportação;2023;Abril;Austrália;47149236
Exportação;2023;Abril;Azerbaijão;1408848
Exportação;2023;Abril;Bahamas;9910702
Exportação;2023;Abril;Bangladesh;269391305
Exportação;2023;Abril;Barbados;1934114
Exportação;2023;Abril;Barein;115261485
Exportação;2023;Abril;Belarus;261091
Exportação;2023;Abril;Belize;985209
Exportação;2023;Abril;Benin;8339461
Exportação;2023;Abril;Bermudas;403723
Exportação;2023;Abril;Bolívia;153878
Exportação;2023;Abril;Bonaire, Saint Eustatius e Saba;223153
Exportação;2023;Abril;Botsuana;82537
Exportação;2023;Abril;Brasil;8189607
Exportação;2023;Abril;Brunei;4760
Exportação;2023;Abril;Bulgária;2637294
Exportação;2023;Abril;Burkina Faso;684232
Exportação;2023;Abril;Butão;377886
Exportação;2023;Abril;Bélgica;261560956
Exportação;2023;Abril;Bósnia-Herzegovina;79520
Exportação;2023;Abril;Cabo Verde;2885716
Exportação;2023;Abril;Camarões;8374728
Exportação;2023;Abril;Camboja;5108545
Exportação;2023;Abril;Canadá;307147423
Exportação;2023;Abril;Catar;11658270
Exportação;2023;Abril;Cayman, Ilhas;433454
Exportação;2023;Abril;Cazaquistão;3803287
Exportação;2023;Abril;Chade;393641
Exportação;2023;Abril;Chile;520385
Exportação;2023;Abril;China;9100605906
Exportação;2023;Abril;Chipre;7642784
Exportação;2023;Abril;Colômbia;307117839
Exportação;2023;Abril;Comores;593690
Exportação;2023;Abril;Congo;3798146
Exportação;2023;Abril;Congo, República Democrática;16331359
Exportação;2023;Abril;Coreia do Sul;523819
Exportação;2023;Abril;Costa Rica;26698258
Exportação;2023;Abril;Costa do Marfim;13044929
Exportação;2023;Abril;Coveite (Kuweit);20459533
Exportação;2023;Abril;Croácia;895699
Exportação;2023;Abril;Cuba;17634339
Exportação;2023;Abril;Curaçao;2415229
Exportação;2023;Abril;Dinamarca;53144864
Exportação;2023;Abril;Djibuti;292906
Exportação;2023;Abril;Dominica;560682
Exportação;2023;Abril;Egito;128536417
Exportação;2023;Abril;El Salvador;7856167
Exportação;2023;Abril;Emirados Árabes Unidos;208944643
Exportação;2023;Abril;Equador;105711053
Exportação;2023;Abril;Eritreia;13532
Exportação;2023;Abril;Eslováquia;2067378
Exportação;2023;Abril;Eslovênia;8257692
Exportação;2023;Abril;Espanha;418965970
Exportação;2023;Abril;Estados Unidos;2594677333
Exportação;2023;Abril;Estônia;6776873
Exportação;2023;Abril;Etiópia;2056518
Exportação;2023;Abril;Faroe, Ilhas;1941
Exportação;2023;Abril;Fiji;103836
Exportação;2023;Abril;Filipinas;154658745
Exportação;2023;Abril;Finlândia;38191798
Exportação;2023;Abril;França;197161889
Exportação;2023;Abril;Gabão;2713127
Exportação;2023;Abril;Gana;18000517
Exportação;2023;Abril;Geórgia;35862864
Exportação;2023;Abril;Gibraltar;6132
Exportação;2023;Abril;Granada;1265057
Exportação;2023;Abril;Grécia;30627816
Exportação;2023;Abril;Guadalupe;539721
Exportação;2023;Abril;Guam;268952
Exportação;2023;Abril;Guatemala;29081976
Exportação;2023;Abril;Guiana;23798396
Exportação;2023;Abril;Guiana Francesa;7320
Exportação;2023;Abril;Guiné;4588854
Exportação;2023;Abril;Guiné Equatorial;712828
Exportação;2023;Abril;Guiné-Bissau;437986
Exportação;2023;Abril;Gâmbia;2738327
Exportação;2023;Abril;Haiti;6250219
Exportação;2023;Abril;Heard e ilhas mcdonald, Ilha;405804
Exportação;2023;Abril;Honduras;13888405
Exportação;2023;Abril;Hong Kong;117494710
Exportação;2023;Abril;Hungria;3138614
Exportação;2023;Abril;Ilha de Man;3794826
Exportação;2023;Abril;Indonésia;188806527
Exportação;2023;Abril;Iraque;47623890
Exportação;2023;Abril;Irlanda;18327666
Exportação;2023;Abril;Irã;189192942
Exportação;2023;Abril;Islândia;22662580
Exportação;2023;Abril;Israel;72326949
Exportação;2023;Abril;Itália;308714577
Exportação;2023;Abril;Iêmen;44296620
Exportação;2023;Abril;Jamaica;7815389
Exportação;2023;Abril;Japão;454402525
Exportação;2023;Abril;Jersey;117
Exportação;2023;Abril;Jordânia;35862160
Exportação;2023;Abril;Kiribati;34502
Exportação;2023;Abril;Laos;1375692
Exportação;2023;Abril;Letônia;4374851
Exportação;2023;Abril;Libéria;28261736
Exportação;2023;Abril;Liechtenstein;1582273
Exportação;2023;Abril;Lituânia;2241465
Exportação;2023;Abril;Luxemburgo;3349670
Exportação;2023;Abril;Líbano;12894235
Exportação;2023;Abril;Líbia;37346581
Exportação;2023;Abril;Macau;705381
Exportação;2023;Abril;Macedônia;1997403
Exportação;2023;Abril;Madagascar;12264
Exportação;2023;Abril;Malavi;383105
Exportação;2023;Abril;Maldivas;1829566
Exportação;2023;Abril;Mali;85586
Exportação;2023;Abril;Malta;8074676
Exportação;2023;Abril;Malásia;175640324
Exportação;2023;Abril;Marrocos;44480507
Exportação;2023;Abril;Marshall, Ilhas;23135859
Exportação;2023;Abril;Martinica;4403728
Exportação;2023;Abril;Mauritânia;1760441
Exportação;2023;Abril;Maurício;2095290
Exportação;2023;Abril;Mayotte;722465
Exportação;2023;Abril;Mianmar;4452233
Exportação;2023;Abril;Moldávia;355447
Exportação;2023;Abril;Mongólia;252882
Exportação;2023;Abril;Montenegro;1726530
Exportação;2023;Abril;Montserrat;62228
Exportação;2023;Abril;Moçambique;2044662
Exportação;2023;Abril;México;860480594
Exportação;2023;Abril;Mônaco;2749
Exportação;2023;Abril;Namíbia;736371
Exportação;2023;Abril;Nepal;15563
Exportação;2023;Abril;Nicarágua;6604717
Exportação;2023;Abril;Nigéria;94400292
Exportação;2023;Abril;Norfolk, Ilha;37906
Exportação;2023;Abril;Noruega;98738317
Exportação;2023;Abril;Nova Caledônia;862
Exportação;2023;Abril;Nova Zelândia;5228790
Exportação;2023;Abril;Níger;170456
Exportação;2023;Abril;Omã;120534770
Exportação;2023;Abril;Palau;460681
Exportação;2023;Abril;Palestina;2331500
Exportação;2023;Abril;Panamá;653611
Exportação;2023;Abril;Papua Nova Guiné;235584
Exportação;2023;Abril;Paquistão;34186743
Exportação;2023;Abril;Paraguai;242296356
Exportação;2023;Abril;Países Baixos (Holanda);858765167
Exportação;2023;Abril;Peru;226691057
Exportação;2023;Abril;Pitcairn;28029
Exportação;2023;Abril;Polinésia Francesa;71709
Exportação;2023;Abril;Polônia;165402619
Exportação;2023;Abril;Porto Rico;15496438
Exportação;2023;Abril;Portugal;531441535
Exportação;2023;Abril;Quirguistão;11183
Exportação;2023;Abril;Quênia;3720920
Exportação;2023;Abril;Reino Unido;341585682
Exportação;2023;Abril;República Centro-Africana;171584
Exportação;2023;Abril;República Dominicana;64343671
Exportação;2023;Abril;Reunião;233620
Exportação;2023;Abril;Romênia;21715341
Exportação;2023;Abril;Ruanda;189575
Exportação;2023;Abril;Rússia;113933179
Exportação;2023;Abril;Samoa;293699
Exportação;2023;Abril;Samoa Americana;465324
Exportação;2023;Abril;Santa Lúcia;67831733
Exportação;2023;Abril;Seicheles;802835
Exportação;2023;Abril;Senegal;18962723
Exportação;2023;Abril;Serra Leoa;6664054
Exportação;2023;Abril;Singapura;529655929
Exportação;2023;Abril;Sint Maarten;1514973
Exportação;2023;Abril;Somália;368257
Exportação;2023;Abril;Sri Lanka;1111071
Exportação;2023;Abril;Suazilândia;18
Exportação;2023;Abril;Sudão;742335
Exportação;2023;Abril;Sudão do Sul;992574
Exportação;2023;Abril;Suriname;4274874
Exportação;2023;Abril;Suécia;55837463
Exportação;2023;Abril;Suíça;198003
Exportação;2023;Abril;São Bartolomeu;321213
Exportação;2023;Abril;São Cristóvão e Névis;759682
Exportação;2023;Abril;São Martinho, Ilha de (parte francesa);110
Exportação;2023;Abril;São Tomé e Príncipe;215108
Exportação;2023;Abril;São Vicente e Granadinas;443297
Exportação;2023;Abril;Sérvia;2476407
Exportação;2023;Abril;Síria;1478868
Exportação;2023;Abril;Tadjiquistão;174050
Exportação;2023;Abril;Tailândia;338922378
Exportação;2023;Abril;Taiwan (Formosa);257193937
Exportação;2023;Abril;Tanzânia;7973148
Exportação;2023;Abril;Tcheca, República;45807
Exportação;2023;Abril;Terras Austrais Francesas;140681
Exportação;2023;Abril;Território Britânico do Oceano Índico;118938
Exportação;2023;Abril;Timor Leste;2055334
Exportação;2023;Abril;Togo;7937834
Exportação;2023;Abril;Tonga;313492
Exportação;2023;Abril;Trinidad e Tobago;25618700
Exportação;2023;Abril;Tunísia;49038495
Exportação;2023;Abril;Turcas e Caicos, Ilhas;274358
Exportação;2023;Abril;Turquia;276300779
Exportação;2023;Abril;Ucrânia;3695043
Exportação;2023;Abril;Uganda;1315045
Exportação;2023;Abril;Uruguai;296117545
Exportação;2023;Abril;Uzbequistão;20053453
Exportação;2023;Abril;Vanuatu;915
Exportação;2023;Abril;Venezuela;73062
Exportação;2023;Abril;Vietnã;230426723
Exportação;2023;Abril;Virgens, Ilhas (Americanas);53783111
Exportação;2023;Abril;Virgens, Ilhas (Britânicas);47169
Exportação;2023;Abril;Zimbábue;388514
Exportação;2023;Abril;Zâmbia;745757
Exportação;2023;Abril;África do Sul;164277895
Exportação;2023;Abril;Áustria;9154763
Exportação;2023;Abril;Índia;269030766
Exportação;2023;Maio;Afeganistão;177493
Exportação;2023;Maio;Albânia;9143633
Exportação;2023;Maio;Alemanha;447737362
Exportação;2023;Maio;Andorra;5023
Exportação;2023;Maio;Angola;34120061
Exportação;2023;Maio;Anguilla;141838
Exportação;2023;Maio;Antígua e Barbuda;2996814
Exportação;2023;Maio;Argentina;1912959452
Exportação;2023;Maio;Argélia;228806222
Exportação;2023;Maio;Armênia;1180450
Exportação;2023;Maio;Aruba;6322377
Exportação;2023;Maio;Arábia Saudita;322386562
Exportação;2023;Maio;Austrália;59536043
Exportação;2023;Maio;Azerbaijão;6581589
Exportação;2023;Maio;Bahamas;14788504
Exportação;2023;Maio;Bangladesh;223222862
Exportação;2023;Maio;Barbados;2068294
Exportação;2023;Maio;Barein;132811038
Exportação;2023;Maio;Belarus;152149
Exportação;2023;Maio;Belize;1615684
Exportação;2023;Maio;Benin;6420432
Exportação;2023;Maio;Bermudas;145089
Exportação;2023;Maio;Bolívia;152707756
Exportação;2023;Maio;Bonaire, Saint Eustatius e Saba;339265
Exportação;2023;Maio;Botsuana;109397
Exportação;2023;Maio;Brasil;13298026
Exportação;2023;Maio;Brunei;138
Exportação;2023;Maio;Bulgária;68060446
Exportação;2023;Maio;Burkina Faso;80235
Exportação;2023;Maio;Burundi;14241
Exportação;2023;Maio;Butão;358415
Exportação;2023;Maio;Bélgica;274373374
Exportação;2023;Maio;Bósnia-Herzegovina;313966
Exportação;2023;Maio;Cabo Verde;4320923
Exportação;2023;Maio;Camarões;9556106
Exportação;2023;Maio;Camboja;2527783
Exportação;2023;Maio;Canadá;553317772
Exportação;2023;Maio;Catar;16559797
Exportação;2023;Maio;Cayman, Ilhas;832035
Exportação;2023;Maio;Cazaquistão;51039
Exportação;2023;Maio;Chade;51389
Exportação;2023;Maio;Chile;785475794
Exportação;2023;Maio;China;10566779428
Exportação;2023;Maio;Chipre;8690054
Exportação;2023;Maio;Colômbia;362818804
Exportação;2023;Maio;Comores;322616
Exportação;2023;Maio;Congo;6043973
Exportação;2023;Maio;Congo, República Democrática;6135814
Exportação;2023;Maio;Cook, Ilhas;7338
Exportação;2023;Maio;Coreia do Sul;455281189
Exportação;2023;Maio;Costa Rica;53060
Exportação;2023;Maio;Costa do Marfim;13907289
Exportação;2023;Maio;Coveite (Kuweit);18408979
Exportação;2023;Maio;Croácia;17382533
Exportação;2023;Maio;Cuba;10614192
Exportação;2023;Maio;Curaçao;3063199
Exportação;2023;Maio;Dinamarca;52432942
Exportação;2023;Maio;Djibuti;514147
Exportação;2023;Maio;Dominica;483876
Exportação;2023;Maio;Egito;247876053
Exportação;2023;Maio;El Salvador;17568584
Exportação;2023;Maio;Emirados Árabes Unidos;260433810
Exportação;2023;Maio;Equador;95088938
Exportação;2023;Maio;Eslováquia;1839496
Exportação;2023;Maio;Eslovênia;35977131
Exportação;2023;Maio;Espanha;697283090
Exportação;2023;Maio;Estados Unidos;3198158156
Exportação;2023;Maio;Estônia;6853285
Exportação;2023;Maio;Etiópia;1620241
Exportação;2023;Maio;Faroe, Ilhas;4
Exportação;2023;Maio;Fiji;28932
Exportação;2023;Maio;Filipinas;149009423
Exportação;2023;Maio;Finlândia;21077376
Exportação;2023;Maio;França;296879277
Exportação;2023;Maio;Gabão;3052409
Exportação;2023;Maio;Gana;34601
Exportação;2023;Maio;Geórgia;54940234
Exportação;2023;Maio;Gibraltar;48378928
Exportação;2023;Maio;Granada;1736963
Exportação;2023;Maio;Groenlândia;29695
Exportação;2023;Maio;Grécia;31705758
Exportação;2023;Maio;Guadalupe;1224569
Exportação;2023;Maio;Guam;51157
Exportação;2023;Maio;Guatemala;46172062
Exportação;2023;Maio;Guiana;45535146
Exportação;2023;Maio;Guiana Francesa;1021298
Exportação;2023;Maio;Guiné;10949846
Exportação;2023;Maio;Guiné Equatorial;1335298
Exportação;2023;Maio;Guiné-Bissau;136231
Exportação;2023;Maio;Gâmbia;25744836
Exportação;2023;Maio;Haiti;4274965
Exportação;2023;Maio;Honduras;15945525
Exportação;2023;Maio;Hong Kong;108205935
Exportação;2023;Maio;Hungria;5295360
Exportação;2023;Maio;Ilha de Man;1980942
Exportação;2023;Maio;Indonésia;340359289
Exportação;2023;Maio;Iraque;235391742
Exportação;2023;Maio;Irlanda;10687614
Exportação;2023;Maio;Irã;178281007
Exportação;2023;Maio;Islândia;13324129
Exportação;2023;Maio;Israel;80048270
Exportação;2023;Maio;Itália;414921537
Exportação;2023;Maio;Iêmen;24483662
Exportação;2023;Maio;Jamaica;10636332
Exportação;2023;Maio;Japão;442885802
Exportação;2023;Maio;Jordânia;23573167
Exportação;2023;Maio;Laos;2422224
Exportação;2023;Maio;Lesoto;5475
Exportação;2023;Maio;Letônia;6447762
Exportação;2023;Maio;Libéria;30967120
Exportação;2023;Maio;Liechtenstein;794259
Exportação;2023;Maio;Lituânia;2688370
Exportação;2023;Maio;Luxemburgo;2672862
Exportação;2023;Maio;Líbano;55304970
Exportação;2023;Maio;Líbia;33833096
Exportação;2023;Maio;Macau;765840
Exportação;2023;Maio;Macedônia;1857668
Exportação;2023;Maio;Madagascar;3180082
Exportação;2023;Maio;Malavi;12105
Exportação;2023;Maio;Maldivas;1950353
Exportação;2023;Maio;Mali;338
Exportação;2023;Maio;Malta;7845309
Exportação;2023;Maio;Malásia;329075559
Exportação;2023;Maio;Marrocos;73589221
Exportação;2023;Maio;Marshall, Ilhas;25227
Exportação;2023;Maio;Martinica;566864
Exportação;2023;Maio;Mauritânia;5174834
Exportação;2023;Maio;Maurício;19874934
Exportação;2023;Maio;Mayotte;479894
Exportação;2023;Maio;Mianmar;5269522
Exportação;2023;Maio;Moldávia;475458
Exportação;2023;Maio;Mongólia;628925
Exportação;2023;Maio;Montenegro;1303328
Exportação;2023;Maio;Moçambique;1805693
Exportação;2023;Maio;México;911297742
Exportação;2023;Maio;Mônaco;78367
Exportação;2023;Maio;Namíbia;1039409
Exportação;2023;Maio;Nepal;6191
Exportação;2023;Maio;Nicarágua;7592440
Exportação;2023;Maio;Nigéria;48602659
Exportação;2023;Maio;Noruega;136774
Exportação;2023;Maio;Nova Caledônia;749386
Exportação;2023;Maio;Nova Zelândia;5211345
Exportação;2023;Maio;Níger;326685
Exportação;2023;Maio;Omã;170295121
Exportação;2023;Maio;Pacífico, Ilhas do (EUA);98470
Exportação;2023;Maio;Palestina;3526088
Exportação;2023;Maio;Panamá;65236478
Exportação;2023;Maio;Papua Nova Guiné;122653
Exportação;2023;Maio;Paquistão;24297087
Exportação;2023;Maio;Paraguai;313197671
Exportação;2023;Maio;Países Baixos (Holanda);958838187
Exportação;2023;Maio;Peru;366410496
Exportação;2023;Maio;Polinésia Francesa;266936
Exportação;2023;Maio;Polônia;129213524
Exportação;2023;Maio;Porto Rico;16053288
Exportação;2023;Maio;Portugal;314873878
Exportação;2023;Maio;Quirguistão;102497
Exportação;2023;Maio;Quênia;8383158
Exportação;2023;Maio;Reino Unido;258894786
Exportação;2023;Maio;República Dominicana;86416790
Exportação;2023;Maio;Reunião;346736
Exportação;2023;Maio;Romênia;53821623
Exportação;2023;Maio;Ruanda;29661
Exportação;2023;Maio;Rússia;143190607
Exportação;2023;Maio;Salomão, Ilhas;16069
Exportação;2023;Maio;Samoa;256492
Exportação;2023;Maio;Samoa Americana;34076
Exportação;2023;Maio;Santa Lúcia;329732
Exportação;2023;Maio;Seicheles;1193619
Exportação;2023;Maio;Senegal;16674091
Exportação;2023;Maio;Serra Leoa;1561089
Exportação;2023;Maio;Singapura;1166352346
Exportação;2023;Maio;Sint Maarten;1566388
Exportação;2023;Maio;Somália;6670480
Exportação;2023;Maio;Sri Lanka;2658266
Exportação;2023;Maio;Sudão;72364
Exportação;2023;Maio;Sudão do Sul;521868
Exportação;2023;Maio;Suriname;2769962
Exportação;2023;Maio;Suécia;41131895
Exportação;2023;Maio;Suíça;117969567
Exportação;2023;Maio;São Bartolomeu;519397
Exportação;2023;Maio;São Cristóvão e Névis;603071
Exportação;2023;Maio;São Martinho, Ilha de (parte francesa);83902
Exportação;2023;Maio;São Tomé e Príncipe;880805
Exportação;2023;Maio;São Vicente e Granadinas;194689
Exportação;2023;Maio;Sérvia;2361451
Exportação;2023;Maio;Síria;1573349
Exportação;2023;Maio;Tadjiquistão;177670
Exportação;2023;Maio;Tailândia;592600005
Exportação;2023;Maio;Taiwan (Formosa);100952207
Exportação;2023;Maio;Tanzânia;3327594
Exportação;2023;Maio;Tcheca, República;5627556
Exportação;2023;Maio;Terras Austrais Francesas;1844
Exportação;2023;Maio;Timor Leste;1417633
Exportação;2023;Maio;Togo;9055
Exportação;2023;Maio;Tonga;399535
Exportação;2023;Maio;Trinidad e Tobago;40852390
Exportação;2023;Maio;Tunísia;18222125
Exportação;2023;Maio;Turcas e Caicos, Ilhas;254763
Exportação;2023;Maio;Turcomenistão;105021
Exportação;2023;Maio;Turquia;481434968
Exportação;2023;Maio;Tuvalu;359
Exportação;2023;Maio;Ucrânia;3433190
Exportação;2023;Maio;Uganda;576756
Exportação;2023;Maio;Uruguai;283989343
Exportação;2023;Maio;Uzbequistão;9526890
Exportação;2023;Maio;Venezuela;106246931
Exportação;2023;Maio;Vietnã;197759862
Exportação;2023;Maio;Virgens, Ilhas (Americanas);32580
Exportação;2023;Maio;Virgens, Ilhas (Britânicas);3612974
Exportação;2023;Maio;Zimbábue;523297
Exportação;2023;Maio;Zâmbia;487091
Exportação;2023;Maio;África do Sul;89151529
Exportação;2023;Maio;Áustria;6762020
Exportação;2023;Maio;Índia;581508200
Exportação;2023;Junho;Afeganistão;581062
Exportação;2023;Junho;Albânia;10316244
Exportação;2023;Junho;Alemanha;514456199
Exportação;2023;Junho;Angola;37876157
Exportação;2023;Junho;Anguilla;115430
Exportação;2023;Junho;Antígua e Barbuda;1105666
Exportação;2023;Junho;Argentina;1949278056
Exportação;2023;Junho;Argélia;177034840
Exportação;2023;Junho;Armênia;194868
Exportação;2023;Junho;Aruba;2729586
Exportação;2023;Junho;Arábia Saudita;296042896
Exportação;2023;Junho;Austrália;66698855
Exportação;2023;Junho;Azerbaijão;3717883
Exportação;2023;Junho;Bahamas;11030847
Exportação;2023;Junho;Bangladesh;223388989
Exportação;2023;Junho;Barbados;2310561
Exportação;2023;Junho;Barein;78314555
Exportação;2023;Junho;Belarus;439724
Exportação;2023;Junho;Belize;3852220
Exportação;2023;Junho;Benin;6973068
Exportação;2023;Junho;Bermudas;328592
Exportação;2023;Junho;Bolívia;137226709
Exportação;2023;Junho;Bonaire, Saint Eustatius e Saba;374190
Exportação;2023;Junho;Botsuana;10251
Exportação;2023;Junho;Brasil;34179245
Exportação;2023;Junho;Brunei;4390
Exportação;2023;Junho;Bulgária;1094119
Exportação;2023;Junho;Burkina Faso;1241793
Exportação;2023;Junho;Butão;379469
Exportação;2023;Junho;Bélgica;338287960
Exportação;2023;Junho;Bósnia-Herzegovina;399090
Exportação;2023;Junho;Cabo Verde;3178508
Exportação;2023;Junho;Camarões;13298663
Exportação;2023;Junho;Camboja;3643493
Exportação;2023;Junho;Canadá;486985612
Exportação;2023;Junho;Catar;48464166
Exportação;2023;Junho;Cayman, Ilhas;213246
Exportação;2023;Junho;Cazaquistão;2447049
Exportação;2023;Junho;Chade;1628160
Exportação;2023;Junho;Chile;692402783
Exportação;2023;Junho;China;9306145964
Exportação;2023;Junho;Chipre;8782985
Exportação;2023;Junho;Colômbia;306171278
Exportação;2023;Junho;Comores;736194
Exportação;2023;Junho;Congo;7612069
Exportação;2023;Junho;Congo, República Democrática;7902748
Exportação;2023;Junho;Cook, Ilhas;19961
Exportação;2023;Junho;Coreia do Sul;280395510
Exportação;2023;Junho;Costa Rica;25709391
Exportação;2023;Junho;Costa do Marfim;6951188
Exportação;2023;Junho;Coveite (Kuweit);26586089
Exportação;2023;Junho;Croácia;4338214
Exportação;2023;Junho;Cuba;11404780
Exportação;2023;Junho;Curaçao;4348623
Exportação;2023;Junho;Dinamarca;30224056
Exportação;2023;Junho;Djibuti;5621974
Exportação;2023;Junho;Dominica;219653
Exportação;2023;Junho;Egito;58156994
Exportação;2023;Junho;El Salvador;34112197
Exportação;2023;Junho;Emirados Árabes Unidos;249412734
Exportação;2023;Junho;Equador;76334053
Exportação;2023;Junho;Eslováquia;1793806
Exportação;2023;Junho;Eslovênia;60053431
Exportação;2023;Junho;Espanha;432122257
Exportação;2023;Junho;Estados Unidos;3151862805
Exportação;2023;Junho;Estônia;11452103
Exportação;2023;Junho;Etiópia;1481718
Exportação;2023;Junho;Faroe, Ilhas;25700
Exportação;2023;Junho;Fiji;58603
Exportação;2023;Junho;Filipinas;99580
Exportação;2023;Junho;Finlândia;70430
Exportação;2023;Junho;França;196024277
Exportação;2023;Junho;Gabão;4658729
Exportação;2023;Junho;Gana;27092775
Exportação;2023;Junho;Geórgia;81970753
Exportação;2023;Junho;Gibraltar;58663
Exportação;2023;Junho;Granada;2184
Exportação;2023;Junho;Grécia;47164073
Exportação;2023;Junho;Guadalupe;617009
Exportação;2023;Junho;Guam;44505
Exportação;2023;Junho;Guatemala;29417624
Exportação;2023;Junho;Guiana;25067948
Exportação;2023;Junho;Guiana Francesa;526733
Exportação;2023;Junho;Guiné;8673967
Exportação;2023;Junho;Guiné Equatorial;1339499
Exportação;2023;Junho;Guiné-Bissau;99049
Exportação;2023;Junho;Gâmbia;5535366
Exportação;2023;Junho;Haiti;4418237
Exportação;2023;Junho;Honduras;16615823
Exportação;2023;Junho;Hong Kong;127588717
Exportação;2023;Junho;Hungria;4349244
Exportação;2023;Junho;Ilha de Man;2423632
Exportação;2023;Junho;Indonésia;335173040
Exportação;2023;Junho;Iraque;97579026
Exportação;2023;Junho;Irlanda;12931928
Exportação;2023;Junho;Irã;178811340
Exportação;2023;Junho;Islândia;12117166
Exportação;2023;Junho;Israel;56831331
Exportação;2023;Junho;Itália;413165930
Exportação;2023;Junho;Iêmen;44485714
Exportação;2023;Junho;Jamaica;82584537
Exportação;2023;Junho;Japão;446790085
Exportação;2023;Junho;Jersey;71334
Exportação;2023;Junho;Jordânia;24621494
Exportação;2023;Junho;Laos;2765365
Exportação;2023;Junho;Letônia;23512363
Exportação;2023;Junho;Libéria;31953956
Exportação;2023;Junho;Liechtenstein;746807
Exportação;2023;Junho;Lituânia;6437327
Exportação;2023;Junho;Luxemburgo;2853881
Exportação;2023;Junho;Líbano;22046892
Exportação;2023;Junho;Líbia;23179683
Exportação;2023;Junho;Macau;13171
Exportação;2023;Junho;Macedônia;708973
Exportação;2023;Junho;Madagascar;3830
Exportação;2023;Junho;Malavi;194893
Exportação;2023;Junho;Maldivas;1657072
Exportação;2023;Junho;Mali;169308
Exportação;2023;Junho;Malta;82925
Exportação;2023;Junho;Malásia;318252229
Exportação;2023;Junho;Marrocos;98064
Exportação;2023;Junho;Marshall, Ilhas;19504491
Exportação;2023;Junho;Martinica;730410
Exportação;2023;Junho;Mauritânia;16050897
Exportação;2023;Junho;Maurício;2783850
Exportação;2023;Junho;Mayotte;627625
Exportação;2023;Junho;Mianmar;2876108
Exportação;2023;Junho;Moldávia;19419
Exportação;2023;Junho;Mongólia;171950
Exportação;2023;Junho;Montenegro;2065814
Exportação;2023;Junho;Montserrat;32657
Exportação;2023;Junho;Moçambique;1491039
Exportação;2023;Junho;México;878823304
Exportação;2023;Junho;Mônaco;213835
Exportação;2023;Junho;Namíbia;1025685
Exportação;2023;Junho;Nepal;143078
Exportação;2023;Junho;Nicarágua;7734464
Exportação;2023;Junho;Nigéria;105163783
Exportação;2023;Junho;Norfolk, Ilha;47037
Exportação;2023;Junho;Noruega;107791791
Exportação;2023;Junho;Nova Caledônia;894530
Exportação;2023;Junho;Nova Zelândia;8526687
Exportação;2023;Junho;Níger;37840
Exportação;2023;Junho;Omã;47161725
Exportação;2023;Junho;Pacífico, Ilhas do (EUA);42450
Exportação;2023;Junho;Palau;451636
Exportação;2023;Junho;Palestina;2230555
Exportação;2023;Junho;Panamá;54298750
Exportação;2023;Junho;Papua Nova Guiné;6610
Exportação;2023;Junho;Paquistão;26344335
Exportação;2023;Junho;Paraguai;307110483
Exportação;2023;Junho;Países Baixos (Holanda);1046779822
Exportação;2023;Junho;Peru;237253379
Exportação;2023;Junho;Polinésia Francesa;685870
Exportação;2023;Junho;Polônia;254891351
Exportação;2023;Junho;Porto Rico;16397264
Exportação;2023;Junho;Portugal;307813
Exportação;2023;Junho;Quirguistão;104905
Exportação;2023;Junho;Quênia;7152595
Exportação;2023;Junho;Reino Unido;316656653
Exportação;2023;Junho;República Centro-Africana;124719
Exportação;2023;Junho;República Dominicana;74881236
Exportação;2023;Junho;Reunião;399182
Exportação;2023;Junho;Romênia;32847473
Exportação;2023;Junho;Ruanda;58660
Exportação;2023;Junho;Rússia;108913146
Exportação;2023;Junho;Salomão, Ilhas;60703
Exportação;2023;Junho;Samoa;196792
Exportação;2023;Junho;Samoa Americana;223555
Exportação;2023;Junho;San Marino;23657
Exportação;2023;Junho;Santa Helena;298065
Exportação;2023;Junho;Santa Lúcia;243673
Exportação;2023;Junho;Seicheles;851347
Exportação;2023;Junho;Senegal;181225
Exportação;2023;Junho;Serra Leoa;1843853
Exportação;2023;Junho;Singapura;9389348
Exportação;2023;Junho;Sint Maarten;669948
Exportação;2023;Junho;Somália;13020575
Exportação;2023;Junho;Sri Lanka;6375358
Exportação;2023;Junho;Sudão;1522627
Exportação;2023;Junho;Sudão do Sul;326533
Exportação;2023;Junho;Suriname;3333484
Exportação;2023;Junho;Suécia;98060566
Exportação;2023;Junho;Suíça;114268289
Exportação;2023;Junho;São Cristóvão e Névis;2045
Exportação;2023;Junho;São Martinho, Ilha de (parte francesa);30
Exportação;2023;Junho;São Tomé e Príncipe;186578
Exportação;2023;Junho;São Vicente e Granadinas;227069
Exportação;2023;Junho;Sérvia;2853482
Exportação;2023;Junho;Síria;579205
Exportação;2023;Junho;Tailândia;289599306
Exportação;2023;Junho;Taiwan (Formosa);168326690
Exportação;2023;Junho;Tanzânia;9775274
Exportação;2023;Junho;Tcheca, República;5738204
Exportação;2023;Junho;Timor Leste;1394106
Exportação;2023;Junho;Togo;4543729
Exportação;2023;Junho;Tonga;662291
Exportação;2023;Junho;Trinidad e Tobago;17726505
Exportação;2023;Junho;Tunísia;32745333
Exportação;2023;Junho;Turcas e Caicos, Ilhas;178772
Exportação;2023;Junho;Turquia;293498023
Exportação;2023;Junho;Ucrânia;1822339
Exportação;2023;Junho;Uganda;1004453
Exportação;2023;Junho;Uruguai;321367908
Exportação;2023;Junho;Uzbequistão;23025739
Exportação;2023;Junho;Vanuatu;104544
Exportação;2023;Junho;Venezuela;81992136
Exportação;2023;Junho;Vietnã;287118
Exportação;2023;Junho;Virgens, Ilhas (Americanas);85405
Exportação;2023;Junho;Virgens, Ilhas (Britânicas);158705
Exportação;2023;Junho;Zimbábue;572570
Exportação;2023;Junho;Zâmbia;396589
Exportação;2023;Junho;África do Sul;131225167
Exportação;2023;Junho;Áustria;5853026
Exportação;2023;Junho;Índia;451744547
Exportação;2023;Julho;Afeganistão;125233
Exportação;2023;Julho;Albânia;9062261
Exportação;2023;Julho;Alemanha;482400295
Exportação;2023;Julho;Andorra;92
Exportação;2023;Julho;Angola;38860269
Exportação;2023;Julho;Antígua e Barbuda;1484674
Exportação;2023;Julho;Argentina;1616558977
Exportação;2023;Julho;Argélia;280805141
Exportação;2023;Julho;Armênia;491558
Exportação;2023;Julho;Aruba;2990714
Exportação;2023;Julho;Arábia Saudita;253037644
Exportação;2023;Julho;Austrália;50814195
Exportação;2023;Julho;Azerbaijão;4769086
Exportação;2023;Julho;Bahamas;14455165
Exportação;2023;Julho;Bangladesh;147663961
Exportação;2023;Julho;Barbados;1857330
Exportação;2023;Julho;Barein;93217845
Exportação;2023;Julho;Belarus;142
Exportação;2023;Julho;Belize;693303
Exportação;2023;Julho;Benin;8240639
Exportação;2023;Julho;Bermudas;312313
Exportação;2023;Julho;Bolívia;147507860
Exportação;2023;Julho;Bonaire, Saint Eustatius e Saba;74554
Exportação;2023;Julho;Botsuana;286314
Exportação;2023;Julho;Brasil;52468119
Exportação;2023;Julho;Brunei;82902
Exportação;2023;Julho;Bulgária;4202888
Exportação;2023;Julho;Burkina Faso;352472
Exportação;2023;Julho;Burundi;5070
Exportação;2023;Julho;Butão;177890
Exportação;2023;Julho;Bélgica;380523086
Exportação;2023;Julho;Bósnia-Herzegovina;52339
Exportação;2023;Julho;Cabo Verde;4598
Exportação;2023;Julho;Camarões;25929840
Exportação;2023;Julho;Camboja;2463777
Exportação;2023;Julho;Canadá;513486363
Exportação;2023;Julho;Catar;25877449
Exportação;2023;Julho;Cayman, Ilhas;1338813
Exportação;2023;Julho;Cazaquistão;2099715
Exportação;2023;Julho;Chile;764675582
Exportação;2023;Julho;China;87146057
Exportação;2023;Julho;Chipre;9454118
Exportação;2023;Julho;Colômbia;291856300
Exportação;2023;Julho;Comores;1217082
Exportação;2023;Julho;Congo;8021180
Exportação;2023;Julho;Congo, República Democrática;16025636
Exportação;2023;Julho;Coreia do Sul;508931791
Exportação;2023;Julho;Costa Rica;47831365
Exportação;2023;Julho;Costa do Marfim;11443182
Exportação;2023;Julho;Coveite (Kuweit);27814810
Exportação;2023;Julho;Croácia;4655068
Exportação;2023;Julho;Cuba;36447
Exportação;2023;Julho;Curaçao;3213516
Exportação;2023;Julho;Dinamarca;39735858
Exportação;2023;Julho;Djibuti;6611096
Exportação;2023;Julho;Dominica;262139
Exportação;2023;Julho;Egito;177886597
Exportação;2023;Julho;El Salvador;11235286
Exportação;2023;Julho;Emirados Árabes Unidos;209933632
Exportação;2023;Julho;Equador;84397323
Exportação;2023;Julho;Eritreia;573
Exportação;2023;Julho;Eslováquia;1565417
Exportação;2023;Julho;Eslovênia;16119420
Exportação;2023;Julho;Espanha;571789005
Exportação;2023;Julho;Estados Unidos;3080546578
Exportação;2023;Julho;Estônia;2868755
Exportação;2023;Julho;Etiópia;2712174
Exportação;2023;Julho;Falkland (Malvinas);211657
Exportação;2023;Julho;Fiji;143902
Exportação;2023;Julho;Filipinas;138582982
Exportação;2023;Julho;Finlândia;14265316
Exportação;2023;Julho;França;189982422
Exportação;2023;Julho;Gabão;3696803
Exportação;2023;Julho;Gana;19835681
Exportação;2023;Julho;Geórgia;46450696
Exportação;2023;Julho;Gibraltar;267399
Exportação;2023;Julho;Granada;829232
Exportação;2023;Julho;Grécia;33411926
Exportação;2023;Julho;Guadalupe;518
Exportação;2023;Julho;Guam;225444
Exportação;2023;Julho;Guatemala;33548332
Exportação;2023;Julho;Guiana;9223773
Exportação;2023;Julho;Guiana Francesa;796544
Exportação;2023;Julho;Guiné;12237866
Exportação;2023;Julho;Guiné Equatorial;1954378
Exportação;2023;Julho;Guiné-Bissau;343
Exportação;2023;Julho;Gâmbia;12030338
Exportação;2023;Julho;Haiti;4916
Exportação;2023;Julho;Honduras;11798470
Exportação;2023;Julho;Hong Kong;109679430
Exportação;2023;Julho;Hungria;4918072
Exportação;2023;Julho;Ilha de Man;404084
Exportação;2023;Julho;Indonésia;386630324
Exportação;2023;Julho;Iraque;110796911
Exportação;2023;Julho;Irlanda;17795135
Exportação;2023;Julho;Irã;231106561
Exportação;2023;Julho;Islândia;10784123
Exportação;2023;Julho;Israel;115003735
Exportação;2023;Julho;Itália;300626
Exportação;2023;Julho;Iêmen;45489432
Exportação;2023;Julho;Jamaica;5366029
Exportação;2023;Julho;Japão;612844695
Exportação;2023;Julho;Jordânia;27773849
Exportação;2023;Julho;Laos;3836260
Exportação;2023;Julho;Lesoto;54537
Exportação;2023;Julho;Letônia;3466530
Exportação;2023;Julho;Libéria;34645287
Exportação;2023;Julho;Liechtenstein;1206274
Exportação;2023;Julho;Lituânia;3749427
Exportação;2023;Julho;Luxemburgo;2674411
Exportação;2023;Julho;Líbano;22308824
Exportação;2023;Julho;Líbia;24312139
Exportação;2023;Julho;Macau;131202
Exportação;2023;Julho;Macedônia;2974828
Exportação;2023;Julho;Madagascar;4208596
Exportação;2023;Julho;Malavi;90338
Exportação;2023;Julho;Maldivas;1310047
Exportação;2023;Julho;Mali;643763
Exportação;2023;Julho;Malta;8799521
Exportação;2023;Julho;Malásia;311033022
Exportação;2023;Julho;Marrocos;136611039
Exportação;2023;Julho;Marshall, Ilhas;19109249
Exportação;2023;Julho;Martinica;191359
Exportação;2023;Julho;Mauritânia;25065026
Exportação;2023;Julho;Maurício;2685797
Exportação;2023;Julho;Mayotte;479045
Exportação;2023;Julho;Mianmar;17885414
Exportação;2023;Julho;Micronésia;3432
Exportação;2023;Julho;Moldávia;412057
Exportação;2023;Julho;Mongólia;202841
Exportação;2023;Julho;Montenegro;2543833
Exportação;2023;Julho;Moçambique;2606087
Exportação;2023;Julho;México;751581
Exportação;2023;Julho;Mônaco;3405
Exportação;2023;Julho;Namíbia;1476635
Exportação;2023;Julho;Nauru;7833
Exportação;2023;Julho;Nepal;57457
Exportação;2023;Julho;Nicarágua;24779
Exportação;2023;Julho;Nigéria;70521622
Exportação;2023;Julho;Noruega;94846762
Exportação;2023;Julho;Nova Caledônia;684934
Exportação;2023;Julho;Nova Zelândia;5312347
Exportação;2023;Julho;Níger;260090
Exportação;2023;Julho;Omã;113811
Exportação;2023;Julho;Pacífico, Ilhas do (EUA);40957
Exportação;2023;Julho;Palau;1663
Exportação;2023;Julho;Palestina;3512437
Exportação;2023;Julho;Panamá;54641872
Exportação;2023;Julho;Papua Nova Guiné;444759
Exportação;2023;Julho;Paquistão;24453569
Exportação;2023;Julho;Paraguai;351963329
Exportação;2023;Julho;Países Baixos (Holanda);1486648
Exportação;2023;Julho;Peru;240052526
Exportação;2023;Julho;Polinésia Francesa;993864
Exportação;2023;Julho;Polônia;125764615
Exportação;2023;Julho;Porto Rico;18579853
Exportação;2023;Julho;Portugal;174561956
Exportação;2023;Julho;Quirguistão;114451
Exportação;2023;Julho;Quênia;16306822
Exportação;2023;Julho;Reino Unido;246070479
Exportação;2023;Julho;República Centro-Africana;289194
Exportação;2023;Julho;República Dominicana;110818375
Exportação;2023;Julho;Reunião;349259
Exportação;2023;Julho;Romênia;24606
Exportação;2023;Julho;Ruanda;48486
Exportação;2023;Julho;Rússia;103302824
Exportação;2023;Julho;Samoa;160756
Exportação;2023;Julho;Samoa Americana;207081
Exportação;2023;Julho;Santa Lúcia;140469
Exportação;2023;Julho;Seicheles;745526
Exportação;2023;Julho;Senegal;38313053
Exportação;2023;Julho;Serra Leoa;2168546
Exportação;2023;Julho;Singapura;546536334
Exportação;2023;Julho;Sint Maarten;1430239
Exportação;2023;Julho;Somália;25712587
Exportação;2023;Julho;Sri Lanka;5187935
Exportação;2023;Julho;Suazilândia;1696
Exportação;2023;Julho;Sudão;451
Exportação;2023;Julho;Sudão do Sul;588
Exportação;2023;Julho;Suriname;4185770
Exportação;2023;Julho;Suécia;29229900
Exportação;2023;Julho;Suíça;126352980
Exportação;2023;Julho;São Bartolomeu;38560
Exportação;2023;Julho;São Cristóvão e Névis;611378
Exportação;2023;Julho;São Martinho, Ilha de (parte francesa);471
Exportação;2023;Julho;São Tomé e Príncipe;372068
Exportação;2023;Julho;São Vicente e Granadinas;482998
Exportação;2023;Julho;Sérvia;1812849
Exportação;2023;Julho;Síria;2035894
Exportação;2023;Julho;Tailândia;282784
Exportação;2023;Julho;Taiwan (Formosa);209273268
Exportação;2023;Julho;Tanzânia;7635002
Exportação;2023;Julho;Tcheca, República;6477710
Exportação;2023;Julho;Terras Austrais Francesas;23351
Exportação;2023;Julho;Timor Leste;1260900
Exportação;2023;Julho;Togo;8178812
Exportação;2023;Julho;Tonga;688915
Exportação;2023;Julho;Toquelau;12986
Exportação;2023;Julho;Trinidad e Tobago;15268790
Exportação;2023;Julho;Tunísia;69904
Exportação;2023;Julho;Turcas e Caicos, Ilhas;123306
Exportação;2023;Julho;Turcomenistão;10269
Exportação;2023;Julho;Turquia;255095617
Exportação;2023;Julho;Ucrânia;3076825
Exportação;2023;Julho;Uganda;6800
Exportação;2023;Julho;Uruguai;245795396
Exportação;2023;Julho;Uzbequistão;29990638
Exportação;2023;Julho;Venezuela;147605
Exportação;2023;Julho;Vietnã;285898682
Exportação;2023;Julho;Virgens, Ilhas (Americanas);51897492
Exportação;2023;Julho;Virgens, Ilhas (Britânicas);1535638
Exportação;2023;Julho;Zimbábue;450715
Exportação;2023;Julho;Zâmbia;196687
Exportação;2023;Julho;África do Sul;107632588
Exportação;2023;Julho;Áustria;7845091
Exportação;2023;Julho;Índia;337162218
Exportação;2023;Agosto;Afeganistão;413898
Exportação;2023;Agosto;Albânia;10258981
Exportação;2023;Agosto;Alemanha;494774147
Exportação;2023;Agosto;Angola;35417851
Exportação;2023;Agosto;Anguilla;204355
Exportação;2023;Agosto;Antígua e Barbuda;2624816
Exportação;2023;Agosto;Argentina;1428494323
Exportação;2023;Agosto;Argélia;139396961
Exportação;2023;Agosto;Armênia;862377
Exportação;2023;Agosto;Aruba;3841885
Exportação;2023;Agosto;Arábia Saudita;352864843
Exportação;2023;Agosto;Austrália;73911986
Exportação;2023;Agosto;Azerbaijão;2020651
Exportação;2023;Agosto;Bahamas;13393170
Exportação;2023;Agosto;Bangladesh;147196
Exportação;2023;Agosto;Barbados;2408698
Exportação;2023;Agosto;Barein;102439312
Exportação;2023;Agosto;Belarus;478073
Exportação;2023;Agosto;Belize;1042
Exportação;2023;Agosto;Benin;7061245
Exportação;2023;Agosto;Bermudas;226399
Exportação;2023;Agosto;Bolívia;141322714
Exportação;2023;Agosto;Bonaire, Saint Eustatius e Saba;747283
Exportação;2023;Agosto;Botsuana;78629
Exportação;2023;Agosto;Brasil;265338
Exportação;2023;Agosto;Brunei;271
Exportação;2023;Agosto;Bulgária;3287226
Exportação;2023;Agosto;Burkina Faso;534480
Exportação;2023;Agosto;Burundi;6679
Exportação;2023;Agosto;Butão;377616
Exportação;2023;Agosto;Bélgica;338298781
Exportação;2023;Agosto;Bósnia-Herzegovina;219583
Exportação;2023;Agosto;Cabo Verde;2693710
Exportação;2023;Agosto;Camarões;18822285
Exportação;2023;Agosto;Camboja;2762154
Exportação;2023;Agosto;Canadá;518926190
Exportação;2023;Agosto;Catar;47331906
Exportação;2023;Agosto;Cayman, Ilhas;645794
Exportação;2023;Agosto;Cazaquistão;3908950
Exportação;2023;Agosto;Chade;808992
Exportação;2023;Agosto;Chile;711655441
Exportação;2023;Agosto;China;9341723854
Exportação;2023;Agosto;Chipre;10653366
Exportação;2023;Agosto;Cocos (Keeling), Ilhas;683
Exportação;2023;Agosto;Colômbia;389604292
Exportação;2023;Agosto;Comores;1109110
Exportação;2023;Agosto;Congo;9874154
Exportação;2023;Agosto;Congo, República Democrática;12313325
Exportação;2023;Agosto;Coreia do Sul;607743608
Exportação;2023;Agosto;Costa Rica;64247311
Exportação;2023;Agosto;Costa do Marfim;29251533
Exportação;2023;Agosto;Coveite (Kuweit);28640787
Exportação;2023;Agosto;Croácia;17921624
Exportação;2023;Agosto;Cuba;15802069
Exportação;2023;Agosto;Curaçao;3505583
Exportação;2023;Agosto;Dinamarca;47883861
Exportação;2023;Agosto;Djibuti;9867359
Exportação;2023;Agosto;Dominica;486380
Exportação;2023;Agosto;Egito;256253414
Exportação;2023;Agosto;El Salvador;39254059
Exportação;2023;Agosto;Emirados Árabes Unidos;342786024
Exportação;2023;Agosto;Equador;98986409
Exportação;2023;Agosto;Eritreia;10296
Exportação;2023;Agosto;Eslováquia;2341615
Exportação;2023;Agosto;Eslovênia;48142409
Exportação;2023;Agosto;Espanha;872111772
Exportação;2023;Agosto;Estados Unidos;3354179667
Exportação;2023;Agosto;Estônia;4269572
Exportação;2023;Agosto;Etiópia;2497484
Exportação;2023;Agosto;Fiji;120263
Exportação;2023;Agosto;Filipinas;139823648
Exportação;2023;Agosto;Finlândia;77428543
Exportação;2023;Agosto;França;197707300
Exportação;2023;Agosto;Gabão;6206911
Exportação;2023;Agosto;Gana;25147902
Exportação;2023;Agosto;Geórgia;44309663
Exportação;2023;Agosto;Gibraltar;10779
Exportação;2023;Agosto;Granada;954700
Exportação;2023;Agosto;Grécia;42419760
Exportação;2023;Agosto;Guadalupe;570845
Exportação;2023;Agosto;Guam;268721
Exportação;2023;Agosto;Guatemala;96725142
Exportação;2023;Agosto;Guernsey;461
Exportação;2023;Agosto;Guiana;64047215
Exportação;2023;Agosto;Guiana Francesa;847734
Exportação;2023;Agosto;Guiné;15703797
Exportação;2023;Agosto;Guiné Equatorial;2170543
Exportação;2023;Agosto;Guiné-Bissau;400238
Exportação;2023;Agosto;Gâmbia;12932938
Exportação;2023;Agosto;Haiti;6596289
Exportação;2023;Agosto;Heard e ilhas mcdonald, Ilha;120093
Exportação;2023;Agosto;Honduras;188476
Exportação;2023;Agosto;Hong Kong;116612960
Exportação;2023;Agosto;Hungria;3724152
Exportação;2023;Agosto;Ilha de Man;1659618
Exportação;2023;Agosto;Indonésia;339469092
Exportação;2023;Agosto;Iraque;137053336
Exportação;2023;Agosto;Irlanda;44847803
Exportação;2023;Agosto;Irã;184345493
Exportação;2023;Agosto;Islândia;12346780
Exportação;2023;Agosto;Israel;63229886
Exportação;2023;Agosto;Itália;306743995
Exportação;2023;Agosto;Iêmen;29174163
Exportação;2023;Agosto;Jamaica;8622314
Exportação;2023;Agosto;Japão;596195875
Exportação;2023;Agosto;Jordânia;49656275
Exportação;2023;Agosto;Laos;1741720
Exportação;2023;Agosto;Letônia;1885535
Exportação;2023;Agosto;Libéria;44074065
Exportação;2023;Agosto;Liechtenstein;2358078
Exportação;2023;Agosto;Lituânia;2756404
Exportação;2023;Agosto;Luxemburgo;3512977
Exportação;2023;Agosto;Líbano;24094098
Exportação;2023;Agosto;Líbia;58199962
Exportação;2023;Agosto;Macau;466717
Exportação;2023;Agosto;Macedônia;2006289
Exportação;2023;Agosto;Madagascar;7129846
Exportação;2023;Agosto;Malavi;117266
Exportação;2023;Agosto;Maldivas;1734009
Exportação;2023;Agosto;Mali;4906
Exportação;2023;Agosto;Malta;13839774
Exportação;2023;Agosto;Malásia;335411
Exportação;2023;Agosto;Marrocos;157150323
Exportação;2023;Agosto;Marshall, Ilhas;27755753
Exportação;2023;Agosto;Martinica;753937
Exportação;2023;Agosto;Mauritânia;21054095
Exportação;2023;Agosto;Maurício;24022394
Exportação;2023;Agosto;Mayotte;502784
Exportação;2023;Agosto;Mianmar;2243076
Exportação;2023;Agosto;Moldávia;12
Exportação;2023;Agosto;Mongólia;49859
Exportação;2023;Agosto;Montenegro;3490473
Exportação;2023;Agosto;Montserrat;31308
Exportação;2023;Agosto;Moçambique;2912090
Exportação;2023;Agosto;México;872191980
Exportação;2023;Agosto;Mônaco;3702
Exportação;2023;Agosto;Namíbia;856447
Exportação;2023;Agosto;Nepal;95151
Exportação;2023;Agosto;Nicarágua;28571984
Exportação;2023;Agosto;Nigéria;93906890
Exportação;2023;Agosto;Norfolk, Ilha;167991
Exportação;2023;Agosto;Noruega;97921569
Exportação;2023;Agosto;Nova Caledônia;886654
Exportação;2023;Agosto;Nova Zelândia;9323575
Exportação;2023;Agosto;Níger;459190
Exportação;2023;Agosto;Omã;97909054
Exportação;2023;Agosto;Palestina;2748705
Exportação;2023;Agosto;Panamá;96208
Exportação;2023;Agosto;Papua Nova Guiné;44955
Exportação;2023;Agosto;Paquistão;25811538
Exportação;2023;Agosto;Paraguai;326797534
Exportação;2023;Agosto;Países Baixos (Holanda);889728900
Exportação;2023;Agosto;Peru;325968
Exportação;2023;Agosto;Polinésia Francesa;318175
Exportação;2023;Agosto;Polônia;158252
Exportação;2023;Agosto;Porto Rico;35460
Exportação;2023;Agosto;Portugal;522088185
Exportação;2023;Agosto;Quirguistão;199648
Exportação;2023;Agosto;Quênia;14503169
Exportação;2023;Agosto;Reino Unido;275958112
Exportação;2023;Agosto;República Centro-Africana;289231
Exportação;2023;Agosto;República Dominicana;148118491
Exportação;2023;Agosto;Reunião;448547
Exportação;2023;Agosto;Romênia;11727925
Exportação;2023;Agosto;Ruanda;102753
Exportação;2023;Agosto;Rússia;123508363
Exportação;2023;Agosto;Saara Ocidental;36830
Exportação;2023;Agosto;Samoa;132263
Exportação;2023;Agosto;Samoa Americana;376
Exportação;2023;Agosto;Santa Helena;402521
Exportação;2023;Agosto;Santa Lúcia;536420
Exportação;2023;Agosto;Seicheles;657817
Exportação;2023;Agosto;Senegal;13921689
Exportação;2023;Agosto;Serra Leoa;1582436
Exportação;2023;Agosto;Singapura;606695934
Exportação;2023;Agosto;Sint Maarten;1596362
Exportação;2023;Agosto;Somália;34239046
Exportação;2023;Agosto;Sri Lanka;2382720
Exportação;2023;Agosto;Sudão;154533
Exportação;2023;Agosto;Sudão do Sul;349719
Exportação;2023;Agosto;Suriname;4291038
Exportação;2023;Agosto;Suécia;74057355
Exportação;2023;Agosto;Suíça;112913107
Exportação;2023;Agosto;São Bartolomeu;341440
Exportação;2023;Agosto;São Cristóvão e Névis;269072
Exportação;2023;Agosto;São Martinho, Ilha de (parte francesa);140463
Exportação;2023;Agosto;São Tomé e Príncipe;555722
Exportação;2023;Agosto;São Vicente e Granadinas;667674
Exportação;2023;Agosto;Sérvia;5403105
Exportação;2023;Agosto;Síria;2437219
Exportação;2023;Agosto;Tadjiquistão;33866
Exportação;2023;Agosto;Tailândia;297775092
Exportação;2023;Agosto;Taiwan (Formosa);160419
Exportação;2023;Agosto;Tanzânia;12875709
Exportação;2023;Agosto;Tcheca, República;8764273
Exportação;2023;Agosto;Terras Austrais Francesas;9684
Exportação;2023;Agosto;Timor Leste;1292243
Exportação;2023;Agosto;Togo;30657669
Exportação;2023;Agosto;Tonga;388412
Exportação;2023;Agosto;Toquelau;7944
Exportação;2023;Agosto;Trinidad e Tobago;31407928
Exportação;2023;Agosto;Tunísia;30543403
Exportação;2023;Agosto;Turcas e Caicos, Ilhas;138352
Exportação;2023;Agosto;Turcomenistão;86540
Exportação;2023;Agosto;Turquia;332047343
Exportação;2023;Agosto;Ucrânia;3150932
Exportação;2023;Agosto;Uganda;1571305
Exportação;2023;Agosto;Uruguai;361538749
Exportação;2023;Agosto;Uzbequistão;28746658
Exportação;2023;Agosto;Vanuatu;11924
Exportação;2023;Agosto;Venezuela;135529037
Exportação;2023;Agosto;Vietnã;459642790
Exportação;2023;Agosto;Virgens, Ilhas (Americanas);7420
Exportação;2023;Agosto;Virgens, Ilhas (Britânicas);23522
Exportação;2023;Agosto;Wallis e Futuna, Ilhas;42
Exportação;2023;Agosto;Zimbábue;447950
Exportação;2023;Agosto;Zâmbia;1040940
Exportação;2023;Agosto;África do Sul;107224754
Exportação;2023;Agosto;Áustria;4529926
Exportação;2023;Agosto;Índia;467879494
Exportação;2023;Setembro;Afeganistão;565073
Exportação;2023;Setembro;Albânia;7355990
Exportação;2023;Setembro;Alemanha;434196245
Exportação;2023;Setembro;Angola;21086249
Exportação;2023;Setembro;Anguilla;128
Exportação;2023;Setembro;Antígua e Barbuda;2758685
Exportação;2023;Setembro;Argentina;1165713
Exportação;2023;Setembro;Argélia;166866156
Exportação;2023;Setembro;Armênia;5161455
Exportação;2023;Setembro;Aruba;3055835
Exportação;2023;Setembro;Arábia Saudita;188396104
Exportação;2023;Setembro;Austrália;62682302
Exportação;2023;Setembro;Azerbaijão;1310705
Exportação;2023;Setembro;Bahamas;77723900
Exportação;2023;Setembro;Bangladesh;164573164
Exportação;2023;Setembro;Barbados;1995559
Exportação;2023;Setembro;Barein;103195108
Exportação;2023;Setembro;Belarus;116250
Exportação;2023;Setembro;Belize;549645
Exportação;2023;Setembro;Benin;5071730
Exportação;2023;Setembro;Bermudas;168167
Exportação;2023;Setembro;Bolívia;135276271
Exportação;2023;Setembro;Bonaire, Saint Eustatius e Saba;307987
Exportação;2023;Setembro;Botsuana;311174
Exportação;2023;Setembro;Brasil;740
Exportação;2023;Setembro;Brunei;2171
Exportação;2023;Setembro;Bulgária;2354153
Exportação;2023;Setembro;Burkina Faso;156773
Exportação;2023;Setembro;Burundi;4668
Exportação;2023;Setembro;Butão;462612
Exportação;2023;Setembro;Bélgica;283739682
Exportação;2023;Setembro;Bósnia-Herzegovina;100399
Exportação;2023;Setembro;Cabo Verde;2612590
Exportação;2023;Setembro;Camarões;21713577
Exportação;2023;Setembro;Camboja;4979740
Exportação;2023;Setembro;Canadá;560695626
Exportação;2023;Setembro;Catar;45249
Exportação;2023;Setembro;Cayman, Ilhas;451103
Exportação;2023;Setembro;Cazaquistão;1264919
Exportação;2023;Setembro;Chade;171209
Exportação;2023;Setembro;Chile;558411
Exportação;2023;Setembro;China;9536864118
Exportação;2023;Setembro;Chipre;7180
Exportação;2023;Setembro;Cocos (Keeling), Ilhas;96661
Exportação;2023;Setembro;Colômbia;182425864
Exportação;2023;Setembro;Comores;745176
Exportação;2023;Setembro;Congo;7556566
Exportação;2023;Setembro;Congo, República Democrática;6734967
Exportação;2023;Setembro;Cook, Ilhas;19289
Exportação;2023;Setembro;Coreia do Sul;466452821
Exportação;2023;Setembro;Costa Rica;72951098
Exportação;2023;Setembro;Costa do Marfim;28910030
Exportação;2023;Setembro;Coveite (Kuweit);26038797
Exportação;2023;Setembro;Croácia;2686415
Exportação;2023;Setembro;Cuba;28029551
Exportação;2023;Setembro;Curaçao;3751
Exportação;2023;Setembro;Dinamarca;63676083
Exportação;2023;Setembro;Djibuti;13024124
Exportação;2023;Setembro;Dominica;434698
Exportação;2023;Setembro;Egito;249396431
Exportação;2023;Setembro;El Salvador;25729558
Exportação;2023;Setembro;Emirados Árabes Unidos;252673097
Exportação;2023;Setembro;Equador;92483042
Exportação;2023;Setembro;Eslováquia;2349804
Exportação;2023;Setembro;Eslovênia;26067393
Exportação;2023;Setembro;Espanha;803475392
Exportação;2023;Setembro;Estados Unidos;3091554174
Exportação;2023;Setembro;Estônia;5635668
Exportação;2023;Setembro;Etiópia;2373587
Exportação;2023;Setembro;Faroe, Ilhas;570
Exportação;2023;Setembro;Fiji;162121
Exportação;2023;Setembro;Filipinas;194095616
Exportação;2023;Setembro;Finlândia;48628147
Exportação;2023;Setembro;França;334343259
Exportação;2023;Setembro;Gabão;4088253
Exportação;2023;Setembro;Gana;21208049
Exportação;2023;Setembro;Geórgia;21936545
Exportação;2023;Setembro;Gibraltar;34524
Exportação;2023;Setembro;Granada;593542
Exportação;2023;Setembro;Grécia;102208187
Exportação;2023;Setembro;Guadalupe;449566
Exportação;2023;Setembro;Guam;62319
Exportação;2023;Setembro;Guatemala;58212475
Exportação;2023;Setembro;Guernsey;166
Exportação;2023;Setembro;Guiana;9904525
Exportação;2023;Setembro;Guiana Francesa;715815
Exportação;2023;Setembro;Guiné;12298430
Exportação;2023;Setembro;Guiné Equatorial;1232757
Exportação;2023;Setembro;Guiné-Bissau;370553
Exportação;2023;Setembro;Gâmbia;2422566
Exportação;2023;Setembro;Haiti;4711545
Exportação;2023;Setembro;Honduras;24478466
Exportação;2023;Setembro;Hong Kong;146960370
Exportação;2023;Setembro;Hungria;3758284
Exportação;2023;Setembro;Ilha de Man;3459065
Exportação;2023;Setembro;Indonésia;288058894
Exportação;2023;Setembro;Iraque;127064521
Exportação;2023;Setembro;Irlanda;36952603
Exportação;2023;Setembro;Irã;149037724
Exportação;2023;Setembro;Islândia;23870811
Exportação;2023;Setembro;Israel;55478909
Exportação;2023;Setembro;Itália;2559890
Exportação;2023;Setembro;Iêmen;61008
Exportação;2023;Setembro;Jamaica;58770004
Exportação;2023;Setembro;Japão;661335107
Exportação;2023;Setembro;Jordânia;17683862
Exportação;2023;Setembro;Laos;3853357
Exportação;2023;Setembro;Lesoto;4850
Exportação;2023;Setembro;Letônia;10894392
Exportação;2023;Setembro;Libéria;35557992
Exportação;2023;Setembro;Liechtenstein;1440959
Exportação;2023;Setembro;Lituânia;2300352
Exportação;2023;Setembro;Luxemburgo;3646681
Exportação;2023;Setembro;Líbano;30632748
Exportação;2023;Setembro;Líbia;55979465
Exportação;2023;Setembro;Macau;98
Exportação;2023;Setembro;Macedônia;2973
Exportação;2023;Setembro;Madagascar;2378053
Exportação;2023;Setembro;Malavi;242051
Exportação;2023;Setembro;Maldivas;1527984
Exportação;2023;Setembro;Mali;38198
Exportação;2023;Setembro;Malta;11024854
Exportação;2023;Setembro;Malásia;363207268
Exportação;2023;Setembro;Marrocos;93914432
Exportação;2023;Setembro;Marshall, Ilhas;42499991
Exportação;2023;Setembro;Martinica;561259
Exportação;2023;Setembro;Mauritânia;9467644
Exportação;2023;Setembro;Maurício;1114720
Exportação;2023;Setembro;Mayotte;465682
Exportação;2023;Setembro;Mianmar;2314128
Exportação;2023;Setembro;Moldávia;552757
Exportação;2023;Setembro;Mongólia;359271
Exportação;2023;Setembro;Montenegro;2335139
Exportação;2023;Setembro;Moçambique;2965870
Exportação;2023;Setembro;México;678191164
Exportação;2023;Setembro;Mônaco;183
Exportação;2023;Setembro;Namíbia;89190
Exportação;2023;Setembro;Nepal;45537
Exportação;2023;Setembro;Nicarágua;16774515
Exportação;2023;Setembro;Nigéria;108330697
Exportação;2023;Setembro;Noruega;76784110
Exportação;2023;Setembro;Nova Caledônia;843255
Exportação;2023;Setembro;Nova Zelândia;12457
Exportação;2023;Setembro;Níger;73553
Exportação;2023;Setembro;Omã;82102071
Exportação;2023;Setembro;Pacífico, Ilhas do (EUA);76563
Exportação;2023;Setembro;Palestina;3676961
Exportação;2023;Setembro;Panamá;48351045
Exportação;2023;Setembro;Papua Nova Guiné;286241
Exportação;2023;Setembro;Paquistão;22233970
Exportação;2023;Setembro;Paraguai;329243262
Exportação;2023;Setembro;Países Baixos (Holanda);811384836
Exportação;2023;Setembro;Peru;225997047
Exportação;2023;Setembro;Polinésia Francesa;421234
Exportação;2023;Setembro;Polônia;165802725
Exportação;2023;Setembro;Porto Rico;13789784
Exportação;2023;Setembro;Portugal;320051303
Exportação;2023;Setembro;Quirguistão;5875
Exportação;2023;Setembro;Quênia;13874686
Exportação;2023;Setembro;Reino Unido;159121499
Exportação;2023;Setembro;República Centro-Africana;535299
Exportação;2023;Setembro;República Dominicana;56649167
Exportação;2023;Setembro;Reunião;839467
Exportação;2023;Setembro;Romênia;31367
Exportação;2023;Setembro;Ruanda;703544
Exportação;2023;Setembro;Rússia;89892840
Exportação;2023;Setembro;Salomão, Ilhas;18584
Exportação;2023;Setembro;Samoa;123054
Exportação;2023;Setembro;Samoa Americana;55
Exportação;2023;Setembro;Santa Helena;204638
Exportação;2023;Setembro;Santa Lúcia;227675
Exportação;2023;Setembro;Seicheles;1241108
Exportação;2023;Setembro;Senegal;16258942
Exportação;2023;Setembro;Serra Leoa;1879646
Exportação;2023;Setembro;Singapura;497009331
Exportação;2023;Setembro;Sint Maarten;641983
Exportação;2023;Setembro;Somália;21782478
Exportação;2023;Setembro;Sri Lanka;2520223
Exportação;2023;Setembro;Sudão do Sul;312
Exportação;2023;Setembro;Suriname;3584817
Exportação;2023;Setembro;Suécia;77686963
Exportação;2023;Setembro;Suíça;209669766
Exportação;2023;Setembro;São Bartolomeu;163710
Exportação;2023;Setembro;São Cristóvão e Névis;316673
Exportação;2023;Setembro;São Martinho, Ilha de (parte francesa);6904
Exportação;2023;Setembro;São Tomé e Príncipe;278786
Exportação;2023;Setembro;São Vicente e Granadinas;247365
Exportação;2023;Setembro;Sérvia;3095573
Exportação;2023;Setembro;Síria;962748
Exportação;2023;Setembro;Tailândia;179732238
Exportação;2023;Setembro;Taiwan (Formosa);239184228
Exportação;2023;Setembro;Tanzânia;3839576
Exportação;2023;Setembro;Tcheca, República;7647133
Exportação;2023;Setembro;Terras Austrais Francesas;1065
Exportação;2023;Setembro;Timor Leste;1124053
Exportação;2023;Setembro;Togo;6668544
Exportação;2023;Setembro;Tonga;508180
Exportação;2023;Setembro;Trinidad e Tobago;8257696
Exportação;2023;Setembro;Tunísia;29431756
Exportação;2023;Setembro;Turcas e Caicos, Ilhas;133899
Exportação;2023;Setembro;Turquia;264741202
Exportação;2023;Setembro;Ucrânia;1796419
Exportação;2023;Setembro;Uganda;881875
Exportação;2023;Setembro;Uruguai;228526333
Exportação;2023;Setembro;Uzbequistão;11067827
Exportação;2023;Setembro;Venezuela;123003628
Exportação;2023;Setembro;Vietnã;423161794
Exportação;2023;Setembro;Virgens, Ilhas (Americanas);82162796
Exportação;2023;Setembro;Virgens, Ilhas (Britânicas);2197597
Exportação;2023;Setembro;Zimbábue;662550
Exportação;2023;Setembro;Zâmbia;1079776
Exportação;2023;Setembro;África do Sul;104354585
Exportação;2023;Setembro;Áustria;4433675
Exportação;2023;Setembro;Índia;443832360
Exportação;2023;Outubro;Afeganistão;726956
Exportação;2023;Outubro;Albânia;7633122
Exportação;2023;Outubro;Alemanha;512325697
Exportação;2023;Outubro;Andorra;4782
Exportação;2023;Outubro;Angola;24870515
Exportação;2023;Outubro;Anguilla;107
Exportação;2023;Outubro;Antígua e Barbuda;2247718
Exportação;2023;Outubro;Argentina;1266341857
Exportação;2023;Outubro;Argélia;239181982
Exportação;2023;Outubro;Armênia;1591983
Exportação;2023;Outubro;Aruba;4570916
Exportação;2023;Outubro;Arábia Saudita;232469876
Exportação;2023;Outubro;Austrália;68004970
Exportação;2023;Outubro;Azerbaijão;1452772
Exportação;2023;Outubro;Bahamas;13911389
Exportação;2023;Outubro;Bangladesh;64110521
Exportação;2023;Outubro;Barbados;1400568
Exportação;2023;Outubro;Barein;104930577
Exportação;2023;Outubro;Belarus;976249
Exportação;2023;Outubro;Belize;412347
Exportação;2023;Outubro;Benin;3486841
Exportação;2023;Outubro;Bermudas;44772
Exportação;2023;Outubro;Bolívia;175726203
Exportação;2023;Outubro;Bonaire, Saint Eustatius e Saba;71
Exportação;2023;Outubro;Botsuana;492450
Exportação;2023;Outubro;Brasil;80777409
Exportação;2023;Outubro;Brunei;82789
Exportação;2023;Outubro;Bulgária;90774311
Exportação;2023;Outubro;Burkina Faso;280491
Exportação;2023;Outubro;Burundi;83663
Exportação;2023;Outubro;Butão;330430
Exportação;2023;Outubro;Bélgica;272911805
Exportação;2023;Outubro;Bósnia-Herzegovina;138195
Exportação;2023;Outubro;Cabo Verde;3803845
Exportação;2023;Outubro;Camarões;14512369
Exportação;2023;Outubro;Camboja;2064343
Exportação;2023;Outubro;Canadá;554975363
Exportação;2023;Outubro;Catar;18570259
Exportação;2023;Outubro;Cayman, Ilhas;1535439
Exportação;2023;Outubro;Cazaquistão;2496026
Exportação;2023;Outubro;Chade;757052
Exportação;2023;Outubro;Chile;871319875
Exportação;2023;Outubro;China;9117940634
Exportação;2023;Outubro;Chipre;6825772
Exportação;2023;Outubro;Cocos (Keeling), Ilhas;42450
Exportação;2023;Outubro;Colômbia;290495903
Exportação;2023;Outubro;Comores;274490
Exportação;2023;Outubro;Congo;6653510
Exportação;2023;Outubro;Congo, República Democrática;16059100
Exportação;2023;Outubro;Cook, Ilhas;114803
Exportação;2023;Outubro;Coreia do Norte;97682
Exportação;2023;Outubro;Coreia do Sul;451465608
Exportação;2023;Outubro;Costa Rica;59153232
Exportação;2023;Outubro;Costa do Marfim;26888746
Exportação;2023;Outubro;Coveite (Kuweit);15266447
Exportação;2023;Outubro;Croácia;6127851
Exportação;2023;Outubro;Cuba;12291430
Exportação;2023;Outubro;Curaçao;3867381
Exportação;2023;Outubro;Dinamarca;54569154
Exportação;2023;Outubro;Djibuti;20702624
Exportação;2023;Outubro;Dominica;272920
Exportação;2023;Outubro;Egito;217352052
Exportação;2023;Outubro;El Salvador;24643878
Exportação;2023;Outubro;Emirados Árabes Unidos;293517319
Exportação;2023;Outubro;Equador;97144525
Exportação;2023;Outubro;Eritreia;9762
Exportação;2023;Outubro;Eslováquia;2827156
Exportação;2023;Outubro;Eslovênia;41118096
Exportação;2023;Outubro;Espanha;605356544
Exportação;2023;Outubro;Estados Unidos;3358050
Exportação;2023;Outubro;Estônia;5685120
Exportação;2023;Outubro;Etiópia;1965
Exportação;2023;Outubro;Fiji;158003
Exportação;2023;Outubro;Filipinas;107929272
Exportação;2023;Outubro;Finlândia;99648085
Exportação;2023;Outubro;França;253312797
Exportação;2023;Outubro;Gabão;5313164
Exportação;2023;Outubro;Gana;19936030
Exportação;2023;Outubro;Geórgia;11069
Exportação;2023;Outubro;Gibraltar;8417
Exportação;2023;Outubro;Granada;718831
Exportação;2023;Outubro;Grécia;30809070
Exportação;2023;Outubro;Guadalupe;626431
Exportação;2023;Outubro;Guam;165326
Exportação;2023;Outubro;Guatemala;59376768
Exportação;2023;Outubro;Guiana;8422740
Exportação;2023;Outubro;Guiana Francesa;1003361
Exportação;2023;Outubro;Guiné;26928837
Exportação;2023;Outubro;Guiné Equatorial;2594491
Exportação;2023;Outubro;Guiné-Bissau;3447850
Exportação;2023;Outubro;Gâmbia;14518326
Exportação;2023;Outubro;Haiti;6894626
Exportação;2023;Outubro;Heard e ilhas mcdonald, Ilha;593600
Exportação;2023;Outubro;Honduras;22893661
Exportação;2023;Outubro;Hong Kong;109262783
Exportação;2023;Outubro;Hungria;4897454
Exportação;2023;Outubro;Ilha de Man;1838322
Exportação;2023;Outubro;Indonésia;398941632
Exportação;2023;Outubro;Iraque;84928
Exportação;2023;Outubro;Irlanda;20717062
Exportação;2023;Outubro;Irã;289409499
Exportação;2023;Outubro;Islândia;69
Exportação;2023;Outubro;Israel;23830907
Exportação;2023;Outubro;Itália;318026960
Exportação;2023;Outubro;Iêmen;87416862
Exportação;2023;Outubro;Jamaica;11518795
Exportação;2023;Outubro;Japão;538969661
Exportação;2023;Outubro;Jordânia;44138749
Exportação;2023;Outubro;Laos;2343076
Exportação;2023;Outubro;Letônia;4724242
Exportação;2023;Outubro;Libéria;41479629
Exportação;2023;Outubro;Liechtenstein;2376730
Exportação;2023;Outubro;Lituânia;6285
Exportação;2023;Outubro;Luxemburgo;2614145
Exportação;2023;Outubro;Líbano;24749968
Exportação;2023;Outubro;Líbia;43900960
Exportação;2023;Outubro;Macau;124294
Exportação;2023;Outubro;Macedônia;2310384
Exportação;2023;Outubro;Madagascar;2146951
Exportação;2023;Outubro;Malavi;345243
Exportação;2023;Outubro;Maldivas;1923181
Exportação;2023;Outubro;Mali;198
Exportação;2023;Outubro;Malta;12692526
Exportação;2023;Outubro;Malásia;536499416
Exportação;2023;Outubro;Marrocos;77542361
Exportação;2023;Outubro;Marshall, Ilhas;36173292
Exportação;2023;Outubro;Martinica;696544
Exportação;2023;Outubro;Mauritânia;33056694
Exportação;2023;Outubro;Maurício;1577675
Exportação;2023;Outubro;Mayotte;631032
Exportação;2023;Outubro;Mianmar;12903209
Exportação;2023;Outubro;Micronésia;85824
Exportação;2023;Outubro;Moldávia;87035
Exportação;2023;Outubro;Mongólia;143906
Exportação;2023;Outubro;Montenegro;4792770
Exportação;2023;Outubro;Moçambique;2345754
Exportação;2023;Outubro;México;776965212
Exportação;2023;Outubro;Mônaco;81543
Exportação;2023;Outubro;Namíbia;35268
Exportação;2023;Outubro;Nauru;1
Exportação;2023;Outubro;Nepal;114097
Exportação;2023;Outubro;Nicarágua;11533147
Exportação;2023;Outubro;Nigéria;64674932
Exportação;2023;Outubro;Niue;127724
Exportação;2023;Outubro;Noruega;143354999
Exportação;2023;Outubro;Nova Caledônia;845213
Exportação;2023;Outubro;Nova Zelândia;5562498
Exportação;2023;Outubro;Níger;81204
Exportação;2023;Outubro;Omã;78698543
Exportação;2023;Outubro;Palau;310925
Exportação;2023;Outubro;Palestina;3785414
Exportação;2023;Outubro;Panamá;795020
Exportação;2023;Outubro;Papua Nova Guiné;109292
Exportação;2023;Outubro;Paquistão;18510
Exportação;2023;Outubro;Paraguai;339302246
Exportação;2023;Outubro;Países Baixos (Holanda);1281367326
Exportação;2023;Outubro;Peru;356433257
Exportação;2023;Outubro;Pitcairn;13450
Exportação;2023;Outubro;Polinésia Francesa;128363
Exportação;2023;Outubro;Polônia;92867841
Exportação;2023;Outubro;Porto Rico;20031
Exportação;2023;Outubro;Portugal;272915366
Exportação;2023;Outubro;Quirguistão;39807
Exportação;2023;Outubro;Quênia;17559625
Exportação;2023;Outubro;Reino Unido;348463389
Exportação;2023;Outubro;República Centro-Africana;158052
Exportação;2023;Outubro;República Dominicana;119933430
Exportação;2023;Outubro;Reunião;973341
Exportação;2023;Outubro;Romênia;12444835
Exportação;2023;Outubro;Ruanda;103534
Exportação;2023;Outubro;Rússia;103763868
Exportação;2023;Outubro;Samoa;60826
Exportação;2023;Outubro;Samoa Americana;327235
Exportação;2023;Outubro;Santa Lúcia;1988
Exportação;2023;Outubro;Seicheles;756908
Exportação;2023;Outubro;Senegal;42626
Exportação;2023;Outubro;Serra Leoa;3618
Exportação;2023;Outubro;Singapura;603619
Exportação;2023;Outubro;Sint Maarten;1709447
Exportação;2023;Outubro;Somália;16261951
Exportação;2023;Outubro;Sri Lanka;4282642
Exportação;2023;Outubro;Sudão;110896
Exportação;2023;Outubro;Suriname;4734311
Exportação;2023;Outubro;Suécia;64944
Exportação;2023;Outubro;Suíça;95488751
Exportação;2023;Outubro;São Bartolomeu;51527
Exportação;2023;Outubro;São Cristóvão e Névis;303650
Exportação;2023;Outubro;São Martinho, Ilha de (parte francesa);121006
Exportação;2023;Outubro;São Tomé e Príncipe;200245
Exportação;2023;Outubro;São Vicente e Granadinas;230604
Exportação;2023;Outubro;Sérvia;5885889
Exportação;2023;Outubro;Síria;1186
Exportação;2023;Outubro;Tailândia;179592680
Exportação;2023;Outubro;Taiwan (Formosa);173719202
Exportação;2023;Outubro;Tanzânia;5951247
Exportação;2023;Outubro;Tcheca, República;9473906
Exportação;2023;Outubro;Terras Austrais Francesas;7805
Exportação;2023;Outubro;Timor Leste;758411
Exportação;2023;Outubro;Togo;8070346
Exportação;2023;Outubro;Tonga;255735
Exportação;2023;Outubro;Trinidad e Tobago;7136320
Exportação;2023;Outubro;Tunísia;33160045
Exportação;2023;Outubro;Turcomenistão;84905
Exportação;2023;Outubro;Turquia;239513700
Exportação;2023;Outubro;Ucrânia;3491402
Exportação;2023;Outubro;Uganda;576297
Exportação;2023;Outubro;Uruguai;278005120
Exportação;2023;Outubro;Uzbequistão;10439
Exportação;2023;Outubro;Vanuatu;40877
Exportação;2023;Outubro;Venezuela;95071932
Exportação;2023;Outubro;Vietnã;187206137
Exportação;2023;Outubro;Virgens, Ilhas (Americanas);62367820
Exportação;2023;Outubro;Virgens, Ilhas (Britânicas);149724
Exportação;2023;Outubro;Zimbábue;1045737
Exportação;2023;Outubro;Zâmbia;575355
Exportação;2023;Outubro;África do Sul;163429447
Exportação;2023;Outubro;Áustria;12744904
Exportação;2023;Outubro;Índia;374574952
Exportação;2023;Novembro;Afeganistão;314458
Exportação;2023;Novembro;Albânia;8289113
Exportação;2023;Novembro;Alemanha;426541385
Exportação;2023;Novembro;Angola;33176039
Exportação;2023;Novembro;Anguilla;55711
Exportação;2023;Novembro;Antígua e Barbuda;1718643
Exportação;2023;Novembro;Argentina;973457713
Exportação;2023;Novembro;Argélia;178289546
Exportação;2023;Novembro;Armênia;697784
Exportação;2023;Novembro;Aruba;1609671
Exportação;2023;Novembro;Arábia Saudita;298307791
Exportação;2023;Novembro;Austrália;53630022
Exportação;2023;Novembro;Azerbaijão;1212026
Exportação;2023;Novembro;Bahamas;16565912
Exportação;2023;Novembro;Bangladesh;156895898
Exportação;2023;Novembro;Barbados;2099135
Exportação;2023;Novembro;Barein;88312663
Exportação;2023;Novembro;Belarus;497421
Exportação;2023;Novembro;Belize;949053
Exportação;2023;Novembro;Benin;4034237
Exportação;2023;Novembro;Bermudas;408088
Exportação;2023;Novembro;Bolívia;148242330
Exportação;2023;Novembro;Bonaire, Saint Eustatius e Saba;444391
Exportação;2023;Novembro;Botsuana;62721
Exportação;2023;Novembro;Brasil;625083
Exportação;2023;Novembro;Brunei;131986
Exportação;2023;Novembro;Bulgária;1050759
Exportação;2023;Novembro;Burkina Faso;364276
Exportação;2023;Novembro;Burundi;3546
Exportação;2023;Novembro;Butão;64748
Exportação;2023;Novembro;Bélgica;233605356
Exportação;2023;Novembro;Bósnia-Herzegovina;103787
Exportação;2023;Novembro;Cabo Verde;3743920
Exportação;2023;Novembro;Camarões;13254148
Exportação;2023;Novembro;Camboja;2515938
Exportação;2023;Novembro;Canadá;472550579
Exportação;2023;Novembro;Catar;43856386
Exportação;2023;Novembro;Cayman, Ilhas;561824
Exportação;2023;Novembro;Cazaquistão;4098050
Exportação;2023;Novembro;Chade;640543
Exportação;2023;Novembro;Chile;621405931
Exportação;2023;Novembro;China;8873084945
Exportação;2023;Novembro;Chipre;8953032
Exportação;2023;Novembro;Cocos (Keeling), Ilhas;44622
Exportação;2023;Novembro;Colômbia;228686465
Exportação;2023;Novembro;Comores;353
Exportação;2023;Novembro;Congo;5646730
Exportação;2023;Novembro;Congo, República Democrática;34715264
Exportação;2023;Novembro;Cook, Ilhas;397061
Exportação;2023;Novembro;Coreia do Sul;384695118
Exportação;2023;Novembro;Costa Rica;42660052
Exportação;2023;Novembro;Costa do Marfim;32953638
Exportação;2023;Novembro;Coveite (Kuweit);27959708
Exportação;2023;Novembro;Croácia;4544951
Exportação;2023;Novembro;Cuba;30208719
Exportação;2023;Novembro;Curaçao;3361304
Exportação;2023;Novembro;Dinamarca;63544477
Exportação;2023;Novembro;Djibuti;21434
Exportação;2023;Novembro;Dominica;398374
Exportação;2023;Novembro;Egito;189627984
Exportação;2023;Novembro;El Salvador;18802273
Exportação;2023;Novembro;Emirados Árabes Unidos;251968907
Exportação;2023;Novembro;Equador;83039537
Exportação;2023;Novembro;Eritreia;8173
Exportação;2023;Novembro;Eslováquia;2182485
Exportação;2023;Novembro;Eslovênia;26064187
Exportação;2023;Novembro;Espanha;347965331
Exportação;2023;Novembro;Estados Unidos;3402590719
Exportação;2023;Novembro;Estônia;5824582
Exportação;2023;Novembro;Etiópia;2542009
Exportação;2023;Novembro;Falkland (Malvinas);1959
Exportação;2023;Novembro;Faroe, Ilhas;16891
Exportação;2023;Novembro;Fiji;126
Exportação;2023;Novembro;Filipinas;74122337
Exportação;2023;Novembro;Finlândia;71957187
Exportação;2023;Novembro;França;231137713
Exportação;2023;Novembro;Gabão;4711877
Exportação;2023;Novembro;Gana;28343040
Exportação;2023;Novembro;Geórgia;11079865
Exportação;2023;Novembro;Gibraltar;251402
Exportação;2023;Novembro;Granada;1647307
Exportação;2023;Novembro;Grécia;20937726
Exportação;2023;Novembro;Guadalupe;1002800
Exportação;2023;Novembro;Guam;80997
Exportação;2023;Novembro;Guatemala;64565856
Exportação;2023;Novembro;Guiana;23604503
Exportação;2023;Novembro;Guiana Francesa;650613
Exportação;2023;Novembro;Guiné;17926361
Exportação;2023;Novembro;Guiné Equatorial;1951051
Exportação;2023;Novembro;Guiné-Bissau;156455
Exportação;2023;Novembro;Gâmbia;9108949
Exportação;2023;Novembro;Haiti;8681844
Exportação;2023;Novembro;Honduras;17263806
Exportação;2023;Novembro;Hong Kong;139827940
Exportação;2023;Novembro;Hungria;6909280
Exportação;2023;Novembro;Ilha de Man;4687867
Exportação;2023;Novembro;Indonésia;790326773
Exportação;2023;Novembro;Iraque;100559936
Exportação;2023;Novembro;Irlanda;9804681
Exportação;2023;Novembro;Irã;211568272
Exportação;2023;Novembro;Islândia;12356078
Exportação;2023;Novembro;Israel;32926574
Exportação;2023;Novembro;Itália;337978840
Exportação;2023;Novembro;Iêmen;61696342
Exportação;2023;Novembro;Jamaica;12386663
Exportação;2023;Novembro;Japão;515967115
Exportação;2023;Novembro;Jordânia;40443492
Exportação;2023;Novembro;Laos;3836811
Exportação;2023;Novembro;Lesoto;1514
Exportação;2023;Novembro;Letônia;4729575
Exportação;2023;Novembro;Libéria;32261933
Exportação;2023;Novembro;Liechtenstein;1441313
Exportação;2023;Novembro;Lituânia;3037358
Exportação;2023;Novembro;Luxemburgo;2711992
Exportação;2023;Novembro;Líbano;30515598
Exportação;2023;Novembro;Líbia;45720271
Exportação;2023;Novembro;Macau;103406
Exportação;2023;Novembro;Macedônia;650518
Exportação;2023;Novembro;Madagascar;6896177
Exportação;2023;Novembro;Malavi;318279
Exportação;2023;Novembro;Maldivas;2731939
Exportação;2023;Novembro;Mali;96536
Exportação;2023;Novembro;Malta;10705068
Exportação;2023;Novembro;Malásia;388981366
Exportação;2023;Novembro;Marrocos;108264002
Exportação;2023;Novembro;Marshall, Ilhas;33223659
Exportação;2023;Novembro;Martinica;891956
Exportação;2023;Novembro;Mauritânia;9249642
Exportação;2023;Novembro;Maurício;1586229
Exportação;2023;Novembro;Mayotte;342617
Exportação;2023;Novembro;Mianmar;3873169
Exportação;2023;Novembro;Moldávia;275711
Exportação;2023;Novembro;Mongólia;275375
Exportação;2023;Novembro;Montenegro;1589797
Exportação;2023;Novembro;Montserrat;38802
Exportação;2023;Novembro;Moçambique;2063186
Exportação;2023;Novembro;México;671185772
Exportação;2023;Novembro;Mônaco;316367
Exportação;2023;Novembro;Namíbia;1583482
Exportação;2023;Novembro;Nepal;245948
Exportação;2023;Novembro;Nicarágua;18941983
Exportação;2023;Novembro;Nigéria;88877311
Exportação;2023;Novembro;Noruega;91386610
Exportação;2023;Novembro;Nova Caledônia;1359159
Exportação;2023;Novembro;Nova Zelândia;4216347
Exportação;2023;Novembro;Níger;64299
Exportação;2023;Novembro;Omã;87500219
Exportação;2023;Novembro;Pacífico, Ilhas do (EUA);19239
Exportação;2023;Novembro;Palau;297981
Exportação;2023;Novembro;Palestina;1432138
Exportação;2023;Novembro;Panamá;64080494
Exportação;2023;Novembro;Papua Nova Guiné;56610
Exportação;2023;Novembro;Paquistão;26096
Exportação;2023;Novembro;Paraguai;327534800
Exportação;2023;Novembro;Países Baixos (Holanda);1449862939
Exportação;2023;Novembro;Peru;260738865
Exportação;2023;Novembro;Polinésia Francesa;564679
Exportação;2023;Novembro;Polônia;223490629
Exportação;2023;Novembro;Porto Rico;17867280
Exportação;2023;Novembro;Portugal;233868759
Exportação;2023;Novembro;Quirguistão;85897
Exportação;2023;Novembro;Quênia;20284694
Exportação;2023;Novembro;Reino Unido;209713657
Exportação;2023;Novembro;República Centro-Africana;830576
Exportação;2023;Novembro;República Dominicana;84224224
Exportação;2023;Novembro;Reunião;492542
Exportação;2023;Novembro;Romênia;19857263
Exportação;2023;Novembro;Ruanda;227063
Exportação;2023;Novembro;Rússia;75805102
Exportação;2023;Novembro;Saara Ocidental;5560
Exportação;2023;Novembro;Samoa;77713
Exportação;2023;Novembro;Samoa Americana;16815
Exportação;2023;Novembro;San Marino;4952
Exportação;2023;Novembro;Santa Lúcia;320965
Exportação;2023;Novembro;Seicheles;1027128
Exportação;2023;Novembro;Senegal;62761
Exportação;2023;Novembro;Serra Leoa;2494960
Exportação;2023;Novembro;Singapura;317472344
Exportação;2023;Novembro;Sint Maarten;767607
Exportação;2023;Novembro;Somália;21477214
Exportação;2023;Novembro;Sri Lanka;5827424
Exportação;2023;Novembro;Sudão;746623
Exportação;2023;Novembro;Sudão do Sul;382950
Exportação;2023;Novembro;Suriname;2992025
Exportação;2023;Novembro;Suécia;81844343
Exportação;2023;Novembro;Suíça;104057528
Exportação;2023;Novembro;São Bartolomeu;165421
Exportação;2023;Novembro;São Cristóvão e Névis;629097
Exportação;2023;Novembro;São Martinho, Ilha de (parte francesa);59400
Exportação;2023;Novembro;São Tomé e Príncipe;127538
Exportação;2023;Novembro;São Vicente e Granadinas;262955
Exportação;2023;Novembro;Sérvia;1635719
Exportação;2023;Novembro;Síria;1092497
Exportação;2023;Novembro;Tadjiquistão;110550
Exportação;2023;Novembro;Tailândia;167691599
Exportação;2023;Novembro;Taiwan (Formosa);184990737
Exportação;2023;Novembro;Tanzânia;5185808
Exportação;2023;Novembro;Tcheca, República;6123279
Exportação;2023;Novembro;Terras Austrais Francesas;12312
Exportação;2023;Novembro;Timor Leste;1360026
Exportação;2023;Novembro;Togo;18182803
Exportação;2023;Novembro;Tonga;251418
Exportação;2023;Novembro;Toquelau;6587
Exportação;2023;Novembro;Trinidad e Tobago;32833853
Exportação;2023;Novembro;Tunísia;14547344
Exportação;2023;Novembro;Turcas e Caicos, Ilhas;397938
Exportação;2023;Novembro;Turcomenistão;13623
Exportação;2023;Novembro;Turquia;212861977
Exportação;2023;Novembro;Ucrânia;3033
Exportação;2023;Novembro;Uganda;1065571
Exportação;2023;Novembro;Uruguai;226822002
Exportação;2023;Novembro;Uzbequistão;8947353
Exportação;2023;Novembro;Vanuatu;115614
Exportação;2023;Novembro;Venezuela;71178272
Exportação;2023;Novembro;Vietnã;444903468
Exportação;2023;Novembro;Virgens, Ilhas (Americanas);130850
Exportação;2023;Novembro;Virgens, Ilhas (Britânicas);1233152
Exportação;2023;Novembro;Zimbábue;2836389
Exportação;2023;Novembro;Zâmbia;282341
Exportação;2023;Novembro;África do Sul;90005653
Exportação;2023;Novembro;Áustria;6200735
Exportação;2023;Novembro;Índia;346721497
Exportação;2023;Dezembro;Afeganistão;59926
Exportação;2023;Dezembro;Albânia;9396231
Exportação;2023;Dezembro;Alemanha;423366987
Exportação;2023;Dezembro;Andorra;37225
Exportação;2023;Dezembro;Angola;39061966
Exportação;2023;Dezembro;Anguilla;180
Exportação;2023;Dezembro;Antígua e Barbuda;3118362
Exportação;2023;Dezembro;Argentina;833533777
Exportação;2023;Dezembro;Argélia;232669710
Exportação;2023;Dezembro;Armênia;522545
Exportação;2023;Dezembro;Aruba;3102859
Exportação;2023;Dezembro;Arábia Saudita;259484277
Exportação;2023;Dezembro;Austrália;579854
Exportação;2023;Dezembro;Azerbaijão;3009414
Exportação;2023;Dezembro;Bahamas;12571477
Exportação;2023;Dezembro;Bangladesh;203452
Exportação;2023;Dezembro;Barbados;1639243
Exportação;2023;Dezembro;Barein;72198900
Exportação;2023;Dezembro;Belarus;1068331
Exportação;2023;Dezembro;Belize;1451780
Exportação;2023;Dezembro;Benin;4989787
Exportação;2023;Dezembro;Bermudas;396049
Exportação;2023;Dezembro;Bolívia;158793088
Exportação;2023;Dezembro;Bonaire, Saint Eustatius e Saba;391002
Exportação;2023;Dezembro;Botsuana;9384
Exportação;2023;Dezembro;Brasil;97851698
Exportação;2023;Dezembro;Brunei;32073
Exportação;2023;Dezembro;Bulgária;78371606
Exportação;2023;Dezembro;Burkina Faso;116451
Exportação;2023;Dezembro;Burundi;500
Exportação;2023;Dezembro;Butão;251581
Exportação;2023;Dezembro;Bélgica;318978146
Exportação;2023;Dezembro;Bósnia-Herzegovina;36061
Exportação;2023;Dezembro;Cabo Verde;2330524
Exportação;2023;Dezembro;Camarões;24663879
Exportação;2023;Dezembro;Camboja;2904917
Exportação;2023;Dezembro;Canadá;587207412
Exportação;2023;Dezembro;Catar;54296690
Exportação;2023;Dezembro;Cayman, Ilhas;713659
Exportação;2023;Dezembro;Cazaquistão;2359904
Exportação;2023;Dezembro;Chade;619250
Exportação;2023;Dezembro;Chile;602060863
Exportação;2023;Dezembro;China;8805757742
Exportação;2023;Dezembro;Chipre;7048063
Exportação;2023;Dezembro;Colômbia;261929958
Exportação;2023;Dezembro;Comores;793040
Exportação;2023;Dezembro;Congo;4172509
Exportação;2023;Dezembro;Congo, República Democrática;18640618
Exportação;2023;Dezembro;Cook, Ilhas;14599
Exportação;2023;Dezembro;Coreia do Sul;591915732
Exportação;2023;Dezembro;Costa Rica;65125534
Exportação;2023;Dezembro;Costa do Marfim;21662372
Exportação;2023;Dezembro;Coveite (Kuweit);19807992
Exportação;2023;Dezembro;Croácia;2692894
Exportação;2023;Dezembro;Cuba;23669094
Exportação;2023;Dezembro;Curaçao;3065227
Exportação;2023;Dezembro;Dinamarca;51566673
Exportação;2023;Dezembro;Djibuti;13386836
Exportação;2023;Dezembro;Dominica;286227
Exportação;2023;Dezembro;Egito;240258767
Exportação;2023;Dezembro;El Salvador;15120070
Exportação;2023;Dezembro;Emirados Árabes Unidos;380454691
Exportação;2023;Dezembro;Equador;80887051
Exportação;2023;Dezembro;Eritreia;13299
Exportação;2023;Dezembro;Eslováquia;1176352
Exportação;2023;Dezembro;Eslovênia;23651673
Exportação;2023;Dezembro;Espanha;761144993
Exportação;2023;Dezembro;Estados Unidos;3452529457
Exportação;2023;Dezembro;Estônia;4153489
Exportação;2023;Dezembro;Etiópia;1856429
Exportação;2023;Dezembro;Faroe, Ilhas;6984
Exportação;2023;Dezembro;Fiji;44476
Exportação;2023;Dezembro;Filipinas;248141072
Exportação;2023;Dezembro;Finlândia;16402653
Exportação;2023;Dezembro;França;303982025
Exportação;2023;Dezembro;Gabão;3591253
Exportação;2023;Dezembro;Gana;37223790
Exportação;2023;Dezembro;Geórgia;12028717
Exportação;2023;Dezembro;Gibraltar;11874
Exportação;2023;Dezembro;Granada;1526424
Exportação;2023;Dezembro;Grécia;27180794
Exportação;2023;Dezembro;Guadalupe;653341
Exportação;2023;Dezembro;Guatemala;39806054
Exportação;2023;Dezembro;Guiana;36138243
Exportação;2023;Dezembro;Guiana Francesa;422971
Exportação;2023;Dezembro;Guiné;15935749
Exportação;2023;Dezembro;Guiné Equatorial;2037314
Exportação;2023;Dezembro;Guiné-Bissau;330371
Exportação;2023;Dezembro;Gâmbia;2205891
Exportação;2023;Dezembro;Haiti;7360211
Exportação;2023;Dezembro;Honduras;17718230
Exportação;2023;Dezembro;Hong Kong;152762220
Exportação;2023;Dezembro;Hungria;7487314
Exportação;2023;Dezembro;Ilha de Man;1893462
Exportação;2023;Dezembro;Indonésia;323770063
Exportação;2023;Dezembro;Iraque;90546844
Exportação;2023;Dezembro;Irlanda;8418386
Exportação;2023;Dezembro;Irã;288512069
Exportação;2023;Dezembro;Islândia;22135694
Exportação;2023;Dezembro;Israel;34669110
Exportação;2023;Dezembro;Itália;338982021
Exportação;2023;Dezembro;Iêmen;96104334
Exportação;2023;Dezembro;Jamaica;6634
Exportação;2023;Dezembro;Japão;606160476
Exportação;2023;Dezembro;Jordânia;52507020
Exportação;2023;Dezembro;Laos;2217183
Exportação;2023;Dezembro;Letônia;2625
Exportação;2023;Dezembro;Libéria;39484234
Exportação;2023;Dezembro;Liechtenstein;1141221
Exportação;2023;Dezembro;Lituânia;2711978
Exportação;2023;Dezembro;Luxemburgo;2448306
Exportação;2023;Dezembro;Líbano;33152208
Exportação;2023;Dezembro;Líbia;66717185
Exportação;2023;Dezembro;Macau;102298
Exportação;2023;Dezembro;Macedônia;1367754
Exportação;2023;Dezembro;Madagascar;4399619
Exportação;2023;Dezembro;Malavi;246863
Exportação;2023;Dezembro;Maldivas;3026763
Exportação;2023;Dezembro;Mali;219558
Exportação;2023;Dezembro;Malta;15914707
Exportação;2023;Dezembro;Malásia;419593115
Exportação;2023;Dezembro;Marrocos;140949904
Exportação;2023;Dezembro;Marshall, Ilhas;27736125
Exportação;2023;Dezembro;Martinica;1289
Exportação;2023;Dezembro;Mauritânia;32789120
Exportação;2023;Dezembro;Maurício;19273144
Exportação;2023;Dezembro;Mayotte;649
Exportação;2023;Dezembro;Mianmar;13094161
Exportação;2023;Dezembro;Moldávia;276597
Exportação;2023;Dezembro;Mongólia;13922
Exportação;2023;Dezembro;Montenegro;1834754
Exportação;2023;Dezembro;Moçambique;1906658
Exportação;2023;Dezembro;México;509349611
Exportação;2023;Dezembro;Mônaco;18954
Exportação;2023;Dezembro;Namíbia;589550
Exportação;2023;Dezembro;Nepal;18444
Exportação;2023;Dezembro;Nicarágua;18456888
Exportação;2023;Dezembro;Nigéria;57466131
Exportação;2023;Dezembro;Noruega;103146
Exportação;2023;Dezembro;Nova Caledônia;624700
Exportação;2023;Dezembro;Nova Zelândia;20818579
Exportação;2023;Dezembro;Níger;59258
Exportação;2023;Dezembro;Omã;120087
Exportação;2023;Dezembro;Pacífico, Ilhas do (EUA);241773
Exportação;2023;Dezembro;Palau;369953
Exportação;2023;Dezembro;Palestina;3310610
Exportação;2023;Dezembro;Panamá;104228241
Exportação;2023;Dezembro;Papua Nova Guiné;394
Exportação;2023;Dezembro;Paquistão;30371817
Exportação;2023;Dezembro;Paraguai;333133930
Exportação;2023;Dezembro;Países Baixos (Holanda);923896468
Exportação;2023;Dezembro;Peru;193942302
Exportação;2023;Dezembro;Polinésia Francesa;374144
Exportação;2023;Dezembro;Polônia;119214872
Exportação;2023;Dezembro;Porto Rico;23481494
Exportação;2023;Dezembro;Portugal;3453340
Exportação;2023;Dezembro;Quirguistão;8322
Exportação;2023;Dezembro;Quênia;11822650
Exportação;2023;Dezembro;Reino Unido;253220988
Exportação;2023;Dezembro;República Centro-Africana;618092
Exportação;2023;Dezembro;República Dominicana;77255146
Exportação;2023;Dezembro;Reunião;357774
Exportação;2023;Dezembro;Romênia;97237928
Exportação;2023;Dezembro;Ruanda;17430
Exportação;2023;Dezembro;Rússia;63139159
Exportação;2023;Dezembro;Samoa Americana;22980
Exportação;2023;Dezembro;San Marino;17048
Exportação;2023;Dezembro;Santa Lúcia;274113
Exportação;2023;Dezembro;Seicheles;1139517
Exportação;2023;Dezembro;Senegal;11803120
Exportação;2023;Dezembro;Serra Leoa;2047565
Exportação;2023;Dezembro;Singapura;437400470
Exportação;2023;Dezembro;Sint Maarten;1272802
Exportação;2023;Dezembro;Somália;22061535
Exportação;2023;Dezembro;Sri Lanka;4604163
Exportação;2023;Dezembro;Sudão;7990374
Exportação;2023;Dezembro;Sudão do Sul;371844
Exportação;2023;Dezembro;Suriname;3850202
Exportação;2023;Dezembro;Suécia;166111
Exportação;2023;Dezembro;Suíça;77561372
Exportação;2023;Dezembro;São Bartolomeu;28335
Exportação;2023;Dezembro;São Cristóvão e Névis;349
Exportação;2023;Dezembro;São Martinho, Ilha de (parte francesa);74082
Exportação;2023;Dezembro;São Tomé e Príncipe;359135
Exportação;2023;Dezembro;São Vicente e Granadinas;1000589
Exportação;2023;Dezembro;Sérvia;2096670
Exportação;2023;Dezembro;Síria;1354273
Exportação;2023;Dezembro;Tadjiquistão;230
Exportação;2023;Dezembro;Tailândia;192824112
Exportação;2023;Dezembro;Taiwan (Formosa);157176860
Exportação;2023;Dezembro;Tanzânia;2782241
Exportação;2023;Dezembro;Tcheca, República;5618179
Exportação;2023;Dezembro;Terras Austrais Francesas;7613
Exportação;2023;Dezembro;Timor Leste;1231477
Exportação;2023;Dezembro;Togo;21316841
Exportação;2023;Dezembro;Tonga;599743
Exportação;2023;Dezembro;Trinidad e Tobago;32483772
Exportação;2023;Dezembro;Tunísia;9087388
Exportação;2023;Dezembro;Turcas e Caicos, Ilhas;343718
Exportação;2023;Dezembro;Turcomenistão;24206
Exportação;2023;Dezembro;Turquia;2630738
Exportação;2023;Dezembro;Ucrânia;2191804
Exportação;2023;Dezembro;Uganda;344696
Exportação;2023;Dezembro;Uruguai;259818064
Exportação;2023;Dezembro;Uzbequistão;121978
Exportação;2023;Dezembro;Vanuatu;141652
Exportação;2023;Dezembro;Venezuela;96348962
Exportação;2023;Dezembro;Vietnã;403207612
Exportação;2023;Dezembro;Virgens, Ilhas (Americanas);9468689
Exportação;2023;Dezembro;Virgens, Ilhas (Britânicas);278131
Exportação;2023;Dezembro;Zimbábue;2586948
Exportação;2023;Dezembro;Zâmbia;737858
Exportação;2023;Dezembro;África do Sul;139272243
Exportação;2023;Dezembro;Áustria;10385873
Exportação;2023;Dezembro;Índia;489663
Importação;2023;Janeiro;Afeganistão;37735
Importação;2023;Janeiro;Aland, Ilhas;32023
Importação;2023;Janeiro;Albânia;1041065
Importação;2023;Janeiro;Alemanha;1132289454
Importação;2023;Janeiro;Andorra;6
Importação;2023;Janeiro;Angola;90581472
Importação;2023;Janeiro;Anguilla;34560
Importação;2023;Janeiro;Argentina;822461874
Importação;2023;Janeiro;Argélia;397185244
Importação;2023;Janeiro;Arábia Saudita;259910609
Importação;2023;Janeiro;Austrália;184028552
Importação;2023;Janeiro;Bangladesh;19312817
Importação;2023;Janeiro;Barbados;57906
Importação;2023;Janeiro;Barein;90371730
Importação;2023;Janeiro;Belarus;25912697
Importação;2023;Janeiro;Belize;14186
Importação;2023;Janeiro;Benin;31
Importação;2023;Janeiro;Bermudas;34205
Importação;2023;Janeiro;Bolívia;157346193
Importação;2023;Janeiro;Brasil;22289163
Importação;2023;Janeiro;Brunei;8
Importação;2023;Janeiro;Bulgária;4626455
Importação;2023;Janeiro;Butão;39032
Importação;2023;Janeiro;Bélgica;524158264
Importação;2023;Janeiro;Bósnia-Herzegovina;688333
Importação;2023;Janeiro;Camarões;80624
Importação;2023;Janeiro;Camboja;6712995
Importação;2023;Janeiro;Canadá;206427836
Importação;2023;Janeiro;Catar;735235
Importação;2023;Janeiro;Cayman, Ilhas;365243
Importação;2023;Janeiro;Cazaquistão;14057076
Importação;2023;Janeiro;Chile;334771254
Importação;2023;Janeiro;China;4594339309
Importação;2023;Janeiro;Chipre;112908
Importação;2023;Janeiro;Christmas (Navidad), Ilha;3371
Importação;2023;Janeiro;Cocos (Keeling), Ilhas;86
Importação;2023;Janeiro;Colômbia;205707
Importação;2023;Janeiro;Comores;28624
Importação;2023;Janeiro;Congo;71946915
Importação;2023;Janeiro;Congo, República Democrática;2339935
Importação;2023;Janeiro;Coreia do Sul;486072
Importação;2023;Janeiro;Costa Rica;11692669
Importação;2023;Janeiro;Costa do Marfim;43410850
Importação;2023;Janeiro;Coveite (Kuweit);73963021
Importação;2023;Janeiro;Croácia;1273149
Importação;2023;Janeiro;Cuba;110664
Importação;2023;Janeiro;Curaçao;38852
Importação;2023;Janeiro;Dinamarca;119642445
Importação;2023;Janeiro;Egito;27836
Importação;2023;Janeiro;El Salvador;930203
Importação;2023;Janeiro;Emirados Árabes Unidos;122370983
Importação;2023;Janeiro;Equador;7950998
Importação;2023;Janeiro;Eslováquia;28330691
Importação;2023;Janeiro;Eslovênia;10747539
Importação;2023;Janeiro;Espanha;291076744
Importação;2023;Janeiro;Estados Unidos;3131187206
Importação;2023;Janeiro;Estônia;3744299
Importação;2023;Janeiro;Etiópia;1635
Importação;2023;Janeiro;Filipinas;28063770
Importação;2023;Janeiro;Finlândia;69666942
Importação;2023;Janeiro;França;437193
Importação;2023;Janeiro;Gana;1707108
Importação;2023;Janeiro;Geórgia;136
Importação;2023;Janeiro;Grécia;5808102
Importação;2023;Janeiro;Guatemala;6312549
Importação;2023;Janeiro;Guiana;156339765
Importação;2023;Janeiro;Guiana Francesa;152
Importação;2023;Janeiro;Guiné;3065
Importação;2023;Janeiro;Guiné Equatorial;243
Importação;2023;Janeiro;Haiti;75685
Importação;2023;Janeiro;Honduras;1979258
Importação;2023;Janeiro;Hong Kong;70998669
Importação;2023;Janeiro;Hungria;45154713
Importação;2023;Janeiro;Indonésia;125391296
Importação;2023;Janeiro;Iraque;4779
Importação;2023;Janeiro;Irlanda;61543341
Importação;2023;Janeiro;Irã;59165
Importação;2023;Janeiro;Islândia;1736917
Importação;2023;Janeiro;Israel;99588563
Importação;2023;Janeiro;Itália;505702240
Importação;2023;Janeiro;Iêmen;1330
Importação;2023;Janeiro;Jamaica;19974
Importação;2023;Janeiro;Japão;443786502
Importação;2023;Janeiro;Jersey;118
Importação;2023;Janeiro;Jordânia;6876624
Importação;2023;Janeiro;Laos;277934
Importação;2023;Janeiro;Letônia;2173782
Importação;2023;Janeiro;Libéria;61814
Importação;2023;Janeiro;Liechtenstein;1461184
Importação;2023;Janeiro;Lituânia;4323690
Importação;2023;Janeiro;Luxemburgo;4340210
Importação;2023;Janeiro;Líbano;128590
Importação;2023;Janeiro;Líbia;81325
Importação;2023;Janeiro;Macau;1552341
Importação;2023;Janeiro;Macedônia;2144223
Importação;2023;Janeiro;Madagascar;502762
Importação;2023;Janeiro;Malavi;60678
Importação;2023;Janeiro;Malta;2574443
Importação;2023;Janeiro;Malásia;133123516
Importação;2023;Janeiro;Marrocos;86089117
Importação;2023;Janeiro;Maurício;30220
Importação;2023;Janeiro;Mianmar;1822506
Importação;2023;Janeiro;Moldávia;203555
Importação;2023;Janeiro;Mongólia;167403
Importação;2023;Janeiro;Montenegro;100
Importação;2023;Janeiro;Montserrat;14576
Importação;2023;Janeiro;Moçambique;1029306
Importação;2023;Janeiro;México;498128431
Importação;2023;Janeiro;Mônaco;136197
Importação;2023;Janeiro;Namíbia;4827
Importação;2023;Janeiro;Nepal;4856
Importação;2023;Janeiro;Nicarágua;233570
Importação;2023;Janeiro;Nigéria;140873141
Importação;2023;Janeiro;Niue;47
Importação;2023;Janeiro;Noruega;54543686
Importação;2023;Janeiro;Nova Caledônia;2081
Importação;2023;Janeiro;Nova Zelândia;9953427
Importação;2023;Janeiro;Níger;1402
Importação;2023;Janeiro;Omã;96449851
Importação;2023;Janeiro;Pacífico, Ilhas do (EUA);243919
Importação;2023;Janeiro;Panamá;938
Importação;2023;Janeiro;Paquistão;11061366
Importação;2023;Janeiro;Paraguai;224837512
Importação;2023;Janeiro;Países Baixos (Holanda);250007259
Importação;2023;Janeiro;Peru;141437240
Importação;2023;Janeiro;Polônia;82795024
Importação;2023;Janeiro;Porto Rico;22264611
Importação;2023;Janeiro;Portugal;76617923
Importação;2023;Janeiro;Quirguistão;60692
Importação;2023;Janeiro;Quênia;258678
Importação;2023;Janeiro;Reino Unido;210732972
Importação;2023;Janeiro;República Dominicana;2353045
Importação;2023;Janeiro;Romênia;27212931
Importação;2023;Janeiro;Ruanda;375
Importação;2023;Janeiro;Rússia;486575251
Importação;2023;Janeiro;Salomão, Ilhas;6427
Importação;2023;Janeiro;Samoa;152762
Importação;2023;Janeiro;Samoa Americana;19530
Importação;2023;Janeiro;San Marino;2510453
Importação;2023;Janeiro;Seicheles;32521
Importação;2023;Janeiro;Senegal;109434
Importação;2023;Janeiro;Serra Leoa;2182
Importação;2023;Janeiro;Singapura;54410527
Importação;2023;Janeiro;Sri Lanka;7305530
Importação;2023;Janeiro;Suazilândia;1724
Importação;2023;Janeiro;Suécia;143669053
Importação;2023;Janeiro;Suíça;232131991
Importação;2023;Janeiro;São Cristóvão e Névis;1597
Importação;2023;Janeiro;Sérvia;3554255
Importação;2023;Janeiro;Tailândia;170495783
Importação;2023;Janeiro;Taiwan (Formosa);235817514
Importação;2023;Janeiro;Tanzânia;443661
Importação;2023;Janeiro;Tcheca, República;60025540
Importação;2023;Janeiro;Timor Leste;12296
Importação;2023;Janeiro;Togo;17725917
Importação;2023;Janeiro;Toquelau;155447
Importação;2023;Janeiro;Trinidad e Tobago;42089692
Importação;2023;Janeiro;Tunísia;4681894
Importação;2023;Janeiro;Turcas e Caicos, Ilhas;5
Importação;2023;Janeiro;Turcomenistão;109162
Importação;2023;Janeiro;Turquia;116872439
Importação;2023;Janeiro;Ucrânia;1190085
Importação;2023;Janeiro;Uganda;350
Importação;2023;Janeiro;Uruguai;175354355
Importação;2023;Janeiro;Uzbequistão;211908
Importação;2023;Janeiro;Venezuela;35669808
Importação;2023;Janeiro;Vietnã;258422333
Importação;2023;Janeiro;Virgens, Ilhas (Britânicas);345256
Importação;2023;Janeiro;Zâmbia;411637
Importação;2023;Janeiro;África do Sul;86400450
Importação;2023;Janeiro;Áustria;146738690
Importação;2023;Janeiro;Índia;559068084
Importação;2023;Fevereiro;Afeganistão;27190
Importação;2023;Fevereiro;Aland, Ilhas;8327
Importação;2023;Fevereiro;Albânia;1040950
Importação;2023;Fevereiro;Alemanha;942641346
Importação;2023;Fevereiro;Angola;152096266
Importação;2023;Fevereiro;Anguilla;24505
Importação;2023;Fevereiro;Argentina;943003437
Importação;2023;Fevereiro;Argélia;206600817
Importação;2023;Fevereiro;Armênia;32443
Importação;2023;Fevereiro;Arábia Saudita;200723
Importação;2023;Fevereiro;Austrália;68046258
Importação;2023;Fevereiro;Azerbaijão;5960
Importação;2023;Fevereiro;Bangladesh;17064311
Importação;2023;Fevereiro;Barbados;95173
Importação;2023;Fevereiro;Barein;4263053
Importação;2023;Fevereiro;Belarus;30574691
Importação;2023;Fevereiro;Belize;8657
Importação;2023;Fevereiro;Benin;20
Importação;2023;Fevereiro;Bermudas;34231
Importação;2023;Fevereiro;Bolívia;146575679
Importação;2023;Fevereiro;Bonaire, Saint Eustatius e Saba;592
Importação;2023;Fevereiro;Brasil;21402948
Importação;2023;Fevereiro;Bulgária;4720867
Importação;2023;Fevereiro;Butão;27
Importação;2023;Fevereiro;Bélgica;395566137
Importação;2023;Fevereiro;Bósnia-Herzegovina;247648
Importação;2023;Fevereiro;Cabo Verde;25372
Importação;2023;Fevereiro;Camarões;33
Importação;2023;Fevereiro;Camboja;6008964
Importação;2023;Fevereiro;Canadá;188976040
Importação;2023;Fevereiro;Catar;51765666
Importação;2023;Fevereiro;Cayman, Ilhas;2940
Importação;2023;Fevereiro;Cazaquistão;4382385
Importação;2023;Fevereiro;Chile;354284253
Importação;2023;Fevereiro;China;3706026899
Importação;2023;Fevereiro;Chipre;177525
Importação;2023;Fevereiro;Colômbia;118002711
Importação;2023;Fevereiro;Comores;20995
Importação;2023;Fevereiro;Congo, República Democrática;1454896
Importação;2023;Fevereiro;Coreia do Sul;324060820
Importação;2023;Fevereiro;Costa Rica;10654552
Importação;2023;Fevereiro;Costa do Marfim;25376988
Importação;2023;Fevereiro;Coveite (Kuweit);9739443
Importação;2023;Fevereiro;Croácia;791626
Importação;2023;Fevereiro;Cuba;2547
Importação;2023;Fevereiro;Curaçao;656
Importação;2023;Fevereiro;Dinamarca;83047502
Importação;2023;Fevereiro;Dominica;341
Importação;2023;Fevereiro;Egito;31287913
Importação;2023;Fevereiro;El Salvador;562881
Importação;2023;Fevereiro;Emirados Árabes Unidos;195623121
Importação;2023;Fevereiro;Equador;5484052
Importação;2023;Fevereiro;Eslováquia;40746
Importação;2023;Fevereiro;Eslovênia;9433629
Importação;2023;Fevereiro;Espanha;382138106
Importação;2023;Fevereiro;Estados Unidos;2866156051
Importação;2023;Fevereiro;Estônia;23433230
Importação;2023;Fevereiro;Etiópia;10434
Importação;2023;Fevereiro;Filipinas;23637715
Importação;2023;Fevereiro;Finlândia;61669926
Importação;2023;Fevereiro;França;329675
Importação;2023;Fevereiro;Gabão;5960
Importação;2023;Fevereiro;Gana;9897530
Importação;2023;Fevereiro;Geórgia;52963
Importação;2023;Fevereiro;Granada;28
Importação;2023;Fevereiro;Grécia;4445407
Importação;2023;Fevereiro;Guatemala;3839894
Importação;2023;Fevereiro;Guiana;157745115
Importação;2023;Fevereiro;Gâmbia;28
Importação;2023;Fevereiro;Haiti;396
Importação;2023;Fevereiro;Honduras;1780961
Importação;2023;Fevereiro;Hong Kong;57867475
Importação;2023;Fevereiro;Hungria;58715532
Importação;2023;Fevereiro;Indonésia;105684271
Importação;2023;Fevereiro;Iraque;269582
Importação;2023;Fevereiro;Irlanda;79190813
Importação;2023;Fevereiro;Irã;174769
Importação;2023;Fevereiro;Islândia;1693428
Importação;2023;Fevereiro;Israel;89172387
Importação;2023;Fevereiro;Itália;413641443
Importação;2023;Fevereiro;Iêmen;474
Importação;2023;Fevereiro;Jamaica;5174
Importação;2023;Fevereiro;Japão;337844704
Importação;2023;Fevereiro;Jordânia;17821539
Importação;2023;Fevereiro;Laos;106249
Importação;2023;Fevereiro;Letônia;1770780
Importação;2023;Fevereiro;Liechtenstein;1061562
Importação;2023;Fevereiro;Lituânia;2402032
Importação;2023;Fevereiro;Luxemburgo;2716226
Importação;2023;Fevereiro;Líbano;74042
Importação;2023;Fevereiro;Macau;198206
Importação;2023;Fevereiro;Macedônia;1419096
Importação;2023;Fevereiro;Madagascar;112605
Importação;2023;Fevereiro;Malta;802918
Importação;2023;Fevereiro;Malásia;91151286
Importação;2023;Fevereiro;Marrocos;121041563
Importação;2023;Fevereiro;Maurício;53818
Importação;2023;Fevereiro;Mianmar;747862
Importação;2023;Fevereiro;Moldávia;84629
Importação;2023;Fevereiro;Montenegro;1
Importação;2023;Fevereiro;Montserrat;551
Importação;2023;Fevereiro;Moçambique;733315
Importação;2023;Fevereiro;México;365413269
Importação;2023;Fevereiro;Mônaco;644091
Importação;2023;Fevereiro;Namíbia;107
Importação;2023;Fevereiro;Nauru;1536
Importação;2023;Fevereiro;Nepal;10713
Importação;2023;Fevereiro;Nicarágua;605248
Importação;2023;Fevereiro;Nigéria;49760692
Importação;2023;Fevereiro;Noruega;60695309
Importação;2023;Fevereiro;Nova Caledônia;6745
Importação;2023;Fevereiro;Nova Zelândia;4999029
Importação;2023;Fevereiro;Omã;24182005
Importação;2023;Fevereiro;Pacífico, Ilhas do (EUA);11624
Importação;2023;Fevereiro;Palestina;357
Importação;2023;Fevereiro;Panamá;1028441
Importação;2023;Fevereiro;Papua Nova Guiné;9270
Importação;2023;Fevereiro;Paquistão;8748688
Importação;2023;Fevereiro;Paraguai;237912
Importação;2023;Fevereiro;Países Baixos (Holanda);272909424
Importação;2023;Fevereiro;Peru;105257158
Importação;2023;Fevereiro;Polinésia Francesa;11869
Importação;2023;Fevereiro;Polônia;62107
Importação;2023;Fevereiro;Porto Rico;40825915
Importação;2023;Fevereiro;Portugal;94244930
Importação;2023;Fevereiro;Quirguistão;1145
Importação;2023;Fevereiro;Quênia;23207
Importação;2023;Fevereiro;Reino Unido;198271580
Importação;2023;Fevereiro;República Centro-Africana;95
Importação;2023;Fevereiro;República Dominicana;1759704
Importação;2023;Fevereiro;Reunião;3
Importação;2023;Fevereiro;Romênia;23039638
Importação;2023;Fevereiro;Rússia;550393832
Importação;2023;Fevereiro;Samoa;14413
Importação;2023;Fevereiro;Samoa Americana;33908
Importação;2023;Fevereiro;San Marino;962318
Importação;2023;Fevereiro;Seicheles;156
Importação;2023;Fevereiro;Senegal;124
Importação;2023;Fevereiro;Serra Leoa;22707
Importação;2023;Fevereiro;Singapura;52935246
Importação;2023;Fevereiro;Sri Lanka;4607307
Importação;2023;Fevereiro;Suazilândia;83
Importação;2023;Fevereiro;Suécia;127083338
Importação;2023;Fevereiro;Suíça;229647380
Importação;2023;Fevereiro;São Cristóvão e Névis;5505
Importação;2023;Fevereiro;Sérvia;5183956
Importação;2023;Fevereiro;Tadjiquistão;35058
Importação;2023;Fevereiro;Tailândia;148066394
Importação;2023;Fevereiro;Taiwan (Formosa);166988557
Importação;2023;Fevereiro;Tanzânia;968
Importação;2023;Fevereiro;Tcheca, República;60247667
Importação;2023;Fevereiro;Togo;28478341
Importação;2023;Fevereiro;Toquelau;40420
Importação;2023;Fevereiro;Trinidad e Tobago;31308970
Importação;2023;Fevereiro;Tunísia;3044994
Importação;2023;Fevereiro;Turcomenistão;109437
Importação;2023;Fevereiro;Turquia;88121296
Importação;2023;Fevereiro;Ucrânia;906611
Importação;2023;Fevereiro;Uganda;432
Importação;2023;Fevereiro;Uruguai;129449562
Importação;2023;Fevereiro;Uzbequistão;13181150
Importação;2023;Fevereiro;Venezuela;39624779
Importação;2023;Fevereiro;Vietnã;218138164
Importação;2023;Fevereiro;Virgens, Ilhas (Americanas);4048
Importação;2023;Fevereiro;Virgens, Ilhas (Britânicas);83177
Importação;2023;Fevereiro;Zimbábue;0
Importação;2023;Fevereiro;África do Sul;47095831
Importação;2023;Fevereiro;Áustria;104412913
Importação;2023;Fevereiro;Índia;514606582
Importação;2023;Março;Afeganistão;15260
Importação;2023;Março;Aland, Ilhas;7739
Importação;2023;Março;Albânia;145607
Importação;2023;Março;Alemanha;1339637230
Importação;2023;Março;Andorra;128
Importação;2023;Março;Angola;16221080
Importação;2023;Março;Anguilla;61050
Importação;2023;Março;Antígua e Barbuda;1569
Importação;2023;Março;Argentina;1184296032
Importação;2023;Março;Argélia;117539543
Importação;2023;Março;Armênia;32533
Importação;2023;Março;Aruba;13123
Importação;2023;Março;Arábia Saudita;231676489
Importação;2023;Março;Austrália;222110834
Importação;2023;Março;Bahamas;9109
Importação;2023;Março;Bangladesh;24980532
Importação;2023;Março;Barbados;24820
Importação;2023;Março;Barein;6092654
Importação;2023;Março;Belarus;34575240
Importação;2023;Março;Benin;245
Importação;2023;Março;Bermudas;156163
Importação;2023;Março;Bolívia;131758083
Importação;2023;Março;Bonaire, Saint Eustatius e Saba;569
Importação;2023;Março;Botsuana;7216
Importação;2023;Março;Brasil;24824491
Importação;2023;Março;Brunei;15456971
Importação;2023;Março;Bulgária;6236071
Importação;2023;Março;Burkina Faso;1858
Importação;2023;Março;Butão;81185
Importação;2023;Março;Bélgica;437896695
Importação;2023;Março;Bósnia-Herzegovina;799248
Importação;2023;Março;Cabo Verde;22963
Importação;2023;Março;Camarões;308142
Importação;2023;Março;Camboja;4403136
Importação;2023;Março;Canadá;339721744
Importação;2023;Março;Catar;53635170
Importação;2023;Março;Cayman, Ilhas;82669
Importação;2023;Março;Cazaquistão;11302789
Importação;2023;Março;Chade;51
Importação;2023;Março;Chile;402875524
Importação;2023;Março;China;4234731549
Importação;2023;Março;Chipre;46493
Importação;2023;Março;Colômbia;213818189
Importação;2023;Março;Congo;72385990
Importação;2023;Março;Coreia do Sul;600278584
Importação;2023;Março;Costa Rica;13583329
Importação;2023;Março;Costa do Marfim;28072870
Importação;2023;Março;Coveite (Kuweit);4693467
Importação;2023;Março;Croácia;1243278
Importação;2023;Março;Cuba;196068
Importação;2023;Março;Curaçao;1734
Importação;2023;Março;Dinamarca;115135557
Importação;2023;Março;Dominica;2827
Importação;2023;Março;Egito;45485081
Importação;2023;Março;El Salvador;903471
Importação;2023;Março;Emirados Árabes Unidos;389956
Importação;2023;Março;Equador;10909650
Importação;2023;Março;Eritreia;18432
Importação;2023;Março;Eslováquia;45140747
Importação;2023;Março;Eslovênia;13127545
Importação;2023;Março;Espanha;406933721
Importação;2023;Março;Estados Unidos;3748098553
Importação;2023;Março;Estônia;3996622
Importação;2023;Março;Etiópia;1378
Importação;2023;Março;Fiji;28200
Importação;2023;Março;Filipinas;27152
Importação;2023;Março;Finlândia;91077762
Importação;2023;Março;França;474500422
Importação;2023;Março;Gabão;78372338
Importação;2023;Março;Gana;314475
Importação;2023;Março;Geórgia;239168
Importação;2023;Março;Groenlândia;30841
Importação;2023;Março;Grécia;4996431
Importação;2023;Março;Guatemala;7871536
Importação;2023;Março;Guiana;73724355
Importação;2023;Março;Guiné;22
Importação;2023;Março;Guiné-Bissau;1042
Importação;2023;Março;Gâmbia;64
Importação;2023;Março;Haiti;22169
Importação;2023;Março;Honduras;1198636
Importação;2023;Março;Hong Kong;61169035
Importação;2023;Março;Hungria;58199
Importação;2023;Março;Indonésia;126483468
Importação;2023;Março;Irlanda;64430357
Importação;2023;Março;Irã;470999
Importação;2023;Março;Islândia;1988130
Importação;2023;Março;Israel;110528984
Importação;2023;Março;Itália;518042212
Importação;2023;Março;Iêmen;126
Importação;2023;Março;Jamaica;25117
Importação;2023;Março;Japão;453237478
Importação;2023;Março;Jordânia;13551666
Importação;2023;Março;Laos;212937
Importação;2023;Março;Lesoto;690
Importação;2023;Março;Letônia;2817652
Importação;2023;Março;Libéria;61133
Importação;2023;Março;Liechtenstein;1155451
Importação;2023;Março;Lituânia;3744967
Importação;2023;Março;Luxemburgo;5276155
Importação;2023;Março;Líbano;527
Importação;2023;Março;Macau;78709
Importação;2023;Março;Macedônia;1225730
Importação;2023;Março;Madagascar;144369
Importação;2023;Março;Malavi;79377
Importação;2023;Março;Maldivas;1022
Importação;2023;Março;Malta;832844
Importação;2023;Março;Malásia;120328555
Importação;2023;Março;Marrocos;126685082
Importação;2023;Março;Marshall, Ilhas;9742
Importação;2023;Março;Maurício;195
Importação;2023;Março;Mianmar;1205137
Importação;2023;Março;Moldávia;261491
Importação;2023;Março;Mongólia;302480
Importação;2023;Março;Montenegro;19
Importação;2023;Março;Montserrat;2831
Importação;2023;Março;México;5565000
Importação;2023;Março;Mônaco;271771
Importação;2023;Março;Namíbia;4432
Importação;2023;Março;Nepal;28986
Importação;2023;Março;Nicarágua;429498
Importação;2023;Março;Nigéria;26865058
Importação;2023;Março;Noruega;77199844
Importação;2023;Março;Nova Caledônia;10703
Importação;2023;Março;Nova Zelândia;7302103
Importação;2023;Março;Níger;13272
Importação;2023;Março;Omã;23640406
Importação;2023;Março;Palau;32
Importação;2023;Março;Panamá;1785428
Importação;2023;Março;Paquistão;8915343
Importação;2023;Março;Paraguai;2378020
Importação;2023;Março;Países Baixos (Holanda);352226608
Importação;2023;Março;Peru;128966168
Importação;2023;Março;Pitcairn;153
Importação;2023;Março;Polinésia Francesa;5
Importação;2023;Março;Polônia;80359840
Importação;2023;Março;Porto Rico;40248596
Importação;2023;Março;Portugal;118543797
Importação;2023;Março;Quirguistão;64
Importação;2023;Março;Quênia;955171
Importação;2023;Março;Reino Unido;264074282
Importação;2023;Março;República Dominicana;4080994
Importação;2023;Março;Reunião;9
Importação;2023;Março;Romênia;33914878
Importação;2023;Março;Ruanda;989
Importação;2023;Março;Rússia;750417412
Importação;2023;Março;Salomão, Ilhas;2697
Importação;2023;Março;Samoa;1376
Importação;2023;Março;Samoa Americana;13770
Importação;2023;Março;San Marino;891668
Importação;2023;Março;Seicheles;11275
Importação;2023;Março;Senegal;325116
Importação;2023;Março;Serra Leoa;28066
Importação;2023;Março;Singapura;140904310
Importação;2023;Março;Sri Lanka;5483478
Importação;2023;Março;Suazilândia;4004
Importação;2023;Março;Suécia;193834539
Importação;2023;Março;Suíça;232485065
Importação;2023;Março;São Cristóvão e Névis;1361
Importação;2023;Março;São Vicente e Granadinas;3172
Importação;2023;Março;Sérvia;4966617
Importação;2023;Março;Tadjiquistão;8554
Importação;2023;Março;Tailândia;161941479
Importação;2023;Março;Taiwan (Formosa);208553877
Importação;2023;Março;Tanzânia;227373
Importação;2023;Março;Tcheca, República;62599519
Importação;2023;Março;Território Britânico do Oceano Índico;5683
Importação;2023;Março;Toquelau;60510
Importação;2023;Março;Trinidad e Tobago;39654840
Importação;2023;Março;Tunísia;4434588
Importação;2023;Março;Turcomenistão;4641
Importação;2023;Março;Turquia;103740391
Importação;2023;Março;Ucrânia;1798654
Importação;2023;Março;Uganda;19573
Importação;2023;Março;Uruguai;226774833
Importação;2023;Março;Uzbequistão;166125
Importação;2023;Março;Venezuela;31628043
Importação;2023;Março;Vietnã;269877
Importação;2023;Março;Virgens, Ilhas (Britânicas);287608
Importação;2023;Março;Zimbábue;1
Importação;2023;Março;Zâmbia;125136
Importação;2023;Março;África do Sul;56427120
Importação;2023;Março;Áustria;120648482
Importação;2023;Março;Índia;852267771
Importação;2023;Abril;Afeganistão;34951
Importação;2023;Abril;Aland, Ilhas;27337
Importação;2023;Abril;Albânia;47298
Importação;2023;Abril;Alemanha;947952402
Importação;2023;Abril;Andorra;7060
Importação;2023;Abril;Angola;182448278
Importação;2023;Abril;Anguilla;58675
Importação;2023;Abril;Antártica;197
Importação;2023;Abril;Argentina;888808888
Importação;2023;Abril;Argélia;33740402
Importação;2023;Abril;Armênia;1325
Importação;2023;Abril;Aruba;174
Importação;2023;Abril;Arábia Saudita;342247583
Importação;2023;Abril;Austrália;88119532
Importação;2023;Abril;Bangladesh;25313792
Importação;2023;Abril;Barein;9314196
Importação;2023;Abril;Belarus;30216676
Importação;2023;Abril;Belize;91920
Importação;2023;Abril;Benin;144
Importação;2023;Abril;Bermudas;512
Importação;2023;Abril;Bolívia;151708742
Importação;2023;Abril;Bouvet, Ilha;10311
Importação;2023;Abril;Brasil;32961376
Importação;2023;Abril;Brunei;1266
Importação;2023;Abril;Bulgária;6298824
Importação;2023;Abril;Butão;57257
Importação;2023;Abril;Bélgica;329175867
Importação;2023;Abril;Bósnia-Herzegovina;1313573
Importação;2023;Abril;Cabo Verde;10031
Importação;2023;Abril;Camarões;1505965
Importação;2023;Abril;Camboja;7345921
Importação;2023;Abril;Canadá;369689133
Importação;2023;Abril;Catar;56558442
Importação;2023;Abril;Cayman, Ilhas;313603
Importação;2023;Abril;Cazaquistão;6106790
Importação;2023;Abril;Chile;361593476
Importação;2023;Abril;China;3879102754
Importação;2023;Abril;Chipre;369211
Importação;2023;Abril;Cocos (Keeling), Ilhas;5468
Importação;2023;Abril;Colômbia;217411051
Importação;2023;Abril;Comores;3603
Importação;2023;Abril;Congo;77576504
Importação;2023;Abril;Congo, República Democrática;940252
Importação;2023;Abril;Coreia do Sul;343814545
Importação;2023;Abril;Costa Rica;8847413
Importação;2023;Abril;Costa do Marfim;15798456
Importação;2023;Abril;Coveite (Kuweit);119269
Importação;2023;Abril;Croácia;3978636
Importação;2023;Abril;Cuba;273391
Importação;2023;Abril;Curaçao;11033
Importação;2023;Abril;Dinamarca;78764733
Importação;2023;Abril;Dominica;26
Importação;2023;Abril;Egito;28127145
Importação;2023;Abril;El Salvador;247409
Importação;2023;Abril;Emirados Árabes Unidos;88872940
Importação;2023;Abril;Equador;6083615
Importação;2023;Abril;Eslováquia;43676623
Importação;2023;Abril;Eslovênia;7215897
Importação;2023;Abril;Espanha;339222
Importação;2023;Abril;Estados Unidos;3253243839
Importação;2023;Abril;Estônia;3286569
Importação;2023;Abril;Etiópia;6444
Importação;2023;Abril;Filipinas;23231922
Importação;2023;Abril;Finlândia;70770846
Importação;2023;Abril;França;448395316
Importação;2023;Abril;Gabão;78321595
Importação;2023;Abril;Gana;12088
Importação;2023;Abril;Geórgia;9217
Importação;2023;Abril;Grécia;3678
Importação;2023;Abril;Guatemala;5440227
Importação;2023;Abril;Guernsey;1793
Importação;2023;Abril;Guiana;168606595
Importação;2023;Abril;Guiné;5957
Importação;2023;Abril;Haiti;151144
Importação;2023;Abril;Honduras;947643
Importação;2023;Abril;Hong Kong;55421730
Importação;2023;Abril;Hungria;35055433
Importação;2023;Abril;Indonésia;127396182
Importação;2023;Abril;Irlanda;94084945
Importação;2023;Abril;Irã;384263
Importação;2023;Abril;Islândia;776485
Importação;2023;Abril;Israel;121539516
Importação;2023;Abril;Itália;516030938
Importação;2023;Abril;Jamaica;16775
Importação;2023;Abril;Japão;462535888
Importação;2023;Abril;Jordânia;2886806
Importação;2023;Abril;Laos;219628
Importação;2023;Abril;Letônia;3163866
Importação;2023;Abril;Liechtenstein;828229
Importação;2023;Abril;Lituânia;3461250
Importação;2023;Abril;Luxemburgo;3433451
Importação;2023;Abril;Líbano;180730
Importação;2023;Abril;Macau;156520
Importação;2023;Abril;Macedônia;2674594
Importação;2023;Abril;Madagascar;733948
Importação;2023;Abril;Malavi;90041
Importação;2023;Abril;Maldivas;55174
Importação;2023;Abril;Malta;1317023
Importação;2023;Abril;Malásia;123486
Importação;2023;Abril;Marrocos;179555454
Importação;2023;Abril;Marshall, Ilhas;62158
Importação;2023;Abril;Mauritânia;164931
Importação;2023;Abril;Maurício;94718
Importação;2023;Abril;Mianmar;765287
Importação;2023;Abril;Moldávia;204114
Importação;2023;Abril;Mongólia;192824
Importação;2023;Abril;Montserrat;1782
Importação;2023;Abril;México;422552062
Importação;2023;Abril;Mônaco;453907
Importação;2023;Abril;Namíbia;2426
Importação;2023;Abril;Nauru;40
Importação;2023;Abril;Nepal;9450
Importação;2023;Abril;Nicarágua;229172
Importação;2023;Abril;Nigéria;28041794
Importação;2023;Abril;Noruega;48826798
Importação;2023;Abril;Nova Zelândia;3339560
Importação;2023;Abril;Níger;2478
Importação;2023;Abril;Omã;3797798
Importação;2023;Abril;Palau;7779
Importação;2023;Abril;Panamá;840292
Importação;2023;Abril;Papua Nova Guiné;59927
Importação;2023;Abril;Paquistão;9590588
Importação;2023;Abril;Paraguai;215440477
Importação;2023;Abril;Países Baixos (Holanda);253956341
Importação;2023;Abril;Peru;106123398
Importação;2023;Abril;Polinésia Francesa;2489
Importação;2023;Abril;Polônia;76756726
Importação;2023;Abril;Porto Rico;29717931
Importação;2023;Abril;Portugal;58674994
Importação;2023;Abril;Quirguistão;605
Importação;2023;Abril;Quênia;38733
Importação;2023;Abril;Reino Unido;213530
Importação;2023;Abril;República Dominicana;2228368
Importação;2023;Abril;Romênia;31324
Importação;2023;Abril;Ruanda;330
Importação;2023;Abril;Rússia;715490685
Importação;2023;Abril;Salomão, Ilhas;2646
Importação;2023;Abril;Samoa;1829
Importação;2023;Abril;Samoa Americana;66302
Importação;2023;Abril;San Marino;886742
Importação;2023;Abril;Seicheles;980
Importação;2023;Abril;Senegal;499781
Importação;2023;Abril;Serra Leoa;35755
Importação;2023;Abril;Singapura;84009
Importação;2023;Abril;Sri Lanka;9125249
Importação;2023;Abril;Suazilândia;3393
Importação;2023;Abril;Suécia;144782161
Importação;2023;Abril;Suíça;222610052
Importação;2023;Abril;São Cristóvão e Névis;2182
Importação;2023;Abril;Sérvia;4542974
Importação;2023;Abril;Síria;2757796
Importação;2023;Abril;Tadjiquistão;21077
Importação;2023;Abril;Tailândia;156709416
Importação;2023;Abril;Taiwan (Formosa);211272414
Importação;2023;Abril;Tanzânia;115722
Importação;2023;Abril;Tcheca, República;61457129
Importação;2023;Abril;Toquelau;169839
Importação;2023;Abril;Trinidad e Tobago;28644550
Importação;2023;Abril;Tunísia;11442344
Importação;2023;Abril;Turcomenistão;8
Importação;2023;Abril;Turquia;82865416
Importação;2023;Abril;Tuvalu;10
Importação;2023;Abril;Ucrânia;1179169
Importação;2023;Abril;Uganda;20300
Importação;2023;Abril;Uruguai;152973945
Importação;2023;Abril;Uzbequistão;342112
Importação;2023;Abril;Venezuela;39094225
Importação;2023;Abril;Vietnã;249398963
Importação;2023;Abril;Virgens, Ilhas (Britânicas);5544
Importação;2023;Abril;África do Sul;361467
Importação;2023;Abril;Áustria;106344602
Importação;2023;Abril;Índia;504368059
Importação;2023;Maio;Afeganistão;36449
Importação;2023;Maio;Aland, Ilhas;2185
Importação;2023;Maio;Albânia;139151
Importação;2023;Maio;Alemanha;1116971512
Importação;2023;Maio;Andorra;4
Importação;2023;Maio;Angola;166221908
Importação;2023;Maio;Anguilla;261903
Importação;2023;Maio;Argentina;1164204400
Importação;2023;Maio;Argélia;2765
Importação;2023;Maio;Armênia;28655
Importação;2023;Maio;Arábia Saudita;232330676
Importação;2023;Maio;Austrália;320844133
Importação;2023;Maio;Azerbaijão;2145
Importação;2023;Maio;Bangladesh;16085664
Importação;2023;Maio;Barbados;104408
Importação;2023;Maio;Barein;4195537
Importação;2023;Maio;Belarus;40511786
Importação;2023;Maio;Belize;12752
Importação;2023;Maio;Bermudas;111702
Importação;2023;Maio;Bolívia;130385793
Importação;2023;Maio;Brasil;48038910
Importação;2023;Maio;Bulgária;6297291
Importação;2023;Maio;Butão;60613
Importação;2023;Maio;Bélgica;199633730
Importação;2023;Maio;Bósnia-Herzegovina;906861
Importação;2023;Maio;Camarões;886403
Importação;2023;Maio;Camboja;7854895
Importação;2023;Maio;Canadá;419045346
Importação;2023;Maio;Catar;65113990
Importação;2023;Maio;Cayman, Ilhas;203264
Importação;2023;Maio;Cazaquistão;11943155
Importação;2023;Maio;Chade;242
Importação;2023;Maio;Chile;324255337
Importação;2023;Maio;China;4552095621
Importação;2023;Maio;Chipre;189706
Importação;2023;Maio;Cocos (Keeling), Ilhas;770
Importação;2023;Maio;Colômbia;269044215
Importação;2023;Maio;Congo;644
Importação;2023;Maio;Congo, República Democrática;427507
Importação;2023;Maio;Coreia do Sul;426103565
Importação;2023;Maio;Costa Rica;13400858
Importação;2023;Maio;Costa do Marfim;6476145
Importação;2023;Maio;Coveite (Kuweit);47307
Importação;2023;Maio;Croácia;978538
Importação;2023;Maio;Cuba;277925
Importação;2023;Maio;Curaçao;662
Importação;2023;Maio;Dinamarca;142212753
Importação;2023;Maio;Dominica;131
Importação;2023;Maio;Egito;45709650
Importação;2023;Maio;El Salvador;763506
Importação;2023;Maio;Emirados Árabes Unidos;87627815
Importação;2023;Maio;Equador;12810471
Importação;2023;Maio;Eslováquia;45712304
Importação;2023;Maio;Eslovênia;92362
Importação;2023;Maio;Espanha;375406307
Importação;2023;Maio;Estados Unidos;3697934791
Importação;2023;Maio;Estônia;3135038
Importação;2023;Maio;Etiópia;16
Importação;2023;Maio;Faroe, Ilhas;168
Importação;2023;Maio;Filipinas;23428495
Importação;2023;Maio;Finlândia;76428056
Importação;2023;Maio;França;605504463
Importação;2023;Maio;Gana;518279
Importação;2023;Maio;Geórgia;95381
Importação;2023;Maio;Grécia;3645899
Importação;2023;Maio;Guatemala;6562208
Importação;2023;Maio;Guernsey;9370
Importação;2023;Maio;Guiana;50400
Importação;2023;Maio;Guiné-Bissau;256330
Importação;2023;Maio;Haiti;100523
Importação;2023;Maio;Honduras;1797167
Importação;2023;Maio;Hong Kong;63878096
Importação;2023;Maio;Hungria;50287944
Importação;2023;Maio;Indonésia;163312189
Importação;2023;Maio;Irlanda;63956206
Importação;2023;Maio;Irã;397538
Importação;2023;Maio;Islândia;1491541
Importação;2023;Maio;Israel;131196780
Importação;2023;Maio;Itália;578757
Importação;2023;Maio;Jamaica;12002
Importação;2023;Maio;Japão;462030943
Importação;2023;Maio;Jordânia;873871
Importação;2023;Maio;Laos;210629
Importação;2023;Maio;Lesoto;1841
Importação;2023;Maio;Letônia;3130287
Importação;2023;Maio;Liechtenstein;597211
Importação;2023;Maio;Lituânia;23103798
Importação;2023;Maio;Luxemburgo;5796935
Importação;2023;Maio;Líbano;142151
Importação;2023;Maio;Líbia;114
Importação;2023;Maio;Macau;21294
Importação;2023;Maio;Macedônia;2009118
Importação;2023;Maio;Madagascar;133943
Importação;2023;Maio;Malavi;109091
Importação;2023;Maio;Maldivas;31528
Importação;2023;Maio;Malta;2092266
Importação;2023;Maio;Malásia;120449532
Importação;2023;Maio;Marrocos;119697
Importação;2023;Maio;Mauritânia;12092
Importação;2023;Maio;Maurício;45145
Importação;2023;Maio;Mianmar;990517
Importação;2023;Maio;Micronésia;750
Importação;2023;Maio;Moldávia;227076
Importação;2023;Maio;Mongólia;8500
Importação;2023;Maio;Montserrat;207
Importação;2023;Maio;México;511659460
Importação;2023;Maio;Mônaco;346080
Importação;2023;Maio;Namíbia;3004580
Importação;2023;Maio;Nepal;18235
Importação;2023;Maio;Nicarágua;336099
Importação;2023;Maio;Nigéria;78715228
Importação;2023;Maio;Niue;12602
Importação;2023;Maio;Noruega;39868703
Importação;2023;Maio;Nova Caledônia;194
Importação;2023;Maio;Nova Zelândia;8251036
Importação;2023;Maio;Níger;69
Importação;2023;Maio;Omã;43998974
Importação;2023;Maio;Palestina;130
Importação;2023;Maio;Panamá;951732
Importação;2023;Maio;Paquistão;11295087
Importação;2023;Maio;Paraguai;237609
Importação;2023;Maio;Países Baixos (Holanda);185529518
Importação;2023;Maio;Peru;131409451
Importação;2023;Maio;Polinésia Francesa;118
Importação;2023;Maio;Polônia;78385370
Importação;2023;Maio;Porto Rico;67174462
Importação;2023;Maio;Portugal;65082069
Importação;2023;Maio;Quênia;5351
Importação;2023;Maio;Reino Unido;269771128
Importação;2023;Maio;República Dominicana;2442091
Importação;2023;Maio;Romênia;29258725
Importação;2023;Maio;Rússia;762762367
Importação;2023;Maio;Samoa;89063
Importação;2023;Maio;Samoa Americana;17297
Importação;2023;Maio;San Marino;824419
Importação;2023;Maio;Seicheles;35710
Importação;2023;Maio;Senegal;765577
Importação;2023;Maio;Serra Leoa;42745
Importação;2023;Maio;Singapura;84388084
Importação;2023;Maio;Somália;3744
Importação;2023;Maio;Sri Lanka;5960344
Importação;2023;Maio;Suazilândia;28593
Importação;2023;Maio;Suriname;39636
Importação;2023;Maio;Suécia;291650356
Importação;2023;Maio;Suíça;213580844
Importação;2023;Maio;São Cristóvão e Névis;2043
Importação;2023;Maio;Sérvia;3253002
Importação;2023;Maio;Síria;20714
Importação;2023;Maio;Tadjiquistão;26811
Importação;2023;Maio;Tailândia;195887331
Importação;2023;Maio;Taiwan (Formosa);210440412
Importação;2023;Maio;Tanzânia;2827
Importação;2023;Maio;Tcheca, República;59760928
Importação;2023;Maio;Togo;162
Importação;2023;Maio;Toquelau;66200
Importação;2023;Maio;Trinidad e Tobago;36082741
Importação;2023;Maio;Tunísia;4202120
Importação;2023;Maio;Turcas e Caicos, Ilhas;882
Importação;2023;Maio;Turcomenistão;61158
Importação;2023;Maio;Turquia;88111437
Importação;2023;Maio;Ucrânia;1350683
Importação;2023;Maio;Uganda;12974
Importação;2023;Maio;Uruguai;179684823
Importação;2023;Maio;Uzbequistão;442240
Importação;2023;Maio;Venezuela;56631399
Importação;2023;Maio;Vietnã;272411902
Importação;2023;Maio;Virgens, Ilhas (Americanas);388
Importação;2023;Maio;Virgens, Ilhas (Britânicas);258028
Importação;2023;Maio;Zimbábue;731
Importação;2023;Maio;Zâmbia;151126
Importação;2023;Maio;África do Sul;50525503
Importação;2023;Maio;Áustria;121169219
Importação;2023;Maio;Índia;556746366
Importação;2023;Junho;Afeganistão;2790
Importação;2023;Junho;Aland, Ilhas;4317
Importação;2023;Junho;Albânia;318204
Importação;2023;Junho;Alemanha;1114508379
Importação;2023;Junho;Andorra;7850
Importação;2023;Junho;Anguilla;251243
Importação;2023;Junho;Antígua e Barbuda;36433
Importação;2023;Junho;Argentina;927227756
Importação;2023;Junho;Argélia;65520715
Importação;2023;Junho;Armênia;23062
Importação;2023;Junho;Arábia Saudita;331135426
Importação;2023;Junho;Austrália;305339
Importação;2023;Junho;Bangladesh;15048714
Importação;2023;Junho;Barbados;77895
Importação;2023;Junho;Barein;8331300
Importação;2023;Junho;Belarus;23472921
Importação;2023;Junho;Belize;2400
Importação;2023;Junho;Bermudas;50780
Importação;2023;Junho;Bolívia;108575
Importação;2023;Junho;Bonaire, Saint Eustatius e Saba;586
Importação;2023;Junho;Botsuana;6842
Importação;2023;Junho;Brasil;18988389
Importação;2023;Junho;Brunei;354
Importação;2023;Junho;Bulgária;5719469
Importação;2023;Junho;Burkina Faso;6
Importação;2023;Junho;Butão;58277
Importação;2023;Junho;Bélgica;153212705
Importação;2023;Junho;Bósnia-Herzegovina;550654
Importação;2023;Junho;Camarões;945430
Importação;2023;Junho;Camboja;6078121
Importação;2023;Junho;Canadá;258215360
Importação;2023;Junho;Catar;37345496
Importação;2023;Junho;Cayman, Ilhas;51251
Importação;2023;Junho;Cazaquistão;3999769
Importação;2023;Junho;Chile;293316751
Importação;2023;Junho;China;4552417879
Importação;2023;Junho;Chipre;356693
Importação;2023;Junho;Christmas (Navidad), Ilha;30246
Importação;2023;Junho;Cocos (Keeling), Ilhas;44689
Importação;2023;Junho;Colômbia;220587333
Importação;2023;Junho;Congo;4631
Importação;2023;Junho;Congo, República Democrática;1224967
Importação;2023;Junho;Cook, Ilhas;146
Importação;2023;Junho;Coreia do Norte;1555
Importação;2023;Junho;Coreia do Sul;396219044
Importação;2023;Junho;Costa Rica;10359979
Importação;2023;Junho;Costa do Marfim;3504638
Importação;2023;Junho;Coveite (Kuweit);57326146
Importação;2023;Junho;Croácia;1152
Importação;2023;Junho;Cuba;285113
Importação;2023;Junho;Curaçao;94565
Importação;2023;Junho;Dinamarca;74733158
Importação;2023;Junho;Dominica;2451
Importação;2023;Junho;Egito;38856093
Importação;2023;Junho;El Salvador;872516
Importação;2023;Junho;Emirados Árabes Unidos;97937486
Importação;2023;Junho;Equador;9872681
Importação;2023;Junho;Eritreia;26512
Importação;2023;Junho;Eslováquia;35687709
Importação;2023;Junho;Eslovênia;9567260
Importação;2023;Junho;Espanha;338318527
Importação;2023;Junho;Estados Unidos;2946024226
Importação;2023;Junho;Estônia;3141875
Importação;2023;Junho;Etiópia;2359
Importação;2023;Junho;Filipinas;22872591
Importação;2023;Junho;Finlândia;95202516
Importação;2023;Junho;França;466463095
Importação;2023;Junho;Gabão;114414581
Importação;2023;Junho;Gana;280072
Importação;2023;Junho;Geórgia;51167
Importação;2023;Junho;Gibraltar;946
Importação;2023;Junho;Grécia;38062
Importação;2023;Junho;Guam;45
Importação;2023;Junho;Guatemala;3764250
Importação;2023;Junho;Guiana;74239065
Importação;2023;Junho;Guiné;3669
Importação;2023;Junho;Gâmbia;7331
Importação;2023;Junho;Haiti;97879
Importação;2023;Junho;Heard e ilhas mcdonald, Ilha;4280
Importação;2023;Junho;Honduras;1155053
Importação;2023;Junho;Hong Kong;59448941
Importação;2023;Junho;Hungria;51656193
Importação;2023;Junho;Indonésia;104608913
Importação;2023;Junho;Iraque;31487
Importação;2023;Junho;Irlanda;139304925
Importação;2023;Junho;Irã;298791
Importação;2023;Junho;Islândia;710843
Importação;2023;Junho;Israel;136177352
Importação;2023;Junho;Itália;490703566
Importação;2023;Junho;Jamaica;11558
Importação;2023;Junho;Japão;449528050
Importação;2023;Junho;Jordânia;19238209
Importação;2023;Junho;Laos;270260
Importação;2023;Junho;Lesoto;238
Importação;2023;Junho;Letônia;2392722
Importação;2023;Junho;Libéria;20
Importação;2023;Junho;Liechtenstein;1464327
Importação;2023;Junho;Lituânia;3364489
Importação;2023;Junho;Luxemburgo;3921202
Importação;2023;Junho;Líbano;229782
Importação;2023;Junho;Macau;128436
Importação;2023;Junho;Macedônia;1483
Importação;2023;Junho;Madagascar;742918
Importação;2023;Junho;Malavi;537874
Importação;2023;Junho;Maldivas;70938
Importação;2023;Junho;Malta;5687592
Importação;2023;Junho;Malásia;117162831
Importação;2023;Junho;Marrocos;85873882
Importação;2023;Junho;Marshall, Ilhas;6
Importação;2023;Junho;Mauritânia;14584
Importação;2023;Junho;Maurício;85232
Importação;2023;Junho;Mianmar;1089069
Importação;2023;Junho;Moldávia;149465
Importação;2023;Junho;Mongólia;70255
Importação;2023;Junho;Montenegro;6580
Importação;2023;Junho;México;422862
Importação;2023;Junho;Mônaco;340238
Importação;2023;Junho;Namíbia;340898
Importação;2023;Junho;Nepal;3758
Importação;2023;Junho;Nicarágua;198226
Importação;2023;Junho;Nigéria;40271333
Importação;2023;Junho;Noruega;50328283
Importação;2023;Junho;Nova Zelândia;8810506
Importação;2023;Junho;Omã;18897354
Importação;2023;Junho;Pacífico, Ilhas do (EUA);1335
Importação;2023;Junho;Palestina;65330
Importação;2023;Junho;Panamá;298509
Importação;2023;Junho;Paquistão;9859786
Importação;2023;Junho;Paraguai;221504984
Importação;2023;Junho;Países Baixos (Holanda);245000883
Importação;2023;Junho;Peru;162129596
Importação;2023;Junho;Polinésia Francesa;323
Importação;2023;Junho;Polônia;67050469
Importação;2023;Junho;Porto Rico;16452497
Importação;2023;Junho;Portugal;66757961
Importação;2023;Junho;Quirguistão;4025
Importação;2023;Junho;Quênia;97788
Importação;2023;Junho;Reino Unido;245335605
Importação;2023;Junho;República Centro-Africana;47223
Importação;2023;Junho;República Dominicana;3093878
Importação;2023;Junho;Reunião;5
Importação;2023;Junho;Romênia;30658062
Importação;2023;Junho;Rússia;799778440
Importação;2023;Junho;Samoa;125568
Importação;2023;Junho;Samoa Americana;46377
Importação;2023;Junho;San Marino;1611435
Importação;2023;Junho;Santa Helena;8340
Importação;2023;Junho;Seicheles;26024
Importação;2023;Junho;Senegal;371224
Importação;2023;Junho;Serra Leoa;38121
Importação;2023;Junho;Singapura;79293555
Importação;2023;Junho;Somália;1262
Importação;2023;Junho;Sri Lanka;5477843
Importação;2023;Junho;Suazilândia;32838
Importação;2023;Junho;Sudão;26816
Importação;2023;Junho;Suriname;7186
Importação;2023;Junho;Suécia;146434950
Importação;2023;Junho;Suíça;233366299
Importação;2023;Junho;Svalbard e Jan Mayen;273
Importação;2023;Junho;Sérvia;3825341
Importação;2023;Junho;Síria;48247
Importação;2023;Junho;Tadjiquistão;291774
Importação;2023;Junho;Tailândia;150061628
Importação;2023;Junho;Taiwan (Formosa);217111469
Importação;2023;Junho;Tanzânia;32955
Importação;2023;Junho;Tcheca, República;52258695
Importação;2023;Junho;Território Britânico do Oceano Índico;65
Importação;2023;Junho;Toquelau;33288
Importação;2023;Junho;Trinidad e Tobago;28292559
Importação;2023;Junho;Tunísia;3760530
Importação;2023;Junho;Turcomenistão;253
Importação;2023;Junho;Turquia;108779832
Importação;2023;Junho;Ucrânia;1463179
Importação;2023;Junho;Uganda;22908
Importação;2023;Junho;Uruguai;158531560
Importação;2023;Junho;Uzbequistão;169690
Importação;2023;Junho;Venezuela;19740034
Importação;2023;Junho;Vietnã;282038
Importação;2023;Junho;Virgens, Ilhas (Britânicas);291714
Importação;2023;Junho;Zimbábue;33198
Importação;2023;Junho;Zâmbia;66571
Importação;2023;Junho;África do Sul;52166566
Importação;2023;Junho;Áustria;105505642
Importação;2023;Junho;Índia;630848491
Importação;2023;Julho;Afeganistão;36457
Importação;2023;Julho;Aland, Ilhas;7807
Importação;2023;Julho;Albânia;286043
Importação;2023;Julho;Alemanha;1261297324
Importação;2023;Julho;Andorra;653
Importação;2023;Julho;Angola;49307
Importação;2023;Julho;Anguilla;15352
Importação;2023;Julho;Antártica;1200
Importação;2023;Julho;Antígua e Barbuda;216
Importação;2023;Julho;Argentina;1000391959
Importação;2023;Julho;Argélia;144066637
Importação;2023;Julho;Armênia;3128
Importação;2023;Julho;Arábia Saudita;412842337
Importação;2023;Julho;Austrália;223449748
Importação;2023;Julho;Bahamas;6195
Importação;2023;Julho;Bancos Centrais;50
Importação;2023;Julho;Bangladesh;11212900
Importação;2023;Julho;Barbados;37379
Importação;2023;Julho;Barein;21228857
Importação;2023;Julho;Belarus;50209742
Importação;2023;Julho;Belize;87249
Importação;2023;Julho;Bermudas;10516
Importação;2023;Julho;Bolívia;105773493
Importação;2023;Julho;Bonaire, Saint Eustatius e Saba;281
Importação;2023;Julho;Brasil;341433
Importação;2023;Julho;Brunei;28
Importação;2023;Julho;Bulgária;7985655
Importação;2023;Julho;Burkina Faso;15
Importação;2023;Julho;Butão;57919
Importação;2023;Julho;Bélgica;2319
Importação;2023;Julho;Bósnia-Herzegovina;892486
Importação;2023;Julho;Camarões;717788
Importação;2023;Julho;Camboja;7588060
Importação;2023;Julho;Canadá;275232663
Importação;2023;Julho;Catar;70656758
Importação;2023;Julho;Cayman, Ilhas;597
Importação;2023;Julho;Cazaquistão;2116336
Importação;2023;Julho;Chile;346645323
Importação;2023;Julho;China;4190286
Importação;2023;Julho;Chipre;92
Importação;2023;Julho;Cocos (Keeling), Ilhas;49
Importação;2023;Julho;Colômbia;179988362
Importação;2023;Julho;Comores;2202
Importação;2023;Julho;Coreia do Norte;399
Importação;2023;Julho;Coreia do Sul;424547791
Importação;2023;Julho;Costa Rica;9000852
Importação;2023;Julho;Costa do Marfim;6499380
Importação;2023;Julho;Coveite (Kuweit);474
Importação;2023;Julho;Croácia;1454421
Importação;2023;Julho;Cuba;284906
Importação;2023;Julho;Curaçao;8903
Importação;2023;Julho;Dinamarca;140056133
Importação;2023;Julho;Egito;65858599
Importação;2023;Julho;El Salvador;419218
Importação;2023;Julho;Emirados Árabes Unidos;111687143
Importação;2023;Julho;Equador;8243983
Importação;2023;Julho;Eritreia;27862
Importação;2023;Julho;Eslováquia;45479768
Importação;2023;Julho;Eslovênia;11968685
Importação;2023;Julho;Espanha;340792079
Importação;2023;Julho;Estados Unidos;3361194081
Importação;2023;Julho;Estônia;4930315
Importação;2023;Julho;Etiópia;14370
Importação;2023;Julho;Falkland (Malvinas);49
Importação;2023;Julho;Filipinas;24450888
Importação;2023;Julho;Finlândia;72854377
Importação;2023;Julho;França;5264964
Importação;2023;Julho;Gabão;81528583
Importação;2023;Julho;Gana;72776134
Importação;2023;Julho;Geórgia;102326
Importação;2023;Julho;Grécia;6452040
Importação;2023;Julho;Guatemala;4128362
Importação;2023;Julho;Guiana;84945
Importação;2023;Julho;Guiné;5000
Importação;2023;Julho;Gâmbia;15271
Importação;2023;Julho;Haiti;130725
Importação;2023;Julho;Honduras;1776896
Importação;2023;Julho;Hong Kong;72236899
Importação;2023;Julho;Hungria;36947191
Importação;2023;Julho;Indonésia;127352
Importação;2023;Julho;Iraque;225092
Importação;2023;Julho;Irlanda;62314079
Importação;2023;Julho;Irã;273767
Importação;2023;Julho;Islândia;954219
Importação;2023;Julho;Israel;140243807
Importação;2023;Julho;Itália;536349080
Importação;2023;Julho;Jamaica;4515
Importação;2023;Julho;Japão;397238845
Importação;2023;Julho;Jordânia;8898249
Importação;2023;Julho;Laos;229640
Importação;2023;Julho;Lesoto;4953
Importação;2023;Julho;Letônia;1833359
Importação;2023;Julho;Libéria;152
Importação;2023;Julho;Liechtenstein;825131
Importação;2023;Julho;Lituânia;4049249
Importação;2023;Julho;Luxemburgo;2856469
Importação;2023;Julho;Líbano;26882
Importação;2023;Julho;Macau;145907
Importação;2023;Julho;Macedônia;258415
Importação;2023;Julho;Madagascar;93603
Importação;2023;Julho;Maldivas;15764
Importação;2023;Julho;Malta;1088287
Importação;2023;Julho;Malásia;122809768
Importação;2023;Julho;Marrocos;57380892
Importação;2023;Julho;Marshall, Ilhas;17577
Importação;2023;Julho;Maurício;166306
Importação;2023;Julho;Mianmar;945945
Importação;2023;Julho;Micronésia;234
Importação;2023;Julho;Moldávia;281376
Importação;2023;Julho;Mongólia;115630
Importação;2023;Julho;Moçambique;23000
Importação;2023;Julho;México;396212548
Importação;2023;Julho;Mônaco;293157
Importação;2023;Julho;Namíbia;930
Importação;2023;Julho;Nepal;41231
Importação;2023;Julho;Nicarágua;76291
Importação;2023;Julho;Nigéria;19118629
Importação;2023;Julho;Noruega;61647078
Importação;2023;Julho;Nova Zelândia;6476768
Importação;2023;Julho;Omã;51553204
Importação;2023;Julho;Palestina;57360
Importação;2023;Julho;Panamá;474876
Importação;2023;Julho;Paquistão;9740529
Importação;2023;Julho;Paraguai;262176776
Importação;2023;Julho;Países Baixos (Holanda);179065223
Importação;2023;Julho;Peru;180319185
Importação;2023;Julho;Polinésia Francesa;1088
Importação;2023;Julho;Polônia;85027874
Importação;2023;Julho;Porto Rico;45473610
Importação;2023;Julho;Portugal;77142229
Importação;2023;Julho;Quirguistão;169
Importação;2023;Julho;Quênia;136512
Importação;2023;Julho;Reino Unido;251519971
Importação;2023;Julho;República Centro-Africana;152
Importação;2023;Julho;República Dominicana;3025755
Importação;2023;Julho;Reunião;4821
Importação;2023;Julho;Romênia;27317805
Importação;2023;Julho;Ruanda;1383
Importação;2023;Julho;Rússia;696855167
Importação;2023;Julho;Samoa;10452
Importação;2023;Julho;Samoa Americana;32831
Importação;2023;Julho;San Marino;1841649
Importação;2023;Julho;Seicheles;121341
Importação;2023;Julho;Senegal;285678
Importação;2023;Julho;Serra Leoa;38172
Importação;2023;Julho;Singapura;48250875
Importação;2023;Julho;Somália;192
Importação;2023;Julho;Sri Lanka;6424882
Importação;2023;Julho;Suazilândia;6691
Importação;2023;Julho;Suécia;179614120
Importação;2023;Julho;Suíça;244034004
Importação;2023;Julho;São Cristóvão e Névis;108
Importação;2023;Julho;Sérvia;3606290
Importação;2023;Julho;Tadjiquistão;1890
Importação;2023;Julho;Tailândia;180391935
Importação;2023;Julho;Taiwan (Formosa);193106882
Importação;2023;Julho;Tanzânia;982
Importação;2023;Julho;Tcheca, República;51296714
Importação;2023;Julho;Terras Austrais Francesas;130
Importação;2023;Julho;Timor Leste;315
Importação;2023;Julho;Togo;62
Importação;2023;Julho;Toquelau;130204
Importação;2023;Julho;Trinidad e Tobago;18924631
Importação;2023;Julho;Tunísia;5567705
Importação;2023;Julho;Turcas e Caicos, Ilhas;131
Importação;2023;Julho;Turcomenistão;86587
Importação;2023;Julho;Turquia;83675000
Importação;2023;Julho;Ucrânia;1302697
Importação;2023;Julho;Uganda;13490
Importação;2023;Julho;Uruguai;177399614
Importação;2023;Julho;Uzbequistão;20394411
Importação;2023;Julho;Venezuela;38170
Importação;2023;Julho;Vietnã;255431417
Importação;2023;Julho;Virgens, Ilhas (Americanas);30362
Importação;2023;Julho;Virgens, Ilhas (Britânicas);277743
Importação;2023;Julho;Zâmbia;372292
Importação;2023;Julho;África do Sul;51830412
Importação;2023;Julho;Áustria;91871264
Importação;2023;Julho;Índia;554299292
Importação;2023;Agosto;Afeganistão;30557
Importação;2023;Agosto;Aland, Ilhas;1571
Importação;2023;Agosto;Albânia;237322
Importação;2023;Agosto;Alemanha;1239411428
Importação;2023;Agosto;Andorra;298
Importação;2023;Agosto;Angola;83374733
Importação;2023;Agosto;Anguilla;6585
Importação;2023;Agosto;Argentina;1139162925
Importação;2023;Agosto;Argélia;113695555
Importação;2023;Agosto;Armênia;22172
Importação;2023;Agosto;Aruba;187
Importação;2023;Agosto;Arábia Saudita;347268622
Importação;2023;Agosto;Austrália;65373685
Importação;2023;Agosto;Azerbaijão;13043
Importação;2023;Agosto;Bahamas;52
Importação;2023;Agosto;Bangladesh;15306
Importação;2023;Agosto;Barbados;41145
Importação;2023;Agosto;Barein;22152356
Importação;2023;Agosto;Belarus;37692123
Importação;2023;Agosto;Belize;27795
Importação;2023;Agosto;Bermudas;67009
Importação;2023;Agosto;Bolívia;109420684
Importação;2023;Agosto;Bonaire, Saint Eustatius e Saba;1430
Importação;2023;Agosto;Brasil;24593580
Importação;2023;Agosto;Bulgária;12473377
Importação;2023;Agosto;Burkina Faso;26
Importação;2023;Agosto;Burundi;214
Importação;2023;Agosto;Butão;58308
Importação;2023;Agosto;Bélgica;171497711
Importação;2023;Agosto;Bósnia-Herzegovina;459469
Importação;2023;Agosto;Cabo Verde;2
Importação;2023;Agosto;Camarões;40241
Importação;2023;Agosto;Camboja;6980781
Importação;2023;Agosto;Canadá;365902746
Importação;2023;Agosto;Catar;21652243
Importação;2023;Agosto;Cayman, Ilhas;3799
Importação;2023;Agosto;Cazaquistão;1385349
Importação;2023;Agosto;Chile;355641421
Importação;2023;Agosto;China;5074143
Importação;2023;Agosto;Chipre;387223
Importação;2023;Agosto;Cocos (Keeling), Ilhas;28558
Importação;2023;Agosto;Colômbia;155891998
Importação;2023;Agosto;Congo, República Democrática;1275563
Importação;2023;Agosto;Coreia do Norte;1097
Importação;2023;Agosto;Coreia do Sul;396387403
Importação;2023;Agosto;Costa Rica;13553580
Importação;2023;Agosto;Costa do Marfim;6360807
Importação;2023;Agosto;Coveite (Kuweit);223
Importação;2023;Agosto;Croácia;916342
Importação;2023;Agosto;Cuba;268299
Importação;2023;Agosto;Curaçao;9576
Importação;2023;Agosto;Dinamarca;134085620
Importação;2023;Agosto;Djibuti;3185
Importação;2023;Agosto;Egito;53269358
Importação;2023;Agosto;El Salvador;600892
Importação;2023;Agosto;Emirados Árabes Unidos;29474878
Importação;2023;Agosto;Equador;9024029
Importação;2023;Agosto;Eritreia;10410
Importação;2023;Agosto;Eslováquia;32978972
Importação;2023;Agosto;Eslovênia;9523595
Importação;2023;Agosto;Espanha;348731
Importação;2023;Agosto;Estados Unidos;3213672171
Importação;2023;Agosto;Estônia;3966972
Importação;2023;Agosto;Etiópia;24720
Importação;2023;Agosto;Filipinas;26902482
Importação;2023;Agosto;Finlândia;72072161
Importação;2023;Agosto;França;502898878
Importação;2023;Agosto;Gana;82713212
Importação;2023;Agosto;Geórgia;42777
Importação;2023;Agosto;Gibraltar;715
Importação;2023;Agosto;Granada;40
Importação;2023;Agosto;Grécia;5255281
Importação;2023;Agosto;Guatemala;5721517
Importação;2023;Agosto;Guiana;87725145
Importação;2023;Agosto;Gâmbia;266
Importação;2023;Agosto;Haiti;94124
Importação;2023;Agosto;Honduras;2316714
Importação;2023;Agosto;Hong Kong;70658974
Importação;2023;Agosto;Hungria;39425688
Importação;2023;Agosto;Indonésia;133773959
Importação;2023;Agosto;Iraque;659336
Importação;2023;Agosto;Irlanda;46418268
Importação;2023;Agosto;Irã;369852
Importação;2023;Agosto;Islândia;792114
Importação;2023;Agosto;Israel;150754742
Importação;2023;Agosto;Itália;545434826
Importação;2023;Agosto;Jamaica;179
Importação;2023;Agosto;Japão;424397125
Importação;2023;Agosto;Jordânia;32525476
Importação;2023;Agosto;Kiribati;8
Importação;2023;Agosto;Laos;225203
Importação;2023;Agosto;Letônia;2056909
Importação;2023;Agosto;Liechtenstein;1223302
Importação;2023;Agosto;Lituânia;3570602
Importação;2023;Agosto;Luxemburgo;3687378
Importação;2023;Agosto;Líbano;7599405
Importação;2023;Agosto;Macau;61791
Importação;2023;Agosto;Macedônia;3931776
Importação;2023;Agosto;Madagascar;842531
Importação;2023;Agosto;Malavi;323169
Importação;2023;Agosto;Maldivas;39410
Importação;2023;Agosto;Mali;113
Importação;2023;Agosto;Malta;1108305
Importação;2023;Agosto;Malásia;140654879
Importação;2023;Agosto;Marrocos;155535261
Importação;2023;Agosto;Marshall, Ilhas;16706
Importação;2023;Agosto;Maurício;30844
Importação;2023;Agosto;Mianmar;1569237
Importação;2023;Agosto;Moldávia;491256
Importação;2023;Agosto;Mongólia;322758
Importação;2023;Agosto;Montenegro;389
Importação;2023;Agosto;Moçambique;1711
Importação;2023;Agosto;México;456699440
Importação;2023;Agosto;Mônaco;871526
Importação;2023;Agosto;Namíbia;5
Importação;2023;Agosto;Nepal;8650
Importação;2023;Agosto;Nicarágua;319502
Importação;2023;Agosto;Nigéria;14711241
Importação;2023;Agosto;Niue;20
Importação;2023;Agosto;Norfolk, Ilha;1816
Importação;2023;Agosto;Noruega;55035288
Importação;2023;Agosto;Nova Caledônia;14200
Importação;2023;Agosto;Nova Zelândia;11726643
Importação;2023;Agosto;Omã;16034146
Importação;2023;Agosto;Pacífico, Ilhas do (EUA);1407
Importação;2023;Agosto;Palestina;1073
Importação;2023;Agosto;Panamá;1116120
Importação;2023;Agosto;Papua Nova Guiné;22350
Importação;2023;Agosto;Paquistão;11049886
Importação;2023;Agosto;Paraguai;276209130
Importação;2023;Agosto;Países Baixos (Holanda);232109725
Importação;2023;Agosto;Peru;190058671
Importação;2023;Agosto;Pitcairn;5458
Importação;2023;Agosto;Polônia;68647812
Importação;2023;Agosto;Porto Rico;76317053
Importação;2023;Agosto;Portugal;135226
Importação;2023;Agosto;Quirguistão;1478
Importação;2023;Agosto;Quênia;6164
Importação;2023;Agosto;Reino Unido;272338712
Importação;2023;Agosto;República Dominicana;4374
Importação;2023;Agosto;Romênia;30022119
Importação;2023;Agosto;Rússia;1058698120
Importação;2023;Agosto;Samoa;148605
Importação;2023;Agosto;Samoa Americana;32772
Importação;2023;Agosto;San Marino;1612656
Importação;2023;Agosto;Seicheles;75263
Importação;2023;Agosto;Senegal;297604
Importação;2023;Agosto;Serra Leoa;41
Importação;2023;Agosto;Singapura;86347958
Importação;2023;Agosto;Sri Lanka;7402311
Importação;2023;Agosto;Suazilândia;52668
Importação;2023;Agosto;Suriname;528
Importação;2023;Agosto;Suécia;189046885
Importação;2023;Agosto;Suíça;247861764
Importação;2023;Agosto;São Cristóvão e Névis;3749
Importação;2023;Agosto;São Tomé e Príncipe;175
Importação;2023;Agosto;Sérvia;3277199
Importação;2023;Agosto;Tailândia;187123
Importação;2023;Agosto;Taiwan (Formosa);213112886
Importação;2023;Agosto;Tanzânia;47103
Importação;2023;Agosto;Tcheca, República;59335356
Importação;2023;Agosto;Toquelau;162513
Importação;2023;Agosto;Trinidad e Tobago;26824219
Importação;2023;Agosto;Tunísia;4576285
Importação;2023;Agosto;Turcas e Caicos, Ilhas;208
Importação;2023;Agosto;Turcomenistão;4751
Importação;2023;Agosto;Turquia;100236157
Importação;2023;Agosto;Ucrânia;1265231
Importação;2023;Agosto;Uganda;6083
Importação;2023;Agosto;Uruguai;217560597
Importação;2023;Agosto;Uzbequistão;38064059
Importação;2023;Agosto;Venezuela;36840691
Importação;2023;Agosto;Vietnã;270565592
Importação;2023;Agosto;Virgens, Ilhas (Britânicas);844629
Importação;2023;Agosto;Zimbábue;5896
Importação;2023;Agosto;Zâmbia;249210
Importação;2023;Agosto;África do Sul;31882885
Importação;2023;Agosto;Áustria;107614557
Importação;2023;Agosto;Índia;699626276
Importação;2023;Setembro;Afeganistão;37100
Importação;2023;Setembro;Aland, Ilhas;9840
Importação;2023;Setembro;Albânia;79880
Importação;2023;Setembro;Alemanha;1510353
Importação;2023;Setembro;Andorra;1773
Importação;2023;Setembro;Angola;30541
Importação;2023;Setembro;Anguilla;11620
Importação;2023;Setembro;Argentina;984567975
Importação;2023;Setembro;Argélia;146751727
Importação;2023;Setembro;Armênia;18007
Importação;2023;Setembro;Aruba;52
Importação;2023;Setembro;Arábia Saudita;386938
Importação;2023;Setembro;Austrália;61194586
Importação;2023;Setembro;Azerbaijão;148608
Importação;2023;Setembro;Bangladesh;14505060
Importação;2023;Setembro;Barbados;31650
Importação;2023;Setembro;Barein;4879463
Importação;2023;Setembro;Belarus;29257306
Importação;2023;Setembro;Belize;188841
Importação;2023;Setembro;Bermudas;16451
Importação;2023;Setembro;Bolívia;112326739
Importação;2023;Setembro;Bonaire, Saint Eustatius e Saba;1338
Importação;2023;Setembro;Brasil;26809952
Importação;2023;Setembro;Brunei;52634
Importação;2023;Setembro;Bulgária;6197541
Importação;2023;Setembro;Burkina Faso;7
Importação;2023;Setembro;Burundi;4428
Importação;2023;Setembro;Butão;62241
Importação;2023;Setembro;Bélgica;135831231
Importação;2023;Setembro;Bósnia-Herzegovina;531295
Importação;2023;Setembro;Camarões;97783
Importação;2023;Setembro;Camboja;4756432
Importação;2023;Setembro;Canadá;245547113
Importação;2023;Setembro;Catar;77646408
Importação;2023;Setembro;Cayman, Ilhas;38107
Importação;2023;Setembro;Cazaquistão;3479734
Importação;2023;Setembro;Chade;21085
Importação;2023;Setembro;Chile;368066110
Importação;2023;Setembro;China;4825296236
Importação;2023;Setembro;Chipre;44506
Importação;2023;Setembro;Cocos (Keeling), Ilhas;4057
Importação;2023;Setembro;Colômbia;143052403
Importação;2023;Setembro;Congo, República Democrática;439
Importação;2023;Setembro;Coreia do Norte;2172
Importação;2023;Setembro;Coreia do Sul;367668802
Importação;2023;Setembro;Costa Rica;11958132
Importação;2023;Setembro;Costa do Marfim;3218547
Importação;2023;Setembro;Coveite (Kuweit);208
Importação;2023;Setembro;Croácia;899207
Importação;2023;Setembro;Cuba;153142
Importação;2023;Setembro;Curaçao;17628
Importação;2023;Setembro;Dinamarca;76377354
Importação;2023;Setembro;Egito;78813420
Importação;2023;Setembro;El Salvador;277637
Importação;2023;Setembro;Emirados Árabes Unidos;114400872
Importação;2023;Setembro;Equador;8878699
Importação;2023;Setembro;Eritreia;64
Importação;2023;Setembro;Eslováquia;31486006
Importação;2023;Setembro;Eslovênia;9407650
Importação;2023;Setembro;Espanha;3231284
Importação;2023;Setembro;Estados Unidos;2683276
Importação;2023;Setembro;Estônia;2838959
Importação;2023;Setembro;Etiópia;297
Importação;2023;Setembro;Filipinas;27347505
Importação;2023;Setembro;Finlândia;44460395
Importação;2023;Setembro;França;451680369
Importação;2023;Setembro;Gana;176177156
Importação;2023;Setembro;Geórgia;162357
Importação;2023;Setembro;Gibraltar;94
Importação;2023;Setembro;Granada;939
Importação;2023;Setembro;Groenlândia;528
Importação;2023;Setembro;Grécia;4596808
Importação;2023;Setembro;Guatemala;7138636
Importação;2023;Setembro;Guiné Equatorial;52945
Importação;2023;Setembro;Haiti;9517
Importação;2023;Setembro;Honduras;2651384
Importação;2023;Setembro;Hong Kong;59556954
Importação;2023;Setembro;Hungria;38631792
Importação;2023;Setembro;Indonésia;130739068
Importação;2023;Setembro;Iraque;429823
Importação;2023;Setembro;Irlanda;93763061
Importação;2023;Setembro;Irã;435934
Importação;2023;Setembro;Islândia;857674
Importação;2023;Setembro;Israel;88536884
Importação;2023;Setembro;Itália;442640215
Importação;2023;Setembro;Jamaica;32370
Importação;2023;Setembro;Japão;414657238
Importação;2023;Setembro;Jordânia;10967771
Importação;2023;Setembro;Laos;351
Importação;2023;Setembro;Letônia;1269366
Importação;2023;Setembro;Liechtenstein;1064335
Importação;2023;Setembro;Lituânia;33760987
Importação;2023;Setembro;Luxemburgo;3398168
Importação;2023;Setembro;Líbano;302695
Importação;2023;Setembro;Líbia;604
Importação;2023;Setembro;Macau;155365
Importação;2023;Setembro;Macedônia;1334225
Importação;2023;Setembro;Madagascar;492479
Importação;2023;Setembro;Maldivas;38724
Importação;2023;Setembro;Malta;1024045
Importação;2023;Setembro;Malásia;122376347
Importação;2023;Setembro;Marrocos;140337724
Importação;2023;Setembro;Martinica;4590
Importação;2023;Setembro;Mauritânia;152
Importação;2023;Setembro;Maurício;64625
Importação;2023;Setembro;Mianmar;1143038
Importação;2023;Setembro;Moldávia;177974
Importação;2023;Setembro;Mongólia;213840
Importação;2023;Setembro;Montenegro;80
Importação;2023;Setembro;México;479067045
Importação;2023;Setembro;Mônaco;334
Importação;2023;Setembro;Namíbia;434
Importação;2023;Setembro;Nepal;16817
Importação;2023;Setembro;Nicarágua;468200
Importação;2023;Setembro;Nigéria;15775676
Importação;2023;Setembro;Noruega;35882827
Importação;2023;Setembro;Nova Caledônia;2163
Importação;2023;Setembro;Nova Zelândia;7829963
Importação;2023;Setembro;Omã;85675075
Importação;2023;Setembro;Palestina;59
Importação;2023;Setembro;Panamá;2145973
Importação;2023;Setembro;Paquistão;10607837
Importação;2023;Setembro;Paraguai;264237453
Importação;2023;Setembro;Países Baixos (Holanda);248896933
Importação;2023;Setembro;Peru;156143500
Importação;2023;Setembro;Polinésia Francesa;14285
Importação;2023;Setembro;Polônia;64821365
Importação;2023;Setembro;Porto Rico;35457341
Importação;2023;Setembro;Portugal;96203607
Importação;2023;Setembro;Quênia;33080
Importação;2023;Setembro;Reino Unido;219934807
Importação;2023;Setembro;República Centro-Africana;1481
Importação;2023;Setembro;República Dominicana;2056367
Importação;2023;Setembro;Romênia;29477
Importação;2023;Setembro;Rússia;10230235
Importação;2023;Setembro;Samoa;122665
Importação;2023;Setembro;Samoa Americana;34869
Importação;2023;Setembro;San Marino;2048950
Importação;2023;Setembro;Santa Lúcia;3761
Importação;2023;Setembro;Seicheles;111
Importação;2023;Setembro;Senegal;280754
Importação;2023;Setembro;Serra Leoa;38721
Importação;2023;Setembro;Singapura;97650451
Importação;2023;Setembro;Somália;42453
Importação;2023;Setembro;Sri Lanka;6828
Importação;2023;Setembro;Suazilândia;5163
Importação;2023;Setembro;Suriname;846
Importação;2023;Setembro;Suécia;124069364
Importação;2023;Setembro;Suíça;204439243
Importação;2023;Setembro;São Cristóvão e Névis;2356
Importação;2023;Setembro;São Tomé e Príncipe;67
Importação;2023;Setembro;Sérvia;2567445
Importação;2023;Setembro;Síria;174486
Importação;2023;Setembro;Tadjiquistão;5975
Importação;2023;Setembro;Tailândia;157985217
Importação;2023;Setembro;Taiwan (Formosa);187473376
Importação;2023;Setembro;Tanzânia;21097
Importação;2023;Setembro;Tcheca, República;50786450
Importação;2023;Setembro;Toquelau;116026
Importação;2023;Setembro;Trinidad e Tobago;33953645
Importação;2023;Setembro;Tunísia;8035292
Importação;2023;Setembro;Turcomenistão;5996
Importação;2023;Setembro;Turquia;87664712
Importação;2023;Setembro;Ucrânia;1966568
Importação;2023;Setembro;Uganda;27876
Importação;2023;Setembro;Uruguai;158494295
Importação;2023;Setembro;Uzbequistão;63653812
Importação;2023;Setembro;Venezuela;18047795
Importação;2023;Setembro;Vietnã;252033410
Importação;2023;Setembro;Virgens, Ilhas (Britânicas);15304
Importação;2023;Setembro;Zimbábue;135451
Importação;2023;Setembro;África do Sul;49524730
Importação;2023;Setembro;Áustria;943250
Importação;2023;Setembro;Índia;539771780
Importação;2023;Outubro;Afeganistão;23554
Importação;2023;Outubro;Aland, Ilhas;5472
Importação;2023;Outubro;Albânia;19133
Importação;2023;Outubro;Alemanha;1069965350
Importação;2023;Outubro;Andorra;447980
Importação;2023;Outubro;Angola;78049
Importação;2023;Outubro;Anguilla;9120
Importação;2023;Outubro;Argentina;1099251063
Importação;2023;Outubro;Argélia;147744849
Importação;2023;Outubro;Armênia;21624
Importação;2023;Outubro;Aruba;538
Importação;2023;Outubro;Arábia Saudita;193387128
Importação;2023;Outubro;Austrália;200854522
Importação;2023;Outubro;Azerbaijão;46145
Importação;2023;Outubro;Bangladesh;14049415
Importação;2023;Outubro;Barein;30521605
Importação;2023;Outubro;Belarus;32993212
Importação;2023;Outubro;Belize;191
Importação;2023;Outubro;Benin;109008
Importação;2023;Outubro;Bermudas;16864
Importação;2023;Outubro;Bolívia;99802450
Importação;2023;Outubro;Bonaire, Saint Eustatius e Saba;1112
Importação;2023;Outubro;Botsuana;11947
Importação;2023;Outubro;Brasil;42377572
Importação;2023;Outubro;Bulgária;7867211
Importação;2023;Outubro;Burkina Faso;13
Importação;2023;Outubro;Butão;54150
Importação;2023;Outubro;Bélgica;195908238
Importação;2023;Outubro;Bósnia-Herzegovina;487420
Importação;2023;Outubro;Cabo Verde;43
Importação;2023;Outubro;Camarões;170
Importação;2023;Outubro;Camboja;4251990
Importação;2023;Outubro;Canadá;249460765
Importação;2023;Outubro;Catar;95416487
Importação;2023;Outubro;Cayman, Ilhas;6585
Importação;2023;Outubro;Cazaquistão;5242589
Importação;2023;Outubro;Chile;445827813
Importação;2023;Outubro;China;4540527402
Importação;2023;Outubro;Chipre;212556
Importação;2023;Outubro;Colômbia;259855
Importação;2023;Outubro;Comores;2872
Importação;2023;Outubro;Congo, República Democrática;63940
Importação;2023;Outubro;Coreia do Sul;388411915
Importação;2023;Outubro;Costa Rica;11007253
Importação;2023;Outubro;Costa do Marfim;4478429
Importação;2023;Outubro;Coveite (Kuweit);124459141
Importação;2023;Outubro;Croácia;3064713
Importação;2023;Outubro;Cuba;114573
Importação;2023;Outubro;Curaçao;35906
Importação;2023;Outubro;Dinamarca;74250654
Importação;2023;Outubro;Dominica;769
Importação;2023;Outubro;Egito;32032716
Importação;2023;Outubro;El Salvador;530222
Importação;2023;Outubro;Emirados Árabes Unidos;110673598
Importação;2023;Outubro;Equador;8836
Importação;2023;Outubro;Eritreia;126
Importação;2023;Outubro;Eslováquia;29669975
Importação;2023;Outubro;Eslovênia;8670858
Importação;2023;Outubro;Espanha;276041944
Importação;2023;Outubro;Estados Unidos;3457517291
Importação;2023;Outubro;Estônia;3195874
Importação;2023;Outubro;Etiópia;78619
Importação;2023;Outubro;Filipinas;31490608
Importação;2023;Outubro;Finlândia;64697
Importação;2023;Outubro;França;424486636
Importação;2023;Outubro;Gabão;56757086
Importação;2023;Outubro;Gana;384003
Importação;2023;Outubro;Geórgia;20
Importação;2023;Outubro;Gibraltar;12366
Importação;2023;Outubro;Grécia;4934798
Importação;2023;Outubro;Guadalupe;38
Importação;2023;Outubro;Guatemala;6812922
Importação;2023;Outubro;Guiana;187738166
Importação;2023;Outubro;Guiné-Bissau;41900
Importação;2023;Outubro;Gâmbia;142
Importação;2023;Outubro;Haiti;29812
Importação;2023;Outubro;Honduras;2678296
Importação;2023;Outubro;Hong Kong;51551520
Importação;2023;Outubro;Hungria;43933489
Importação;2023;Outubro;Indonésia;93258222
Importação;2023;Outubro;Iraque;210412
Importação;2023;Outubro;Irlanda;59931164
Importação;2023;Outubro;Irã;335866
Importação;2023;Outubro;Islândia;1024914
Importação;2023;Outubro;Israel;96686979
Importação;2023;Outubro;Itália;465593679
Importação;2023;Outubro;Jamaica;3680
Importação;2023;Outubro;Japão;381855215
Importação;2023;Outubro;Jordânia;1338593
Importação;2023;Outubro;Laos;250683
Importação;2023;Outubro;Letônia;2297294
Importação;2023;Outubro;Liechtenstein;1095220
Importação;2023;Outubro;Lituânia;2884051
Importação;2023;Outubro;Luxemburgo;4693735
Importação;2023;Outubro;Líbano;3526248
Importação;2023;Outubro;Líbia;69
Importação;2023;Outubro;Macau;162184
Importação;2023;Outubro;Macedônia;2298323
Importação;2023;Outubro;Madagascar;215729
Importação;2023;Outubro;Malavi;173265
Importação;2023;Outubro;Maldivas;7882
Importação;2023;Outubro;Malta;28364814
Importação;2023;Outubro;Malásia;135255671
Importação;2023;Outubro;Marrocos;124877205
Importação;2023;Outubro;Marshall, Ilhas;1960
Importação;2023;Outubro;Mauritânia;270
Importação;2023;Outubro;Maurício;42602
Importação;2023;Outubro;Mianmar;435035
Importação;2023;Outubro;Micronésia;3829
Importação;2023;Outubro;Moldávia;226205
Importação;2023;Outubro;Mongólia;478075
Importação;2023;Outubro;Montenegro;1198
Importação;2023;Outubro;Moçambique;27000
Importação;2023;Outubro;México;522361866
Importação;2023;Outubro;Mônaco;190643
Importação;2023;Outubro;Nepal;30863
Importação;2023;Outubro;Nicarágua;972880
Importação;2023;Outubro;Nigéria;146341392
Importação;2023;Outubro;Noruega;73150065
Importação;2023;Outubro;Nova Caledônia;1068
Importação;2023;Outubro;Nova Zelândia;6107450
Importação;2023;Outubro;Omã;36702359
Importação;2023;Outubro;Pacífico, Ilhas do (EUA);3488
Importação;2023;Outubro;Panamá;1855062
Importação;2023;Outubro;Paquistão;9878418
Importação;2023;Outubro;Paraguai;261896732
Importação;2023;Outubro;Países Baixos (Holanda);233438008
Importação;2023;Outubro;Peru;113764128
Importação;2023;Outubro;Polinésia Francesa;7664
Importação;2023;Outubro;Polônia;54171523
Importação;2023;Outubro;Porto Rico;34460343
Importação;2023;Outubro;Portugal;97131315
Importação;2023;Outubro;Quirguistão;89915
Importação;2023;Outubro;Quênia;17263
Importação;2023;Outubro;Reino Unido;226906791
Importação;2023;Outubro;República Centro-Africana;15648
Importação;2023;Outubro;República Dominicana;1428327
Importação;2023;Outubro;Romênia;35328364
Importação;2023;Outubro;Rússia;833938318
Importação;2023;Outubro;Samoa;143178
Importação;2023;Outubro;Samoa Americana;28310
Importação;2023;Outubro;San Marino;336433
Importação;2023;Outubro;Santa Helena;17814
Importação;2023;Outubro;Seicheles;54702
Importação;2023;Outubro;Senegal;511069
Importação;2023;Outubro;Serra Leoa;18485
Importação;2023;Outubro;Singapura;114173141
Importação;2023;Outubro;Sint Maarten;695
Importação;2023;Outubro;Somália;467
Importação;2023;Outubro;Sri Lanka;5176651
Importação;2023;Outubro;Suazilândia;25205
Importação;2023;Outubro;Suécia;166196887
Importação;2023;Outubro;Suíça;247063423
Importação;2023;Outubro;São Cristóvão e Névis;658
Importação;2023;Outubro;Sérvia;2026030
Importação;2023;Outubro;Tadjiquistão;346427
Importação;2023;Outubro;Tailândia;138298088
Importação;2023;Outubro;Taiwan (Formosa);199324948
Importação;2023;Outubro;Tanzânia;311051
Importação;2023;Outubro;Tcheca, República;66930874
Importação;2023;Outubro;Timor Leste;13
Importação;2023;Outubro;Toquelau;138921
Importação;2023;Outubro;Trinidad e Tobago;28663990
Importação;2023;Outubro;Tunísia;4659448
Importação;2023;Outubro;Turcas e Caicos, Ilhas;1020
Importação;2023;Outubro;Turcomenistão;10
Importação;2023;Outubro;Turquia;91677093
Importação;2023;Outubro;Tuvalu;176
Importação;2023;Outubro;Ucrânia;1239675
Importação;2023;Outubro;Uruguai;222456987
Importação;2023;Outubro;Uzbequistão;57404890
Importação;2023;Outubro;Venezuela;21550
Importação;2023;Outubro;Vietnã;270253387
Importação;2023;Outubro;Virgens, Ilhas (Britânicas);114943
Importação;2023;Outubro;Zimbábue;20275
Importação;2023;Outubro;Zâmbia;67
Importação;2023;Outubro;África do Sul;44896385
Importação;2023;Outubro;Áustria;96969553
Importação;2023;Outubro;Índia;539690559
Importação;2023;Novembro;Afeganistão;7958
Importação;2023;Novembro;Aland, Ilhas;2771
Importação;2023;Novembro;Albânia;209586
Importação;2023;Novembro;Alemanha;984294851
Importação;2023;Novembro;Angola;17049566
Importação;2023;Novembro;Anguilla;8000
Importação;2023;Novembro;Argentina;956277149
Importação;2023;Novembro;Argélia;72320387
Importação;2023;Novembro;Armênia;6633
Importação;2023;Novembro;Aruba;502
Importação;2023;Novembro;Arábia Saudita;348563495
Importação;2023;Novembro;Austrália;117054350
Importação;2023;Novembro;Bangladesh;15962799
Importação;2023;Novembro;Barbados;48568
Importação;2023;Novembro;Barein;7192
Importação;2023;Novembro;Belarus;13733768
Importação;2023;Novembro;Bolívia;139972367
Importação;2023;Novembro;Brasil;38629704
Importação;2023;Novembro;Bulgária;7375192
Importação;2023;Novembro;Burkina Faso;36
Importação;2023;Novembro;Butão;31615
Importação;2023;Novembro;Bélgica;165036755
Importação;2023;Novembro;Bósnia-Herzegovina;378463
Importação;2023;Novembro;Camarões;61403
Importação;2023;Novembro;Camboja;8437263
Importação;2023;Novembro;Canadá;223785692
Importação;2023;Novembro;Catar;70870721
Importação;2023;Novembro;Cayman, Ilhas;752
Importação;2023;Novembro;Cazaquistão;4985
Importação;2023;Novembro;Chade;6130
Importação;2023;Novembro;Chile;348594804
Importação;2023;Novembro;China;4465622502
Importação;2023;Novembro;Chipre;219
Importação;2023;Novembro;Christmas (Navidad), Ilha;28659
Importação;2023;Novembro;Colômbia;218961806
Importação;2023;Novembro;Comores;8500
Importação;2023;Novembro;Congo, República Democrática;862
Importação;2023;Novembro;Coreia do Norte;2
Importação;2023;Novembro;Coreia do Sul;363680895
Importação;2023;Novembro;Costa Rica;12295351
Importação;2023;Novembro;Costa do Marfim;2422638
Importação;2023;Novembro;Coveite (Kuweit);69906964
Importação;2023;Novembro;Croácia;3761055
Importação;2023;Novembro;Cuba;95788
Importação;2023;Novembro;Curaçao;2779
Importação;2023;Novembro;Dinamarca;114940387
Importação;2023;Novembro;Dominica;30
Importação;2023;Novembro;Egito;28957551
Importação;2023;Novembro;El Salvador;397369
Importação;2023;Novembro;Emirados Árabes Unidos;185154315
Importação;2023;Novembro;Equador;8448949
Importação;2023;Novembro;Eritreia;242
Importação;2023;Novembro;Eslováquia;36451421
Importação;2023;Novembro;Eslovênia;7646219
Importação;2023;Novembro;Espanha;315503922
Importação;2023;Novembro;Estados Unidos;2596249
Importação;2023;Novembro;Estônia;3262931
Importação;2023;Novembro;Etiópia;3909
Importação;2023;Novembro;Filipinas;23196695
Importação;2023;Novembro;Finlândia;54499765
Importação;2023;Novembro;França;452974444
Importação;2023;Novembro;Gabão;65157089
Importação;2023;Novembro;Gana;71518902
Importação;2023;Novembro;Geórgia;396426
Importação;2023;Novembro;Gibraltar;82026
Importação;2023;Novembro;Grécia;3157233
Importação;2023;Novembro;Guatemala;3932603
Importação;2023;Novembro;Haiti;50845
Importação;2023;Novembro;Honduras;2140037
Importação;2023;Novembro;Hong Kong;52392145
Importação;2023;Novembro;Hungria;44557265
Importação;2023;Novembro;Ilha de Man;27659
Importação;2023;Novembro;Indonésia;113548269
Importação;2023;Novembro;Irlanda;90386957
Importação;2023;Novembro;Irã;151522
Importação;2023;Novembro;Islândia;713644
Importação;2023;Novembro;Israel;92899270
Importação;2023;Novembro;Itália;456395543
Importação;2023;Novembro;Iêmen;38
Importação;2023;Novembro;Jamaica;15192
Importação;2023;Novembro;Japão;494603544
Importação;2023;Novembro;Jordânia;2657141
Importação;2023;Novembro;Laos;349676
Importação;2023;Novembro;Letônia;2006544
Importação;2023;Novembro;Liechtenstein;1122875
Importação;2023;Novembro;Lituânia;2735527
Importação;2023;Novembro;Luxemburgo;3663650
Importação;2023;Novembro;Líbano;80272
Importação;2023;Novembro;Líbia;141
Importação;2023;Novembro;Macau;16746
Importação;2023;Novembro;Macedônia;1736178
Importação;2023;Novembro;Madagascar;530906
Importação;2023;Novembro;Maldivas;7882
Importação;2023;Novembro;Malta;1142484
Importação;2023;Novembro;Malásia;116747858
Importação;2023;Novembro;Marrocos;126040754
Importação;2023;Novembro;Mauritânia;378540
Importação;2023;Novembro;Maurício;86474
Importação;2023;Novembro;Mianmar;1254245
Importação;2023;Novembro;Moldávia;225068
Importação;2023;Novembro;Mongólia;135373
Importação;2023;Novembro;Montenegro;32
Importação;2023;Novembro;Moçambique;374916
Importação;2023;Novembro;México;492681118
Importação;2023;Novembro;Mônaco;712461
Importação;2023;Novembro;Nepal;17585
Importação;2023;Novembro;Nicarágua;627194
Importação;2023;Novembro;Nigéria;117374138
Importação;2023;Novembro;Noruega;72132844
Importação;2023;Novembro;Nova Caledônia;10414
Importação;2023;Novembro;Nova Zelândia;4254050
Importação;2023;Novembro;Níger;819
Importação;2023;Novembro;Omã;94034812
Importação;2023;Novembro;Pacífico, Ilhas do (EUA);172
Importação;2023;Novembro;Palau;70
Importação;2023;Novembro;Panamá;1235481
Importação;2023;Novembro;Papua Nova Guiné;21802
Importação;2023;Novembro;Paquistão;15461770
Importação;2023;Novembro;Paraguai;265846900
Importação;2023;Novembro;Países Baixos (Holanda);164380497
Importação;2023;Novembro;Peru;92675235
Importação;2023;Novembro;Polinésia Francesa;164
Importação;2023;Novembro;Polônia;69971452
Importação;2023;Novembro;Porto Rico;24431554
Importação;2023;Novembro;Portugal;90782008
Importação;2023;Novembro;Quirguistão;11354
Importação;2023;Novembro;Quênia;129299
Importação;2023;Novembro;Reino Unido;250387634
Importação;2023;Novembro;República Centro-Africana;3403
Importação;2023;Novembro;República Dominicana;1758191
Importação;2023;Novembro;Romênia;35618534
Importação;2023;Novembro;Rússia;813787818
Importação;2023;Novembro;Samoa;53241
Importação;2023;Novembro;Samoa Americana;37286
Importação;2023;Novembro;San Marino;702535
Importação;2023;Novembro;Seicheles;783
Importação;2023;Novembro;Senegal;670966
Importação;2023;Novembro;Serra Leoa;33872
Importação;2023;Novembro;Singapura;48847651
Importação;2023;Novembro;Sri Lanka;5444116
Importação;2023;Novembro;Suazilândia;5541
Importação;2023;Novembro;Sudão;6388
Importação;2023;Novembro;Suécia;181348793
Importação;2023;Novembro;Suíça;285185228
Importação;2023;Novembro;São Cristóvão e Névis;67
Importação;2023;Novembro;Sérvia;2579835
Importação;2023;Novembro;Síria;905
Importação;2023;Novembro;Tadjiquistão;9441
Importação;2023;Novembro;Tailândia;154602454
Importação;2023;Novembro;Taiwan (Formosa);188305490
Importação;2023;Novembro;Tanzânia;307000
Importação;2023;Novembro;Tcheca, República;61406070
Importação;2023;Novembro;Terras Austrais Francesas;92
Importação;2023;Novembro;Toquelau;146675
Importação;2023;Novembro;Trinidad e Tobago;19409607
Importação;2023;Novembro;Tunísia;3652439
Importação;2023;Novembro;Turcas e Caicos, Ilhas;117
Importação;2023;Novembro;Turcomenistão;60216
Importação;2023;Novembro;Turquia;92166398
Importação;2023;Novembro;Ucrânia;1310051
Importação;2023;Novembro;Uruguai;172094194
Importação;2023;Novembro;Uzbequistão;108194
Importação;2023;Novembro;Venezuela;29296296
Importação;2023;Novembro;Vietnã;241503751
Importação;2023;Novembro;Virgens, Ilhas (Britânicas);18
Importação;2023;Novembro;Zimbábue;212240
Importação;2023;Novembro;Zâmbia;266
Importação;2023;Novembro;África do Sul;42033566
Importação;2023;Novembro;Áustria;109658727
Importação;2023;Novembro;Índia;488123038
Importação;2023;Dezembro;Afeganistão;8650
Importação;2023;Dezembro;Aland, Ilhas;27709
Importação;2023;Dezembro;Albânia;75023
Importação;2023;Dezembro;Alemanha;981757133
Importação;2023;Dezembro;Andorra;1689
Importação;2023;Dezembro;Angola;40595
Importação;2023;Dezembro;Anguilla;4240
Importação;2023;Dezembro;Argentina;887853488
Importação;2023;Dezembro;Argélia;103556573
Importação;2023;Dezembro;Armênia;6541
Importação;2023;Dezembro;Aruba;126
Importação;2023;Dezembro;Arábia Saudita;244828333
Importação;2023;Dezembro;Austrália;147240799
Importação;2023;Dezembro;Azerbaijão;148907
Importação;2023;Dezembro;Bangladesh;14956345
Importação;2023;Dezembro;Barbados;21398
Importação;2023;Dezembro;Barein;6491155
Importação;2023;Dezembro;Belarus;23260725
Importação;2023;Dezembro;Belize;1528
Importação;2023;Dezembro;Bermudas;260279
Importação;2023;Dezembro;Bolívia;126825133
Importação;2023;Dezembro;Botsuana;8918
Importação;2023;Dezembro;Brasil;19769046
Importação;2023;Dezembro;Brunei;585
Importação;2023;Dezembro;Bulgária;6638740
Importação;2023;Dezembro;Burkina Faso;11
Importação;2023;Dezembro;Bélgica;176595793
Importação;2023;Dezembro;Bósnia-Herzegovina;524472
Importação;2023;Dezembro;Camarões;554364
Importação;2023;Dezembro;Camboja;5254508
Importação;2023;Dezembro;Canadá;234157730
Importação;2023;Dezembro;Catar;24366
Importação;2023;Dezembro;Cayman, Ilhas;1592
Importação;2023;Dezembro;Cazaquistão;2552652
Importação;2023;Dezembro;Chile;377445789
Importação;2023;Dezembro;China;4621504568
Importação;2023;Dezembro;Chipre;15950
Importação;2023;Dezembro;Christmas (Navidad), Ilha;1206
Importação;2023;Dezembro;Cocos (Keeling), Ilhas;14467
Importação;2023;Dezembro;Colômbia;148170774
Importação;2023;Dezembro;Coreia do Sul;394311113
Importação;2023;Dezembro;Costa Rica;11675
Importação;2023;Dezembro;Costa do Marfim;3608044
Importação;2023;Dezembro;Coveite (Kuweit);12948565
Importação;2023;Dezembro;Croácia;2932945
Importação;2023;Dezembro;Cuba;119104
Importação;2023;Dezembro;Curaçao;15069
Importação;2023;Dezembro;Dinamarca;102200534
Importação;2023;Dezembro;Dominica;2424
Importação;2023;Dezembro;Egito;20404661
Importação;2023;Dezembro;El Salvador;617031
Importação;2023;Dezembro;Emirados Árabes Unidos;19599659
Importação;2023;Dezembro;Equador;7631603
Importação;2023;Dezembro;Eritreia;747
Importação;2023;Dezembro;Eslováquia;33688
Importação;2023;Dezembro;Eslovênia;8991162
Importação;2023;Dezembro;Espanha;293453263
Importação;2023;Dezembro;Estados Unidos;3004581491
Importação;2023;Dezembro;Estônia;2720711
Importação;2023;Dezembro;Etiópia;46632
Importação;2023;Dezembro;Filipinas;28279435
Importação;2023;Dezembro;Finlândia;52161780
Importação;2023;Dezembro;França;384898070
Importação;2023;Dezembro;Gana;2229374
Importação;2023;Dezembro;Geórgia;37054
Importação;2023;Dezembro;Gibraltar;11759
Importação;2023;Dezembro;Groenlândia;23
Importação;2023;Dezembro;Grécia;7806322
Importação;2023;Dezembro;Guatemala;5707008
Importação;2023;Dezembro;Guiana;193
Importação;2023;Dezembro;Guiana Francesa;404
Importação;2023;Dezembro;Guiné;599
Importação;2023;Dezembro;Guiné-Bissau;29565
Importação;2023;Dezembro;Gâmbia;6492
Importação;2023;Dezembro;Haiti;30794
Importação;2023;Dezembro;Honduras;1796205
Importação;2023;Dezembro;Hong Kong;68599659
Importação;2023;Dezembro;Hungria;41403216
Importação;2023;Dezembro;Indonésia;113904246
Importação;2023;Dezembro;Iraque;563492
Importação;2023;Dezembro;Irlanda;103843290
Importação;2023;Dezembro;Irã;442663
Importação;2023;Dezembro;Islândia;843859
Importação;2023;Dezembro;Israel;94629428
Importação;2023;Dezembro;Itália;460849242
Importação;2023;Dezembro;Japão;406796098
Importação;2023;Dezembro;Jordânia;10952327
Importação;2023;Dezembro;Laos;162389
Importação;2023;Dezembro;Letônia;1768211
Importação;2023;Dezembro;Liechtenstein;744528
Importação;2023;Dezembro;Lituânia;18310262
Importação;2023;Dezembro;Luxemburgo;3058632
Importação;2023;Dezembro;Líbano;300761
Importação;2023;Dezembro;Macau;24558
Importação;2023;Dezembro;Macedônia;2910725
Importação;2023;Dezembro;Madagascar;318576
Importação;2023;Dezembro;Malavi;34544
Importação;2023;Dezembro;Malta;46031814
Importação;2023;Dezembro;Malásia;125122604
Importação;2023;Dezembro;Marrocos;88969720
Importação;2023;Dezembro;Marshall, Ilhas;34521
Importação;2023;Dezembro;Mauritânia;327837
Importação;2023;Dezembro;Maurício;33380
Importação;2023;Dezembro;Mianmar;852885
Importação;2023;Dezembro;Moldávia;249082
Importação;2023;Dezembro;Mongólia;616476
Importação;2023;Dezembro;Montenegro;42713
Importação;2023;Dezembro;Montserrat;260
Importação;2023;Dezembro;Moçambique;2040
Importação;2023;Dezembro;México;438164710
Importação;2023;Dezembro;Mônaco;202551
Importação;2023;Dezembro;Namíbia;3261
Importação;2023;Dezembro;Nepal;2813
Importação;2023;Dezembro;Nicarágua;354645
Importação;2023;Dezembro;Nigéria;79341496
Importação;2023;Dezembro;Noruega;55517594
Importação;2023;Dezembro;Nova Zelândia;7489960
Importação;2023;Dezembro;Omã;180278852
Importação;2023;Dezembro;Pacífico, Ilhas do (EUA);4459
Importação;2023;Dezembro;Palestina;70576
Importação;2023;Dezembro;Panamá;1157558
Importação;2023;Dezembro;Paquistão;15484389
Importação;2023;Dezembro;Paraguai;246930480
Importação;2023;Dezembro;Países Baixos (Holanda);200766400
Importação;2023;Dezembro;Peru;72342025
Importação;2023;Dezembro;Polinésia Francesa;3176
Importação;2023;Dezembro;Polônia;59764994
Importação;2023;Dezembro;Porto Rico;21575320
Importação;2023;Dezembro;Portugal;126086
Importação;2023;Dezembro;Quênia;3635
Importação;2023;Dezembro;Reino Unido;206876866
Importação;2023;Dezembro;República Dominicana;3734364
Importação;2023;Dezembro;Reunião;1571
Importação;2023;Dezembro;Romênia;21469512
Importação;2023;Dezembro;Rússia;1520906700
Importação;2023;Dezembro;Samoa;72970
Importação;2023;Dezembro;Samoa Americana;3753
Importação;2023;Dezembro;San Marino;621160
Importação;2023;Dezembro;Seicheles;7065
Importação;2023;Dezembro;Senegal;247
Importação;2023;Dezembro;Serra Leoa;10237
Importação;2023;Dezembro;Singapura;50300206
Importação;2023;Dezembro;Sri Lanka;6684063
Importação;2023;Dezembro;Suazilândia;452
Importação;2023;Dezembro;Suriname;20
Importação;2023;Dezembro;Suécia;199522860
Importação;2023;Dezembro;Suíça;157628547
Importação;2023;Dezembro;São Cristóvão e Névis;835
Importação;2023;Dezembro;Sérvia;2526535
Importação;2023;Dezembro;Tailândia;176246
Importação;2023;Dezembro;Taiwan (Formosa);183168388
Importação;2023;Dezembro;Tanzânia;91200
Importação;2023;Dezembro;Tcheca, República;52136783
Importação;2023;Dezembro;Terras Austrais Francesas;185
Importação;2023;Dezembro;Toquelau;173855
Importação;2023;Dezembro;Trinidad e Tobago;15475957
Importação;2023;Dezembro;Tunísia;4940219
Importação;2023;Dezembro;Turcomenistão;12709564
Importação;2023;Dezembro;Turquia;88481920
Importação;2023;Dezembro;Ucrânia;6370786
Importação;2023;Dezembro;Uruguai;169385461
Importação;2023;Dezembro;Uzbequistão;75075025
Importação;2023;Dezembro;Venezuela;46975865
Importação;2023;Dezembro;Vietnã;247846257
Importação;2023;Dezembro;Virgens, Ilhas (Britânicas);2640
Importação;2023;Dezembro;Zimbábue;31660
Importação;2023;Dezembro;África do Sul;28185483
Importação;2023;Dezembro;Áustria;102338095
Importação;2023;Dezembro;Índia;433732977
Exportação;2024;Janeiro;Afeganistão;538307
Exportação;2024;Janeiro;Albânia;6286285
Exportação;2024;Janeiro;Alemanha;433302718
Exportação;2024;Janeiro;Angola;52773768
Exportação;2024;Janeiro;Anguilla;45780
Exportação;2024;Janeiro;Antígua e Barbuda;2283089
Exportação;2024;Janeiro;Argentina;767619081
Exportação;2024;Janeiro;Argélia;226294317
Exportação;2024;Janeiro;Armênia;7900
Exportação;2024;Janeiro;Aruba;3657473
Exportação;2024;Janeiro;Arábia Saudita;306480328
Exportação;2024;Janeiro;Austrália;51674124
Exportação;2024;Janeiro;Azerbaijão;653698
Exportação;2024;Janeiro;Bahamas;9126565
Exportação;2024;Janeiro;Bangladesh;182487543
Exportação;2024;Janeiro;Barbados;3710048
Exportação;2024;Janeiro;Barein;49544830
Exportação;2024;Janeiro;Belarus;522146
Exportação;2024;Janeiro;Belize;849135
Exportação;2024;Janeiro;Benin;5214914
Exportação;2024;Janeiro;Bermudas;1568857
Exportação;2024;Janeiro;Bolívia;114088763
Exportação;2024;Janeiro;Bonaire, Saint Eustatius e Saba;248116
Exportação;2024;Janeiro;Brasil;23530649
Exportação;2024;Janeiro;Brunei;165750
Exportação;2024;Janeiro;Bulgária;25614616
Exportação;2024;Janeiro;Burkina Faso;8726076
Exportação;2024;Janeiro;Butão;102609
Exportação;2024;Janeiro;Bélgica;229702645
Exportação;2024;Janeiro;Bósnia-Herzegovina;7748
Exportação;2024;Janeiro;Cabo Verde;4799470
Exportação;2024;Janeiro;Camarões;13061362
Exportação;2024;Janeiro;Camboja;1893730
Exportação;2024;Janeiro;Canadá;467959080
Exportação;2024;Janeiro;Catar;21235261
Exportação;2024;Janeiro;Cayman, Ilhas;73051218
Exportação;2024;Janeiro;Cazaquistão;3522617
Exportação;2024;Janeiro;Chade;381310
Exportação;2024;Janeiro;Chile;554548007
Exportação;2024;Janeiro;China;7812623070
Exportação;2024;Janeiro;Chipre;6422649
Exportação;2024;Janeiro;Cocos (Keeling), Ilhas;49568
Exportação;2024;Janeiro;Colômbia;260322633
Exportação;2024;Janeiro;Comores;1342407
Exportação;2024;Janeiro;Congo;11193678
Exportação;2024;Janeiro;Congo, República Democrática;17249846
Exportação;2024;Janeiro;Cook, Ilhas;1667
Exportação;2024;Janeiro;Coreia do Sul;331959366
Exportação;2024;Janeiro;Costa Rica;46651964
Exportação;2024;Janeiro;Costa do Marfim;24406449
Exportação;2024;Janeiro;Coveite (Kuweit);22349773
Exportação;2024;Janeiro;Croácia;5203396
Exportação;2024;Janeiro;Cuba;23639435
Exportação;2024;Janeiro;Curaçao;3432660
Exportação;2024;Janeiro;Dinamarca;55335351
Exportação;2024;Janeiro;Djibuti;5159
Exportação;2024;Janeiro;Dominica;552763
Exportação;2024;Janeiro;Egito;291589700
Exportação;2024;Janeiro;El Salvador;16006343
Exportação;2024;Janeiro;Emirados Árabes Unidos;372131937
Exportação;2024;Janeiro;Equador;85686844
Exportação;2024;Janeiro;Eslováquia;1871149
Exportação;2024;Janeiro;Eslovênia;34588404
Exportação;2024;Janeiro;Espanha;440549790
Exportação;2024;Janeiro;Estados Unidos;3357943902
Exportação;2024;Janeiro;Estônia;7435858
Exportação;2024;Janeiro;Etiópia;2240754
Exportação;2024;Janeiro;Faroe, Ilhas;32222
Exportação;2024;Janeiro;Fiji;176337
Exportação;2024;Janeiro;Filipinas;168168354
Exportação;2024;Janeiro;Finlândia;12487768
Exportação;2024;Janeiro;França;263160510
Exportação;2024;Janeiro;Gabão;4333661
Exportação;2024;Janeiro;Gana;23362499
Exportação;2024;Janeiro;Geórgia;7246804
Exportação;2024;Janeiro;Geórgia do Sul e Sandwich do Sul, Ilhas;12150
Exportação;2024;Janeiro;Gibraltar;135072
Exportação;2024;Janeiro;Granada;1304307
Exportação;2024;Janeiro;Grécia;13655439
Exportação;2024;Janeiro;Guadalupe;580703
Exportação;2024;Janeiro;Guam;3068
Exportação;2024;Janeiro;Guatemala;47477099
Exportação;2024;Janeiro;Guiana;19361565
Exportação;2024;Janeiro;Guiana Francesa;263277
Exportação;2024;Janeiro;Guiné;18191960
Exportação;2024;Janeiro;Guiné Equatorial;1766195
Exportação;2024;Janeiro;Guiné-Bissau;171160
Exportação;2024;Janeiro;Gâmbia;16990571
Exportação;2024;Janeiro;Haiti;7236776
Exportação;2024;Janeiro;Honduras;26902836
Exportação;2024;Janeiro;Hong Kong;117898565
Exportação;2024;Janeiro;Hungria;5758580
Exportação;2024;Janeiro;Ilha de Man;2649326
Exportação;2024;Janeiro;Indonésia;368227698
Exportação;2024;Janeiro;Iraque;160969881
Exportação;2024;Janeiro;Irlanda;8523824
Exportação;2024;Janeiro;Irã;258285654
Exportação;2024;Janeiro;Islândia;12320567
Exportação;2024;Janeiro;Israel;115943357
Exportação;2024;Janeiro;Itália;237328163
Exportação;2024;Janeiro;Iêmen;52704952
Exportação;2024;Janeiro;Jamaica;75720042
Exportação;2024;Janeiro;Japão;565812254
Exportação;2024;Janeiro;Jordânia;36597835
Exportação;2024;Janeiro;Laos;789942
Exportação;2024;Janeiro;Letônia;12562143
Exportação;2024;Janeiro;Libéria;30924664
Exportação;2024;Janeiro;Liechtenstein;920522
Exportação;2024;Janeiro;Lituânia;2776487
Exportação;2024;Janeiro;Luxemburgo;2533586
Exportação;2024;Janeiro;Líbano;14191298
Exportação;2024;Janeiro;Líbia;49241864
Exportação;2024;Janeiro;Macau;78863
Exportação;2024;Janeiro;Macedônia;1069856
Exportação;2024;Janeiro;Madagascar;526485
Exportação;2024;Janeiro;Malavi;345565
Exportação;2024;Janeiro;Maldivas;1707521
Exportação;2024;Janeiro;Mali;213443
Exportação;2024;Janeiro;Malta;11591832
Exportação;2024;Janeiro;Malásia;303047058
Exportação;2024;Janeiro;Marrocos;123896842
Exportação;2024;Janeiro;Marshall, Ilhas;27921096
Exportação;2024;Janeiro;Martinica;522941
Exportação;2024;Janeiro;Mauritânia;49153039
Exportação;2024;Janeiro;Maurício;1932960
Exportação;2024;Janeiro;Mayotte;891271
Exportação;2024;Janeiro;Mianmar;1044240
Exportação;2024;Janeiro;Micronésia;83939
Exportação;2024;Janeiro;Moldávia;112987
Exportação;2024;Janeiro;Mongólia;157519
Exportação;2024;Janeiro;Montenegro;2881640
Exportação;2024;Janeiro;Montserrat;31351
Exportação;2024;Janeiro;Moçambique;2610388
Exportação;2024;Janeiro;México;491555518
Exportação;2024;Janeiro;Mônaco;36435
Exportação;2024;Janeiro;Namíbia;27220
Exportação;2024;Janeiro;Nepal;231282
Exportação;2024;Janeiro;Nicarágua;7260284
Exportação;2024;Janeiro;Nigéria;116039208
Exportação;2024;Janeiro;Norfolk, Ilha;61485
Exportação;2024;Janeiro;Noruega;128338402
Exportação;2024;Janeiro;Nova Caledônia;820820
Exportação;2024;Janeiro;Nova Zelândia;10084
Exportação;2024;Janeiro;Níger;99
Exportação;2024;Janeiro;Omã;49760703
Exportação;2024;Janeiro;Pacífico, Ilhas do (EUA);9606
Exportação;2024;Janeiro;Palau;619606
Exportação;2024;Janeiro;Palestina;1566506
Exportação;2024;Janeiro;Panamá;86325410
Exportação;2024;Janeiro;Papua Nova Guiné;237478
Exportação;2024;Janeiro;Paquistão;23916896
Exportação;2024;Janeiro;Paraguai;270520550
Exportação;2024;Janeiro;Países Baixos (Holanda);872736853
Exportação;2024;Janeiro;Peru;190080610
Exportação;2024;Janeiro;Polinésia Francesa;466031
Exportação;2024;Janeiro;Polônia;116312358
Exportação;2024;Janeiro;Porto Rico;16696220
Exportação;2024;Janeiro;Portugal;232420232
Exportação;2024;Janeiro;Quirguistão;5955
Exportação;2024;Janeiro;Quênia;13211863
Exportação;2024;Janeiro;Reino Unido;226172376
Exportação;2024;Janeiro;República Centro-Africana;292445
Exportação;2024;Janeiro;República Dominicana;118290922
Exportação;2024;Janeiro;Reunião;715596
Exportação;2024;Janeiro;Romênia;7055237
Exportação;2024;Janeiro;Ruanda;7307
Exportação;2024;Janeiro;Rússia;68341505
Exportação;2024;Janeiro;Salomão, Ilhas;18695
Exportação;2024;Janeiro;Samoa;229070
Exportação;2024;Janeiro;Samoa Americana;30028
Exportação;2024;Janeiro;San Marino;73430
Exportação;2024;Janeiro;Santa Lúcia;151490
Exportação;2024;Janeiro;Seicheles;838145
Exportação;2024;Janeiro;Senegal;46975925
Exportação;2024;Janeiro;Serra Leoa;2893060
Exportação;2024;Janeiro;Singapura;1078782340
Exportação;2024;Janeiro;Sint Maarten;2218269
Exportação;2024;Janeiro;Somália;11607900
Exportação;2024;Janeiro;Sri Lanka;5234175
Exportação;2024;Janeiro;Sudão;8070920
Exportação;2024;Janeiro;Sudão do Sul;226635
Exportação;2024;Janeiro;Suriname;3393966
Exportação;2024;Janeiro;Suécia;46370953
Exportação;2024;Janeiro;Suíça;97438260
Exportação;2024;Janeiro;São Bartolomeu;393642
Exportação;2024;Janeiro;São Cristóvão e Névis;495122
Exportação;2024;Janeiro;São Martinho, Ilha de (parte francesa);46689
Exportação;2024;Janeiro;São Tomé e Príncipe;338415
Exportação;2024;Janeiro;São Vicente e Granadinas;1825426
Exportação;2024;Janeiro;Sérvia;2609028
Exportação;2024;Janeiro;Síria;1784816
Exportação;2024;Janeiro;Tadjiquistão;35020
Exportação;2024;Janeiro;Tailândia;299039975
Exportação;2024;Janeiro;Taiwan (Formosa);227175976
Exportação;2024;Janeiro;Tanzânia;6256776
Exportação;2024;Janeiro;Tcheca, República;8063956
Exportação;2024;Janeiro;Terras Austrais Francesas;7574
Exportação;2024;Janeiro;Timor Leste;673510
Exportação;2024;Janeiro;Togo;44214716
Exportação;2024;Janeiro;Tonga;54035
Exportação;2024;Janeiro;Trinidad e Tobago;309004
Exportação;2024;Janeiro;Tunísia;13852337
Exportação;2024;Janeiro;Turcas e Caicos, Ilhas;186723
Exportação;2024;Janeiro;Turcomenistão;12628
Exportação;2024;Janeiro;Turquia;176192769
Exportação;2024;Janeiro;Ucrânia;7305187
Exportação;2024;Janeiro;Uganda;845433
Exportação;2024;Janeiro;Uruguai;200717
Exportação;2024;Janeiro;Uzbequistão;9522498
Exportação;2024;Janeiro;Vanuatu;196918
Exportação;2024;Janeiro;Venezuela;89774271
Exportação;2024;Janeiro;Vietnã;464053548
Exportação;2024;Janeiro;Virgens, Ilhas (Americanas);1104
Exportação;2024;Janeiro;Virgens, Ilhas (Britânicas);61086
Exportação;2024;Janeiro;Zimbábue;614874
Exportação;2024;Janeiro;Zâmbia;512503
Exportação;2024;Janeiro;África do Sul;131902056
Exportação;2024;Janeiro;Áustria;5759753
Exportação;2024;Janeiro;Índia;441355158
Exportação;2024;Fevereiro;Afeganistão;172863
Exportação;2024;Fevereiro;Albânia;7326662
Exportação;2024;Fevereiro;Alemanha;424317747
Exportação;2024;Fevereiro;Angola;23210547
Exportação;2024;Fevereiro;Anguilla;48676
Exportação;2024;Fevereiro;Antártica;78964
Exportação;2024;Fevereiro;Antígua e Barbuda;3621464
Exportação;2024;Fevereiro;Argentina;934319225
Exportação;2024;Fevereiro;Argélia;223160403
Exportação;2024;Fevereiro;Armênia;636060
Exportação;2024;Fevereiro;Aruba;2499282
Exportação;2024;Fevereiro;Arábia Saudita;256157519
Exportação;2024;Fevereiro;Austrália;42495990
Exportação;2024;Fevereiro;Azerbaijão;507536
Exportação;2024;Fevereiro;Bahamas;10292143
Exportação;2024;Fevereiro;Bangladesh;211336526
Exportação;2024;Fevereiro;Barbados;1898717
Exportação;2024;Fevereiro;Barein;65806
Exportação;2024;Fevereiro;Belarus;499114
Exportação;2024;Fevereiro;Belize;1477074
Exportação;2024;Fevereiro;Benin;5882221
Exportação;2024;Fevereiro;Bermudas;1193508
Exportação;2024;Fevereiro;Bolívia;109149691
Exportação;2024;Fevereiro;Bonaire, Saint Eustatius e Saba;110472
Exportação;2024;Fevereiro;Botsuana;45331
Exportação;2024;Fevereiro;Brasil;1703652
Exportação;2024;Fevereiro;Brunei;91486
Exportação;2024;Fevereiro;Bulgária;72377067
Exportação;2024;Fevereiro;Burkina Faso;581640
Exportação;2024;Fevereiro;Butão;375366
Exportação;2024;Fevereiro;Bélgica;253695954
Exportação;2024;Fevereiro;Bósnia-Herzegovina;134639
Exportação;2024;Fevereiro;Cabo Verde;2493777
Exportação;2024;Fevereiro;Camarões;53794315
Exportação;2024;Fevereiro;Camboja;1577599
Exportação;2024;Fevereiro;Canadá;322022882
Exportação;2024;Fevereiro;Catar;25668718
Exportação;2024;Fevereiro;Cayman, Ilhas;430389
Exportação;2024;Fevereiro;Cazaquistão;1696045
Exportação;2024;Fevereiro;Chade;355119
Exportação;2024;Fevereiro;Chile;591721845
Exportação;2024;Fevereiro;China;6776054184
Exportação;2024;Fevereiro;Chipre;5009565
Exportação;2024;Fevereiro;Colômbia;226048797
Exportação;2024;Fevereiro;Comores;440750
Exportação;2024;Fevereiro;Congo;9089234
Exportação;2024;Fevereiro;Congo, República Democrática;15781685
Exportação;2024;Fevereiro;Cook, Ilhas;333
Exportação;2024;Fevereiro;Coreia do Sul;373817249
Exportação;2024;Fevereiro;Costa Rica;50567792
Exportação;2024;Fevereiro;Costa do Marfim;15469283
Exportação;2024;Fevereiro;Coveite (Kuweit);28097409
Exportação;2024;Fevereiro;Croácia;4043165
Exportação;2024;Fevereiro;Cuba;18129032
Exportação;2024;Fevereiro;Curaçao;3111
Exportação;2024;Fevereiro;Dinamarca;22394826
Exportação;2024;Fevereiro;Djibuti;8362962
Exportação;2024;Fevereiro;Dominica;656979
Exportação;2024;Fevereiro;Egito;216973594
Exportação;2024;Fevereiro;El Salvador;10006751
Exportação;2024;Fevereiro;Emirados Árabes Unidos;521609711
Exportação;2024;Fevereiro;Equador;54849620
Exportação;2024;Fevereiro;Eslováquia;2285741
Exportação;2024;Fevereiro;Eslovênia;66172385
Exportação;2024;Fevereiro;Espanha;616946792
Exportação;2024;Fevereiro;Estados Unidos;2605584121
Exportação;2024;Fevereiro;Estônia;4491332
Exportação;2024;Fevereiro;Etiópia;4270618
Exportação;2024;Fevereiro;Falkland (Malvinas);98353
Exportação;2024;Fevereiro;Fiji;81774
Exportação;2024;Fevereiro;Filipinas;132174411
Exportação;2024;Fevereiro;Finlândia;33778318
Exportação;2024;Fevereiro;França;185619240
Exportação;2024;Fevereiro;Gabão;4248067
Exportação;2024;Fevereiro;Gana;22827185
Exportação;2024;Fevereiro;Geórgia;25908
Exportação;2024;Fevereiro;Geórgia do Sul e Sandwich do Sul, Ilhas;4940
Exportação;2024;Fevereiro;Gibraltar;1635112
Exportação;2024;Fevereiro;Granada;1093143
Exportação;2024;Fevereiro;Grécia;17057787
Exportação;2024;Fevereiro;Guadalupe;398128
Exportação;2024;Fevereiro;Guam;6676
Exportação;2024;Fevereiro;Guatemala;27256062
Exportação;2024;Fevereiro;Guiana;34734025
Exportação;2024;Fevereiro;Guiana Francesa;229138
Exportação;2024;Fevereiro;Guiné;11729163
Exportação;2024;Fevereiro;Guiné Equatorial;2393595
Exportação;2024;Fevereiro;Guiné-Bissau;112416
Exportação;2024;Fevereiro;Gâmbia;22737
Exportação;2024;Fevereiro;Haiti;4065461
Exportação;2024;Fevereiro;Heard e ilhas mcdonald, Ilha;60
Exportação;2024;Fevereiro;Honduras;11099704
Exportação;2024;Fevereiro;Hong Kong;112773379
Exportação;2024;Fevereiro;Hungria;4212511
Exportação;2024;Fevereiro;Ilha de Man;1769539
Exportação;2024;Fevereiro;Indonésia;433384056
Exportação;2024;Fevereiro;Iraque;116899824
Exportação;2024;Fevereiro;Irlanda;14237395
Exportação;2024;Fevereiro;Irã;181886921
Exportação;2024;Fevereiro;Islândia;11858352
Exportação;2024;Fevereiro;Israel;96653907
Exportação;2024;Fevereiro;Itália;339209009
Exportação;2024;Fevereiro;Iêmen;32507139
Exportação;2024;Fevereiro;Jamaica;5151744
Exportação;2024;Fevereiro;Japão;277504860
Exportação;2024;Fevereiro;Jordânia;25484230
Exportação;2024;Fevereiro;Laos;3254977
Exportação;2024;Fevereiro;Letônia;2812730
Exportação;2024;Fevereiro;Libéria;32636764
Exportação;2024;Fevereiro;Liechtenstein;1463
Exportação;2024;Fevereiro;Lituânia;3597423
Exportação;2024;Fevereiro;Luxemburgo;5127314
Exportação;2024;Fevereiro;Líbano;30353253
Exportação;2024;Fevereiro;Líbia;67374953
Exportação;2024;Fevereiro;Macau;116460
Exportação;2024;Fevereiro;Macedônia;2362577
Exportação;2024;Fevereiro;Madagascar;4146699
Exportação;2024;Fevereiro;Malavi;82762
Exportação;2024;Fevereiro;Maldivas;2489663
Exportação;2024;Fevereiro;Mali;37572
Exportação;2024;Fevereiro;Malta;10581417
Exportação;2024;Fevereiro;Malásia;463048714
Exportação;2024;Fevereiro;Marrocos;80325879
Exportação;2024;Fevereiro;Marshall, Ilhas;28675654
Exportação;2024;Fevereiro;Martinica;483979
Exportação;2024;Fevereiro;Mauritânia;10840670
Exportação;2024;Fevereiro;Maurício;1008084
Exportação;2024;Fevereiro;Mayotte;192565
Exportação;2024;Fevereiro;Mianmar;953065
Exportação;2024;Fevereiro;Micronésia;415
Exportação;2024;Fevereiro;Moldávia;170290
Exportação;2024;Fevereiro;Mongólia;777873
Exportação;2024;Fevereiro;Montenegro;1544534
Exportação;2024;Fevereiro;Montserrat;13750
Exportação;2024;Fevereiro;Moçambique;2007149
Exportação;2024;Fevereiro;México;551637220
Exportação;2024;Fevereiro;Mônaco;305
Exportação;2024;Fevereiro;Namíbia;255725
Exportação;2024;Fevereiro;Nauru;51718
Exportação;2024;Fevereiro;Nepal;261028
Exportação;2024;Fevereiro;Nicarágua;16769120
Exportação;2024;Fevereiro;Nigéria;119411410
Exportação;2024;Fevereiro;Niue;39926
Exportação;2024;Fevereiro;Noruega;63217699
Exportação;2024;Fevereiro;Nova Caledônia;536328
Exportação;2024;Fevereiro;Nova Zelândia;8851482
Exportação;2024;Fevereiro;Omã;1673394
Exportação;2024;Fevereiro;Pacífico, Ilhas do (EUA);11064
Exportação;2024;Fevereiro;Palau;412883
Exportação;2024;Fevereiro;Palestina;3190673
Exportação;2024;Fevereiro;Panamá;131427
Exportação;2024;Fevereiro;Papua Nova Guiné;929241
Exportação;2024;Fevereiro;Paquistão;26138176
Exportação;2024;Fevereiro;Paraguai;259253618
Exportação;2024;Fevereiro;Países Baixos (Holanda);648598427
Exportação;2024;Fevereiro;Peru;170575926
Exportação;2024;Fevereiro;Pitcairn;3375
Exportação;2024;Fevereiro;Polinésia Francesa;678948
Exportação;2024;Fevereiro;Polônia;65497267
Exportação;2024;Fevereiro;Porto Rico;13712608
Exportação;2024;Fevereiro;Portugal;162206548
Exportação;2024;Fevereiro;Quirguistão;27453
Exportação;2024;Fevereiro;Quênia;17348481
Exportação;2024;Fevereiro;Reino Unido;256133102
Exportação;2024;Fevereiro;República Centro-Africana;123828
Exportação;2024;Fevereiro;República Dominicana;77286102
Exportação;2024;Fevereiro;Reunião;342832
Exportação;2024;Fevereiro;Romênia;15710390
Exportação;2024;Fevereiro;Ruanda;481698
Exportação;2024;Fevereiro;Rússia;41285225
Exportação;2024;Fevereiro;Samoa;158775
Exportação;2024;Fevereiro;Samoa Americana;29721
Exportação;2024;Fevereiro;Santa Lúcia;239609
Exportação;2024;Fevereiro;Seicheles;605181
Exportação;2024;Fevereiro;Senegal;49709372
Exportação;2024;Fevereiro;Serra Leoa;3320393
Exportação;2024;Fevereiro;Singapura;329407035
Exportação;2024;Fevereiro;Sint Maarten;830348
Exportação;2024;Fevereiro;Somália;18404542
Exportação;2024;Fevereiro;Sri Lanka;1681753
Exportação;2024;Fevereiro;Suazilândia;45360
Exportação;2024;Fevereiro;Sudão;572757
Exportação;2024;Fevereiro;Sudão do Sul;328108
Exportação;2024;Fevereiro;Suriname;3806294
Exportação;2024;Fevereiro;Suécia;32043279
Exportação;2024;Fevereiro;Suíça;85315269
Exportação;2024;Fevereiro;São Bartolomeu;4080
Exportação;2024;Fevereiro;São Cristóvão e Névis;300875
Exportação;2024;Fevereiro;São Martinho, Ilha de (parte francesa);165192
Exportação;2024;Fevereiro;São Tomé e Príncipe;400607
Exportação;2024;Fevereiro;São Vicente e Granadinas;68502
Exportação;2024;Fevereiro;Sérvia;4725352
Exportação;2024;Fevereiro;Síria;1316080
Exportação;2024;Fevereiro;Tailândia;146893692
Exportação;2024;Fevereiro;Taiwan (Formosa);117381838
Exportação;2024;Fevereiro;Tanzânia;8158352
Exportação;2024;Fevereiro;Tcheca, República;6056619
Exportação;2024;Fevereiro;Terras Austrais Francesas;19
Exportação;2024;Fevereiro;Timor Leste;602513
Exportação;2024;Fevereiro;Togo;13691087
Exportação;2024;Fevereiro;Tonga;915893
Exportação;2024;Fevereiro;Trinidad e Tobago;57433979
Exportação;2024;Fevereiro;Tunísia;37172600
Exportação;2024;Fevereiro;Turcas e Caicos, Ilhas;63375
Exportação;2024;Fevereiro;Turcomenistão;8920
Exportação;2024;Fevereiro;Turquia;295133235
Exportação;2024;Fevereiro;Ucrânia;3962943
Exportação;2024;Fevereiro;Uganda;518964
Exportação;2024;Fevereiro;Uruguai;194322690
Exportação;2024;Fevereiro;Uzbequistão;9842235
Exportação;2024;Fevereiro;Vanuatu;24890
Exportação;2024;Fevereiro;Venezuela;85735995
Exportação;2024;Fevereiro;Vietnã;243256728
Exportação;2024;Fevereiro;Virgens, Ilhas (Americanas);2569
Exportação;2024;Fevereiro;Virgens, Ilhas (Britânicas);70796
Exportação;2024;Fevereiro;Zimbábue;72158
Exportação;2024;Fevereiro;Zâmbia;4700
Exportação;2024;Fevereiro;África do Sul;71029367
Exportação;2024;Fevereiro;Áustria;8526879
Exportação;2024;Fevereiro;Índia;458249965
Exportação;2024;Março;Afeganistão;292005
Exportação;2024;Março;Albânia;10004120
Exportação;2024;Março;Alemanha;461214361
Exportação;2024;Março;Andorra;282
Exportação;2024;Março;Angola;36945702
Exportação;2024;Março;Anguilla;60360
Exportação;2024;Março;Antártica;48289
Exportação;2024;Março;Antígua e Barbuda;2193924
Exportação;2024;Março;Argentina;1106730916
Exportação;2024;Março;Argélia;197804333
Exportação;2024;Março;Armênia;537798
Exportação;2024;Março;Aruba;3149383
Exportação;2024;Março;Arábia Saudita;191119469
Exportação;2024;Março;Austrália;41428491
Exportação;2024;Março;Azerbaijão;620893
Exportação;2024;Março;Bahamas;14348806
Exportação;2024;Março;Bangladesh;253339786
Exportação;2024;Março;Barbados;3273370
Exportação;2024;Março;Barein;204894926
Exportação;2024;Março;Belarus;143344
Exportação;2024;Março;Belize;1390081
Exportação;2024;Março;Benin;9616242
Exportação;2024;Março;Bermudas;57141
Exportação;2024;Março;Bolívia;100338625
Exportação;2024;Março;Bonaire, Saint Eustatius e Saba;242472
Exportação;2024;Março;Botsuana;37328
Exportação;2024;Março;Brasil;31438692
Exportação;2024;Março;Brunei;106434
Exportação;2024;Março;Bulgária;1370277
Exportação;2024;Março;Burkina Faso;440
Exportação;2024;Março;Butão;319336
Exportação;2024;Março;Bélgica;262278543
Exportação;2024;Março;Bósnia-Herzegovina;86030
Exportação;2024;Março;Cabo Verde;3207762
Exportação;2024;Março;Camarões;26814302
Exportação;2024;Março;Camboja;772899
Exportação;2024;Março;Canadá;462405388
Exportação;2024;Março;Catar;51157592
Exportação;2024;Março;Cayman, Ilhas;830043
Exportação;2024;Março;Cazaquistão;3506031
Exportação;2024;Março;Chade;996462
Exportação;2024;Março;Chile;419376328
Exportação;2024;Março;China;8281032620
Exportação;2024;Março;Chipre;7097496
Exportação;2024;Março;Colômbia;355471
Exportação;2024;Março;Comores;1285028
Exportação;2024;Março;Congo;6341496
Exportação;2024;Março;Congo, República Democrática;21957145
Exportação;2024;Março;Cook, Ilhas;1194651
Exportação;2024;Março;Coreia do Sul;421902623
Exportação;2024;Março;Costa Rica;58518306
Exportação;2024;Março;Costa do Marfim;19289806
Exportação;2024;Março;Coveite (Kuweit);22575361
Exportação;2024;Março;Croácia;5376156
Exportação;2024;Março;Cuba;50945083
Exportação;2024;Março;Curaçao;4152798
Exportação;2024;Março;Dinamarca;59589978
Exportação;2024;Março;Djibuti;1619403
Exportação;2024;Março;Dominica;627356
Exportação;2024;Março;Egito;234410805
Exportação;2024;Março;El Salvador;12808
Exportação;2024;Março;Emirados Árabes Unidos;391315144
Exportação;2024;Março;Equador;85937
Exportação;2024;Março;Eslováquia;3809402
Exportação;2024;Março;Eslovênia;17320286
Exportação;2024;Março;Espanha;677172
Exportação;2024;Março;Estados Unidos;3774366456
Exportação;2024;Março;Estônia;9492217
Exportação;2024;Março;Etiópia;1669615
Exportação;2024;Março;Faroe, Ilhas;35257
Exportação;2024;Março;Fiji;98242
Exportação;2024;Março;Filipinas;215504048
Exportação;2024;Março;Finlândia;16061728
Exportação;2024;Março;França;189522908
Exportação;2024;Março;Gabão;5732542
Exportação;2024;Março;Gana;18989547
Exportação;2024;Março;Geórgia;8885335
Exportação;2024;Março;Gibraltar;272652
Exportação;2024;Março;Granada;1424
Exportação;2024;Março;Grécia;40066
Exportação;2024;Março;Guadalupe;277270
Exportação;2024;Março;Guam;11449
Exportação;2024;Março;Guatemala;34886162
Exportação;2024;Março;Guernsey;20842
Exportação;2024;Março;Guiana;24165568
Exportação;2024;Março;Guiana Francesa;465
Exportação;2024;Março;Guiné;15829758
Exportação;2024;Março;Guiné Equatorial;2689399
Exportação;2024;Março;Guiné-Bissau;89952
Exportação;2024;Março;Gâmbia;11884369
Exportação;2024;Março;Haiti;4923920
Exportação;2024;Março;Heard e ilhas mcdonald, Ilha;425055
Exportação;2024;Março;Honduras;21762639
Exportação;2024;Março;Hong Kong;126435
Exportação;2024;Março;Hungria;3581935
Exportação;2024;Março;Ilha de Man;1325506
Exportação;2024;Março;Indonésia;379024293
Exportação;2024;Março;Iraque;82594890
Exportação;2024;Março;Irlanda;8591051
Exportação;2024;Março;Irã;268900053
Exportação;2024;Março;Islândia;31586
Exportação;2024;Março;Israel;131745066
Exportação;2024;Março;Itália;410462380
Exportação;2024;Março;Iêmen;37955147
Exportação;2024;Março;Jamaica;9528420
Exportação;2024;Março;Japão;399707207
Exportação;2024;Março;Jordânia;37472451
Exportação;2024;Março;Laos;1203117
Exportação;2024;Março;Lesoto;3921
Exportação;2024;Março;Letônia;2979596
Exportação;2024;Março;Libéria;36135039
Exportação;2024;Março;Liechtenstein;1327275
Exportação;2024;Março;Lituânia;7124932
Exportação;2024;Março;Luxemburgo;3050
Exportação;2024;Março;Líbano;41028677
Exportação;2024;Março;Líbia;53583579
Exportação;2024;Março;Macau;456562
Exportação;2024;Março;Macedônia;1597065
Exportação;2024;Março;Madagascar;1352076
Exportação;2024;Março;Malavi;204049
Exportação;2024;Março;Maldivas;1206337
Exportação;2024;Março;Mali;208700
Exportação;2024;Março;Malta;13106
Exportação;2024;Março;Malásia;419399931
Exportação;2024;Março;Marrocos;97817391
Exportação;2024;Março;Marshall, Ilhas;19353036
Exportação;2024;Março;Martinica;529024
Exportação;2024;Março;Mauritânia;8925808
Exportação;2024;Março;Maurício;1346713
Exportação;2024;Março;Mayotte;281227
Exportação;2024;Março;Mianmar;728058
Exportação;2024;Março;Micronésia;700
Exportação;2024;Março;Moldávia;162924
Exportação;2024;Março;Mongólia;161421
Exportação;2024;Março;Montenegro;1473463
Exportação;2024;Março;Montserrat;13650
Exportação;2024;Março;Moçambique;2533570
Exportação;2024;Março;México;739963933
Exportação;2024;Março;Mônaco;34388
Exportação;2024;Março;Namíbia;267516
Exportação;2024;Março;Nepal;18900
Exportação;2024;Março;Nicarágua;11006648
Exportação;2024;Março;Nigéria;27786626
Exportação;2024;Março;Noruega;99062391
Exportação;2024;Março;Nova Caledônia;969640
Exportação;2024;Março;Nova Zelândia;14825609
Exportação;2024;Março;Níger;298639
Exportação;2024;Março;Omã;127394417
Exportação;2024;Março;Pacífico, Ilhas do (EUA);122664
Exportação;2024;Março;Palestina;3439892
Exportação;2024;Março;Panamá;63304324
Exportação;2024;Março;Papua Nova Guiné;292299
Exportação;2024;Março;Paquistão;27312531
Exportação;2024;Março;Paraguai;285051649
Exportação;2024;Março;Países Baixos (Holanda);889771640
Exportação;2024;Março;Peru;242632032
Exportação;2024;Março;Polinésia Francesa;959976
Exportação;2024;Março;Polônia;118936719
Exportação;2024;Março;Porto Rico;17929094
Exportação;2024;Março;Portugal;103931980
Exportação;2024;Março;Quênia;4656155
Exportação;2024;Março;Reino Unido;234882577
Exportação;2024;Março;República Centro-Africana;178646
Exportação;2024;Março;República Dominicana;59980358
Exportação;2024;Março;Reunião;298195
Exportação;2024;Março;Romênia;22684894
Exportação;2024;Março;Ruanda;103043
Exportação;2024;Março;Rússia;58957392
Exportação;2024;Março;Salomão, Ilhas;32240
Exportação;2024;Março;Samoa;155918
Exportação;2024;Março;Samoa Americana;167115
Exportação;2024;Março;San Marino;28857
Exportação;2024;Março;Santa Lúcia;327306
Exportação;2024;Março;Seicheles;949860
Exportação;2024;Março;Senegal;46342026
Exportação;2024;Março;Serra Leoa;1738659
Exportação;2024;Março;Singapura;504819620
Exportação;2024;Março;Sint Maarten;1814451
Exportação;2024;Março;Somália;9875578
Exportação;2024;Março;Sri Lanka;1990422
Exportação;2024;Março;Suazilândia;90720
Exportação;2024;Março;Sudão;765192
Exportação;2024;Março;Sudão do Sul;334135
Exportação;2024;Março;Suriname;4321347
Exportação;2024;Março;Suécia;68625461
Exportação;2024;Março;Suíça;79926329
Exportação;2024;Março;São Bartolomeu;197204
Exportação;2024;Março;São Cristóvão e Névis;459245
Exportação;2024;Março;São Martinho, Ilha de (parte francesa);56
Exportação;2024;Março;São Tomé e Príncipe;274811
Exportação;2024;Março;São Vicente e Granadinas;368524
Exportação;2024;Março;Sérvia;4410851
Exportação;2024;Março;Síria;1188340
Exportação;2024;Março;Tailândia;324730439
Exportação;2024;Março;Taiwan (Formosa);120219882
Exportação;2024;Março;Tanzânia;5678643
Exportação;2024;Março;Tcheca, República;6446263
Exportação;2024;Março;Terras Austrais Francesas;8150
Exportação;2024;Março;Timor Leste;1073331
Exportação;2024;Março;Togo;45457470
Exportação;2024;Março;Tonga;600709
Exportação;2024;Março;Toquelau;32870
Exportação;2024;Março;Trinidad e Tobago;23268316
Exportação;2024;Março;Tunísia;66816723
Exportação;2024;Março;Turcas e Caicos, Ilhas;205522
Exportação;2024;Março;Turcomenistão;20380
Exportação;2024;Março;Turquia;281530504
Exportação;2024;Março;Ucrânia;5055555
Exportação;2024;Março;Uganda;800967
Exportação;2024;Março;Uruguai;223554830
Exportação;2024;Março;Uzbequistão;25863758
Exportação;2024;Março;Vanuatu;138381
Exportação;2024;Março;Vaticano;400000
Exportação;2024;Março;Venezuela;73
Exportação;2024;Março;Vietnã;253911157
Exportação;2024;Março;Virgens, Ilhas (Americanas);76574
Exportação;2024;Março;Virgens, Ilhas (Britânicas);390583
Exportação;2024;Março;Zimbábue;799347
Exportação;2024;Março;Zâmbia;556734
Exportação;2024;Março;África do Sul;130449091
Exportação;2024;Março;Áustria;62609
Exportação;2024;Março;Índia;536259288
Exportação;2024;Abril;Afeganistão;82132
Exportação;2024;Abril;Albânia;9103224
Exportação;2024;Abril;Alemanha;481839181
Exportação;2024;Abril;Angola;35579
Exportação;2024;Abril;Anguilla;151126
Exportação;2024;Abril;Antígua e Barbuda;2704353
Exportação;2024;Abril;Argentina;1099559492
Exportação;2024;Abril;Argélia;187878354
Exportação;2024;Abril;Armênia;610562
Exportação;2024;Abril;Aruba;2546509
Exportação;2024;Abril;Arábia Saudita;165442426
Exportação;2024;Abril;Austrália;51665024
Exportação;2024;Abril;Azerbaijão;2328592
Exportação;2024;Abril;Bahamas;12626672
Exportação;2024;Abril;Bangladesh;310082835
Exportação;2024;Abril;Barbados;2530307
Exportação;2024;Abril;Barein;94378195
Exportação;2024;Abril;Belarus;488972
Exportação;2024;Abril;Belize;1033373
Exportação;2024;Abril;Benin;7293650
Exportação;2024;Abril;Bermudas;1337964
Exportação;2024;Abril;Bolívia;110220513
Exportação;2024;Abril;Bonaire, Saint Eustatius e Saba;327220
Exportação;2024;Abril;Botsuana;94113
Exportação;2024;Abril;Bouvet, Ilha;39395
Exportação;2024;Abril;Brasil;1821515
Exportação;2024;Abril;Brunei;108906
Exportação;2024;Abril;Bulgária;941450
Exportação;2024;Abril;Burkina Faso;242960
Exportação;2024;Abril;Butão;307030
Exportação;2024;Abril;Bélgica;313861255
Exportação;2024;Abril;Bósnia-Herzegovina;297916
Exportação;2024;Abril;Cabo Verde;3292641
Exportação;2024;Abril;Camarões;13343622
Exportação;2024;Abril;Camboja;1815210
Exportação;2024;Abril;Canadá;443245960
Exportação;2024;Abril;Catar;80303390
Exportação;2024;Abril;Cayman, Ilhas;965423
Exportação;2024;Abril;Cazaquistão;3252541
Exportação;2024;Abril;Chade;82874
Exportação;2024;Abril;Chile;735433906
Exportação;2024;Abril;China;9524323299
Exportação;2024;Abril;Chipre;6694884
Exportação;2024;Abril;Colômbia;268243272
Exportação;2024;Abril;Comores;1287400
Exportação;2024;Abril;Congo;6315324
Exportação;2024;Abril;Congo, República Democrática;9146535
Exportação;2024;Abril;Cook, Ilhas;17789
Exportação;2024;Abril;Coreia do Sul;430765310
Exportação;2024;Abril;Costa Rica;58874026
Exportação;2024;Abril;Costa do Marfim;12002495
Exportação;2024;Abril;Coveite (Kuweit);20732
Exportação;2024;Abril;Croácia;2410562
Exportação;2024;Abril;Cuba;26006675
Exportação;2024;Abril;Curaçao;3720
Exportação;2024;Abril;Dinamarca;44935181
Exportação;2024;Abril;Djibuti;5184711
Exportação;2024;Abril;Dominica;414373
Exportação;2024;Abril;Egito;227556409
Exportação;2024;Abril;El Salvador;20450051
Exportação;2024;Abril;Emirados Árabes Unidos;430414561
Exportação;2024;Abril;Equador;84906562
Exportação;2024;Abril;Eslováquia;2900741
Exportação;2024;Abril;Eslovênia;57288475
Exportação;2024;Abril;Espanha;1148598699
Exportação;2024;Abril;Estados Unidos;2926179137
Exportação;2024;Abril;Estônia;5306544
Exportação;2024;Abril;Etiópia;2365543
Exportação;2024;Abril;Fiji;108337
Exportação;2024;Abril;Filipinas;173397266
Exportação;2024;Abril;Finlândia;63208874
Exportação;2024;Abril;França;381282789
Exportação;2024;Abril;Gabão;5229
Exportação;2024;Abril;Gana;15081214
Exportação;2024;Abril;Geórgia;75205683
Exportação;2024;Abril;Geórgia do Sul e Sandwich do Sul, Ilhas;11102
Exportação;2024;Abril;Gibraltar;467757
Exportação;2024;Abril;Granada;1460407
Exportação;2024;Abril;Grécia;28464394
Exportação;2024;Abril;Guadalupe;636650
Exportação;2024;Abril;Guam;42935
Exportação;2024;Abril;Guatemala;33133809
Exportação;2024;Abril;Guernsey;9490
Exportação;2024;Abril;Guiana;7673823
Exportação;2024;Abril;Guiana Francesa;534087
Exportação;2024;Abril;Guiné;12594104
Exportação;2024;Abril;Guiné Equatorial;2270907
Exportação;2024;Abril;Guiné-Bissau;637841
Exportação;2024;Abril;Gâmbia;23325218
Exportação;2024;Abril;Haiti;2478263
Exportação;2024;Abril;Honduras;22280
Exportação;2024;Abril;Hong Kong;143845770
Exportação;2024;Abril;Hungria;4604206
Exportação;2024;Abril;Ilha de Man;24621409
Exportação;2024;Abril;Indonésia;337134459
Exportação;2024;Abril;Iraque;108482876
Exportação;2024;Abril;Irlanda;41003153
Exportação;2024;Abril;Irã;290461
Exportação;2024;Abril;Islândia;13219594
Exportação;2024;Abril;Israel;70007140
Exportação;2024;Abril;Itália;528132999
Exportação;2024;Abril;Iêmen;36730307
Exportação;2024;Abril;Jamaica;7945791
Exportação;2024;Abril;Japão;451403845
Exportação;2024;Abril;Jordânia;36809849
Exportação;2024;Abril;Laos;2409719
Exportação;2024;Abril;Lesoto;3404
Exportação;2024;Abril;Letônia;2468361
Exportação;2024;Abril;Libéria;29897910
Exportação;2024;Abril;Liechtenstein;1602707
Exportação;2024;Abril;Lituânia;4255
Exportação;2024;Abril;Luxemburgo;4254862
Exportação;2024;Abril;Líbano;42486554
Exportação;2024;Abril;Líbia;70806613
Exportação;2024;Abril;Macau;697883
Exportação;2024;Abril;Macedônia;2752256
Exportação;2024;Abril;Madagascar;2558745
Exportação;2024;Abril;Maldivas;3592045
Exportação;2024;Abril;Mali;163612
Exportação;2024;Abril;Malta;9872749
Exportação;2024;Abril;Malásia;320519856
Exportação;2024;Abril;Marianas do Norte, Ilhas;3378
Exportação;2024;Abril;Marrocos;32428807
Exportação;2024;Abril;Marshall, Ilhas;27172492
Exportação;2024;Abril;Martinica;420768
Exportação;2024;Abril;Mauritânia;11451
Exportação;2024;Abril;Maurício;1818333
Exportação;2024;Abril;Mayotte;321700
Exportação;2024;Abril;Mianmar;1428704
Exportação;2024;Abril;Micronésia;1469
Exportação;2024;Abril;Moldávia;38733
Exportação;2024;Abril;Mongólia;688773
Exportação;2024;Abril;Montenegro;1985342
Exportação;2024;Abril;Montserrat;20599
Exportação;2024;Abril;Moçambique;2754315
Exportação;2024;Abril;México;864780489
Exportação;2024;Abril;Mônaco;1551
Exportação;2024;Abril;Namíbia;325345
Exportação;2024;Abril;Nauru;631
Exportação;2024;Abril;Nepal;441112
Exportação;2024;Abril;Nicarágua;8557639
Exportação;2024;Abril;Nigéria;47410814
Exportação;2024;Abril;Norfolk, Ilha;24365
Exportação;2024;Abril;Noruega;99349464
Exportação;2024;Abril;Nova Caledônia;947408
Exportação;2024;Abril;Nova Zelândia;5390718
Exportação;2024;Abril;Níger;212
Exportação;2024;Abril;Omã;84741818
Exportação;2024;Abril;Pacífico, Ilhas do (EUA);17560
Exportação;2024;Abril;Palau;253751
Exportação;2024;Abril;Palestina;4116247
Exportação;2024;Abril;Panamá;57423511
Exportação;2024;Abril;Papua Nova Guiné;271346
Exportação;2024;Abril;Paquistão;76138618
Exportação;2024;Abril;Paraguai;309406764
Exportação;2024;Abril;Países Baixos (Holanda);1139588033
Exportação;2024;Abril;Peru;238142392
Exportação;2024;Abril;Polinésia Francesa;973705
Exportação;2024;Abril;Polônia;102582502
Exportação;2024;Abril;Porto Rico;14225239
Exportação;2024;Abril;Portugal;322329995
Exportação;2024;Abril;Quirguistão;19761
Exportação;2024;Abril;Quênia;48629
Exportação;2024;Abril;Reino Unido;263699547
Exportação;2024;Abril;República Centro-Africana;128896
Exportação;2024;Abril;República Dominicana;64216031
Exportação;2024;Abril;Reunião;402643
Exportação;2024;Abril;Romênia;16268783
Exportação;2024;Abril;Ruanda;152540
Exportação;2024;Abril;Rússia;176202814
Exportação;2024;Abril;Samoa;211376
Exportação;2024;Abril;Samoa Americana;345567
Exportação;2024;Abril;San Marino;16571
Exportação;2024;Abril;Santa Lúcia;635293
Exportação;2024;Abril;Seicheles;1178845
Exportação;2024;Abril;Senegal;18932343
Exportação;2024;Abril;Serra Leoa;7127864
Exportação;2024;Abril;Singapura;982043604
Exportação;2024;Abril;Sint Maarten;742689
Exportação;2024;Abril;Somália;19409908
Exportação;2024;Abril;Sri Lanka;5464
Exportação;2024;Abril;Suazilândia;90720
Exportação;2024;Abril;Sudão;274045
Exportação;2024;Abril;Sudão do Sul;100658
Exportação;2024;Abril;Suriname;5886791
Exportação;2024;Abril;Suécia;65312
Exportação;2024;Abril;Suíça;117930687
Exportação;2024;Abril;São Bartolomeu;203196
Exportação;2024;Abril;São Cristóvão e Névis;172331
Exportação;2024;Abril;São Martinho, Ilha de (parte francesa);56137
Exportação;2024;Abril;São Pedro e Miquelon;190
Exportação;2024;Abril;São Tomé e Príncipe;266711
Exportação;2024;Abril;São Vicente e Granadinas;92383
Exportação;2024;Abril;Sérvia;4120835
Exportação;2024;Abril;Síria;3413379
Exportação;2024;Abril;Tailândia;307571971
Exportação;2024;Abril;Taiwan (Formosa);79473265
Exportação;2024;Abril;Tanzânia;4336
Exportação;2024;Abril;Tcheca, República;4102676
Exportação;2024;Abril;Timor Leste;579939
Exportação;2024;Abril;Togo;18421968
Exportação;2024;Abril;Tonga;638257
Exportação;2024;Abril;Trinidad e Tobago;19951745
Exportação;2024;Abril;Tunísia;41120054
Exportação;2024;Abril;Turcas e Caicos, Ilhas;193270
Exportação;2024;Abril;Turcomenistão;28033
Exportação;2024;Abril;Turquia;440509689
Exportação;2024;Abril;Ucrânia;2246764
Exportação;2024;Abril;Uganda;333507
Exportação;2024;Abril;Uruguai;246644754
Exportação;2024;Abril;Uzbequistão;34904926
Exportação;2024;Abril;Vanuatu;182340
Exportação;2024;Abril;Venezuela;100291253
Exportação;2024;Abril;Vietnã;336598
Exportação;2024;Abril;Virgens, Ilhas (Americanas);66139
Exportação;2024;Abril;Virgens, Ilhas (Britânicas);203202
Exportação;2024;Abril;Wallis e Futuna, Ilhas;8959
Exportação;2024;Abril;Zimbábue;1157181
Exportação;2024;Abril;Zâmbia;1104975
Exportação;2024;Abril;África do Sul;125481187
Exportação;2024;Abril;Áustria;8864206
Exportação;2024;Abril;Índia;391366443
Exportação;2024;Maio;Afeganistão;105390
Exportação;2024;Maio;Albânia;12409826
Exportação;2024;Maio;Alemanha;408242234
Exportação;2024;Maio;Angola;46909965
Exportação;2024;Maio;Anguilla;368049
Exportação;2024;Maio;Antígua e Barbuda;3706955
Exportação;2024;Maio;Argentina;1874134
Exportação;2024;Maio;Argélia;292552165
Exportação;2024;Maio;Armênia;856956
Exportação;2024;Maio;Aruba;2417790
Exportação;2024;Maio;Arábia Saudita;261810804
Exportação;2024;Maio;Austrália;51416779
Exportação;2024;Maio;Azerbaijão;2157048
Exportação;2024;Maio;Bahamas;12515700
Exportação;2024;Maio;Bangladesh;245380421
Exportação;2024;Maio;Barbados;4076122
Exportação;2024;Maio;Barein;93021205
Exportação;2024;Maio;Belarus;329119
Exportação;2024;Maio;Belize;916629
Exportação;2024;Maio;Benin;5558529
Exportação;2024;Maio;Bermudas;97309
Exportação;2024;Maio;Bolívia;108322548
Exportação;2024;Maio;Bonaire, Saint Eustatius e Saba;427932
Exportação;2024;Maio;Botsuana;18225
Exportação;2024;Maio;Brasil;108813956
Exportação;2024;Maio;Brunei;344381
Exportação;2024;Maio;Bulgária;88551723
Exportação;2024;Maio;Burkina Faso;734671
Exportação;2024;Maio;Butão;200344
Exportação;2024;Maio;Bélgica;353526195
Exportação;2024;Maio;Bósnia-Herzegovina;211174
Exportação;2024;Maio;Cabo Verde;3725
Exportação;2024;Maio;Camarões;10923527
Exportação;2024;Maio;Camboja;1917932
Exportação;2024;Maio;Canadá;534682460
Exportação;2024;Maio;Catar;21164611
Exportação;2024;Maio;Cayman, Ilhas;36136437
Exportação;2024;Maio;Cazaquistão;3877079
Exportação;2024;Maio;Chade;2780226
Exportação;2024;Maio;Chile;549841903
Exportação;2024;Maio;China;9587542672
Exportação;2024;Maio;Chipre;4653102
Exportação;2024;Maio;Colômbia;284444193
Exportação;2024;Maio;Comores;743872
Exportação;2024;Maio;Congo;13413306
Exportação;2024;Maio;Congo, República Democrática;28829031
Exportação;2024;Maio;Cook, Ilhas;654564
Exportação;2024;Maio;Coreia do Sul;525034929
Exportação;2024;Maio;Costa Rica;60320896
Exportação;2024;Maio;Costa do Marfim;8361
Exportação;2024;Maio;Coveite (Kuweit);18228717
Exportação;2024;Maio;Croácia;4748292
Exportação;2024;Maio;Cuba;20605
Exportação;2024;Maio;Curaçao;4486262
Exportação;2024;Maio;Dinamarca;24414933
Exportação;2024;Maio;Djibuti;3608085
Exportação;2024;Maio;Dominica;600940
Exportação;2024;Maio;Egito;362848385
Exportação;2024;Maio;El Salvador;8586326
Exportação;2024;Maio;Emirados Árabes Unidos;461447942
Exportação;2024;Maio;Equador;97905
Exportação;2024;Maio;Eslováquia;2865956
Exportação;2024;Maio;Eslovênia;17835193
Exportação;2024;Maio;Espanha;1549549768
Exportação;2024;Maio;Estados Unidos;3234894895
Exportação;2024;Maio;Estônia;8667510
Exportação;2024;Maio;Etiópia;2776084
Exportação;2024;Maio;Faroe, Ilhas;8541
Exportação;2024;Maio;Fiji;116033
Exportação;2024;Maio;Filipinas;127761546
Exportação;2024;Maio;Finlândia;25172984
Exportação;2024;Maio;França;269742985
Exportação;2024;Maio;Gabão;4279559
Exportação;2024;Maio;Gana;41823265
Exportação;2024;Maio;Geórgia;46958387
Exportação;2024;Maio;Gibraltar;531244
Exportação;2024;Maio;Granada;1363165
Exportação;2024;Maio;Grécia;50207387
Exportação;2024;Maio;Guadalupe;1932630
Exportação;2024;Maio;Guam;40344
Exportação;2024;Maio;Guatemala;32053466
Exportação;2024;Maio;Guiana;53074753
Exportação;2024;Maio;Guiana Francesa;718196
Exportação;2024;Maio;Guiné;16928729
Exportação;2024;Maio;Guiné Equatorial;2822641
Exportação;2024;Maio;Guiné-Bissau;531800
Exportação;2024;Maio;Gâmbia;6892951
Exportação;2024;Maio;Haiti;2145246
Exportação;2024;Maio;Honduras;15902217
Exportação;2024;Maio;Hong Kong;141345571
Exportação;2024;Maio;Hungria;4513302
Exportação;2024;Maio;Ilha de Man;9240
Exportação;2024;Maio;Indonésia;231204856
Exportação;2024;Maio;Iraque;69788209
Exportação;2024;Maio;Irlanda;8343570
Exportação;2024;Maio;Irã;140426316
Exportação;2024;Maio;Islândia;61162
Exportação;2024;Maio;Israel;23411366
Exportação;2024;Maio;Itália;455657263
Exportação;2024;Maio;Iêmen;14068551
Exportação;2024;Maio;Jamaica;6969606
Exportação;2024;Maio;Japão;455436172
Exportação;2024;Maio;Jordânia;35193540
Exportação;2024;Maio;Laos;1725886
Exportação;2024;Maio;Letônia;15952757
Exportação;2024;Maio;Libéria;42615105
Exportação;2024;Maio;Liechtenstein;146630
Exportação;2024;Maio;Lituânia;2470843
Exportação;2024;Maio;Luxemburgo;4760067
Exportação;2024;Maio;Líbano;35238551
Exportação;2024;Maio;Líbia;55328823
Exportação;2024;Maio;Macedônia;1656472
Exportação;2024;Maio;Madagascar;3820206
Exportação;2024;Maio;Malavi;176141
Exportação;2024;Maio;Maldivas;1794144
Exportação;2024;Maio;Mali;306
Exportação;2024;Maio;Malta;12941212
Exportação;2024;Maio;Malásia;383424854
Exportação;2024;Maio;Marianas do Norte, Ilhas;63191
Exportação;2024;Maio;Marrocos;61710753
Exportação;2024;Maio;Marshall, Ilhas;29835326
Exportação;2024;Maio;Martinica;721230
Exportação;2024;Maio;Mauritânia;14481743
Exportação;2024;Maio;Maurício;2275696
Exportação;2024;Maio;Mayotte;107563
Exportação;2024;Maio;Mianmar;3979734
Exportação;2024;Maio;Micronésia;1469
Exportação;2024;Maio;Moldávia;90779
Exportação;2024;Maio;Mongólia;617380
Exportação;2024;Maio;Montenegro;933930
Exportação;2024;Maio;Moçambique;3548940
Exportação;2024;Maio;México;695948587
Exportação;2024;Maio;Mônaco;149693
Exportação;2024;Maio;Namíbia;292274
Exportação;2024;Maio;Nauru;6031
Exportação;2024;Maio;Nepal;250486
Exportação;2024;Maio;Nicarágua;5426125
Exportação;2024;Maio;Nigéria;74674154
Exportação;2024;Maio;Norfolk, Ilha;34471
Exportação;2024;Maio;Noruega;121707567
Exportação;2024;Maio;Nova Caledônia;745682
Exportação;2024;Maio;Nova Zelândia;6378807
Exportação;2024;Maio;Níger;194540
Exportação;2024;Maio;Omã;126753465
Exportação;2024;Maio;Pacífico, Ilhas do (EUA);43344
Exportação;2024;Maio;Palau;2442
Exportação;2024;Maio;Palestina;2529295
Exportação;2024;Maio;Panamá;78810528
Exportação;2024;Maio;Papua Nova Guiné;590002
Exportação;2024;Maio;Paquistão;68065306
Exportação;2024;Maio;Paraguai;285595631
Exportação;2024;Maio;Países Baixos (Holanda);1000875129
Exportação;2024;Maio;Peru;241020049
Exportação;2024;Maio;Pitcairn;14310
Exportação;2024;Maio;Polinésia Francesa;1125411
Exportação;2024;Maio;Polônia;112920491
Exportação;2024;Maio;Porto Rico;35067487
Exportação;2024;Maio;Portugal;391991655
Exportação;2024;Maio;Quênia;6146676
Exportação;2024;Maio;Reino Unido;267467940
Exportação;2024;Maio;República Centro-Africana;78982
Exportação;2024;Maio;República Dominicana;65412919
Exportação;2024;Maio;Reunião;211917
Exportação;2024;Maio;Romênia;23330868
Exportação;2024;Maio;Ruanda;96820
Exportação;2024;Maio;Rússia;149498065
Exportação;2024;Maio;Samoa;374781
Exportação;2024;Maio;Samoa Americana;63681
Exportação;2024;Maio;San Marino;7630
Exportação;2024;Maio;Santa Lúcia;215077
Exportação;2024;Maio;Seicheles;871354
Exportação;2024;Maio;Senegal;20212884
Exportação;2024;Maio;Serra Leoa;3049809
Exportação;2024;Maio;Singapura;546961800
Exportação;2024;Maio;Sint Maarten;910498
Exportação;2024;Maio;Somália;865573
Exportação;2024;Maio;Sri Lanka;1733968
Exportação;2024;Maio;Suazilândia;45360
Exportação;2024;Maio;Sudão;327952
Exportação;2024;Maio;Suriname;3586309
Exportação;2024;Maio;Suécia;52153100
Exportação;2024;Maio;Suíça;112409542
Exportação;2024;Maio;São Bartolomeu;23589
Exportação;2024;Maio;São Cristóvão e Névis;264565
Exportação;2024;Maio;São Martinho, Ilha de (parte francesa);4610
Exportação;2024;Maio;São Tomé e Príncipe;440350
Exportação;2024;Maio;São Vicente e Granadinas;173771
Exportação;2024;Maio;Sérvia;4246350
Exportação;2024;Maio;Síria;4931199
Exportação;2024;Maio;Tadjiquistão;27450
Exportação;2024;Maio;Tailândia;309531656
Exportação;2024;Maio;Taiwan (Formosa);171638760
Exportação;2024;Maio;Tanzânia;3982523
Exportação;2024;Maio;Tcheca, República;3541036
Exportação;2024;Maio;Terras Austrais Francesas;52869
Exportação;2024;Maio;Timor Leste;682992
Exportação;2024;Maio;Togo;11584104
Exportação;2024;Maio;Tonga;27971
Exportação;2024;Maio;Trinidad e Tobago;40073425
Exportação;2024;Maio;Tunísia;21771532
Exportação;2024;Maio;Turcas e Caicos, Ilhas;183508
Exportação;2024;Maio;Turcomenistão;633605
Exportação;2024;Maio;Turquia;516522449
Exportação;2024;Maio;Ucrânia;2702828
Exportação;2024;Maio;Uganda;649784
Exportação;2024;Maio;Uruguai;204894688
Exportação;2024;Maio;Uzbequistão;28156657
Exportação;2024;Maio;Vanuatu;215540
Exportação;2024;Maio;Venezuela;93477003
Exportação;2024;Maio;Vietnã;246578213
Exportação;2024;Maio;Virgens, Ilhas (Americanas);36549773
Exportação;2024;Maio;Virgens, Ilhas (Britânicas);1650
Exportação;2024;Maio;Zimbábue;527711
Exportação;2024;Maio;Zâmbia;1049537
Exportação;2024;Maio;África do Sul;118899616
Exportação;2024;Maio;Áustria;7412507
Exportação;2024;Maio;Índia;260083144
Exportação;2024;Junho;Afeganistão;261408
Exportação;2024;Junho;Albânia;8454434
Exportação;2024;Junho;Alemanha;565596540
Exportação;2024;Junho;Andorra;34280
Exportação;2024;Junho;Angola;48284055
Exportação;2024;Junho;Anguilla;9136
Exportação;2024;Junho;Antígua e Barbuda;3390873
Exportação;2024;Junho;Argentina;947767784
Exportação;2024;Junho;Argélia;156491269
Exportação;2024;Junho;Armênia;1560365
Exportação;2024;Junho;Aruba;3198321
Exportação;2024;Junho;Arábia Saudita;284422582
Exportação;2024;Junho;Austrália;45097316
Exportação;2024;Junho;Azerbaijão;1425358
Exportação;2024;Junho;Bahamas;9477070
Exportação;2024;Junho;Bangladesh;177853354
Exportação;2024;Junho;Barbados;2835636
Exportação;2024;Junho;Barein;61080623
Exportação;2024;Junho;Belarus;698981
Exportação;2024;Junho;Belize;417333
Exportação;2024;Junho;Benin;11784909
Exportação;2024;Junho;Bermudas;570298
Exportação;2024;Junho;Bolívia;111689250
Exportação;2024;Junho;Bonaire, Saint Eustatius e Saba;590474
Exportação;2024;Junho;Botsuana;41215
Exportação;2024;Junho;Brasil;3595039
Exportação;2024;Junho;Brunei;1435099
Exportação;2024;Junho;Bulgária;2716
Exportação;2024;Junho;Burkina Faso;41556
Exportação;2024;Junho;Butão;292083
Exportação;2024;Junho;Bélgica;325358533
Exportação;2024;Junho;Bósnia-Herzegovina;249523
Exportação;2024;Junho;Cabo Verde;3551384
Exportação;2024;Junho;Camarões;18431436
Exportação;2024;Junho;Camboja;2079666
Exportação;2024;Junho;Canadá;502230671
Exportação;2024;Junho;Catar;25537279
Exportação;2024;Junho;Cayman, Ilhas;177639
Exportação;2024;Junho;Cazaquistão;2730293
Exportação;2024;Junho;Chade;664648
Exportação;2024;Junho;Chile;555687087
Exportação;2024;Junho;China;9591397610
Exportação;2024;Junho;Chipre;6609284
Exportação;2024;Junho;Colômbia;244585586
Exportação;2024;Junho;Comores;1127498
Exportação;2024;Junho;Congo;6350454
Exportação;2024;Junho;Congo, República Democrática;11061412
Exportação;2024;Junho;Cook, Ilhas;812326
Exportação;2024;Junho;Coreia do Sul;239910048
Exportação;2024;Junho;Costa Rica;38647
Exportação;2024;Junho;Costa do Marfim;23887031
Exportação;2024;Junho;Coveite (Kuweit);21518375
Exportação;2024;Junho;Croácia;73806
Exportação;2024;Junho;Cuba;20668292
Exportação;2024;Junho;Curaçao;4877347
Exportação;2024;Junho;Dinamarca;14560808
Exportação;2024;Junho;Djibuti;5780795
Exportação;2024;Junho;Dominica;368304
Exportação;2024;Junho;Egito;336831373
Exportação;2024;Junho;El Salvador;18053042
Exportação;2024;Junho;Emirados Árabes Unidos;347706079
Exportação;2024;Junho;Equador;65669788
Exportação;2024;Junho;Eslováquia;2026119
Exportação;2024;Junho;Eslovênia;41326315
Exportação;2024;Junho;Espanha;660748479
Exportação;2024;Junho;Estados Unidos;3283767047
Exportação;2024;Junho;Estônia;9810356
Exportação;2024;Junho;Etiópia;1863786
Exportação;2024;Junho;Falkland (Malvinas);2932
Exportação;2024;Junho;Faroe, Ilhas;24
Exportação;2024;Junho;Filipinas;127974616
Exportação;2024;Junho;Finlândia;12704450
Exportação;2024;Junho;França;232456391
Exportação;2024;Junho;Gabão;5349862
Exportação;2024;Junho;Gana;22163735
Exportação;2024;Junho;Geórgia;57161119
Exportação;2024;Junho;Gibraltar;269463
Exportação;2024;Junho;Granada;1031267
Exportação;2024;Junho;Grécia;27240
Exportação;2024;Junho;Guadalupe;426534
Exportação;2024;Junho;Guam;95683
Exportação;2024;Junho;Guatemala;40218812
Exportação;2024;Junho;Guernsey;3000
Exportação;2024;Junho;Guiana;20942772
Exportação;2024;Junho;Guiana Francesa;279236
Exportação;2024;Junho;Guiné;21743073
Exportação;2024;Junho;Guiné Equatorial;2275483
Exportação;2024;Junho;Guiné-Bissau;574925
Exportação;2024;Junho;Gâmbia;4378473
Exportação;2024;Junho;Haiti;4962494
Exportação;2024;Junho;Honduras;19562706
Exportação;2024;Junho;Hong Kong;131582644
Exportação;2024;Junho;Hungria;2792686
Exportação;2024;Junho;Ilha de Man;1273086
Exportação;2024;Junho;Indonésia;448974771
Exportação;2024;Junho;Iraque;136710829
Exportação;2024;Junho;Irlanda;13861500
Exportação;2024;Junho;Irã;275796927
Exportação;2024;Junho;Islândia;48808919
Exportação;2024;Junho;Israel;13799
Exportação;2024;Junho;Itália;378175526
Exportação;2024;Junho;Iêmen;23940504
Exportação;2024;Junho;Jamaica;72079282
Exportação;2024;Junho;Japão;392292809
Exportação;2024;Junho;Jersey;25
Exportação;2024;Junho;Jordânia;30444667
Exportação;2024;Junho;Laos;1823724
Exportação;2024;Junho;Letônia;2335277
Exportação;2024;Junho;Libéria;40889
Exportação;2024;Junho;Liechtenstein;988449
Exportação;2024;Junho;Lituânia;2469339
Exportação;2024;Junho;Luxemburgo;3278377
Exportação;2024;Junho;Líbano;44021365
Exportação;2024;Junho;Líbia;70888978
Exportação;2024;Junho;Macau;231
Exportação;2024;Junho;Macedônia;1064405
Exportação;2024;Junho;Madagascar;2448410
Exportação;2024;Junho;Malavi;153383
Exportação;2024;Junho;Maldivas;2456049
Exportação;2024;Junho;Mali;215473
Exportação;2024;Junho;Malta;10088739
Exportação;2024;Junho;Malásia;344321533
Exportação;2024;Junho;Marianas do Norte, Ilhas;5824
Exportação;2024;Junho;Marrocos;602457
Exportação;2024;Junho;Marshall, Ilhas;30331520
Exportação;2024;Junho;Martinica;462213
Exportação;2024;Junho;Mauritânia;38804530
Exportação;2024;Junho;Maurício;15212548
Exportação;2024;Junho;Mayotte;338285
Exportação;2024;Junho;Mianmar;2808864
Exportação;2024;Junho;Micronésia;1053
Exportação;2024;Junho;Moldávia;77102
Exportação;2024;Junho;Mongólia;348795
Exportação;2024;Junho;Montenegro;18334
Exportação;2024;Junho;Montserrat;41048
Exportação;2024;Junho;Moçambique;3705391
Exportação;2024;Junho;México;588038125
Exportação;2024;Junho;Mônaco;2750
Exportação;2024;Junho;Namíbia;473282
Exportação;2024;Junho;Nepal;491883
Exportação;2024;Junho;Nicarágua;6868517
Exportação;2024;Junho;Nigéria;47460560
Exportação;2024;Junho;Norfolk, Ilha;166400
Exportação;2024;Junho;Noruega;133488788
Exportação;2024;Junho;Nova Caledônia;882120
Exportação;2024;Junho;Nova Zelândia;9069883
Exportação;2024;Junho;Níger;311554
Exportação;2024;Junho;Omã;80649768
Exportação;2024;Junho;Pacífico, Ilhas do (EUA);988
Exportação;2024;Junho;Palau;175243
Exportação;2024;Junho;Palestina;2047613
Exportação;2024;Junho;Panamá;84037172
Exportação;2024;Junho;Papua Nova Guiné;125984
Exportação;2024;Junho;Paquistão;46929112
Exportação;2024;Junho;Paraguai;370811
Exportação;2024;Junho;Países Baixos (Holanda);1058267330
Exportação;2024;Junho;Peru;200955703
Exportação;2024;Junho;Pitcairn;5343
Exportação;2024;Junho;Polinésia Francesa;336373
Exportação;2024;Junho;Polônia;127994522
Exportação;2024;Junho;Porto Rico;13555982
Exportação;2024;Junho;Portugal;389935236
Exportação;2024;Junho;Quirguistão;12976
Exportação;2024;Junho;Quênia;5814883
Exportação;2024;Junho;Reino Unido;233086935
Exportação;2024;Junho;República Centro-Africana;48253
Exportação;2024;Junho;República Dominicana;95908
Exportação;2024;Junho;Reunião;377381
Exportação;2024;Junho;Romênia;7484447
Exportação;2024;Junho;Ruanda;26587
Exportação;2024;Junho;Rússia;123164
Exportação;2024;Junho;Salomão, Ilhas;32848
Exportação;2024;Junho;Samoa;202339
Exportação;2024;Junho;Samoa Americana;40516
Exportação;2024;Junho;Santa Lúcia;182
Exportação;2024;Junho;Seicheles;1515755
Exportação;2024;Junho;Senegal;35715855
Exportação;2024;Junho;Serra Leoa;2712366
Exportação;2024;Junho;Singapura;551881819
Exportação;2024;Junho;Sint Maarten;1074691
Exportação;2024;Junho;Somália;7311621
Exportação;2024;Junho;Sri Lanka;5318139
Exportação;2024;Junho;Suazilândia;151298
Exportação;2024;Junho;Sudão;215432
Exportação;2024;Junho;Suriname;7074032
Exportação;2024;Junho;Suécia;103977652
Exportação;2024;Junho;Suíça;88643585
Exportação;2024;Junho;Svalbard e Jan Mayen;5393
Exportação;2024;Junho;São Bartolomeu;189079
Exportação;2024;Junho;São Cristóvão e Névis;322577
Exportação;2024;Junho;São Martinho, Ilha de (parte francesa);546
Exportação;2024;Junho;São Tomé e Príncipe;175229
Exportação;2024;Junho;São Vicente e Granadinas;116356
Exportação;2024;Junho;Sérvia;3818607
Exportação;2024;Junho;Síria;13303088
Exportação;2024;Junho;Tadjiquistão;51377
Exportação;2024;Junho;Tailândia;341664630
Exportação;2024;Junho;Taiwan (Formosa);133673687
Exportação;2024;Junho;Tanzânia;3122923
Exportação;2024;Junho;Tcheca, República;2851052
Exportação;2024;Junho;Timor Leste;2272605
Exportação;2024;Junho;Togo;38930
Exportação;2024;Junho;Tonga;456053
Exportação;2024;Junho;Toquelau;30645
Exportação;2024;Junho;Trinidad e Tobago;32937955
Exportação;2024;Junho;Tunísia;21305157
Exportação;2024;Junho;Turcas e Caicos, Ilhas;190
Exportação;2024;Junho;Turcomenistão;495070
Exportação;2024;Junho;Turquia;460455600
Exportação;2024;Junho;Ucrânia;4142706
Exportação;2024;Junho;Uganda;816210
Exportação;2024;Junho;Uruguai;226194
Exportação;2024;Junho;Uzbequistão;8953425
Exportação;2024;Junho;Vanuatu;92008
Exportação;2024;Junho;Venezuela;83094179
Exportação;2024;Junho;Vietnã;253660241
Exportação;2024;Junho;Virgens, Ilhas (Americanas);91578247
Exportação;2024;Junho;Virgens, Ilhas (Britânicas);386043
Exportação;2024;Junho;Zimbábue;450505
Exportação;2024;Junho;Zâmbia;914851
Exportação;2024;Junho;África do Sul;135402240
Exportação;2024;Junho;Áustria;9614616
Exportação;2024;Junho;Índia;367818752
Exportação;2024;Julho;Afeganistão;241759
Exportação;2024;Julho;Albânia;7568032
Exportação;2024;Julho;Alemanha;330935696
Exportação;2024;Julho;Angola;46589372
Exportação;2024;Julho;Anguilla;177650
Exportação;2024;Julho;Antígua e Barbuda;2235928
Exportação;2024;Julho;Argentina;1166838408
Exportação;2024;Julho;Argélia;243863570
Exportação;2024;Julho;Armênia;4917334
Exportação;2024;Julho;Aruba;4659655
Exportação;2024;Julho;Arábia Saudita;215658140
Exportação;2024;Julho;Austrália;56072025
Exportação;2024;Julho;Azerbaijão;1783
Exportação;2024;Julho;Bahamas;14879795
Exportação;2024;Julho;Bangladesh;127114791
Exportação;2024;Julho;Barbados;1836637
Exportação;2024;Julho;Barein;77530096
Exportação;2024;Julho;Belarus;487813
Exportação;2024;Julho;Belize;1772496
Exportação;2024;Julho;Benin;58237
Exportação;2024;Julho;Bermudas;1738468
Exportação;2024;Julho;Bolívia;122428908
Exportação;2024;Julho;Bonaire, Saint Eustatius e Saba;373
Exportação;2024;Julho;Botsuana;79867
Exportação;2024;Julho;Brasil;27787197
Exportação;2024;Julho;Brunei;306068
Exportação;2024;Julho;Bulgária;108271527
Exportação;2024;Julho;Burkina Faso;186506
Exportação;2024;Julho;Burundi;4051
Exportação;2024;Julho;Butão;206113
Exportação;2024;Julho;Bélgica;287830765
Exportação;2024;Julho;Bósnia-Herzegovina;109583
Exportação;2024;Julho;Cabo Verde;3579189
Exportação;2024;Julho;Camarões;21690998
Exportação;2024;Julho;Camboja;1812
Exportação;2024;Julho;Canadá;602150530
Exportação;2024;Julho;Catar;50315816
Exportação;2024;Julho;Cayman, Ilhas;991697
Exportação;2024;Julho;Cazaquistão;1819950
Exportação;2024;Julho;Chade;4026
Exportação;2024;Julho;Chile;602094697
Exportação;2024;Julho;China;12597056
Exportação;2024;Julho;Chipre;6178329
Exportação;2024;Julho;Colômbia;283274372
Exportação;2024;Julho;Comores;1946
Exportação;2024;Julho;Congo;5285066
Exportação;2024;Julho;Congo, República Democrática;14032085
Exportação;2024;Julho;Cook, Ilhas;287294
Exportação;2024;Julho;Coreia do Sul;397187003
Exportação;2024;Julho;Costa Rica;25868474
Exportação;2024;Julho;Costa do Marfim;20894837
Exportação;2024;Julho;Coveite (Kuweit);35430
Exportação;2024;Julho;Croácia;15275599
Exportação;2024;Julho;Cuba;23259900
Exportação;2024;Julho;Curaçao;5092974
Exportação;2024;Julho;Dinamarca;85084
Exportação;2024;Julho;Djibuti;3600094
Exportação;2024;Julho;Dominica;378005
Exportação;2024;Julho;Egito;294943814
Exportação;2024;Julho;El Salvador;17452677
Exportação;2024;Julho;Emirados Árabes Unidos;382195910
Exportação;2024;Julho;Equador;77915728
Exportação;2024;Julho;Eritreia;20646
Exportação;2024;Julho;Eslováquia;2296
Exportação;2024;Julho;Eslovênia;40485914
Exportação;2024;Julho;Espanha;868009348
Exportação;2024;Julho;Estados Unidos;3574038922
Exportação;2024;Julho;Estônia;6751222
Exportação;2024;Julho;Etiópia;2223169
Exportação;2024;Julho;Faroe, Ilhas;1637
Exportação;2024;Julho;Fiji;59377
Exportação;2024;Julho;Filipinas;250055220
Exportação;2024;Julho;Finlândia;38275307
Exportação;2024;Julho;França;224745506
Exportação;2024;Julho;Gabão;13087853
Exportação;2024;Julho;Gana;22429475
Exportação;2024;Julho;Geórgia;51700593
Exportação;2024;Julho;Gibraltar;331096
Exportação;2024;Julho;Granada;980454
Exportação;2024;Julho;Grécia;35464039
Exportação;2024;Julho;Guadalupe;462591
Exportação;2024;Julho;Guam;72
Exportação;2024;Julho;Guatemala;75557406
Exportação;2024;Julho;Guiana;21703416
Exportação;2024;Julho;Guiana Francesa;722226
Exportação;2024;Julho;Guiné;18085941
Exportação;2024;Julho;Guiné Equatorial;3153530
Exportação;2024;Julho;Guiné-Bissau;214799
Exportação;2024;Julho;Gâmbia;3480737
Exportação;2024;Julho;Haiti;6697
Exportação;2024;Julho;Heard e ilhas mcdonald, Ilha;20
Exportação;2024;Julho;Honduras;16649730
Exportação;2024;Julho;Hong Kong;147149
Exportação;2024;Julho;Hungria;3532103
Exportação;2024;Julho;Ilha de Man;6116564
Exportação;2024;Julho;Indonésia;349029
Exportação;2024;Julho;Iraque;176839108
Exportação;2024;Julho;Irlanda;53209587
Exportação;2024;Julho;Irã;274167882
Exportação;2024;Julho;Islândia;17940230
Exportação;2024;Julho;Israel;32611305
Exportação;2024;Julho;Itália;526781297
Exportação;2024;Julho;Iêmen;16307711
Exportação;2024;Julho;Jamaica;9975
Exportação;2024;Julho;Japão;465850335
Exportação;2024;Julho;Jordânia;49358581
Exportação;2024;Julho;Laos;2845037
Exportação;2024;Julho;Lesoto;4125
Exportação;2024;Julho;Letônia;4975659
Exportação;2024;Julho;Libéria;50603606
Exportação;2024;Julho;Liechtenstein;2636310
Exportação;2024;Julho;Lituânia;1641185
Exportação;2024;Julho;Luxemburgo;3150706
Exportação;2024;Julho;Líbano;36182621
Exportação;2024;Julho;Líbia;35896109
Exportação;2024;Julho;Macedônia;881752
Exportação;2024;Julho;Madagascar;5228
Exportação;2024;Julho;Malavi;90213
Exportação;2024;Julho;Maldivas;2874
Exportação;2024;Julho;Mali;236033
Exportação;2024;Julho;Malta;13640786
Exportação;2024;Julho;Malásia;241053125
Exportação;2024;Julho;Marianas do Norte, Ilhas;139638
Exportação;2024;Julho;Marrocos;139931578
Exportação;2024;Julho;Marshall, Ilhas;27331621
Exportação;2024;Julho;Martinica;990446
Exportação;2024;Julho;Mauritânia;30353230
Exportação;2024;Julho;Maurício;1862409
Exportação;2024;Julho;Mayotte;352179
Exportação;2024;Julho;Mianmar;2252150
Exportação;2024;Julho;Micronésia;1055
Exportação;2024;Julho;Moldávia;90732
Exportação;2024;Julho;Mongólia;115188
Exportação;2024;Julho;Montenegro;1758904
Exportação;2024;Julho;Moçambique;3331804
Exportação;2024;Julho;México;621150499
Exportação;2024;Julho;Namíbia;1346423
Exportação;2024;Julho;Nepal;604187
Exportação;2024;Julho;Nicarágua;12455969
Exportação;2024;Julho;Nigéria;115221498
Exportação;2024;Julho;Noruega;114616252
Exportação;2024;Julho;Nova Caledônia;831603
Exportação;2024;Julho;Nova Zelândia;6551050
Exportação;2024;Julho;Níger;45343
Exportação;2024;Julho;Omã;138589105
Exportação;2024;Julho;Pacífico, Ilhas do (EUA);532849
Exportação;2024;Julho;Palau;17588
Exportação;2024;Julho;Palestina;1511966
Exportação;2024;Julho;Panamá;59912186
Exportação;2024;Julho;Papua Nova Guiné;236638
Exportação;2024;Julho;Paquistão;61571260
Exportação;2024;Julho;Paraguai;357103332
Exportação;2024;Julho;Países Baixos (Holanda);1075511169
Exportação;2024;Julho;Peru;222670477
Exportação;2024;Julho;Pitcairn;4849
Exportação;2024;Julho;Polinésia Francesa;1353833
Exportação;2024;Julho;Polônia;58868678
Exportação;2024;Julho;Porto Rico;22408884
Exportação;2024;Julho;Portugal;316265
Exportação;2024;Julho;Quirguistão;9909
Exportação;2024;Julho;Quênia;6641026
Exportação;2024;Julho;Reino Unido;228240667
Exportação;2024;Julho;República Centro-Africana;191361
Exportação;2024;Julho;República Dominicana;96386586
Exportação;2024;Julho;Reunião;764078
Exportação;2024;Julho;Romênia;10574365
Exportação;2024;Julho;Ruanda;518378
Exportação;2024;Julho;Rússia;148572316
Exportação;2024;Julho;Saara Ocidental;8566
Exportação;2024;Julho;Samoa;152234
Exportação;2024;Julho;San Marino;17146
Exportação;2024;Julho;Santa Lúcia;304337
Exportação;2024;Julho;Seicheles;1762003
Exportação;2024;Julho;Senegal;27963228
Exportação;2024;Julho;Serra Leoa;19440391
Exportação;2024;Julho;Singapura;717557126
Exportação;2024;Julho;Sint Maarten;861523
Exportação;2024;Julho;Somália;35422
Exportação;2024;Julho;Sri Lanka;3257858
Exportação;2024;Julho;Suazilândia;581
Exportação;2024;Julho;Sudão;336079
Exportação;2024;Julho;Sudão do Sul;46770
Exportação;2024;Julho;Suriname;4100641
Exportação;2024;Julho;Suécia;29405874
Exportação;2024;Julho;Suíça;95213486
Exportação;2024;Julho;São Bartolomeu;268639
Exportação;2024;Julho;São Cristóvão e Névis;564680
Exportação;2024;Julho;São Martinho, Ilha de (parte francesa);146120
Exportação;2024;Julho;São Tomé e Príncipe;1339572
Exportação;2024;Julho;São Vicente e Granadinas;437591
Exportação;2024;Julho;Sérvia;5189779
Exportação;2024;Julho;Síria;5715994
Exportação;2024;Julho;Tailândia;250561730
Exportação;2024;Julho;Taiwan (Formosa);156856173
Exportação;2024;Julho;Tanzânia;4006896
Exportação;2024;Julho;Tcheca, República;3215579
Exportação;2024;Julho;Terras Austrais Francesas;65720
Exportação;2024;Julho;Timor Leste;2073061
Exportação;2024;Julho;Togo;42770732
Exportação;2024;Julho;Tonga;295603
Exportação;2024;Julho;Trinidad e Tobago;19303117
Exportação;2024;Julho;Tunísia;34361106
Exportação;2024;Julho;Turcas e Caicos, Ilhas;215573
Exportação;2024;Julho;Turcomenistão;206283
Exportação;2024;Julho;Turquia;381087724
Exportação;2024;Julho;Ucrânia;2916906
Exportação;2024;Julho;Uganda;807580
Exportação;2024;Julho;Uruguai;262165449
Exportação;2024;Julho;Uzbequistão;21311726
Exportação;2024;Julho;Vanuatu;79734
Exportação;2024;Julho;Venezuela;138040259
Exportação;2024;Julho;Vietnã;334771761
Exportação;2024;Julho;Virgens, Ilhas (Americanas);94591
Exportação;2024;Julho;Virgens, Ilhas (Britânicas);2076526
Exportação;2024;Julho;Wallis e Futuna, Ilhas;1399
Exportação;2024;Julho;Zimbábue;462129
Exportação;2024;Julho;Zâmbia;242067
Exportação;2024;Julho;África do Sul;125784341
Exportação;2024;Julho;Áustria;5864777
Exportação;2024;Julho;Índia;398172296
Exportação;2024;Agosto;Afeganistão;450937
Exportação;2024;Agosto;Albânia;7111282
Exportação;2024;Agosto;Alemanha;421218463
Exportação;2024;Agosto;Andorra;7751
Exportação;2024;Agosto;Angola;39448135
Exportação;2024;Agosto;Anguilla;91062
Exportação;2024;Agosto;Antígua e Barbuda;2422892
Exportação;2024;Agosto;Argentina;1170069904
Exportação;2024;Agosto;Argélia;239530610
Exportação;2024;Agosto;Armênia;3124433
Exportação;2024;Agosto;Aruba;2074561
Exportação;2024;Agosto;Arábia Saudita;314059496
Exportação;2024;Agosto;Austrália;49133664
Exportação;2024;Agosto;Azerbaijão;2760686
Exportação;2024;Agosto;Bahamas;11616302
Exportação;2024;Agosto;Bangladesh;248672484
Exportação;2024;Agosto;Barbados;1973257
Exportação;2024;Agosto;Barein;81113
Exportação;2024;Agosto;Belarus;445712
Exportação;2024;Agosto;Belize;442973
Exportação;2024;Agosto;Benin;17833177
Exportação;2024;Agosto;Bermudas;1114176
Exportação;2024;Agosto;Bolívia;103282439
Exportação;2024;Agosto;Bonaire, Saint Eustatius e Saba;208067
Exportação;2024;Agosto;Botsuana;66273
Exportação;2024;Agosto;Brasil;75181527
Exportação;2024;Agosto;Brunei;2897
Exportação;2024;Agosto;Bulgária;27893784
Exportação;2024;Agosto;Burkina Faso;29625
Exportação;2024;Agosto;Bélgica;488427641
Exportação;2024;Agosto;Bósnia-Herzegovina;86349
Exportação;2024;Agosto;Cabo Verde;3625846
Exportação;2024;Agosto;Camarões;21621064
Exportação;2024;Agosto;Camboja;1545545
Exportação;2024;Agosto;Canadá;545688983
Exportação;2024;Agosto;Catar;32589981
Exportação;2024;Agosto;Cayman, Ilhas;35890
Exportação;2024;Agosto;Cazaquistão;19706
Exportação;2024;Agosto;Chade;413399
Exportação;2024;Agosto;Chile;679637328
Exportação;2024;Agosto;China;7245699638
Exportação;2024;Agosto;Chipre;7340378
Exportação;2024;Agosto;Colômbia;237545333
Exportação;2024;Agosto;Comores;657429
Exportação;2024;Agosto;Congo;11511693
Exportação;2024;Agosto;Congo, República Democrática;7531128
Exportação;2024;Agosto;Coreia do Sul;530063519
Exportação;2024;Agosto;Costa Rica;60587543
Exportação;2024;Agosto;Costa do Marfim;11286614
Exportação;2024;Agosto;Coveite (Kuweit);120393726
Exportação;2024;Agosto;Croácia;3971619
Exportação;2024;Agosto;Cuba;9522567
Exportação;2024;Agosto;Curaçao;3821810
Exportação;2024;Agosto;Dinamarca;44347696
Exportação;2024;Agosto;Djibuti;4928977
Exportação;2024;Agosto;Dominica;140474
Exportação;2024;Agosto;Egito;365485133
Exportação;2024;Agosto;El Salvador;17754515
Exportação;2024;Agosto;Emirados Árabes Unidos;428146186
Exportação;2024;Agosto;Equador;87254726
Exportação;2024;Agosto;Eslováquia;2718841
Exportação;2024;Agosto;Eslovênia;41368507
Exportação;2024;Agosto;Espanha;971161515
Exportação;2024;Agosto;Estados Unidos;3390677162
Exportação;2024;Agosto;Estônia;5247
Exportação;2024;Agosto;Etiópia;2766738
Exportação;2024;Agosto;Faroe, Ilhas;4967
Exportação;2024;Agosto;Fiji;60661
Exportação;2024;Agosto;Filipinas;181927492
Exportação;2024;Agosto;Finlândia;40833183
Exportação;2024;Agosto;França;282024760
Exportação;2024;Agosto;Gabão;5209170
Exportação;2024;Agosto;Gana;29587
Exportação;2024;Agosto;Geórgia;29325900
Exportação;2024;Agosto;Gibraltar;239665
Exportação;2024;Agosto;Granada;946110
Exportação;2024;Agosto;Grécia;41190
Exportação;2024;Agosto;Guadalupe;184683
Exportação;2024;Agosto;Guam;29570
Exportação;2024;Agosto;Guatemala;63490752
Exportação;2024;Agosto;Guiana;16904568
Exportação;2024;Agosto;Guiana Francesa;513165
Exportação;2024;Agosto;Guiné;21644746
Exportação;2024;Agosto;Guiné Equatorial;2500769
Exportação;2024;Agosto;Guiné-Bissau;581499
Exportação;2024;Agosto;Gâmbia;26885372
Exportação;2024;Agosto;Haiti;8898663
Exportação;2024;Agosto;Honduras;14196424
Exportação;2024;Agosto;Hong Kong;142946894
Exportação;2024;Agosto;Hungria;2516859
Exportação;2024;Agosto;Ilha de Man;2781878
Exportação;2024;Agosto;Indonésia;325687138
Exportação;2024;Agosto;Iraque;1572928
Exportação;2024;Agosto;Irlanda;9048377
Exportação;2024;Agosto;Irã;149929174
Exportação;2024;Agosto;Islândia;15688847
Exportação;2024;Agosto;Israel;95788821
Exportação;2024;Agosto;Itália;408041458
Exportação;2024;Agosto;Iêmen;44772740
Exportação;2024;Agosto;Jamaica;5187489
Exportação;2024;Agosto;Japão;506835381
Exportação;2024;Agosto;Jordânia;69121475
Exportação;2024;Agosto;Laos;1874696
Exportação;2024;Agosto;Letônia;3548173
Exportação;2024;Agosto;Libéria;49073028
Exportação;2024;Agosto;Liechtenstein;633196
Exportação;2024;Agosto;Lituânia;3761756
Exportação;2024;Agosto;Luxemburgo;2598695
Exportação;2024;Agosto;Líbano;52241725
Exportação;2024;Agosto;Líbia;49167994
Exportação;2024;Agosto;Macau;87228
Exportação;2024;Agosto;Macedônia;692768
Exportação;2024;Agosto;Madagascar;3596726
Exportação;2024;Agosto;Maldivas;2295615
Exportação;2024;Agosto;Mali;27731
Exportação;2024;Agosto;Malta;17409042
Exportação;2024;Agosto;Malásia;364421211
Exportação;2024;Agosto;Marianas do Norte, Ilhas;1797
Exportação;2024;Agosto;Marrocos;152847787
Exportação;2024;Agosto;Marshall, Ilhas;25231
Exportação;2024;Agosto;Martinica;186212
Exportação;2024;Agosto;Mauritânia;32083891
Exportação;2024;Agosto;Maurício;5186648
Exportação;2024;Agosto;Mayotte;796513
Exportação;2024;Agosto;Mianmar;855368
Exportação;2024;Agosto;Moldávia;55671
Exportação;2024;Agosto;Mongólia;1364673
Exportação;2024;Agosto;Montenegro;2823323
Exportação;2024;Agosto;Montserrat;30364
Exportação;2024;Agosto;Moçambique;4546260
Exportação;2024;Agosto;México;549288322
Exportação;2024;Agosto;Mônaco;31516
Exportação;2024;Agosto;Namíbia;982104
Exportação;2024;Agosto;Nepal;336064
Exportação;2024;Agosto;Nicarágua;19131705
Exportação;2024;Agosto;Nigéria;55211448
Exportação;2024;Agosto;Noruega;137128626
Exportação;2024;Agosto;Nova Caledônia;1037
Exportação;2024;Agosto;Nova Zelândia;4136289
Exportação;2024;Agosto;Níger;308588
Exportação;2024;Agosto;Omã;45902789
Exportação;2024;Agosto;Pacífico, Ilhas do (EUA);137732
Exportação;2024;Agosto;Palau;634891
Exportação;2024;Agosto;Palestina;1900698
Exportação;2024;Agosto;Panamá;91741944
Exportação;2024;Agosto;Papua Nova Guiné;737461
Exportação;2024;Agosto;Paquistão;47662507
Exportação;2024;Agosto;Paraguai;342793998
Exportação;2024;Agosto;Países Baixos (Holanda);931317743
Exportação;2024;Agosto;Peru;222319163
Exportação;2024;Agosto;Polinésia Francesa;102445
Exportação;2024;Agosto;Polônia;108687
Exportação;2024;Agosto;Porto Rico;51330
Exportação;2024;Agosto;Portugal;549807146
Exportação;2024;Agosto;Quênia;7433688
Exportação;2024;Agosto;Reino Unido;225545233
Exportação;2024;Agosto;República Centro-Africana;480661
Exportação;2024;Agosto;República Dominicana;106736905
Exportação;2024;Agosto;Reunião;143517
Exportação;2024;Agosto;Romênia;12173252
Exportação;2024;Agosto;Ruanda;1265196
Exportação;2024;Agosto;Rússia;139240383
Exportação;2024;Agosto;Salomão, Ilhas;4361
Exportação;2024;Agosto;Samoa;153535
Exportação;2024;Agosto;Santa Lúcia;135066
Exportação;2024;Agosto;Seicheles;939507
Exportação;2024;Agosto;Senegal;22252046
Exportação;2024;Agosto;Serra Leoa;3131633
Exportação;2024;Agosto;Singapura;1000058741
Exportação;2024;Agosto;Sint Maarten;876228
Exportação;2024;Agosto;Somália;7742603
Exportação;2024;Agosto;Sri Lanka;4534763
Exportação;2024;Agosto;Sudão;124515
Exportação;2024;Agosto;Suriname;2733477
Exportação;2024;Agosto;Suécia;139176443
Exportação;2024;Agosto;Suíça;115125370
Exportação;2024;Agosto;São Bartolomeu;47761
Exportação;2024;Agosto;São Cristóvão e Névis;911469
Exportação;2024;Agosto;São Martinho, Ilha de (parte francesa);43007
Exportação;2024;Agosto;São Tomé e Príncipe;120089
Exportação;2024;Agosto;São Vicente e Granadinas;59175
Exportação;2024;Agosto;Sérvia;3309063
Exportação;2024;Agosto;Síria;15550756
Exportação;2024;Agosto;Tailândia;339413738
Exportação;2024;Agosto;Taiwan (Formosa);162503869
Exportação;2024;Agosto;Tanzânia;2450251
Exportação;2024;Agosto;Tcheca, República;3049055
Exportação;2024;Agosto;Terras Austrais Francesas;144997
Exportação;2024;Agosto;Timor Leste;2179629
Exportação;2024;Agosto;Togo;96315845
Exportação;2024;Agosto;Tonga;293456
Exportação;2024;Agosto;Toquelau;498500
Exportação;2024;Agosto;Trinidad e Tobago;30341800
Exportação;2024;Agosto;Tunísia;35035473
Exportação;2024;Agosto;Turcas e Caicos, Ilhas;59903
Exportação;2024;Agosto;Turcomenistão;751691
Exportação;2024;Agosto;Turquia;251773
Exportação;2024;Agosto;Ucrânia;5873594
Exportação;2024;Agosto;Uganda;1297273
Exportação;2024;Agosto;Uruguai;230626952
Exportação;2024;Agosto;Uzbequistão;5225694
Exportação;2024;Agosto;Vanuatu;84147
Exportação;2024;Agosto;Venezuela;123714267
Exportação;2024;Agosto;Vietnã;303890268
Exportação;2024;Agosto;Virgens, Ilhas (Americanas);56844623
Exportação;2024;Agosto;Virgens, Ilhas (Britânicas);104404
Exportação;2024;Agosto;Zimbábue;408699
Exportação;2024;Agosto;Zâmbia;331031
Exportação;2024;Agosto;África do Sul;95094826
Exportação;2024;Agosto;Áustria;6161775
Exportação;2024;Agosto;Índia;296170750
Exportação;2024;Setembro;Afeganistão;342946
Exportação;2024;Setembro;Albânia;7279413
Exportação;2024;Setembro;Alemanha;615068085
Exportação;2024;Setembro;Andorra;5599
Exportação;2024;Setembro;Angola;34070616
Exportação;2024;Setembro;Antígua e Barbuda;4427504
Exportação;2024;Setembro;Argentina;1452656566
Exportação;2024;Setembro;Argélia;281832563
Exportação;2024;Setembro;Armênia;2343381
Exportação;2024;Setembro;Aruba;4487552
Exportação;2024;Setembro;Arábia Saudita;265298381
Exportação;2024;Setembro;Austrália;52073616
Exportação;2024;Setembro;Azerbaijão;4673564
Exportação;2024;Setembro;Bahamas;11662286
Exportação;2024;Setembro;Bangladesh;116249481
Exportação;2024;Setembro;Barbados;3274050
Exportação;2024;Setembro;Barein;90632174
Exportação;2024;Setembro;Belarus;596728
Exportação;2024;Setembro;Belize;2717832
Exportação;2024;Setembro;Benin;6141740
Exportação;2024;Setembro;Bermudas;1651410
Exportação;2024;Setembro;Bolívia;107082858
Exportação;2024;Setembro;Bonaire, Saint Eustatius e Saba;619832
Exportação;2024;Setembro;Botsuana;175081
Exportação;2024;Setembro;Brasil;139297748
Exportação;2024;Setembro;Brunei;26318
Exportação;2024;Setembro;Bulgária;2577856
Exportação;2024;Setembro;Burkina Faso;13170
Exportação;2024;Setembro;Butão;299198
Exportação;2024;Setembro;Bélgica;316950263
Exportação;2024;Setembro;Bósnia-Herzegovina;141028
Exportação;2024;Setembro;Cabo Verde;4331
Exportação;2024;Setembro;Camarões;31065
Exportação;2024;Setembro;Camboja;2038111
Exportação;2024;Setembro;Canadá;565094193
Exportação;2024;Setembro;Catar;53490377
Exportação;2024;Setembro;Cayman, Ilhas;329861
Exportação;2024;Setembro;Cazaquistão;2216817
Exportação;2024;Setembro;Chade;355890
Exportação;2024;Setembro;Chile;462687971
Exportação;2024;Setembro;China;7432494576
Exportação;2024;Setembro;Chipre;6994587
Exportação;2024;Setembro;Colômbia;277958628
Exportação;2024;Setembro;Comores;674150
Exportação;2024;Setembro;Congo;5429536
Exportação;2024;Setembro;Congo, República Democrática;12868072
Exportação;2024;Setembro;Cook, Ilhas;16394
Exportação;2024;Setembro;Coreia do Sul;734245919
Exportação;2024;Setembro;Costa Rica;43890327
Exportação;2024;Setembro;Costa do Marfim;12486257
Exportação;2024;Setembro;Coveite (Kuweit);31282593
Exportação;2024;Setembro;Croácia;8739705
Exportação;2024;Setembro;Cuba;18996
Exportação;2024;Setembro;Curaçao;3772868
Exportação;2024;Setembro;Dinamarca;31226690
Exportação;2024;Setembro;Djibuti;4847138
Exportação;2024;Setembro;Dominica;235290
Exportação;2024;Setembro;Egito;473746174
Exportação;2024;Setembro;El Salvador;17287511
Exportação;2024;Setembro;Emirados Árabes Unidos;341399512
Exportação;2024;Setembro;Equador;74149033
Exportação;2024;Setembro;Eritreia;20670
Exportação;2024;Setembro;Eslováquia;1777619
Exportação;2024;Setembro;Eslovênia;58997422
Exportação;2024;Setembro;Espanha;638681030
Exportação;2024;Setembro;Estados Unidos;3231209094
Exportação;2024;Setembro;Estônia;9926710
Exportação;2024;Setembro;Etiópia;2559
Exportação;2024;Setembro;Faroe, Ilhas;26640
Exportação;2024;Setembro;Fiji;78908
Exportação;2024;Setembro;Filipinas;189226085
Exportação;2024;Setembro;Finlândia;76703078
Exportação;2024;Setembro;França;267178171
Exportação;2024;Setembro;Gabão;5725662
Exportação;2024;Setembro;Gana;33430295
Exportação;2024;Setembro;Geórgia;10878832
Exportação;2024;Setembro;Gibraltar;477378
Exportação;2024;Setembro;Granada;1469273
Exportação;2024;Setembro;Grécia;35698772
Exportação;2024;Setembro;Guadalupe;303478
Exportação;2024;Setembro;Guam;4282
Exportação;2024;Setembro;Guatemala;81063490
Exportação;2024;Setembro;Guiana;83550724
Exportação;2024;Setembro;Guiana Francesa;832102
Exportação;2024;Setembro;Guiné;17657387
Exportação;2024;Setembro;Guiné Equatorial;2636503
Exportação;2024;Setembro;Guiné-Bissau;1720398
Exportação;2024;Setembro;Gâmbia;12120385
Exportação;2024;Setembro;Haiti;9244040
Exportação;2024;Setembro;Honduras;17616553
Exportação;2024;Setembro;Hong Kong;144273081
Exportação;2024;Setembro;Hungria;151402228
Exportação;2024;Setembro;Ilha de Man;3399473
Exportação;2024;Setembro;Indonésia;429182296
Exportação;2024;Setembro;Iraque;175533489
Exportação;2024;Setembro;Irlanda;12439794
Exportação;2024;Setembro;Irã;263633664
Exportação;2024;Setembro;Islândia;44433323
Exportação;2024;Setembro;Israel;61166863
Exportação;2024;Setembro;Itália;360280899
Exportação;2024;Setembro;Iêmen;68227085
Exportação;2024;Setembro;Jamaica;6803386
Exportação;2024;Setembro;Japão;623262418
Exportação;2024;Setembro;Jordânia;60560489
Exportação;2024;Setembro;Laos;1704904
Exportação;2024;Setembro;Letônia;4295976
Exportação;2024;Setembro;Libéria;39997578
Exportação;2024;Setembro;Liechtenstein;1118775
Exportação;2024;Setembro;Lituânia;2377391
Exportação;2024;Setembro;Luxemburgo;6591632
Exportação;2024;Setembro;Líbano;49528211
Exportação;2024;Setembro;Líbia;46982045
Exportação;2024;Setembro;Macau;121432
Exportação;2024;Setembro;Macedônia;578550
Exportação;2024;Setembro;Madagascar;3961550
Exportação;2024;Setembro;Malavi;322307
Exportação;2024;Setembro;Maldivas;2679226
Exportação;2024;Setembro;Mali;221692
Exportação;2024;Setembro;Malta;14591760
Exportação;2024;Setembro;Malásia;387612762
Exportação;2024;Setembro;Marianas do Norte, Ilhas;113490
Exportação;2024;Setembro;Marrocos;171784702
Exportação;2024;Setembro;Marshall, Ilhas;25369856
Exportação;2024;Setembro;Martinica;2603615
Exportação;2024;Setembro;Mauritânia;18443749
Exportação;2024;Setembro;Maurício;3497814
Exportação;2024;Setembro;Mayotte;1254170
Exportação;2024;Setembro;Mianmar;2409286
Exportação;2024;Setembro;Micronésia;4619
Exportação;2024;Setembro;Moldávia;19241
Exportação;2024;Setembro;Mongólia;59065
Exportação;2024;Setembro;Montenegro;3139897
Exportação;2024;Setembro;Moçambique;2635172
Exportação;2024;Setembro;México;672913902
Exportação;2024;Setembro;Mônaco;8674
Exportação;2024;Setembro;Namíbia;2806484
Exportação;2024;Setembro;Nepal;1675270
Exportação;2024;Setembro;Nicarágua;9877765
Exportação;2024;Setembro;Nigéria;94894480
Exportação;2024;Setembro;Norfolk, Ilha;373065
Exportação;2024;Setembro;Noruega;136100050
Exportação;2024;Setembro;Nova Caledônia;135811
Exportação;2024;Setembro;Nova Zelândia;6988613
Exportação;2024;Setembro;Níger;30673
Exportação;2024;Setembro;Omã;97984941
Exportação;2024;Setembro;Pacífico, Ilhas do (EUA);99846
Exportação;2024;Setembro;Palau;2437
Exportação;2024;Setembro;Palestina;2276
Exportação;2024;Setembro;Panamá;61938550
Exportação;2024;Setembro;Papua Nova Guiné;178052
Exportação;2024;Setembro;Paquistão;50719326
Exportação;2024;Setembro;Paraguai;308214091
Exportação;2024;Setembro;Países Baixos (Holanda);1004681452
Exportação;2024;Setembro;Peru;227185759
Exportação;2024;Setembro;Polinésia Francesa;1271346
Exportação;2024;Setembro;Polônia;196766118
Exportação;2024;Setembro;Porto Rico;25473255
Exportação;2024;Setembro;Portugal;1686498
Exportação;2024;Setembro;Quirguistão;238427
Exportação;2024;Setembro;Quênia;9670926
Exportação;2024;Setembro;Reino Unido;283167264
Exportação;2024;Setembro;República Centro-Africana;664417
Exportação;2024;Setembro;República Dominicana;121123855
Exportação;2024;Setembro;Reunião;475058
Exportação;2024;Setembro;Romênia;18829141
Exportação;2024;Setembro;Ruanda;112293
Exportação;2024;Setembro;Rússia;155761413
Exportação;2024;Setembro;Salomão, Ilhas;26930
Exportação;2024;Setembro;Samoa;385065
Exportação;2024;Setembro;Samoa Americana;162223
Exportação;2024;Setembro;Santa Lúcia;359293
Exportação;2024;Setembro;Seicheles;1230261
Exportação;2024;Setembro;Senegal;30325
Exportação;2024;Setembro;Serra Leoa;2872619
Exportação;2024;Setembro;Singapura;372132025
Exportação;2024;Setembro;Sint Maarten;1603545
Exportação;2024;Setembro;Somália;192421
Exportação;2024;Setembro;Sri Lanka;5329780
Exportação;2024;Setembro;Suazilândia;5990
Exportação;2024;Setembro;Sudão;402081
Exportação;2024;Setembro;Suriname;8433416
Exportação;2024;Setembro;Suécia;69068573
Exportação;2024;Setembro;Suíça;95759260
Exportação;2024;Setembro;São Bartolomeu;267410
Exportação;2024;Setembro;São Cristóvão e Névis;679857
Exportação;2024;Setembro;São Martinho, Ilha de (parte francesa);251
Exportação;2024;Setembro;São Tomé e Príncipe;392237
Exportação;2024;Setembro;São Vicente e Granadinas;610651
Exportação;2024;Setembro;Sérvia;3193068
Exportação;2024;Setembro;Síria;9985656
Exportação;2024;Setembro;Tailândia;277766517
Exportação;2024;Setembro;Taiwan (Formosa);180634965
Exportação;2024;Setembro;Tanzânia;3192198
Exportação;2024;Setembro;Tcheca, República;2328688
Exportação;2024;Setembro;Terras Austrais Francesas;137316
Exportação;2024;Setembro;Timor Leste;2880662
Exportação;2024;Setembro;Togo;444591
Exportação;2024;Setembro;Tonga;444164
Exportação;2024;Setembro;Trinidad e Tobago;25652463
Exportação;2024;Setembro;Tunísia;26951143
Exportação;2024;Setembro;Turcas e Caicos, Ilhas;166921
Exportação;2024;Setembro;Turcomenistão;694198
Exportação;2024;Setembro;Turquia;293522207
Exportação;2024;Setembro;Ucrânia;4415007
Exportação;2024;Setembro;Uganda;1375490
Exportação;2024;Setembro;Uruguai;195788708
Exportação;2024;Setembro;Uzbequistão;10298999
Exportação;2024;Setembro;Vanuatu;40714
Exportação;2024;Setembro;Venezuela;94188207
Exportação;2024;Setembro;Vietnã;416581354
Exportação;2024;Setembro;Virgens, Ilhas (Americanas);11760
Exportação;2024;Setembro;Virgens, Ilhas (Britânicas);81415
Exportação;2024;Setembro;Zimbábue;554850
Exportação;2024;Setembro;Zâmbia;962057
Exportação;2024;Setembro;África do Sul;105128267
Exportação;2024;Setembro;Áustria;5417384
Exportação;2024;Setembro;Índia;325462814
Exportação;2024;Outubro;Afeganistão;95147
Exportação;2024;Outubro;Albânia;6049470
Exportação;2024;Outubro;Alemanha;715086849
Exportação;2024;Outubro;Andorra;8179
Exportação;2024;Outubro;Angola;36306448
Exportação;2024;Outubro;Anguilla;58899
Exportação;2024;Outubro;Antígua e Barbuda;2787069
Exportação;2024;Outubro;Argentina;1553041
Exportação;2024;Outubro;Argélia;174689737
Exportação;2024;Outubro;Armênia;134955
Exportação;2024;Outubro;Aruba;3520940
Exportação;2024;Outubro;Arábia Saudita;244756067
Exportação;2024;Outubro;Austrália;52310334
Exportação;2024;Outubro;Azerbaijão;2127042
Exportação;2024;Outubro;Bahamas;15902429
Exportação;2024;Outubro;Bangladesh;238058689
Exportação;2024;Outubro;Barbados;1379543
Exportação;2024;Outubro;Barein;40451417
Exportação;2024;Outubro;Belarus;383894
Exportação;2024;Outubro;Belize;2025
Exportação;2024;Outubro;Benin;5067724
Exportação;2024;Outubro;Bermudas;1805979
Exportação;2024;Outubro;Bolívia;115559458
Exportação;2024;Outubro;Bonaire, Saint Eustatius e Saba;209857
Exportação;2024;Outubro;Bouvet, Ilha;40505
Exportação;2024;Outubro;Brasil;42912791
Exportação;2024;Outubro;Brunei;220667
Exportação;2024;Outubro;Bulgária;2848855
Exportação;2024;Outubro;Burkina Faso;2984347
Exportação;2024;Outubro;Burundi;1950
Exportação;2024;Outubro;Butão;99488
Exportação;2024;Outubro;Bélgica;478421395
Exportação;2024;Outubro;Bósnia-Herzegovina;56618
Exportação;2024;Outubro;Cabo Verde;4099470
Exportação;2024;Outubro;Camarões;18291983
Exportação;2024;Outubro;Camboja;3442645
Exportação;2024;Outubro;Canadá;662271348
Exportação;2024;Outubro;Catar;47046245
Exportação;2024;Outubro;Cayman, Ilhas;1136695
Exportação;2024;Outubro;Cazaquistão;3440375
Exportação;2024;Outubro;Chade;1080776
Exportação;2024;Outubro;Chile;507074872
Exportação;2024;Outubro;China;6902227948
Exportação;2024;Outubro;Chipre;8473958
Exportação;2024;Outubro;Cocos (Keeling), Ilhas;8392
Exportação;2024;Outubro;Colômbia;275050524
Exportação;2024;Outubro;Comores;1373502
Exportação;2024;Outubro;Congo;8191845
Exportação;2024;Outubro;Congo, República Democrática;18187325
Exportação;2024;Outubro;Cook, Ilhas;7235
Exportação;2024;Outubro;Coreia do Sul;731972550
Exportação;2024;Outubro;Costa Rica;48758511
Exportação;2024;Outubro;Costa do Marfim;11357509
Exportação;2024;Outubro;Coveite (Kuweit);31218265
Exportação;2024;Outubro;Croácia;3602486
Exportação;2024;Outubro;Cuba;12975904
Exportação;2024;Outubro;Curaçao;4863705
Exportação;2024;Outubro;Dinamarca;65455576
Exportação;2024;Outubro;Djibuti;21781958
Exportação;2024;Outubro;Dominica;543592
Exportação;2024;Outubro;Egito;321909005
Exportação;2024;Outubro;El Salvador;29368943
Exportação;2024;Outubro;Emirados Árabes Unidos;279841435
Exportação;2024;Outubro;Equador;95389
Exportação;2024;Outubro;Eslováquia;1895293
Exportação;2024;Outubro;Eslovênia;32118909
Exportação;2024;Outubro;Espanha;993829886
Exportação;2024;Outubro;Estados Unidos;3570061
Exportação;2024;Outubro;Estônia;9520242
Exportação;2024;Outubro;Etiópia;2067025
Exportação;2024;Outubro;Filipinas;281323621
Exportação;2024;Outubro;Finlândia;28499791
Exportação;2024;Outubro;França;291523298
Exportação;2024;Outubro;Gabão;6469187
Exportação;2024;Outubro;Gana;43027847
Exportação;2024;Outubro;Geórgia;10397666
Exportação;2024;Outubro;Gibraltar;206904
Exportação;2024;Outubro;Granada;1288384
Exportação;2024;Outubro;Groenlândia;16461
Exportação;2024;Outubro;Grécia;31383877
Exportação;2024;Outubro;Guadalupe;1560824
Exportação;2024;Outubro;Guam;20507
Exportação;2024;Outubro;Guatemala;61630072
Exportação;2024;Outubro;Guiana;24921030
Exportação;2024;Outubro;Guiana Francesa;387
Exportação;2024;Outubro;Guiné;11055850
Exportação;2024;Outubro;Guiné Equatorial;2600687
Exportação;2024;Outubro;Guiné-Bissau;592537
Exportação;2024;Outubro;Gâmbia;14881257
Exportação;2024;Outubro;Haiti;7413777
Exportação;2024;Outubro;Honduras;14963913
Exportação;2024;Outubro;Hong Kong;124850812
Exportação;2024;Outubro;Hungria;1793866
Exportação;2024;Outubro;Ilha de Man;3940585
Exportação;2024;Outubro;Indonésia;434897107
Exportação;2024;Outubro;Iraque;243746169
Exportação;2024;Outubro;Irlanda;30980914
Exportação;2024;Outubro;Irã;419628359
Exportação;2024;Outubro;Islândia;19935839
Exportação;2024;Outubro;Israel;33288977
Exportação;2024;Outubro;Itália;314828234
Exportação;2024;Outubro;Iêmen;33313466
Exportação;2024;Outubro;Jamaica;5334880
Exportação;2024;Outubro;Japão;544956195
Exportação;2024;Outubro;Jersey;14392
Exportação;2024;Outubro;Jordânia;59461271
Exportação;2024;Outubro;Kiribati;82870
Exportação;2024;Outubro;Laos;2408883
Exportação;2024;Outubro;Lesoto;3953
Exportação;2024;Outubro;Letônia;19149505
Exportação;2024;Outubro;Libéria;39382210
Exportação;2024;Outubro;Liechtenstein;1180775
Exportação;2024;Outubro;Lituânia;3735360
Exportação;2024;Outubro;Luxemburgo;3068791
Exportação;2024;Outubro;Líbano;31119641
Exportação;2024;Outubro;Líbia;33069033
Exportação;2024;Outubro;Macau;3227
Exportação;2024;Outubro;Macedônia;274600
Exportação;2024;Outubro;Madagascar;1140692
Exportação;2024;Outubro;Malavi;71140
Exportação;2024;Outubro;Maldivas;2458789
Exportação;2024;Outubro;Mali;249210
Exportação;2024;Outubro;Malta;12409156
Exportação;2024;Outubro;Malásia;368689181
Exportação;2024;Outubro;Marianas do Norte, Ilhas;67698
Exportação;2024;Outubro;Marrocos;137649167
Exportação;2024;Outubro;Marshall, Ilhas;32382388
Exportação;2024;Outubro;Martinica;1677280
Exportação;2024;Outubro;Mauritânia;6385628
Exportação;2024;Outubro;Maurício;4525896
Exportação;2024;Outubro;Mayotte;1197004
Exportação;2024;Outubro;Mianmar;1174764
Exportação;2024;Outubro;Micronésia;79070
Exportação;2024;Outubro;Moldávia;33
Exportação;2024;Outubro;Mongólia;69747
Exportação;2024;Outubro;Montenegro;1817530
Exportação;2024;Outubro;Montserrat;20734
Exportação;2024;Outubro;Moçambique;2660282
Exportação;2024;Outubro;México;718664902
Exportação;2024;Outubro;Mônaco;15800
Exportação;2024;Outubro;Namíbia;1309227
Exportação;2024;Outubro;Nepal;1874912
Exportação;2024;Outubro;Nicarágua;7582647
Exportação;2024;Outubro;Nigéria;98436090
Exportação;2024;Outubro;Niue;461
Exportação;2024;Outubro;Norfolk, Ilha;79985
Exportação;2024;Outubro;Noruega;131688922
Exportação;2024;Outubro;Nova Caledônia;1620479
Exportação;2024;Outubro;Nova Zelândia;13247490
Exportação;2024;Outubro;Níger;48
Exportação;2024;Outubro;Omã;93874380
Exportação;2024;Outubro;Pacífico, Ilhas do (EUA);80043
Exportação;2024;Outubro;Palau;127847
Exportação;2024;Outubro;Palestina;1919879
Exportação;2024;Outubro;Panamá;53999960
Exportação;2024;Outubro;Papua Nova Guiné;377553
Exportação;2024;Outubro;Paquistão;63716693
Exportação;2024;Outubro;Paraguai;368883613
Exportação;2024;Outubro;Países Baixos (Holanda);971963404
Exportação;2024;Outubro;Peru;329562316
Exportação;2024;Outubro;Polinésia Francesa;639862
Exportação;2024;Outubro;Polônia;99083132
Exportação;2024;Outubro;Porto Rico;25855126
Exportação;2024;Outubro;Portugal;235172236
Exportação;2024;Outubro;Quirguistão;12027
Exportação;2024;Outubro;Quênia;5867561
Exportação;2024;Outubro;Reino Unido;287321618
Exportação;2024;Outubro;República Centro-Africana;221889
Exportação;2024;Outubro;República Dominicana;96563284
Exportação;2024;Outubro;Reunião;1239873
Exportação;2024;Outubro;Romênia;7312480
Exportação;2024;Outubro;Rússia;215273229
Exportação;2024;Outubro;Saara Ocidental;16559
Exportação;2024;Outubro;Salomão, Ilhas;34209
Exportação;2024;Outubro;Samoa;430996
Exportação;2024;Outubro;Samoa Americana;34808
Exportação;2024;Outubro;Santa Lúcia;139818
Exportação;2024;Outubro;Seicheles;400363
Exportação;2024;Outubro;Senegal;38097611
Exportação;2024;Outubro;Serra Leoa;6641786
Exportação;2024;Outubro;Singapura;636924442
Exportação;2024;Outubro;Sint Maarten;984857
Exportação;2024;Outubro;Somália;7859168
Exportação;2024;Outubro;Sri Lanka;4478604
Exportação;2024;Outubro;Sudão;2656140
Exportação;2024;Outubro;Sudão do Sul;304412
Exportação;2024;Outubro;Suriname;4175233
Exportação;2024;Outubro;Suécia;43197543
Exportação;2024;Outubro;Suíça;117576075
Exportação;2024;Outubro;São Bartolomeu;222774
Exportação;2024;Outubro;São Cristóvão e Névis;1405567
Exportação;2024;Outubro;São Martinho, Ilha de (parte francesa);196453
Exportação;2024;Outubro;São Tomé e Príncipe;268958
Exportação;2024;Outubro;São Vicente e Granadinas;544762
Exportação;2024;Outubro;Sérvia;2187604
Exportação;2024;Outubro;Síria;3414770
Exportação;2024;Outubro;Tailândia;385037611
Exportação;2024;Outubro;Taiwan (Formosa);77775
Exportação;2024;Outubro;Tanzânia;4153980
Exportação;2024;Outubro;Tcheca, República;3467923
Exportação;2024;Outubro;Terras Austrais Francesas;2103
Exportação;2024;Outubro;Timor Leste;2977454
Exportação;2024;Outubro;Togo;43387795
Exportação;2024;Outubro;Tonga;683181
Exportação;2024;Outubro;Toquelau;11255
Exportação;2024;Outubro;Trinidad e Tobago;28447028
Exportação;2024;Outubro;Tunísia;33082214
Exportação;2024;Outubro;Turcas e Caicos, Ilhas;255696
Exportação;2024;Outubro;Turcomenistão;666271
Exportação;2024;Outubro;Turquia;178238289
Exportação;2024;Outubro;Ucrânia;2937904
Exportação;2024;Outubro;Uganda;338147
Exportação;2024;Outubro;Uruguai;262712068
Exportação;2024;Outubro;Uzbequistão;6794207
Exportação;2024;Outubro;Vanuatu;208833
Exportação;2024;Outubro;Venezuela;94517795
Exportação;2024;Outubro;Vietnã;411408415
Exportação;2024;Outubro;Virgens, Ilhas (Americanas);66913524
Exportação;2024;Outubro;Virgens, Ilhas (Britânicas);172199
Exportação;2024;Outubro;Wallis e Futuna, Ilhas;62255
Exportação;2024;Outubro;Zimbábue;660451
Exportação;2024;Outubro;Zâmbia;159030
Exportação;2024;Outubro;África do Sul;134358
Exportação;2024;Outubro;Áustria;6239458
Exportação;2024;Outubro;Índia;602720227
Exportação;2024;Novembro;Afeganistão;105457
Exportação;2024;Novembro;Albânia;8816690
Exportação;2024;Novembro;Alemanha;608665236
Exportação;2024;Novembro;Andorra;3500
Exportação;2024;Novembro;Angola;54460887
Exportação;2024;Novembro;Anguilla;435
Exportação;2024;Novembro;Antígua e Barbuda;2430298
Exportação;2024;Novembro;Argentina;1272852592
Exportação;2024;Novembro;Argélia;157984463
Exportação;2024;Novembro;Armênia;560325
Exportação;2024;Novembro;Aruba;4207895
Exportação;2024;Novembro;Arábia Saudita;225254416
Exportação;2024;Novembro;Austrália;59462145
Exportação;2024;Novembro;Azerbaijão;2809393
Exportação;2024;Novembro;Bahamas;13688114
Exportação;2024;Novembro;Bangladesh;221911477
Exportação;2024;Novembro;Barbados;1966942
Exportação;2024;Novembro;Barein;73782137
Exportação;2024;Novembro;Belarus;360088
Exportação;2024;Novembro;Belize;2035093
Exportação;2024;Novembro;Benin;6392792
Exportação;2024;Novembro;Bermudas;256
Exportação;2024;Novembro;Bolívia;108721
Exportação;2024;Novembro;Bonaire, Saint Eustatius e Saba;295
Exportação;2024;Novembro;Botsuana;89192
Exportação;2024;Novembro;Brasil;49574400
Exportação;2024;Novembro;Brunei;69383
Exportação;2024;Novembro;Bulgária;129494691
Exportação;2024;Novembro;Burkina Faso;142973
Exportação;2024;Novembro;Butão;100239
Exportação;2024;Novembro;Bélgica;345855121
Exportação;2024;Novembro;Bósnia-Herzegovina;262791
Exportação;2024;Novembro;Cabo Verde;4471635
Exportação;2024;Novembro;Camarões;26310614
Exportação;2024;Novembro;Camboja;4183231
Exportação;2024;Novembro;Canadá;639606
Exportação;2024;Novembro;Catar;19871961
Exportação;2024;Novembro;Cayman, Ilhas;1603369
Exportação;2024;Novembro;Cazaquistão;5468643
Exportação;2024;Novembro;Chade;615785
Exportação;2024;Novembro;Chile;572202547
Exportação;2024;Novembro;China;5864495822
Exportação;2024;Novembro;Chipre;3387230
Exportação;2024;Novembro;Colômbia;294502931
Exportação;2024;Novembro;Comores;919542
Exportação;2024;Novembro;Congo;16070583
Exportação;2024;Novembro;Congo, República Democrática;17277
Exportação;2024;Novembro;Coreia do Sul;383999132
Exportação;2024;Novembro;Costa Rica;52869954
Exportação;2024;Novembro;Costa do Marfim;35730591
Exportação;2024;Novembro;Coveite (Kuweit);20292357
Exportação;2024;Novembro;Croácia;5325035
Exportação;2024;Novembro;Cuba;34690359
Exportação;2024;Novembro;Curaçao;3841768
Exportação;2024;Novembro;Dinamarca;45204234
Exportação;2024;Novembro;Djibuti;2709033
Exportação;2024;Novembro;Dominica;554416
Exportação;2024;Novembro;Egito;419297565
Exportação;2024;Novembro;El Salvador;12363163
Exportação;2024;Novembro;Emirados Árabes Unidos;344154124
Exportação;2024;Novembro;Equador;69243148
Exportação;2024;Novembro;Eslováquia;2329646
Exportação;2024;Novembro;Eslovênia;71435871
Exportação;2024;Novembro;Espanha;821058117
Exportação;2024;Novembro;Estados Unidos;3703310247
Exportação;2024;Novembro;Estônia;8507431
Exportação;2024;Novembro;Etiópia;2116344
Exportação;2024;Novembro;Fiji;96775
Exportação;2024;Novembro;Filipinas;156414175
Exportação;2024;Novembro;Finlândia;59100863
Exportação;2024;Novembro;França;210387995
Exportação;2024;Novembro;Gabão;8379747
Exportação;2024;Novembro;Gana;41817781
Exportação;2024;Novembro;Geórgia;17491934
Exportação;2024;Novembro;Granada;1663883
Exportação;2024;Novembro;Grécia;34350496
Exportação;2024;Novembro;Guadalupe;284955
Exportação;2024;Novembro;Guam;1464
Exportação;2024;Novembro;Guatemala;55045089
Exportação;2024;Novembro;Guiana;38351203
Exportação;2024;Novembro;Guiana Francesa;584648
Exportação;2024;Novembro;Guiné;9387095
Exportação;2024;Novembro;Guiné Equatorial;3006393
Exportação;2024;Novembro;Guiné-Bissau;433185
Exportação;2024;Novembro;Gâmbia;14492741
Exportação;2024;Novembro;Haiti;11163239
Exportação;2024;Novembro;Heard e ilhas mcdonald, Ilha;11
Exportação;2024;Novembro;Honduras;14187964
Exportação;2024;Novembro;Hong Kong;111948117
Exportação;2024;Novembro;Hungria;2643653
Exportação;2024;Novembro;Ilha de Man;219357
Exportação;2024;Novembro;Indonésia;415584985
Exportação;2024;Novembro;Iraque;244897665
Exportação;2024;Novembro;Irlanda;16619202
Exportação;2024;Novembro;Irã;216387686
Exportação;2024;Novembro;Islândia;23009522
Exportação;2024;Novembro;Israel;29825996
Exportação;2024;Novembro;Itália;266793124
Exportação;2024;Novembro;Iêmen;49413396
Exportação;2024;Novembro;Jamaica;9071861
Exportação;2024;Novembro;Japão;450739188
Exportação;2024;Novembro;Jordânia;49230760
Exportação;2024;Novembro;Laos;2258348
Exportação;2024;Novembro;Lesoto;2004
Exportação;2024;Novembro;Letônia;2796540
Exportação;2024;Novembro;Libéria;32168185
Exportação;2024;Novembro;Liechtenstein;705143
Exportação;2024;Novembro;Lituânia;2882196
Exportação;2024;Novembro;Luxemburgo;4424278
Exportação;2024;Novembro;Líbano;27575525
Exportação;2024;Novembro;Líbia;69757337
Exportação;2024;Novembro;Macau;219472
Exportação;2024;Novembro;Macedônia;680979
Exportação;2024;Novembro;Madagascar;129356
Exportação;2024;Novembro;Maldivas;1309425
Exportação;2024;Novembro;Mali;990614
Exportação;2024;Novembro;Malta;14284263
Exportação;2024;Novembro;Malásia;417290586
Exportação;2024;Novembro;Marrocos;140634943
Exportação;2024;Novembro;Marshall, Ilhas;23202726
Exportação;2024;Novembro;Martinica;825175
Exportação;2024;Novembro;Mauritânia;17103523
Exportação;2024;Novembro;Maurício;3385945
Exportação;2024;Novembro;Mayotte;396342
Exportação;2024;Novembro;Mianmar;859310
Exportação;2024;Novembro;Moldávia;8682
Exportação;2024;Novembro;Mongólia;370952
Exportação;2024;Novembro;Montenegro;4025839
Exportação;2024;Novembro;Montserrat;20509
Exportação;2024;Novembro;Moçambique;3840994
Exportação;2024;Novembro;México;716847773
Exportação;2024;Novembro;Mônaco;149026
Exportação;2024;Novembro;Namíbia;595808
Exportação;2024;Novembro;Nepal;1241158
Exportação;2024;Novembro;Nicarágua;12164783
Exportação;2024;Novembro;Nigéria;139343094
Exportação;2024;Novembro;Noruega;181700060
Exportação;2024;Novembro;Nova Caledônia;580228
Exportação;2024;Novembro;Nova Zelândia;11960575
Exportação;2024;Novembro;Níger;273526
Exportação;2024;Novembro;Omã;92116513
Exportação;2024;Novembro;Pacífico, Ilhas do (EUA);27544
Exportação;2024;Novembro;Palau;22124
Exportação;2024;Novembro;Palestina;7365819
Exportação;2024;Novembro;Panamá;88681065
Exportação;2024;Novembro;Papua Nova Guiné;482459
Exportação;2024;Novembro;Paquistão;78236
Exportação;2024;Novembro;Paraguai;315729877
Exportação;2024;Novembro;Países Baixos (Holanda);1362779507
Exportação;2024;Novembro;Peru;372648853
Exportação;2024;Novembro;Pitcairn;27916
Exportação;2024;Novembro;Polinésia Francesa;574900
Exportação;2024;Novembro;Polônia;1867429
Exportação;2024;Novembro;Porto Rico;22094338
Exportação;2024;Novembro;Portugal;368007052
Exportação;2024;Novembro;Quirguistão;27078
Exportação;2024;Novembro;Quênia;6725905
Exportação;2024;Novembro;Reino Unido;3063540
Exportação;2024;Novembro;República Centro-Africana;33025
Exportação;2024;Novembro;República Dominicana;83705474
Exportação;2024;Novembro;Reunião;566038
Exportação;2024;Novembro;Romênia;6550436
Exportação;2024;Novembro;Ruanda;13073
Exportação;2024;Novembro;Rússia;93694504
Exportação;2024;Novembro;Salomão, Ilhas;22372
Exportação;2024;Novembro;Samoa;368295
Exportação;2024;Novembro;San Marino;42
Exportação;2024;Novembro;Santa Lúcia;327794
Exportação;2024;Novembro;Seicheles;374783
Exportação;2024;Novembro;Senegal;8365849
Exportação;2024;Novembro;Serra Leoa;2673846
Exportação;2024;Novembro;Singapura;595058853
Exportação;2024;Novembro;Sint Maarten;1171632
Exportação;2024;Novembro;Somália;15111716
Exportação;2024;Novembro;Sri Lanka;1027728
Exportação;2024;Novembro;Suazilândia;2700
Exportação;2024;Novembro;Sudão;351062
Exportação;2024;Novembro;Sudão do Sul;102318
Exportação;2024;Novembro;Suriname;3996573
Exportação;2024;Novembro;Suécia;76623308
Exportação;2024;Novembro;Suíça;188882063
Exportação;2024;Novembro;São Bartolomeu;349938
Exportação;2024;Novembro;São Cristóvão e Névis;860845
Exportação;2024;Novembro;São Martinho, Ilha de (parte francesa);93142
Exportação;2024;Novembro;São Tomé e Príncipe;229089
Exportação;2024;Novembro;São Vicente e Granadinas;566249
Exportação;2024;Novembro;Sérvia;1624340
Exportação;2024;Novembro;Síria;6940718
Exportação;2024;Novembro;Tailândia;209986163
Exportação;2024;Novembro;Taiwan (Formosa);179925997
Exportação;2024;Novembro;Tanzânia;1891109
Exportação;2024;Novembro;Tcheca, República;2073794
Exportação;2024;Novembro;Terras Austrais Francesas;109652
Exportação;2024;Novembro;Timor Leste;2480
Exportação;2024;Novembro;Togo;11582909
Exportação;2024;Novembro;Tonga;352406
Exportação;2024;Novembro;Toquelau;71583
Exportação;2024;Novembro;Trinidad e Tobago;17161743
Exportação;2024;Novembro;Tunísia;36958622
Exportação;2024;Novembro;Turcas e Caicos, Ilhas;170088
Exportação;2024;Novembro;Turcomenistão;491800
Exportação;2024;Novembro;Turquia;252732
Exportação;2024;Novembro;Ucrânia;5098
Exportação;2024;Novembro;Uganda;1129824
Exportação;2024;Novembro;Uruguai;219778478
Exportação;2024;Novembro;Uzbequistão;6908066
Exportação;2024;Novembro;Vanuatu;177048
Exportação;2024;Novembro;Vaticano;5974
Exportação;2024;Novembro;Venezuela;128370286
Exportação;2024;Novembro;Vietnã;378146586
Exportação;2024;Novembro;Virgens, Ilhas (Americanas);55487477
Exportação;2024;Novembro;Virgens, Ilhas (Britânicas);219591
Exportação;2024;Novembro;Zimbábue;393325
Exportação;2024;Novembro;Zâmbia;1241057
Exportação;2024;Novembro;África do Sul;147964632
Exportação;2024;Novembro;Áustria;4407626
Exportação;2024;Novembro;Índia;631340
Exportação;2024;Dezembro;Afeganistão;409761
Exportação;2024;Dezembro;Albânia;10437
Exportação;2024;Dezembro;Alemanha;381393959
Exportação;2024;Dezembro;Andorra;50078
Exportação;2024;Dezembro;Angola;38164499
Exportação;2024;Dezembro;Anguilla;158767
Exportação;2024;Dezembro;Antígua e Barbuda;4144209
Exportação;2024;Dezembro;Argentina;1295154
Exportação;2024;Dezembro;Argélia;182865638
Exportação;2024;Dezembro;Armênia;12396980
Exportação;2024;Dezembro;Aruba;2902337
Exportação;2024;Dezembro;Arábia Saudita;398634363
Exportação;2024;Dezembro;Austrália;59843646
Exportação;2024;Dezembro;Azerbaijão;2209639
Exportação;2024;Dezembro;Bahamas;11952288
Exportação;2024;Dezembro;Bangladesh;151548227
Exportação;2024;Dezembro;Barbados;7080266
Exportação;2024;Dezembro;Barein;71665103
Exportação;2024;Dezembro;Belarus;630895
Exportação;2024;Dezembro;Belize;596207
Exportação;2024;Dezembro;Benin;4266950
Exportação;2024;Dezembro;Bermudas;1568883
Exportação;2024;Dezembro;Bolívia;123916384
Exportação;2024;Dezembro;Bonaire, Saint Eustatius e Saba;476033
Exportação;2024;Dezembro;Botsuana;226924
Exportação;2024;Dezembro;Brasil;69444807
Exportação;2024;Dezembro;Brunei;189271
Exportação;2024;Dezembro;Bulgária;3506947
Exportação;2024;Dezembro;Burkina Faso;483461
Exportação;2024;Dezembro;Burundi;15392
Exportação;2024;Dezembro;Butão;471959
Exportação;2024;Dezembro;Bélgica;247392562
Exportação;2024;Dezembro;Bósnia-Herzegovina;45685
Exportação;2024;Dezembro;Cabo Verde;4443611
Exportação;2024;Dezembro;Camarões;23391527
Exportação;2024;Dezembro;Camboja;3030204
Exportação;2024;Dezembro;Canadá;569990377
Exportação;2024;Dezembro;Catar;23811203
Exportação;2024;Dezembro;Cayman, Ilhas;1433088
Exportação;2024;Dezembro;Cazaquistão;11992610
Exportação;2024;Dezembro;Chade;874851
Exportação;2024;Dezembro;Chile;427285580
Exportação;2024;Dezembro;China;5181548099
Exportação;2024;Dezembro;Chipre;5276168
Exportação;2024;Dezembro;Colômbia;280473854
Exportação;2024;Dezembro;Comores;1650948
Exportação;2024;Dezembro;Congo;20814966
Exportação;2024;Dezembro;Congo, República Democrática;17650894
Exportação;2024;Dezembro;Cook, Ilhas;977
Exportação;2024;Dezembro;Coreia do Sul;402228300
Exportação;2024;Dezembro;Costa Rica;38803657
Exportação;2024;Dezembro;Costa do Marfim;20023183
Exportação;2024;Dezembro;Coveite (Kuweit);29060309
Exportação;2024;Dezembro;Croácia;2002804
Exportação;2024;Dezembro;Cuba;17821467
Exportação;2024;Dezembro;Curaçao;4441535
Exportação;2024;Dezembro;Dinamarca;47137489
Exportação;2024;Dezembro;Djibuti;281828
Exportação;2024;Dezembro;Dominica;503164
Exportação;2024;Dezembro;Egito;433371496
Exportação;2024;Dezembro;El Salvador;17524667
Exportação;2024;Dezembro;Emirados Árabes Unidos;247266938
Exportação;2024;Dezembro;Equador;92941
Exportação;2024;Dezembro;Eritreia;700
Exportação;2024;Dezembro;Eslováquia;1967420
Exportação;2024;Dezembro;Eslovênia;31809
Exportação;2024;Dezembro;Espanha;583691229
Exportação;2024;Dezembro;Estados Unidos;3716538073
Exportação;2024;Dezembro;Estônia;6744043
Exportação;2024;Dezembro;Etiópia;3679868
Exportação;2024;Dezembro;Faroe, Ilhas;46
Exportação;2024;Dezembro;Fiji;200961
Exportação;2024;Dezembro;Filipinas;113682729
Exportação;2024;Dezembro;Finlândia;65093874
Exportação;2024;Dezembro;França;166164821
Exportação;2024;Dezembro;Gabão;10939103
Exportação;2024;Dezembro;Gana;22086078
Exportação;2024;Dezembro;Geórgia;9118399
Exportação;2024;Dezembro;Gibraltar;355733
Exportação;2024;Dezembro;Granada;1080074
Exportação;2024;Dezembro;Grécia;28535147
Exportação;2024;Dezembro;Guadalupe;446114
Exportação;2024;Dezembro;Guam;1432
Exportação;2024;Dezembro;Guatemala;48658693
Exportação;2024;Dezembro;Guiana;38002657
Exportação;2024;Dezembro;Guiana Francesa;438629
Exportação;2024;Dezembro;Guiné;28478668
Exportação;2024;Dezembro;Guiné Equatorial;2179812
Exportação;2024;Dezembro;Guiné-Bissau;887799
Exportação;2024;Dezembro;Gâmbia;6763882
Exportação;2024;Dezembro;Haiti;10590979
Exportação;2024;Dezembro;Honduras;12445741
Exportação;2024;Dezembro;Hong Kong;105907882
Exportação;2024;Dezembro;Hungria;3076153
Exportação;2024;Dezembro;Ilha de Man;2053888
Exportação;2024;Dezembro;Indonésia;310816836
Exportação;2024;Dezembro;Iraque;212931881
Exportação;2024;Dezembro;Irlanda;12605878
Exportação;2024;Dezembro;Irã;262277197
Exportação;2024;Dezembro;Islândia;85606091
Exportação;2024;Dezembro;Israel;20964372
Exportação;2024;Dezembro;Itália;241124892
Exportação;2024;Dezembro;Iêmen;48660068
Exportação;2024;Dezembro;Jamaica;7690715
Exportação;2024;Dezembro;Japão;443973721
Exportação;2024;Dezembro;Jordânia;50583583
Exportação;2024;Dezembro;Kiribati;174497
Exportação;2024;Dezembro;Laos;1496859
Exportação;2024;Dezembro;Lesoto;2873
Exportação;2024;Dezembro;Letônia;5660289
Exportação;2024;Dezembro;Libéria;33599743
Exportação;2024;Dezembro;Liechtenstein;805134
Exportação;2024;Dezembro;Lituânia;2920631
Exportação;2024;Dezembro;Luxemburgo;2957945
Exportação;2024;Dezembro;Líbano;41093210
Exportação;2024;Dezembro;Líbia;52793930
Exportação;2024;Dezembro;Macau;145246
Exportação;2024;Dezembro;Macedônia;1197284
Exportação;2024;Dezembro;Madagascar;930865
Exportação;2024;Dezembro;Malavi;540844
Exportação;2024;Dezembro;Maldivas;1367982
Exportação;2024;Dezembro;Mali;123600
Exportação;2024;Dezembro;Malta;10595043
Exportação;2024;Dezembro;Malásia;294560434
Exportação;2024;Dezembro;Marrocos;196154140
Exportação;2024;Dezembro;Marshall, Ilhas;22996929
Exportação;2024;Dezembro;Martinica;1449406
Exportação;2024;Dezembro;Mauritânia;13741543
Exportação;2024;Dezembro;Maurício;16992320
Exportação;2024;Dezembro;Mayotte;332243
Exportação;2024;Dezembro;Mianmar;1478152
Exportação;2024;Dezembro;Micronésia;1075
Exportação;2024;Dezembro;Moldávia;59168
Exportação;2024;Dezembro;Mongólia;258806
Exportação;2024;Dezembro;Montenegro;3370449
Exportação;2024;Dezembro;Montserrat;104298
Exportação;2024;Dezembro;Moçambique;3652313
Exportação;2024;Dezembro;México;591242445
Exportação;2024;Dezembro;Mônaco;227951
Exportação;2024;Dezembro;Namíbia;1099484
Exportação;2024;Dezembro;Nauru;344
Exportação;2024;Dezembro;Nepal;1517879
Exportação;2024;Dezembro;Nicarágua;13798444
Exportação;2024;Dezembro;Nigéria;42570633
Exportação;2024;Dezembro;Norfolk, Ilha;259615
Exportação;2024;Dezembro;Noruega;83725397
Exportação;2024;Dezembro;Nova Caledônia;1075442
Exportação;2024;Dezembro;Nova Zelândia;6244055
Exportação;2024;Dezembro;Omã;99417252
Exportação;2024;Dezembro;Pacífico, Ilhas do (EUA);13407
Exportação;2024;Dezembro;Palestina;2095306
Exportação;2024;Dezembro;Panamá;77108644
Exportação;2024;Dezembro;Papua Nova Guiné;86962
Exportação;2024;Dezembro;Paquistão;102461354
Exportação;2024;Dezembro;Paraguai;348737670
Exportação;2024;Dezembro;Países Baixos (Holanda);763984334
Exportação;2024;Dezembro;Peru;232591307
Exportação;2024;Dezembro;Pitcairn;4436
Exportação;2024;Dezembro;Polinésia Francesa;866174
Exportação;2024;Dezembro;Polônia;98961
Exportação;2024;Dezembro;Porto Rico;21830550
Exportação;2024;Dezembro;Portugal;246303548
Exportação;2024;Dezembro;Quirguistão;6468
Exportação;2024;Dezembro;Quênia;5096415
Exportação;2024;Dezembro;Reino Unido;273141430
Exportação;2024;Dezembro;República Centro-Africana;725380
Exportação;2024;Dezembro;República Dominicana;75976075
Exportação;2024;Dezembro;Reunião;955989
Exportação;2024;Dezembro;Romênia;11774233
Exportação;2024;Dezembro;Ruanda;107466
Exportação;2024;Dezembro;Rússia;190847
Exportação;2024;Dezembro;Samoa;340612
Exportação;2024;Dezembro;Santa Lúcia;71178580
Exportação;2024;Dezembro;Seicheles;532481
Exportação;2024;Dezembro;Senegal;33975674
Exportação;2024;Dezembro;Serra Leoa;6932971
Exportação;2024;Dezembro;Singapura;558912104
Exportação;2024;Dezembro;Sint Maarten;1290629
Exportação;2024;Dezembro;Somália;1654599
Exportação;2024;Dezembro;Sri Lanka;2853736
Exportação;2024;Dezembro;Sudão;246142
Exportação;2024;Dezembro;Sudão do Sul;409171
Exportação;2024;Dezembro;Suriname;3080214
Exportação;2024;Dezembro;Suécia;106006662
Exportação;2024;Dezembro;Suíça;126250768
Exportação;2024;Dezembro;São Bartolomeu;56736
Exportação;2024;Dezembro;São Cristóvão e Névis;582037
Exportação;2024;Dezembro;São Martinho, Ilha de (parte francesa);116089
Exportação;2024;Dezembro;São Tomé e Príncipe;321552
Exportação;2024;Dezembro;São Vicente e Granadinas;286975
Exportação;2024;Dezembro;Sérvia;4136616
Exportação;2024;Dezembro;Síria;951648
Exportação;2024;Dezembro;Tailândia;278895047
Exportação;2024;Dezembro;Taiwan (Formosa);200372884
Exportação;2024;Dezembro;Tanzânia;2183469
Exportação;2024;Dezembro;Tcheca, República;1985914
Exportação;2024;Dezembro;Terras Austrais Francesas;104669
Exportação;2024;Dezembro;Timor Leste;3357953
Exportação;2024;Dezembro;Togo;35435346
Exportação;2024;Dezembro;Tonga;283598
Exportação;2024;Dezembro;Toquelau;106124
Exportação;2024;Dezembro;Trinidad e Tobago;26068581
Exportação;2024;Dezembro;Tunísia;31865230
Exportação;2024;Dezembro;Turcas e Caicos, Ilhas;152043
Exportação;2024;Dezembro;Turcomenistão;173491
Exportação;2024;Dezembro;Turquia;311225878
Exportação;2024;Dezembro;Ucrânia;3944221
Exportação;2024;Dezembro;Uganda;720623
Exportação;2024;Dezembro;Uruguai;240895685
Exportação;2024;Dezembro;Uzbequistão;9146163
Exportação;2024;Dezembro;Vanuatu;358387
Exportação;2024;Dezembro;Venezuela;92379572
Exportação;2024;Dezembro;Vietnã;414915550
Exportação;2024;Dezembro;Virgens, Ilhas (Americanas);1509
Exportação;2024;Dezembro;Virgens, Ilhas (Britânicas);779714
Exportação;2024;Dezembro;Wallis e Futuna, Ilhas;53662
Exportação;2024;Dezembro;Zimbábue;281530
Exportação;2024;Dezembro;Zâmbia;375400
Exportação;2024;Dezembro;África do Sul;90598384
Exportação;2024;Dezembro;Áustria;5751639
Exportação;2024;Dezembro;Índia;564360227
Importação;2024;Janeiro;Afeganistão;9766
Importação;2024;Janeiro;Aland, Ilhas;1482
Importação;2024;Janeiro;Albânia;363190
Importação;2024;Janeiro;Alemanha;1096455
Importação;2024;Janeiro;Andorra;4042
Importação;2024;Janeiro;Angola;78588067
Importação;2024;Janeiro;Argentina;796542328
Importação;2024;Janeiro;Argélia;67618346
Importação;2024;Janeiro;Armênia;4639
Importação;2024;Janeiro;Arábia Saudita;275346367
Importação;2024;Janeiro;Austrália;139571436
Importação;2024;Janeiro;Bangladesh;22638712
Importação;2024;Janeiro;Barbados;26610
Importação;2024;Janeiro;Barein;30519199
Importação;2024;Janeiro;Belarus;16614
Importação;2024;Janeiro;Belize;17658
Importação;2024;Janeiro;Bermudas;156252
Importação;2024;Janeiro;Bolívia;146513800
Importação;2024;Janeiro;Botsuana;10037
Importação;2024;Janeiro;Brasil;30624195
Importação;2024;Janeiro;Bulgária;7435276
Importação;2024;Janeiro;Burkina Faso;51769
Importação;2024;Janeiro;Butão;57827
Importação;2024;Janeiro;Bélgica;156685499
Importação;2024;Janeiro;Bósnia-Herzegovina;1153786
Importação;2024;Janeiro;Cabo Verde;65711
Importação;2024;Janeiro;Camarões;405916
Importação;2024;Janeiro;Camboja;7813389
Importação;2024;Janeiro;Canadá;227611967
Importação;2024;Janeiro;Catar;70569805
Importação;2024;Janeiro;Cayman, Ilhas;36964
Importação;2024;Janeiro;Cazaquistão;2226392
Importação;2024;Janeiro;Chade;535
Importação;2024;Janeiro;Chile;352203614
Importação;2024;Janeiro;China;50591
Importação;2024;Janeiro;Chipre;122990
Importação;2024;Janeiro;Christmas (Navidad), Ilha;17229
Importação;2024;Janeiro;Cocos (Keeling), Ilhas;21779
Importação;2024;Janeiro;Colômbia;178210505
Importação;2024;Janeiro;Comores;2524
Importação;2024;Janeiro;Congo;3
Importação;2024;Janeiro;Coreia do Sul;407981516
Importação;2024;Janeiro;Costa Rica;9357550
Importação;2024;Janeiro;Costa do Marfim;22920968
Importação;2024;Janeiro;Coveite (Kuweit);250
Importação;2024;Janeiro;Croácia;1294
Importação;2024;Janeiro;Cuba;214997
Importação;2024;Janeiro;Curaçao;4922
Importação;2024;Janeiro;Dinamarca;123259774
Importação;2024;Janeiro;Dominica;755
Importação;2024;Janeiro;Egito;68205736
Importação;2024;Janeiro;El Salvador;705955
Importação;2024;Janeiro;Emirados Árabes Unidos;14367167
Importação;2024;Janeiro;Equador;11006389
Importação;2024;Janeiro;Eritreia;50443
Importação;2024;Janeiro;Eslováquia;24652291
Importação;2024;Janeiro;Eslovênia;16092987
Importação;2024;Janeiro;Espanha;331367311
Importação;2024;Janeiro;Estados Unidos;3199692183
Importação;2024;Janeiro;Estônia;4299715
Importação;2024;Janeiro;Etiópia;41235
Importação;2024;Janeiro;Filipinas;25228360
Importação;2024;Janeiro;Finlândia;65945075
Importação;2024;Janeiro;França;494297882
Importação;2024;Janeiro;Gabão;80761679
Importação;2024;Janeiro;Gana;1209063
Importação;2024;Janeiro;Geórgia;398796
Importação;2024;Janeiro;Gibraltar;34
Importação;2024;Janeiro;Grécia;11322959
Importação;2024;Janeiro;Guatemala;4263881
Importação;2024;Janeiro;Guernsey;2998
Importação;2024;Janeiro;Guiana;85269548
Importação;2024;Janeiro;Guiné-Bissau;54831
Importação;2024;Janeiro;Haiti;185562
Importação;2024;Janeiro;Honduras;1828140
Importação;2024;Janeiro;Hong Kong;126907813
Importação;2024;Janeiro;Hungria;48456259
Importação;2024;Janeiro;Indonésia;157528811
Importação;2024;Janeiro;Iraque;75575
Importação;2024;Janeiro;Irlanda;150634720
Importação;2024;Janeiro;Irã;461969
Importação;2024;Janeiro;Islândia;2372305
Importação;2024;Janeiro;Israel;63967555
Importação;2024;Janeiro;Itália;532063336
Importação;2024;Janeiro;Iêmen;37
Importação;2024;Janeiro;Jamaica;1464
Importação;2024;Janeiro;Japão;458819508
Importação;2024;Janeiro;Jordânia;12957029
Importação;2024;Janeiro;Laos;185139
Importação;2024;Janeiro;Letônia;2485198
Importação;2024;Janeiro;Liechtenstein;850447
Importação;2024;Janeiro;Lituânia;16784398
Importação;2024;Janeiro;Luxemburgo;7747615
Importação;2024;Janeiro;Líbano;171965
Importação;2024;Janeiro;Macau;78748
Importação;2024;Janeiro;Macedônia;2224862
Importação;2024;Janeiro;Madagascar;324214
Importação;2024;Janeiro;Malavi;520852
Importação;2024;Janeiro;Mali;279
Importação;2024;Janeiro;Malta;602041
Importação;2024;Janeiro;Malásia;128846181
Importação;2024;Janeiro;Marrocos;54907324
Importação;2024;Janeiro;Maurício;9870
Importação;2024;Janeiro;Mianmar;1451650
Importação;2024;Janeiro;Micronésia;1118
Importação;2024;Janeiro;Moldávia;89455
Importação;2024;Janeiro;Mongólia;911084
Importação;2024;Janeiro;Montserrat;1148
Importação;2024;Janeiro;Moçambique;410931
Importação;2024;Janeiro;México;477785780
Importação;2024;Janeiro;Mônaco;249626
Importação;2024;Janeiro;Namíbia;622
Importação;2024;Janeiro;Nepal;16974
Importação;2024;Janeiro;Nicarágua;515770
Importação;2024;Janeiro;Nigéria;86605
Importação;2024;Janeiro;Noruega;50295737
Importação;2024;Janeiro;Nova Caledônia;2248
Importação;2024;Janeiro;Nova Zelândia;3721246
Importação;2024;Janeiro;Níger;2339
Importação;2024;Janeiro;Omã;36586067
Importação;2024;Janeiro;Pacífico, Ilhas do (EUA);156
Importação;2024;Janeiro;Panamá;1566507
Importação;2024;Janeiro;Paquistão;14278213
Importação;2024;Janeiro;Paraguai;281972361
Importação;2024;Janeiro;Países Baixos (Holanda);296674902
Importação;2024;Janeiro;Peru;98771024
Importação;2024;Janeiro;Polinésia Francesa;5245
Importação;2024;Janeiro;Polônia;79067891
Importação;2024;Janeiro;Porto Rico;48064366
Importação;2024;Janeiro;Portugal;106219004
Importação;2024;Janeiro;Quirguistão;212
Importação;2024;Janeiro;Quênia;7353
Importação;2024;Janeiro;Reino Unido;213421436
Importação;2024;Janeiro;República Dominicana;2288858
Importação;2024;Janeiro;Romênia;29268451
Importação;2024;Janeiro;Rússia;758219123
Importação;2024;Janeiro;Samoa;94771
Importação;2024;Janeiro;Samoa Americana;51866
Importação;2024;Janeiro;San Marino;1287048
Importação;2024;Janeiro;Santa Helena;183
Importação;2024;Janeiro;Santa Lúcia;148
Importação;2024;Janeiro;Seicheles;5036
Importação;2024;Janeiro;Senegal;186771
Importação;2024;Janeiro;Serra Leoa;22927
Importação;2024;Janeiro;Singapura;66258
Importação;2024;Janeiro;Somália;234
Importação;2024;Janeiro;Sri Lanka;5903111
Importação;2024;Janeiro;Suazilândia;8108
Importação;2024;Janeiro;Suriname;2255
Importação;2024;Janeiro;Suécia;203279944
Importação;2024;Janeiro;Suíça;239516256
Importação;2024;Janeiro;São Cristóvão e Névis;3650
Importação;2024;Janeiro;Sérvia;2772619
Importação;2024;Janeiro;Síria;71666
Importação;2024;Janeiro;Tadjiquistão;285505
Importação;2024;Janeiro;Tailândia;237032481
Importação;2024;Janeiro;Taiwan (Formosa);246113484
Importação;2024;Janeiro;Tanzânia;91504
Importação;2024;Janeiro;Tcheca, República;58146958
Importação;2024;Janeiro;Tonga;213
Importação;2024;Janeiro;Toquelau;213609
Importação;2024;Janeiro;Trinidad e Tobago;35048
Importação;2024;Janeiro;Tunísia;5585205
Importação;2024;Janeiro;Turcomenistão;185119
Importação;2024;Janeiro;Turquia;106199646
Importação;2024;Janeiro;Ucrânia;1386388
Importação;2024;Janeiro;Uganda;7000
Importação;2024;Janeiro;Uruguai;170579698
Importação;2024;Janeiro;Uzbequistão;35537120
Importação;2024;Janeiro;Venezuela;18073847
Importação;2024;Janeiro;Vietnã;316413224
Importação;2024;Janeiro;Virgens, Ilhas (Britânicas);105999
Importação;2024;Janeiro;Zimbábue;27062
Importação;2024;Janeiro;Zâmbia;720
Importação;2024;Janeiro;África do Sul;57197383
Importação;2024;Janeiro;Áustria;126130866
Importação;2024;Janeiro;Índia;443174556
Importação;2024;Fevereiro;Afeganistão;35910
Importação;2024;Fevereiro;Aland, Ilhas;6536
Importação;2024;Fevereiro;Albânia;298935
Importação;2024;Fevereiro;Alemanha;1023715880
Importação;2024;Fevereiro;Andorra;33
Importação;2024;Fevereiro;Angola;86144565
Importação;2024;Fevereiro;Anguilla;235
Importação;2024;Fevereiro;Argentina;717274
Importação;2024;Fevereiro;Argélia;138932798
Importação;2024;Fevereiro;Armênia;63180
Importação;2024;Fevereiro;Aruba;2788
Importação;2024;Fevereiro;Arábia Saudita;198262433
Importação;2024;Fevereiro;Austrália;109657
Importação;2024;Fevereiro;Bangladesh;17509240
Importação;2024;Fevereiro;Barbados;37191
Importação;2024;Fevereiro;Barein;9992540
Importação;2024;Fevereiro;Belarus;8630591
Importação;2024;Fevereiro;Belize;17320
Importação;2024;Fevereiro;Benin;102
Importação;2024;Fevereiro;Bermudas;77112
Importação;2024;Fevereiro;Bolívia;121278664
Importação;2024;Fevereiro;Bouvet, Ilha;1888
Importação;2024;Fevereiro;Brasil;22267021
Importação;2024;Fevereiro;Brunei;15543299
Importação;2024;Fevereiro;Bulgária;58
Importação;2024;Fevereiro;Burkina Faso;137
Importação;2024;Fevereiro;Butão;53480
Importação;2024;Fevereiro;Bélgica;129192085
Importação;2024;Fevereiro;Bósnia-Herzegovina;746881
Importação;2024;Fevereiro;Cabo Verde;537
Importação;2024;Fevereiro;Camarões;60292
Importação;2024;Fevereiro;Camboja;8325718
Importação;2024;Fevereiro;Canadá;166939913
Importação;2024;Fevereiro;Catar;19684548
Importação;2024;Fevereiro;Cayman, Ilhas;3858
Importação;2024;Fevereiro;Cazaquistão;1653370
Importação;2024;Fevereiro;Chile;357390892
Importação;2024;Fevereiro;China;4480440603
Importação;2024;Fevereiro;Chipre;150462
Importação;2024;Fevereiro;Cocos (Keeling), Ilhas;11345
Importação;2024;Fevereiro;Colômbia;179119875
Importação;2024;Fevereiro;Congo, República Democrática;49
Importação;2024;Fevereiro;Cook, Ilhas;1881
Importação;2024;Fevereiro;Coreia do Sul;411048915
Importação;2024;Fevereiro;Costa Rica;12414084
Importação;2024;Fevereiro;Costa do Marfim;35423809
Importação;2024;Fevereiro;Coveite (Kuweit);57375647
Importação;2024;Fevereiro;Croácia;1463040
Importação;2024;Fevereiro;Cuba;108469
Importação;2024;Fevereiro;Curaçao;6578
Importação;2024;Fevereiro;Dinamarca;121366252
Importação;2024;Fevereiro;Dominica;6
Importação;2024;Fevereiro;Egito;28086650
Importação;2024;Fevereiro;El Salvador;331597
Importação;2024;Fevereiro;Emirados Árabes Unidos;179821266
Importação;2024;Fevereiro;Equador;9263494
Importação;2024;Fevereiro;Eritreia;4244
Importação;2024;Fevereiro;Eslováquia;25583992
Importação;2024;Fevereiro;Eslovênia;7005
Importação;2024;Fevereiro;Espanha;332787313
Importação;2024;Fevereiro;Estados Unidos;2785468706
Importação;2024;Fevereiro;Estônia;4061600
Importação;2024;Fevereiro;Etiópia;53660
Importação;2024;Fevereiro;Falkland (Malvinas);8
Importação;2024;Fevereiro;Fiji;339
Importação;2024;Fevereiro;Filipinas;20974596
Importação;2024;Fevereiro;Finlândia;44885276
Importação;2024;Fevereiro;França;384486647
Importação;2024;Fevereiro;Gabão;55516797
Importação;2024;Fevereiro;Gana;1884539
Importação;2024;Fevereiro;Geórgia;90242
Importação;2024;Fevereiro;Gibraltar;23721
Importação;2024;Fevereiro;Grécia;9390767
Importação;2024;Fevereiro;Guatemala;4031694
Importação;2024;Fevereiro;Guernsey;3496
Importação;2024;Fevereiro;Guiana;83843582
Importação;2024;Fevereiro;Gâmbia;76
Importação;2024;Fevereiro;Haiti;189720
Importação;2024;Fevereiro;Honduras;1645198
Importação;2024;Fevereiro;Hong Kong;79659293
Importação;2024;Fevereiro;Hungria;38089859
Importação;2024;Fevereiro;Indonésia;125139730
Importação;2024;Fevereiro;Irlanda;95920730
Importação;2024;Fevereiro;Irã;498167
Importação;2024;Fevereiro;Islândia;415823
Importação;2024;Fevereiro;Israel;87710824
Importação;2024;Fevereiro;Itália;514650727
Importação;2024;Fevereiro;Jamaica;743
Importação;2024;Fevereiro;Japão;341289
Importação;2024;Fevereiro;Jordânia;4238661
Importação;2024;Fevereiro;Laos;430308
Importação;2024;Fevereiro;Lesoto;340
Importação;2024;Fevereiro;Letônia;1856082
Importação;2024;Fevereiro;Liechtenstein;465769
Importação;2024;Fevereiro;Lituânia;32986798
Importação;2024;Fevereiro;Luxemburgo;2303469
Importação;2024;Fevereiro;Líbano;271222
Importação;2024;Fevereiro;Macau;116674
Importação;2024;Fevereiro;Macedônia;1894138
Importação;2024;Fevereiro;Madagascar;333386
Importação;2024;Fevereiro;Malavi;533421
Importação;2024;Fevereiro;Maldivas;7882
Importação;2024;Fevereiro;Mali;220
Importação;2024;Fevereiro;Malta;915931
Importação;2024;Fevereiro;Malásia;127842
Importação;2024;Fevereiro;Marrocos;66916669
Importação;2024;Fevereiro;Mauritânia;150202
Importação;2024;Fevereiro;Maurício;168575
Importação;2024;Fevereiro;Mianmar;1238393
Importação;2024;Fevereiro;Moldávia;320775
Importação;2024;Fevereiro;Mongólia;306339
Importação;2024;Fevereiro;Montenegro;6
Importação;2024;Fevereiro;México;359039954
Importação;2024;Fevereiro;Mônaco;241
Importação;2024;Fevereiro;Namíbia;2490
Importação;2024;Fevereiro;Nepal;81887
Importação;2024;Fevereiro;Nicarágua;409090
Importação;2024;Fevereiro;Nigéria;43470985
Importação;2024;Fevereiro;Norfolk, Ilha;146484
Importação;2024;Fevereiro;Noruega;83281055
Importação;2024;Fevereiro;Nova Caledônia;10489
Importação;2024;Fevereiro;Nova Zelândia;3188254
Importação;2024;Fevereiro;Omã;22625332
Importação;2024;Fevereiro;Palestina;73521
Importação;2024;Fevereiro;Panamá;871562
Importação;2024;Fevereiro;Papua Nova Guiné;19469
Importação;2024;Fevereiro;Paquistão;9299270
Importação;2024;Fevereiro;Paraguai;238446848
Importação;2024;Fevereiro;Países Baixos (Holanda);151127160
Importação;2024;Fevereiro;Peru;97324555
Importação;2024;Fevereiro;Polinésia Francesa;12960
Importação;2024;Fevereiro;Polônia;67621470
Importação;2024;Fevereiro;Porto Rico;61056146
Importação;2024;Fevereiro;Portugal;89609081
Importação;2024;Fevereiro;Quirguistão;48
Importação;2024;Fevereiro;Quênia;42337
Importação;2024;Fevereiro;Reino Unido;205809
Importação;2024;Fevereiro;República Dominicana;2969673
Importação;2024;Fevereiro;Romênia;26453482
Importação;2024;Fevereiro;Ruanda;1378
Importação;2024;Fevereiro;Rússia;6889731
Importação;2024;Fevereiro;Samoa;537
Importação;2024;Fevereiro;Samoa Americana;15191
Importação;2024;Fevereiro;San Marino;1476089
Importação;2024;Fevereiro;Seicheles;10283
Importação;2024;Fevereiro;Senegal;243035
Importação;2024;Fevereiro;Serra Leoa;19213
Importação;2024;Fevereiro;Singapura;53500353
Importação;2024;Fevereiro;Somália;1098
Importação;2024;Fevereiro;Sri Lanka;5977408
Importação;2024;Fevereiro;Suazilândia;316
Importação;2024;Fevereiro;Suriname;1682750
Importação;2024;Fevereiro;Suécia;180869574
Importação;2024;Fevereiro;Suíça;259577026
Importação;2024;Fevereiro;São Cristóvão e Névis;8774
Importação;2024;Fevereiro;Sérvia;1820786
Importação;2024;Fevereiro;Síria;91651
Importação;2024;Fevereiro;Tadjiquistão;78643
Importação;2024;Fevereiro;Tailândia;145284926
Importação;2024;Fevereiro;Taiwan (Formosa);209508648
Importação;2024;Fevereiro;Tanzânia;386506
Importação;2024;Fevereiro;Tcheca, República;44992852
Importação;2024;Fevereiro;Território Britânico do Oceano Índico;647
Importação;2024;Fevereiro;Toquelau;46488
Importação;2024;Fevereiro;Trinidad e Tobago;27695006
Importação;2024;Fevereiro;Tunísia;5185522
Importação;2024;Fevereiro;Turcas e Caicos, Ilhas;4061
Importação;2024;Fevereiro;Turcomenistão;1087
Importação;2024;Fevereiro;Turquia;89068936
Importação;2024;Fevereiro;Ucrânia;1811659
Importação;2024;Fevereiro;Uruguai;145726800
Importação;2024;Fevereiro;Uzbequistão;13724479
Importação;2024;Fevereiro;Venezuela;35233245
Importação;2024;Fevereiro;Vietnã;309751988
Importação;2024;Fevereiro;Virgens, Ilhas (Britânicas);173189
Importação;2024;Fevereiro;Zimbábue;198160
Importação;2024;Fevereiro;Zâmbia;65666
Importação;2024;Fevereiro;África do Sul;48156924
Importação;2024;Fevereiro;Áustria;113933573
Importação;2024;Fevereiro;Índia;415311609
Importação;2024;Março;Afeganistão;8181
Importação;2024;Março;Aland, Ilhas;6962
Importação;2024;Março;Albânia;708
Importação;2024;Março;Alemanha;1150443925
Importação;2024;Março;Andorra;7038
Importação;2024;Março;Angola;22
Importação;2024;Março;Anguilla;8035
Importação;2024;Março;Argentina;1218939262
Importação;2024;Março;Argélia;158465440
Importação;2024;Março;Armênia;6026
Importação;2024;Março;Aruba;1295
Importação;2024;Março;Arábia Saudita;203851763
Importação;2024;Março;Austrália;178096422
Importação;2024;Março;Azerbaijão;151063
Importação;2024;Março;Bahamas;106879
Importação;2024;Março;Bangladesh;19731945
Importação;2024;Março;Barbados;60249
Importação;2024;Março;Barein;12752663
Importação;2024;Março;Belarus;26613
Importação;2024;Março;Belize;5464
Importação;2024;Março;Bermudas;53848
Importação;2024;Março;Bolívia;98360997
Importação;2024;Março;Bonaire, Saint Eustatius e Saba;842
Importação;2024;Março;Botsuana;249
Importação;2024;Março;Brasil;32474131
Importação;2024;Março;Brunei;51338
Importação;2024;Março;Bulgária;7038609
Importação;2024;Março;Burkina Faso;6
Importação;2024;Março;Butão;43164
Importação;2024;Março;Bélgica;146422203
Importação;2024;Março;Bósnia-Herzegovina;436440
Importação;2024;Março;Cabo Verde;10311
Importação;2024;Março;Camarões;970627
Importação;2024;Março;Camboja;6674651
Importação;2024;Março;Canadá;199657262
Importação;2024;Março;Catar;33064921
Importação;2024;Março;Cayman, Ilhas;18771
Importação;2024;Março;Cazaquistão;3151880
Importação;2024;Março;Chade;259
Importação;2024;Março;Chile;337450782
Importação;2024;Março;China;4584700812
Importação;2024;Março;Chipre;54823
Importação;2024;Março;Cocos (Keeling), Ilhas;12078
Importação;2024;Março;Colômbia;157750712
Importação;2024;Março;Comores;8929
Importação;2024;Março;Congo, República Democrática;88
Importação;2024;Março;Coreia do Norte;43740
Importação;2024;Março;Coreia do Sul;412416118
Importação;2024;Março;Costa Rica;11371399
Importação;2024;Março;Costa do Marfim;17300030
Importação;2024;Março;Coveite (Kuweit);215164348
Importação;2024;Março;Croácia;1867308
Importação;2024;Março;Cuba;187062
Importação;2024;Março;Curaçao;113232
Importação;2024;Março;Dinamarca;78228977
Importação;2024;Março;Dominica;603
Importação;2024;Março;Egito;47693
Importação;2024;Março;El Salvador;995553
Importação;2024;Março;Emirados Árabes Unidos;174093344
Importação;2024;Março;Equador;6346371
Importação;2024;Março;Eritreia;1706
Importação;2024;Março;Eslováquia;23478349
Importação;2024;Março;Eslovênia;14920716
Importação;2024;Março;Espanha;252866570
Importação;2024;Março;Estados Unidos;3040769
Importação;2024;Março;Estônia;4495195
Importação;2024;Março;Etiópia;55
Importação;2024;Março;Filipinas;25903298
Importação;2024;Março;Finlândia;74255543
Importação;2024;Março;França;473853353
Importação;2024;Março;Gabão;84458070
Importação;2024;Março;Gana;163694
Importação;2024;Março;Geórgia;399890
Importação;2024;Março;Gibraltar;76
Importação;2024;Março;Grécia;6852415
Importação;2024;Março;Guatemala;4947303
Importação;2024;Março;Guiana;88905589
Importação;2024;Março;Guiné-Bissau;141
Importação;2024;Março;Gâmbia;17714
Importação;2024;Março;Haiti;104
Importação;2024;Março;Honduras;2189731
Importação;2024;Março;Hong Kong;65552663
Importação;2024;Março;Hungria;51641008
Importação;2024;Março;Indonésia;129085357
Importação;2024;Março;Iraque;13511
Importação;2024;Março;Irlanda;96996297
Importação;2024;Março;Irã;288241
Importação;2024;Março;Islândia;1465821
Importação;2024;Março;Israel;86940222
Importação;2024;Março;Itália;573825
Importação;2024;Março;Iêmen;56
Importação;2024;Março;Jamaica;2922
Importação;2024;Março;Japão;419498684
Importação;2024;Março;Jordânia;1771696
Importação;2024;Março;Laos;114459
Importação;2024;Março;Lesoto;63
Importação;2024;Março;Letônia;2076114
Importação;2024;Março;Liechtenstein;717911
Importação;2024;Março;Lituânia;2681272
Importação;2024;Março;Luxemburgo;3028964
Importação;2024;Março;Líbano;104
Importação;2024;Março;Macau;32029
Importação;2024;Março;Macedônia;2238125
Importação;2024;Março;Madagascar;219082
Importação;2024;Março;Maldivas;7882
Importação;2024;Março;Malta;1307557
Importação;2024;Março;Malásia;120036094
Importação;2024;Março;Marrocos;47430286
Importação;2024;Março;Marshall, Ilhas;8490
Importação;2024;Março;Maurício;78143
Importação;2024;Março;Mianmar;821885
Importação;2024;Março;Moldávia;331375
Importação;2024;Março;Mongólia;214
Importação;2024;Março;Montenegro;269
Importação;2024;Março;Moçambique;30346
Importação;2024;Março;México;432704458
Importação;2024;Março;Mônaco;304619
Importação;2024;Março;Namíbia;6589
Importação;2024;Março;Nauru;233760
Importação;2024;Março;Nepal;3666
Importação;2024;Março;Nicarágua;471804
Importação;2024;Março;Nigéria;117562048
Importação;2024;Março;Niue;526
Importação;2024;Março;Noruega;136354609
Importação;2024;Março;Nova Caledônia;10573
Importação;2024;Março;Nova Zelândia;8950692
Importação;2024;Março;Níger;132
Importação;2024;Março;Omã;55989360
Importação;2024;Março;Pacífico, Ilhas do (EUA);7140
Importação;2024;Março;Panamá;1134925
Importação;2024;Março;Paquistão;9191356
Importação;2024;Março;Paraguai;238991932
Importação;2024;Março;Países Baixos (Holanda);280280465
Importação;2024;Março;Peru;130510689
Importação;2024;Março;Pitcairn;763
Importação;2024;Março;Polinésia Francesa;2533
Importação;2024;Março;Polônia;83485852
Importação;2024;Março;Porto Rico;107529848
Importação;2024;Março;Portugal;120337670
Importação;2024;Março;Quirguistão;10
Importação;2024;Março;Quênia;25965
Importação;2024;Março;Reino Unido;232586588
Importação;2024;Março;República Dominicana;2498060
Importação;2024;Março;Romênia;28048124
Importação;2024;Março;Rússia;779439485
Importação;2024;Março;Salomão, Ilhas;629
Importação;2024;Março;Samoa;71068
Importação;2024;Março;Samoa Americana;64027
Importação;2024;Março;San Marino;2422574
Importação;2024;Março;Seicheles;7539
Importação;2024;Março;Senegal;145293
Importação;2024;Março;Serra Leoa;11256
Importação;2024;Março;Singapura;72935789
Importação;2024;Março;Somália;180
Importação;2024;Março;Sri Lanka;5824296
Importação;2024;Março;Suazilândia;8598
Importação;2024;Março;Suriname;13500
Importação;2024;Março;Suécia;196645461
Importação;2024;Março;Suíça;276615660
Importação;2024;Março;Svalbard e Jan Mayen;1946
Importação;2024;Março;São Cristóvão e Névis;20985
Importação;2024;Março;Sérvia;3079554
Importação;2024;Março;Síria;91548
Importação;2024;Março;Tadjiquistão;3811
Importação;2024;Março;Tailândia;188413290
Importação;2024;Março;Taiwan (Formosa);195692706
Importação;2024;Março;Tanzânia;1412
Importação;2024;Março;Tcheca, República;65265922
Importação;2024;Março;Terras Austrais Francesas;1058
Importação;2024;Março;Toquelau;75995
Importação;2024;Março;Trinidad e Tobago;27069840
Importação;2024;Março;Tunísia;5649558
Importação;2024;Março;Turcomenistão;5259
Importação;2024;Março;Turquia;94375025
Importação;2024;Março;Ucrânia;3091595
Importação;2024;Março;Uruguai;197476076
Importação;2024;Março;Uzbequistão;47664757
Importação;2024;Março;Venezuela;49607070
Importação;2024;Março;Vietnã;321207700
Importação;2024;Março;Virgens, Ilhas (Britânicas);170874
Importação;2024;Março;Zimbábue;60254
Importação;2024;Março;África do Sul;46092136
Importação;2024;Março;Áustria;120506628
Importação;2024;Março;Índia;437197423
Importação;2024;Abril;Afeganistão;9506
Importação;2024;Abril;Aland, Ilhas;11141
Importação;2024;Abril;Albânia;334785
Importação;2024;Abril;Alemanha;1170932324
Importação;2024;Abril;Andorra;35237
Importação;2024;Abril;Angola;92144172
Importação;2024;Abril;Anguilla;4407
Importação;2024;Abril;Argentina;1212828004
Importação;2024;Abril;Argélia;165387239
Importação;2024;Abril;Armênia;693258
Importação;2024;Abril;Aruba;1
Importação;2024;Abril;Arábia Saudita;319814421
Importação;2024;Abril;Austrália;121227124
Importação;2024;Abril;Azerbaijão;148608
Importação;2024;Abril;Bahamas;34
Importação;2024;Abril;Bangladesh;27564852
Importação;2024;Abril;Barbados;25288
Importação;2024;Abril;Barein;58905443
Importação;2024;Abril;Belarus;509545
Importação;2024;Abril;Belize;11559
Importação;2024;Abril;Bermudas;171961
Importação;2024;Abril;Bolívia;144244754
Importação;2024;Abril;Bonaire, Saint Eustatius e Saba;670
Importação;2024;Abril;Botsuana;8824
Importação;2024;Abril;Brasil;68855259
Importação;2024;Abril;Brunei;26465333
Importação;2024;Abril;Bulgária;7238455
Importação;2024;Abril;Burkina Faso;92
Importação;2024;Abril;Burundi;12076
Importação;2024;Abril;Butão;50756
Importação;2024;Abril;Bélgica;136755449
Importação;2024;Abril;Bósnia-Herzegovina;849809
Importação;2024;Abril;Camarões;890793
Importação;2024;Abril;Camboja;9705102
Importação;2024;Abril;Canadá;271779171
Importação;2024;Abril;Catar;40073753
Importação;2024;Abril;Cayman, Ilhas;5734
Importação;2024;Abril;Cazaquistão;6476324
Importação;2024;Abril;Chade;199
Importação;2024;Abril;Chile;497334896
Importação;2024;Abril;China;4665532045
Importação;2024;Abril;Chipre;249991
Importação;2024;Abril;Cocos (Keeling), Ilhas;21365
Importação;2024;Abril;Colômbia;175469446
Importação;2024;Abril;Congo;95038241
Importação;2024;Abril;Cook, Ilhas;2351
Importação;2024;Abril;Coreia do Sul;481105405
Importação;2024;Abril;Costa Rica;12634572
Importação;2024;Abril;Costa do Marfim;44874424
Importação;2024;Abril;Coveite (Kuweit);70898888
Importação;2024;Abril;Croácia;5202378
Importação;2024;Abril;Cuba;346384
Importação;2024;Abril;Curaçao;8882
Importação;2024;Abril;Dinamarca;121347866
Importação;2024;Abril;Egito;63907872
Importação;2024;Abril;El Salvador;381340
Importação;2024;Abril;Emirados Árabes Unidos;18859470
Importação;2024;Abril;Equador;11625291
Importação;2024;Abril;Eslováquia;29622507
Importação;2024;Abril;Eslovênia;18173521
Importação;2024;Abril;Espanha;295681120
Importação;2024;Abril;Estados Unidos;3322592308
Importação;2024;Abril;Estônia;4800032
Importação;2024;Abril;Etiópia;18
Importação;2024;Abril;Falkland (Malvinas);37
Importação;2024;Abril;Filipinas;26402208
Importação;2024;Abril;Finlândia;63106155
Importação;2024;Abril;França;544310636
Importação;2024;Abril;Gabão;60765518
Importação;2024;Abril;Gana;91839420
Importação;2024;Abril;Geórgia;98206
Importação;2024;Abril;Geórgia do Sul e Sandwich do Sul, Ilhas;4692
Importação;2024;Abril;Grécia;7503707
Importação;2024;Abril;Guatemala;6384223
Importação;2024;Abril;Guernsey;20038
Importação;2024;Abril;Guiana;60747364
Importação;2024;Abril;Gâmbia;91
Importação;2024;Abril;Haiti;68646
Importação;2024;Abril;Honduras;1412458
Importação;2024;Abril;Hong Kong;72096582
Importação;2024;Abril;Hungria;50634
Importação;2024;Abril;Indonésia;175766603
Importação;2024;Abril;Irlanda;118636950
Importação;2024;Abril;Irã;712608
Importação;2024;Abril;Islândia;1655968
Importação;2024;Abril;Israel;84562409
Importação;2024;Abril;Itália;473675629
Importação;2024;Abril;Jamaica;984
Importação;2024;Abril;Japão;532623206
Importação;2024;Abril;Jordânia;13358238
Importação;2024;Abril;Laos;257615
Importação;2024;Abril;Letônia;3629
Importação;2024;Abril;Libéria;421
Importação;2024;Abril;Liechtenstein;609790
Importação;2024;Abril;Lituânia;3616967
Importação;2024;Abril;Luxemburgo;5095436
Importação;2024;Abril;Líbano;64082
Importação;2024;Abril;Macau;106758
Importação;2024;Abril;Macedônia;1589088
Importação;2024;Abril;Madagascar;940965
Importação;2024;Abril;Malavi;553171
Importação;2024;Abril;Maldivas;63056
Importação;2024;Abril;Mali;2767
Importação;2024;Abril;Malta;953227
Importação;2024;Abril;Malásia;121697422
Importação;2024;Abril;Marrocos;121334351
Importação;2024;Abril;Marshall, Ilhas;17742
Importação;2024;Abril;Mauritânia;486
Importação;2024;Abril;Maurício;115587
Importação;2024;Abril;Mianmar;9547
Importação;2024;Abril;Micronésia;399
Importação;2024;Abril;Moldávia;346204
Importação;2024;Abril;Montenegro;1030
Importação;2024;Abril;Moçambique;606666
Importação;2024;Abril;México;507997235
Importação;2024;Abril;Mônaco;132676
Importação;2024;Abril;Namíbia;231060
Importação;2024;Abril;Nauru;327163
Importação;2024;Abril;Nepal;3842
Importação;2024;Abril;Nicarágua;323433
Importação;2024;Abril;Nigéria;52714584
Importação;2024;Abril;Niue;17
Importação;2024;Abril;Noruega;53367202
Importação;2024;Abril;Nova Zelândia;6313794
Importação;2024;Abril;Omã;96770509
Importação;2024;Abril;Panamá;1234241
Importação;2024;Abril;Paquistão;12982166
Importação;2024;Abril;Paraguai;318305977
Importação;2024;Abril;Países Baixos (Holanda);204594331
Importação;2024;Abril;Peru;148822358
Importação;2024;Abril;Polônia;87843505
Importação;2024;Abril;Porto Rico;65822894
Importação;2024;Abril;Portugal;119616870
Importação;2024;Abril;Quênia;186828
Importação;2024;Abril;Reino Unido;278947119
Importação;2024;Abril;República Dominicana;3166470
Importação;2024;Abril;Romênia;39954097
Importação;2024;Abril;Rússia;876388004
Importação;2024;Abril;Saara Ocidental;180
Importação;2024;Abril;Samoa;7104
Importação;2024;Abril;Samoa Americana;682589
Importação;2024;Abril;San Marino;841972
Importação;2024;Abril;Seicheles;16
Importação;2024;Abril;Senegal;632534
Importação;2024;Abril;Serra Leoa;18073
Importação;2024;Abril;Singapura;67769852
Importação;2024;Abril;Sri Lanka;5760567
Importação;2024;Abril;Suazilândia;4372
Importação;2024;Abril;Sudão do Sul;54
Importação;2024;Abril;Suriname;10758
Importação;2024;Abril;Suécia;173690749
Importação;2024;Abril;Suíça;283146439
Importação;2024;Abril;São Cristóvão e Névis;18997
Importação;2024;Abril;Sérvia;2781385
Importação;2024;Abril;Tadjiquistão;12944
Importação;2024;Abril;Tailândia;243633595
Importação;2024;Abril;Taiwan (Formosa);237585288
Importação;2024;Abril;Tanzânia;240248
Importação;2024;Abril;Tcheca, República;72084235
Importação;2024;Abril;Toquelau;200892
Importação;2024;Abril;Trinidad e Tobago;15789967
Importação;2024;Abril;Tunísia;3852771
Importação;2024;Abril;Turcas e Caicos, Ilhas;758
Importação;2024;Abril;Turcomenistão;414
Importação;2024;Abril;Turquia;112905007
Importação;2024;Abril;Ucrânia;6614693
Importação;2024;Abril;Uruguai;208840378
Importação;2024;Abril;Uzbequistão;49868559
Importação;2024;Abril;Vaticano;28
Importação;2024;Abril;Venezuela;58006088
Importação;2024;Abril;Vietnã;302472362
Importação;2024;Abril;Virgens, Ilhas (Britânicas);112758
Importação;2024;Abril;Zimbábue;987709
Importação;2024;Abril;Zâmbia;145984
Importação;2024;Abril;África do Sul;61261575
Importação;2024;Abril;Áustria;114237039
Importação;2024;Abril;Índia;527282388
Importação;2024;Maio;Afeganistão;28233
Importação;2024;Maio;Aland, Ilhas;9253
Importação;2024;Maio;Albânia;774067
Importação;2024;Maio;Alemanha;1202004427
Importação;2024;Maio;Angola;182528838
Importação;2024;Maio;Anguilla;14127
Importação;2024;Maio;Argentina;1118436669
Importação;2024;Maio;Argélia;10614423
Importação;2024;Maio;Armênia;31411
Importação;2024;Maio;Aruba;506
Importação;2024;Maio;Arábia Saudita;262451340
Importação;2024;Maio;Austrália;148748735
Importação;2024;Maio;Azerbaijão;398135
Importação;2024;Maio;Bancos Centrais;49
Importação;2024;Maio;Bangladesh;16071772
Importação;2024;Maio;Barein;6442816
Importação;2024;Maio;Belarus;444452
Importação;2024;Maio;Bolívia;115151457
Importação;2024;Maio;Bonaire, Saint Eustatius e Saba;1980
Importação;2024;Maio;Botsuana;305
Importação;2024;Maio;Brasil;24971676
Importação;2024;Maio;Bulgária;7590736
Importação;2024;Maio;Burkina Faso;131
Importação;2024;Maio;Butão;64968
Importação;2024;Maio;Bélgica;135064374
Importação;2024;Maio;Bósnia-Herzegovina;907597
Importação;2024;Maio;Cabo Verde;45
Importação;2024;Maio;Camarões;577454
Importação;2024;Maio;Camboja;6299
Importação;2024;Maio;Canadá;242199177
Importação;2024;Maio;Catar;64559194
Importação;2024;Maio;Cayman, Ilhas;6267
Importação;2024;Maio;Cazaquistão;7033715
Importação;2024;Maio;Chade;100
Importação;2024;Maio;Chile;418483335
Importação;2024;Maio;China;4570311711
Importação;2024;Maio;Chipre;116528
Importação;2024;Maio;Cocos (Keeling), Ilhas;14125
Importação;2024;Maio;Colômbia;156274118
Importação;2024;Maio;Comores;605
Importação;2024;Maio;Congo, República Democrática;219
Importação;2024;Maio;Coreia do Sul;412553840
Importação;2024;Maio;Costa Rica;9796518
Importação;2024;Maio;Costa do Marfim;3350375
Importação;2024;Maio;Coveite (Kuweit);55387
Importação;2024;Maio;Croácia;1551097
Importação;2024;Maio;Cuba;253914
Importação;2024;Maio;Curaçao;227741
Importação;2024;Maio;Dinamarca;211615591
Importação;2024;Maio;Dominica;51
Importação;2024;Maio;Egito;51779833
Importação;2024;Maio;El Salvador;310358
Importação;2024;Maio;Emirados Árabes Unidos;18557429
Importação;2024;Maio;Equador;7645174
Importação;2024;Maio;Eritreia;33
Importação;2024;Maio;Eslováquia;64484951
Importação;2024;Maio;Eslovênia;32750736
Importação;2024;Maio;Espanha;447115711
Importação;2024;Maio;Estados Unidos;3814946608
Importação;2024;Maio;Estônia;4449740
Importação;2024;Maio;Etiópia;114285
Importação;2024;Maio;Fiji;5092
Importação;2024;Maio;Filipinas;21734361
Importação;2024;Maio;Finlândia;46390388
Importação;2024;Maio;França;603876867
Importação;2024;Maio;Gabão;59158559
Importação;2024;Maio;Gana;81815164
Importação;2024;Maio;Geórgia;23558
Importação;2024;Maio;Gibraltar;20681
Importação;2024;Maio;Grécia;20298820
Importação;2024;Maio;Guatemala;4303157
Importação;2024;Maio;Guiana;81271983
Importação;2024;Maio;Gâmbia;75
Importação;2024;Maio;Haiti;69506
Importação;2024;Maio;Honduras;2390941
Importação;2024;Maio;Hong Kong;93907635
Importação;2024;Maio;Hungria;50507565
Importação;2024;Maio;Indonésia;98777680
Importação;2024;Maio;Irlanda;102891229
Importação;2024;Maio;Irã;764548
Importação;2024;Maio;Islândia;961335
Importação;2024;Maio;Israel;114699570
Importação;2024;Maio;Itália;527828698
Importação;2024;Maio;Jamaica;8451
Importação;2024;Maio;Japão;393890239
Importação;2024;Maio;Jersey;84215796
Importação;2024;Maio;Jordânia;14170840
Importação;2024;Maio;Kiribati;2080
Importação;2024;Maio;Laos;155203
Importação;2024;Maio;Letônia;3489041
Importação;2024;Maio;Liechtenstein;702254
Importação;2024;Maio;Lituânia;3890808
Importação;2024;Maio;Luxemburgo;3835703
Importação;2024;Maio;Líbano;127112
Importação;2024;Maio;Macau;86451
Importação;2024;Maio;Macedônia;1952669
Importação;2024;Maio;Madagascar;892488
Importação;2024;Maio;Malavi;75918
Importação;2024;Maio;Maldivas;7882
Importação;2024;Maio;Malta;809308
Importação;2024;Maio;Malásia;1339763
Importação;2024;Maio;Marrocos;113785398
Importação;2024;Maio;Marshall, Ilhas;81149
Importação;2024;Maio;Maurício;745465
Importação;2024;Maio;Mianmar;433028
Importação;2024;Maio;Micronésia;25
Importação;2024;Maio;Moldávia;446109
Importação;2024;Maio;Mongólia;32618
Importação;2024;Maio;Montenegro;1297
Importação;2024;Maio;Montserrat;190
Importação;2024;Maio;México;445496118
Importação;2024;Maio;Mônaco;513210
Importação;2024;Maio;Namíbia;73589
Importação;2024;Maio;Nauru;214282
Importação;2024;Maio;Nepal;3848
Importação;2024;Maio;Nicarágua;476243
Importação;2024;Maio;Nigéria;146342726
Importação;2024;Maio;Niue;8217
Importação;2024;Maio;Noruega;125573700
Importação;2024;Maio;Nova Caledônia;2132
Importação;2024;Maio;Nova Zelândia;14006217
Importação;2024;Maio;Níger;11487
Importação;2024;Maio;Omã;34906121
Importação;2024;Maio;Panamá;949558
Importação;2024;Maio;Papua Nova Guiné;20892
Importação;2024;Maio;Paquistão;12670628
Importação;2024;Maio;Paraguai;317293916
Importação;2024;Maio;Países Baixos (Holanda);156407407
Importação;2024;Maio;Peru;124078465
Importação;2024;Maio;Polônia;86957517
Importação;2024;Maio;Porto Rico;41251861
Importação;2024;Maio;Portugal;128770874
Importação;2024;Maio;Quirguistão;10
Importação;2024;Maio;Quênia;859
Importação;2024;Maio;Reino Unido;230404
Importação;2024;Maio;República Centro-Africana;155
Importação;2024;Maio;República Dominicana;3478629
Importação;2024;Maio;Romênia;32078851
Importação;2024;Maio;Rússia;1091277121
Importação;2024;Maio;Samoa;44234
Importação;2024;Maio;Samoa Americana;37576
Importação;2024;Maio;San Marino;858244
Importação;2024;Maio;Seicheles;29470
Importação;2024;Maio;Senegal;314459
Importação;2024;Maio;Serra Leoa;29628
Importação;2024;Maio;Singapura;75275114
Importação;2024;Maio;Sri Lanka;7834872
Importação;2024;Maio;Suazilândia;15608
Importação;2024;Maio;Sudão;14614
Importação;2024;Maio;Suécia;192311819
Importação;2024;Maio;Suíça;302646386
Importação;2024;Maio;São Cristóvão e Névis;12846
Importação;2024;Maio;Sérvia;4672731
Importação;2024;Maio;Síria;79403
Importação;2024;Maio;Tadjiquistão;319712
Importação;2024;Maio;Tailândia;165143568
Importação;2024;Maio;Taiwan (Formosa);192494762
Importação;2024;Maio;Tanzânia;45649
Importação;2024;Maio;Tcheca, República;60856285
Importação;2024;Maio;Terras Austrais Francesas;359
Importação;2024;Maio;Togo;1284
Importação;2024;Maio;Toquelau;193651
Importação;2024;Maio;Trinidad e Tobago;23148
Importação;2024;Maio;Tunísia;6204189
Importação;2024;Maio;Turcomenistão;1926622
Importação;2024;Maio;Turquia;97642088
Importação;2024;Maio;Tuvalu;1142
Importação;2024;Maio;Ucrânia;3357995
Importação;2024;Maio;Uganda;5000
Importação;2024;Maio;Uruguai;199778329
Importação;2024;Maio;Uzbequistão;49494674
Importação;2024;Maio;Venezuela;36687494
Importação;2024;Maio;Vietnã;302650971
Importação;2024;Maio;Zimbábue;350
Importação;2024;Maio;Zâmbia;3170
Importação;2024;Maio;África do Sul;57508738
Importação;2024;Maio;Áustria;139652644
Importação;2024;Maio;Índia;524137324
Importação;2024;Junho;Afeganistão;20232
Importação;2024;Junho;Aland, Ilhas;9460
Importação;2024;Junho;Albânia;433962
Importação;2024;Junho;Alemanha;1194827909
Importação;2024;Junho;Andorra;680
Importação;2024;Junho;Angola;82499759
Importação;2024;Junho;Anguilla;16557
Importação;2024;Junho;Antígua e Barbuda;6175
Importação;2024;Junho;Argentina;1009744476
Importação;2024;Junho;Argélia;72026465
Importação;2024;Junho;Armênia;18051
Importação;2024;Junho;Aruba;1810
Importação;2024;Junho;Arábia Saudita;166826629
Importação;2024;Junho;Austrália;121583095
Importação;2024;Junho;Azerbaijão;148608
Importação;2024;Junho;Bangladesh;20299877
Importação;2024;Junho;Barbados;108
Importação;2024;Junho;Barein;6708616
Importação;2024;Junho;Belarus;67268
Importação;2024;Junho;Belize;3040
Importação;2024;Junho;Benin;27
Importação;2024;Junho;Bolívia;105644872
Importação;2024;Junho;Brasil;43097804
Importação;2024;Junho;Brunei;18454580
Importação;2024;Junho;Bulgária;8211061
Importação;2024;Junho;Burkina Faso;170
Importação;2024;Junho;Butão;66797
Importação;2024;Junho;Bélgica;150257866
Importação;2024;Junho;Bósnia-Herzegovina;1021712
Importação;2024;Junho;Camarões;489321
Importação;2024;Junho;Camboja;6945242
Importação;2024;Junho;Canadá;291887159
Importação;2024;Junho;Catar;46946814
Importação;2024;Junho;Cayman, Ilhas;1880
Importação;2024;Junho;Cazaquistão;15598331
Importação;2024;Junho;Chile;471635570
Importação;2024;Junho;China;5841394471
Importação;2024;Junho;Chipre;329685
Importação;2024;Junho;Cocos (Keeling), Ilhas;53712
Importação;2024;Junho;Colômbia;139762579
Importação;2024;Junho;Comores;7470
Importação;2024;Junho;Congo;5171
Importação;2024;Junho;Coreia do Sul;417022903
Importação;2024;Junho;Costa Rica;9794708
Importação;2024;Junho;Costa do Marfim;5655380
Importação;2024;Junho;Coveite (Kuweit);633
Importação;2024;Junho;Croácia;851960
Importação;2024;Junho;Cuba;167132
Importação;2024;Junho;Curaçao;13229
Importação;2024;Junho;Dinamarca;186791000
Importação;2024;Junho;Dominica;4541
Importação;2024;Junho;Egito;116692374
Importação;2024;Junho;El Salvador;421923
Importação;2024;Junho;Emirados Árabes Unidos;208561448
Importação;2024;Junho;Equador;10930033
Importação;2024;Junho;Eritreia;61
Importação;2024;Junho;Eslováquia;73046984
Importação;2024;Junho;Eslovênia;11964460
Importação;2024;Junho;Espanha;283117666
Importação;2024;Junho;Estados Unidos;3337858525
Importação;2024;Junho;Estônia;5862027
Importação;2024;Junho;Etiópia;7636
Importação;2024;Junho;Falkland (Malvinas);1417
Importação;2024;Junho;Filipinas;21786605
Importação;2024;Junho;Finlândia;51408785
Importação;2024;Junho;França;474315351
Importação;2024;Junho;Gabão;83964480
Importação;2024;Junho;Gana;1971759
Importação;2024;Junho;Geórgia;467608
Importação;2024;Junho;Granada;222
Importação;2024;Junho;Grécia;7920952
Importação;2024;Junho;Guadalupe;8674
Importação;2024;Junho;Guatemala;5981617
Importação;2024;Junho;Guernsey;3069
Importação;2024;Junho;Guiana;81953921
Importação;2024;Junho;Guiné Equatorial;9893
Importação;2024;Junho;Gâmbia;95
Importação;2024;Junho;Haiti;87444
Importação;2024;Junho;Honduras;2051830
Importação;2024;Junho;Hong Kong;112230264
Importação;2024;Junho;Hungria;54760248
Importação;2024;Junho;Indonésia;135976834
Importação;2024;Junho;Iraque;51618
Importação;2024;Junho;Irlanda;70686754
Importação;2024;Junho;Irã;609159
Importação;2024;Junho;Islândia;989075
Importação;2024;Junho;Israel;133721188
Importação;2024;Junho;Itália;600576923
Importação;2024;Junho;Iêmen;1003
Importação;2024;Junho;Jamaica;190
Importação;2024;Junho;Japão;426820552
Importação;2024;Junho;Jersey;147
Importação;2024;Junho;Jordânia;5767299
Importação;2024;Junho;Kiribati;6114
Importação;2024;Junho;Laos;312557
Importação;2024;Junho;Letônia;2248938
Importação;2024;Junho;Liechtenstein;771398
Importação;2024;Junho;Lituânia;9848281
Importação;2024;Junho;Luxemburgo;4180888
Importação;2024;Junho;Líbano;304520
Importação;2024;Junho;Macau;80896
Importação;2024;Junho;Macedônia;1444
Importação;2024;Junho;Madagascar;507968
Importação;2024;Junho;Malavi;4759442
Importação;2024;Junho;Mali;38
Importação;2024;Junho;Malta;27886882
Importação;2024;Junho;Malásia;115229976
Importação;2024;Junho;Marrocos;169446080
Importação;2024;Junho;Marshall, Ilhas;36973
Importação;2024;Junho;Maurício;4781
Importação;2024;Junho;Mianmar;858267
Importação;2024;Junho;Micronésia;14
Importação;2024;Junho;Moldávia;373129
Importação;2024;Junho;Mongólia;387
Importação;2024;Junho;Montenegro;26
Importação;2024;Junho;Moçambique;538
Importação;2024;Junho;México;463441572
Importação;2024;Junho;Mônaco;294552
Importação;2024;Junho;Namíbia;18606
Importação;2024;Junho;Nauru;129197
Importação;2024;Junho;Nepal;7230
Importação;2024;Junho;Nicarágua;544468
Importação;2024;Junho;Nigéria;122728679
Importação;2024;Junho;Niue;439
Importação;2024;Junho;Noruega;45404982
Importação;2024;Junho;Nova Caledônia;12370
Importação;2024;Junho;Nova Zelândia;6852784
Importação;2024;Junho;Níger;2
Importação;2024;Junho;Omã;118291947
Importação;2024;Junho;Palau;107
Importação;2024;Junho;Palestina;119669
Importação;2024;Junho;Panamá;2080463
Importação;2024;Junho;Paquistão;12146393
Importação;2024;Junho;Paraguai;326959846
Importação;2024;Junho;Países Baixos (Holanda);125164822
Importação;2024;Junho;Peru;106500928
Importação;2024;Junho;Polinésia Francesa;1433
Importação;2024;Junho;Polônia;91643920
Importação;2024;Junho;Porto Rico;34554639
Importação;2024;Junho;Portugal;102928346
Importação;2024;Junho;Quirguistão;19
Importação;2024;Junho;Quênia;163362
Importação;2024;Junho;Reino Unido;223525375
Importação;2024;Junho;República Centro-Africana;171
Importação;2024;Junho;República Dominicana;2328
Importação;2024;Junho;Romênia;33422397
Importação;2024;Junho;Ruanda;14900
Importação;2024;Junho;Rússia;1129911082
Importação;2024;Junho;Samoa;28841
Importação;2024;Junho;Samoa Americana;56868
Importação;2024;Junho;San Marino;448973
Importação;2024;Junho;Seicheles;9348
Importação;2024;Junho;Senegal;278297
Importação;2024;Junho;Serra Leoa;43958
Importação;2024;Junho;Singapura;47545741
Importação;2024;Junho;Sri Lanka;6732460
Importação;2024;Junho;Suazilândia;2463
Importação;2024;Junho;Suécia;172429074
Importação;2024;Junho;Suíça;219384298
Importação;2024;Junho;Svalbard e Jan Mayen;4107
Importação;2024;Junho;São Bartolomeu;18
Importação;2024;Junho;São Cristóvão e Névis;21996
Importação;2024;Junho;Sérvia;2879425
Importação;2024;Junho;Tadjiquistão;6544
Importação;2024;Junho;Tailândia;197118666
Importação;2024;Junho;Taiwan (Formosa);225008
Importação;2024;Junho;Tanzânia;384098
Importação;2024;Junho;Tcheca, República;57396048
Importação;2024;Junho;Terras Austrais Francesas;143
Importação;2024;Junho;Toquelau;117490
Importação;2024;Junho;Trinidad e Tobago;22467268
Importação;2024;Junho;Tunísia;5587065
Importação;2024;Junho;Turcomenistão;10853
Importação;2024;Junho;Turquia;152770
Importação;2024;Junho;Ucrânia;5051406
Importação;2024;Junho;Uruguai;156140
Importação;2024;Junho;Uzbequistão;32273
Importação;2024;Junho;Venezuela;29354606
Importação;2024;Junho;Vietnã;254163671
Importação;2024;Junho;Virgens, Ilhas (Britânicas);76967
Importação;2024;Junho;Zimbábue;945535
Importação;2024;Junho;Zâmbia;242782
Importação;2024;Junho;África do Sul;67598737
Importação;2024;Junho;Áustria;109860
Importação;2024;Junho;Índia;641084437
Importação;2024;Julho;Afeganistão;102365
Importação;2024;Julho;Aland, Ilhas;6987
Importação;2024;Julho;Albânia;228097
Importação;2024;Julho;Alemanha;1208639958
Importação;2024;Julho;Andorra;20559
Importação;2024;Julho;Angola;103767421
Importação;2024;Julho;Anguilla;11902
Importação;2024;Julho;Antártica;14
Importação;2024;Julho;Argentina;1198050886
Importação;2024;Julho;Argélia;133227097
Importação;2024;Julho;Armênia;171
Importação;2024;Julho;Aruba;1220
Importação;2024;Julho;Arábia Saudita;288484159
Importação;2024;Julho;Austrália;135267197
Importação;2024;Julho;Azerbaijão;148809
Importação;2024;Julho;Bancos Centrais;9
Importação;2024;Julho;Bangladesh;13638
Importação;2024;Julho;Barbados;56843
Importação;2024;Julho;Barein;7333873
Importação;2024;Julho;Belarus;78077
Importação;2024;Julho;Belize;2858
Importação;2024;Julho;Bermudas;17299
Importação;2024;Julho;Bolívia;113517264
Importação;2024;Julho;Brasil;41537123
Importação;2024;Julho;Brunei;163
Importação;2024;Julho;Bulgária;9681258
Importação;2024;Julho;Burkina Faso;54
Importação;2024;Julho;Butão;34662
Importação;2024;Julho;Bélgica;173765726
Importação;2024;Julho;Bósnia-Herzegovina;1057809
Importação;2024;Julho;Camarões;964417
Importação;2024;Julho;Camboja;12043373
Importação;2024;Julho;Canadá;309745102
Importação;2024;Julho;Catar;125137412
Importação;2024;Julho;Cayman, Ilhas;13
Importação;2024;Julho;Cazaquistão;1918497
Importação;2024;Julho;Chade;256
Importação;2024;Julho;Chile;466515088
Importação;2024;Julho;China;5521808048
Importação;2024;Julho;Chipre;67234
Importação;2024;Julho;Cocos (Keeling), Ilhas;21930
Importação;2024;Julho;Colômbia;182983414
Importação;2024;Julho;Comores;17490
Importação;2024;Julho;Coreia do Sul;4546352
Importação;2024;Julho;Costa Rica;10046568
Importação;2024;Julho;Costa do Marfim;6214189
Importação;2024;Julho;Coveite (Kuweit);1280429
Importação;2024;Julho;Croácia;1643962
Importação;2024;Julho;Cuba;436722
Importação;2024;Julho;Curaçao;14735
Importação;2024;Julho;Dinamarca;199552898
Importação;2024;Julho;Dominica;611
Importação;2024;Julho;Egito;105545449
Importação;2024;Julho;El Salvador;428887
Importação;2024;Julho;Emirados Árabes Unidos;19816124
Importação;2024;Julho;Equador;7745477
Importação;2024;Julho;Eritreia;7
Importação;2024;Julho;Eslováquia;28295395
Importação;2024;Julho;Eslovênia;13208487
Importação;2024;Julho;Espanha;412735889
Importação;2024;Julho;Estados Unidos;3612934782
Importação;2024;Julho;Estônia;5616040
Importação;2024;Julho;Etiópia;31753
Importação;2024;Julho;Falkland (Malvinas);18
Importação;2024;Julho;Filipinas;28473103
Importação;2024;Julho;Finlândia;59146239
Importação;2024;Julho;França;516023573
Importação;2024;Julho;Gabão;60569866
Importação;2024;Julho;Gana;2682146
Importação;2024;Julho;Geórgia;200392
Importação;2024;Julho;Gibraltar;45253
Importação;2024;Julho;Grécia;23159958
Importação;2024;Julho;Guadalupe;243
Importação;2024;Julho;Guatemala;3036343
Importação;2024;Julho;Guernsey;19149
Importação;2024;Julho;Guiana;80920326
Importação;2024;Julho;Guiné Equatorial;538
Importação;2024;Julho;Gâmbia;25383
Importação;2024;Julho;Haiti;88696
Importação;2024;Julho;Honduras;1850451
Importação;2024;Julho;Hong Kong;75903527
Importação;2024;Julho;Hungria;50499739
Importação;2024;Julho;Ilha de Man;32
Importação;2024;Julho;Indonésia;189850542
Importação;2024;Julho;Iraque;12342
Importação;2024;Julho;Irlanda;103939384
Importação;2024;Julho;Irã;364976
Importação;2024;Julho;Islândia;1152536
Importação;2024;Julho;Israel;109842140
Importação;2024;Julho;Itália;565883507
Importação;2024;Julho;Iêmen;13
Importação;2024;Julho;Jamaica;2812
Importação;2024;Julho;Japão;464446211
Importação;2024;Julho;Jordânia;19127110
Importação;2024;Julho;Laos;8009180
Importação;2024;Julho;Lesoto;1232
Importação;2024;Julho;Letônia;3063281
Importação;2024;Julho;Libéria;117715
Importação;2024;Julho;Liechtenstein;852671
Importação;2024;Julho;Lituânia;2937417
Importação;2024;Julho;Luxemburgo;3735297
Importação;2024;Julho;Líbano;170441
Importação;2024;Julho;Macau;7483
Importação;2024;Julho;Macedônia;2849216
Importação;2024;Julho;Madagascar;594088
Importação;2024;Julho;Malavi;3490
Importação;2024;Julho;Maldivas;39410
Importação;2024;Julho;Mali;169355
Importação;2024;Julho;Malta;53698565
Importação;2024;Julho;Malásia;133319
Importação;2024;Julho;Marrocos;163199485
Importação;2024;Julho;Marshall, Ilhas;13529
Importação;2024;Julho;Maurício;17210
Importação;2024;Julho;Mianmar;557934
Importação;2024;Julho;Moldávia;303319
Importação;2024;Julho;Montenegro;391
Importação;2024;Julho;Montserrat;589
Importação;2024;Julho;Moçambique;785134
Importação;2024;Julho;México;445356539
Importação;2024;Julho;Mônaco;589798
Importação;2024;Julho;Namíbia;11626
Importação;2024;Julho;Nauru;388643
Importação;2024;Julho;Nepal;21395
Importação;2024;Julho;Nicarágua;222630
Importação;2024;Julho;Nigéria;162680623
Importação;2024;Julho;Noruega;127043834
Importação;2024;Julho;Nova Zelândia;8163353
Importação;2024;Julho;Omã;21376251
Importação;2024;Julho;Organizações Internacionais;2913
Importação;2024;Julho;Palestina;228
Importação;2024;Julho;Panamá;1371815
Importação;2024;Julho;Paquistão;11293332
Importação;2024;Julho;Paraguai;310385423
Importação;2024;Julho;Países Baixos (Holanda);183175586
Importação;2024;Julho;Peru;141172546
Importação;2024;Julho;Polinésia Francesa;51165
Importação;2024;Julho;Polônia;98204697
Importação;2024;Julho;Porto Rico;87451135
Importação;2024;Julho;Portugal;75366387
Importação;2024;Julho;Quirguistão;19
Importação;2024;Julho;Quênia;154468
Importação;2024;Julho;Reino Unido;257882716
Importação;2024;Julho;República Centro-Africana;29
Importação;2024;Julho;República Dominicana;2054415
Importação;2024;Julho;Romênia;37134066
Importação;2024;Julho;Ruanda;380
Importação;2024;Julho;Rússia;1167242085
Importação;2024;Julho;Salomão, Ilhas;1098
Importação;2024;Julho;Samoa;9222
Importação;2024;Julho;Samoa Americana;49860
Importação;2024;Julho;San Marino;842923
Importação;2024;Julho;Seicheles;6247
Importação;2024;Julho;Senegal;5541355
Importação;2024;Julho;Serra Leoa;10006
Importação;2024;Julho;Singapura;65926205
Importação;2024;Julho;Somália;3107
Importação;2024;Julho;Sri Lanka;7235522
Importação;2024;Julho;Suazilândia;4208
Importação;2024;Julho;Suécia;199352657
Importação;2024;Julho;Suíça;238526004
Importação;2024;Julho;São Cristóvão e Névis;32050
Importação;2024;Julho;Sérvia;4880614
Importação;2024;Julho;Tadjiquistão;8684
Importação;2024;Julho;Tailândia;233371710
Importação;2024;Julho;Taiwan (Formosa);250827058
Importação;2024;Julho;Tanzânia;237786
Importação;2024;Julho;Tcheca, República;68818921
Importação;2024;Julho;Terras Austrais Francesas;27
Importação;2024;Julho;Timor Leste;672
Importação;2024;Julho;Tonga;165
Importação;2024;Julho;Toquelau;136177
Importação;2024;Julho;Trinidad e Tobago;28313624
Importação;2024;Julho;Tunísia;5959868
Importação;2024;Julho;Turcomenistão;8
Importação;2024;Julho;Turquia;107309704
Importação;2024;Julho;Ucrânia;4400396
Importação;2024;Julho;Uruguai;199386092
Importação;2024;Julho;Uzbequistão;39165859
Importação;2024;Julho;Venezuela;41228588
Importação;2024;Julho;Vietnã;284049896
Importação;2024;Julho;Virgens, Ilhas (Britânicas);169351
Importação;2024;Julho;Zâmbia;31477
Importação;2024;Julho;África do Sul;49520312
Importação;2024;Julho;Áustria;109337951
Importação;2024;Julho;Índia;544911947
Importação;2024;Agosto;Afeganistão;127470
Importação;2024;Agosto;Aland, Ilhas;177749
Importação;2024;Agosto;Albânia;336430
Importação;2024;Agosto;Alemanha;1271106004
Importação;2024;Agosto;Andorra;580
Importação;2024;Agosto;Angola;78591940
Importação;2024;Agosto;Anguilla;14840
Importação;2024;Agosto;Argentina;1165537084
Importação;2024;Agosto;Argélia;166794053
Importação;2024;Agosto;Armênia;19795
Importação;2024;Agosto;Arábia Saudita;405381351
Importação;2024;Agosto;Austrália;188497
Importação;2024;Agosto;Azerbaijão;297216
Importação;2024;Agosto;Bahamas;12122
Importação;2024;Agosto;Bancos Centrais;6835
Importação;2024;Agosto;Bangladesh;18411695
Importação;2024;Agosto;Barein;18871543
Importação;2024;Agosto;Belarus;83257
Importação;2024;Agosto;Belize;19026
Importação;2024;Agosto;Benin;138
Importação;2024;Agosto;Bermudas;110976
Importação;2024;Agosto;Bolívia;118023183
Importação;2024;Agosto;Botsuana;249
Importação;2024;Agosto;Brasil;34652068
Importação;2024;Agosto;Brunei;214616
Importação;2024;Agosto;Bulgária;8756986
Importação;2024;Agosto;Burkina Faso;52600
Importação;2024;Agosto;Butão;65260
Importação;2024;Agosto;Bélgica;157221937
Importação;2024;Agosto;Bósnia-Herzegovina;865106
Importação;2024;Agosto;Camarões;7924
Importação;2024;Agosto;Camboja;7128830
Importação;2024;Agosto;Canadá;258537538
Importação;2024;Agosto;Catar;149897837
Importação;2024;Agosto;Cayman, Ilhas;1257
Importação;2024;Agosto;Cazaquistão;1951566
Importação;2024;Agosto;Chade;5429
Importação;2024;Agosto;Chile;395843035
Importação;2024;Agosto;China;5802738502
Importação;2024;Agosto;Chipre;220942
Importação;2024;Agosto;Cocos (Keeling), Ilhas;142
Importação;2024;Agosto;Colômbia;220797330
Importação;2024;Agosto;Comores;10637
Importação;2024;Agosto;Coreia do Norte;229
Importação;2024;Agosto;Coreia do Sul;458051957
Importação;2024;Agosto;Costa Rica;13604717
Importação;2024;Agosto;Costa do Marfim;7062665
Importação;2024;Agosto;Coveite (Kuweit);1920766
Importação;2024;Agosto;Croácia;3867414
Importação;2024;Agosto;Cuba;280911
Importação;2024;Agosto;Curaçao;50895
Importação;2024;Agosto;Dinamarca;136768863
Importação;2024;Agosto;Dominica;315
Importação;2024;Agosto;Egito;102466
Importação;2024;Agosto;El Salvador;560938
Importação;2024;Agosto;Emirados Árabes Unidos;107332921
Importação;2024;Agosto;Equador;10282502
Importação;2024;Agosto;Eritreia;8209
Importação;2024;Agosto;Eslováquia;40023000
Importação;2024;Agosto;Eslovênia;21211158
Importação;2024;Agosto;Espanha;383087755
Importação;2024;Agosto;Estados Unidos;3817128870
Importação;2024;Agosto;Estônia;6791819
Importação;2024;Agosto;Etiópia;143049
Importação;2024;Agosto;Falkland (Malvinas);11
Importação;2024;Agosto;Filipinas;25256787
Importação;2024;Agosto;Finlândia;67327543
Importação;2024;Agosto;França;577132809
Importação;2024;Agosto;Gana;891867
Importação;2024;Agosto;Geórgia;807848
Importação;2024;Agosto;Gibraltar;35419
Importação;2024;Agosto;Grécia;5883949
Importação;2024;Agosto;Guatemala;6980786
Importação;2024;Agosto;Guiana;159985
Importação;2024;Agosto;Guiné;6951
Importação;2024;Agosto;Gâmbia;34608
Importação;2024;Agosto;Honduras;2450395
Importação;2024;Agosto;Hong Kong;74180517
Importação;2024;Agosto;Hungria;55712113
Importação;2024;Agosto;Indonésia;198918563
Importação;2024;Agosto;Iraque;24069
Importação;2024;Agosto;Irlanda;147504865
Importação;2024;Agosto;Irã;5337
Importação;2024;Agosto;Islândia;1055
Importação;2024;Agosto;Israel;86818650
Importação;2024;Agosto;Itália;627651585
Importação;2024;Agosto;Iêmen;40260
Importação;2024;Agosto;Jamaica;10729
Importação;2024;Agosto;Japão;632239507
Importação;2024;Agosto;Jordânia;18433041
Importação;2024;Agosto;Laos;1171783
Importação;2024;Agosto;Lesoto;97
Importação;2024;Agosto;Letônia;2932797
Importação;2024;Agosto;Libéria;114270
Importação;2024;Agosto;Liechtenstein;742198
Importação;2024;Agosto;Lituânia;4112871
Importação;2024;Agosto;Luxemburgo;6641575
Importação;2024;Agosto;Líbano;58559
Importação;2024;Agosto;Macau;126882
Importação;2024;Agosto;Macedônia;4658633
Importação;2024;Agosto;Madagascar;175454
Importação;2024;Agosto;Malavi;60411
Importação;2024;Agosto;Mali;478
Importação;2024;Agosto;Malta;55318544
Importação;2024;Agosto;Malásia;123542842
Importação;2024;Agosto;Marrocos;245945353
Importação;2024;Agosto;Marshall, Ilhas;158
Importação;2024;Agosto;Maurício;391517
Importação;2024;Agosto;Mianmar;1534924
Importação;2024;Agosto;Moldávia;1557433
Importação;2024;Agosto;Mongólia;153228
Importação;2024;Agosto;Montenegro;189
Importação;2024;Agosto;Montserrat;3023
Importação;2024;Agosto;Moçambique;6243
Importação;2024;Agosto;México;555134689
Importação;2024;Agosto;Mônaco;127212
Importação;2024;Agosto;Namíbia;70794
Importação;2024;Agosto;Nauru;656486
Importação;2024;Agosto;Nepal;164598
Importação;2024;Agosto;Nicarágua;611451
Importação;2024;Agosto;Nigéria;97995611
Importação;2024;Agosto;Noruega;64186874
Importação;2024;Agosto;Nova Caledônia;24891
Importação;2024;Agosto;Nova Zelândia;7446693
Importação;2024;Agosto;Omã;145759637
Importação;2024;Agosto;Palestina;60424
Importação;2024;Agosto;Panamá;734003
Importação;2024;Agosto;Papua Nova Guiné;21793
Importação;2024;Agosto;Paquistão;12720518
Importação;2024;Agosto;Paraguai;297281161
Importação;2024;Agosto;Países Baixos (Holanda);212672854
Importação;2024;Agosto;Peru;117381533
Importação;2024;Agosto;Polinésia Francesa;2948
Importação;2024;Agosto;Polônia;98359820
Importação;2024;Agosto;Porto Rico;56665290
Importação;2024;Agosto;Portugal;104444
Importação;2024;Agosto;Quirguistão;124720
Importação;2024;Agosto;Quênia;150631
Importação;2024;Agosto;Reino Unido;263975732
Importação;2024;Agosto;República Centro-Africana;448
Importação;2024;Agosto;República Dominicana;2442771
Importação;2024;Agosto;Reunião;177
Importação;2024;Agosto;Romênia;33009057
Importação;2024;Agosto;Ruanda;24145
Importação;2024;Agosto;Rússia;1708970
Importação;2024;Agosto;Samoa;138581
Importação;2024;Agosto;Samoa Americana;84383
Importação;2024;Agosto;San Marino;539470
Importação;2024;Agosto;Seicheles;36178
Importação;2024;Agosto;Senegal;3307535
Importação;2024;Agosto;Serra Leoa;24867
Importação;2024;Agosto;Singapura;90036338
Importação;2024;Agosto;Somália;1877
Importação;2024;Agosto;Sri Lanka;5041525
Importação;2024;Agosto;Suazilândia;14752
Importação;2024;Agosto;Suécia;186879648
Importação;2024;Agosto;Suíça;297064566
Importação;2024;Agosto;São Cristóvão e Névis;14972
Importação;2024;Agosto;Sérvia;3839118
Importação;2024;Agosto;Síria;79441
Importação;2024;Agosto;Tadjiquistão;454120
Importação;2024;Agosto;Tailândia;213604230
Importação;2024;Agosto;Taiwan (Formosa);231844842
Importação;2024;Agosto;Tanzânia;446625
Importação;2024;Agosto;Tcheca, República;70608502
Importação;2024;Agosto;Terras Austrais Francesas;41
Importação;2024;Agosto;Timor Leste;155
Importação;2024;Agosto;Toquelau;131142
Importação;2024;Agosto;Trinidad e Tobago;42576054
Importação;2024;Agosto;Tunísia;6219107
Importação;2024;Agosto;Turcomenistão;3003
Importação;2024;Agosto;Turquia;105924390
Importação;2024;Agosto;Ucrânia;2494100
Importação;2024;Agosto;Uganda;396
Importação;2024;Agosto;Uruguai;204060084
Importação;2024;Agosto;Uzbequistão;73180093
Importação;2024;Agosto;Vaticano;1413
Importação;2024;Agosto;Venezuela;28942471
Importação;2024;Agosto;Vietnã;336515057
Importação;2024;Agosto;Virgens, Ilhas (Britânicas);121713
Importação;2024;Agosto;Zimbábue;992606
Importação;2024;Agosto;Zâmbia;211963
Importação;2024;Agosto;África do Sul;43544780
Importação;2024;Agosto;Áustria;124974571
Importação;2024;Agosto;Índia;558926271
Importação;2024;Setembro;Afeganistão;197829
Importação;2024;Setembro;Aland, Ilhas;96822
Importação;2024;Setembro;Albânia;466759
Importação;2024;Setembro;Alemanha;1240585897
Importação;2024;Setembro;Andorra;2
Importação;2024;Setembro;Angola;156157261
Importação;2024;Setembro;Anguilla;41146
Importação;2024;Setembro;Argentina;1272584164
Importação;2024;Setembro;Argélia;79113765
Importação;2024;Setembro;Armênia;8404
Importação;2024;Setembro;Aruba;1571
Importação;2024;Setembro;Arábia Saudita;275110589
Importação;2024;Setembro;Austrália;105798849
Importação;2024;Setembro;Azerbaijão;24114
Importação;2024;Setembro;Bahamas;129
Importação;2024;Setembro;Bancos Centrais;35710
Importação;2024;Setembro;Bangladesh;13166725
Importação;2024;Setembro;Barbados;8291
Importação;2024;Setembro;Barein;11304696
Importação;2024;Setembro;Belarus;30299
Importação;2024;Setembro;Belize;21943
Importação;2024;Setembro;Benin;341
Importação;2024;Setembro;Bermudas;67278
Importação;2024;Setembro;Bolívia;123545617
Importação;2024;Setembro;Botsuana;41599
Importação;2024;Setembro;Brasil;70291337
Importação;2024;Setembro;Bulgária;9749182
Importação;2024;Setembro;Burkina Faso;111
Importação;2024;Setembro;Butão;85085
Importação;2024;Setembro;Bélgica;147996784
Importação;2024;Setembro;Bósnia-Herzegovina;1182625
Importação;2024;Setembro;Camarões;758433
Importação;2024;Setembro;Camboja;8660
Importação;2024;Setembro;Canadá;238074599
Importação;2024;Setembro;Catar;61626583
Importação;2024;Setembro;Cayman, Ilhas;77947
Importação;2024;Setembro;Cazaquistão;4849091
Importação;2024;Setembro;Chade;4370
Importação;2024;Setembro;Chile;461492
Importação;2024;Setembro;China;5773936291
Importação;2024;Setembro;Chipre;347802
Importação;2024;Setembro;Cocos (Keeling), Ilhas;5064
Importação;2024;Setembro;Colômbia;190241222
Importação;2024;Setembro;Comores;41753
Importação;2024;Setembro;Coreia do Sul;409161733
Importação;2024;Setembro;Costa Rica;10961725
Importação;2024;Setembro;Costa do Marfim;6738665
Importação;2024;Setembro;Coveite (Kuweit);120485
Importação;2024;Setembro;Croácia;6654533
Importação;2024;Setembro;Cuba;106764
Importação;2024;Setembro;Curaçao;20009
Importação;2024;Setembro;Dinamarca;86369890
Importação;2024;Setembro;Dominica;11
Importação;2024;Setembro;Egito;132028003
Importação;2024;Setembro;El Salvador;809002
Importação;2024;Setembro;Emirados Árabes Unidos;15239107
Importação;2024;Setembro;Equador;12023808
Importação;2024;Setembro;Eritreia;25447
Importação;2024;Setembro;Eslováquia;254310
Importação;2024;Setembro;Eslovênia;13749589
Importação;2024;Setembro;Espanha;311466604
Importação;2024;Setembro;Estados Unidos;3803506931
Importação;2024;Setembro;Estônia;4186421
Importação;2024;Setembro;Etiópia;77654
Importação;2024;Setembro;Falkland (Malvinas);5
Importação;2024;Setembro;Filipinas;32345481
Importação;2024;Setembro;Finlândia;50642727
Importação;2024;Setembro;França;545937
Importação;2024;Setembro;Gabão;37968009
Importação;2024;Setembro;Gana;2219929
Importação;2024;Setembro;Geórgia;29407
Importação;2024;Setembro;Grécia;2349575
Importação;2024;Setembro;Guatemala;10632105
Importação;2024;Setembro;Guernsey;9994
Importação;2024;Setembro;Guiana;75277030
Importação;2024;Setembro;Guiné Equatorial;39288803
Importação;2024;Setembro;Gâmbia;77
Importação;2024;Setembro;Haiti;219106
Importação;2024;Setembro;Honduras;2611846
Importação;2024;Setembro;Hong Kong;74154091
Importação;2024;Setembro;Hungria;49004959
Importação;2024;Setembro;Indonésia;162681
Importação;2024;Setembro;Iraque;212
Importação;2024;Setembro;Irlanda;82285467
Importação;2024;Setembro;Irã;1251782
Importação;2024;Setembro;Islândia;669843
Importação;2024;Setembro;Israel;109468708
Importação;2024;Setembro;Itália;512640250
Importação;2024;Setembro;Iêmen;36
Importação;2024;Setembro;Jamaica;2833
Importação;2024;Setembro;Japão;431725996
Importação;2024;Setembro;Jordânia;11073699
Importação;2024;Setembro;Kiribati;428
Importação;2024;Setembro;Laos;541473
Importação;2024;Setembro;Lesoto;921
Importação;2024;Setembro;Letônia;3343357
Importação;2024;Setembro;Liechtenstein;763469
Importação;2024;Setembro;Lituânia;4186848
Importação;2024;Setembro;Luxemburgo;4137620
Importação;2024;Setembro;Líbano;148490
Importação;2024;Setembro;Macau;78254
Importação;2024;Setembro;Macedônia;2941707
Importação;2024;Setembro;Madagascar;651560
Importação;2024;Setembro;Mali;173800
Importação;2024;Setembro;Malta;1170759
Importação;2024;Setembro;Malásia;139710224
Importação;2024;Setembro;Marrocos;141371045
Importação;2024;Setembro;Marshall, Ilhas;77130
Importação;2024;Setembro;Mauritânia;12
Importação;2024;Setembro;Maurício;112725
Importação;2024;Setembro;Mianmar;587171
Importação;2024;Setembro;Micronésia;45
Importação;2024;Setembro;Moldávia;361859
Importação;2024;Setembro;Mongólia;2535
Importação;2024;Setembro;Montenegro;31
Importação;2024;Setembro;México;416887085
Importação;2024;Setembro;Mônaco;676925
Importação;2024;Setembro;Namíbia;3930
Importação;2024;Setembro;Nauru;717409
Importação;2024;Setembro;Nepal;5729
Importação;2024;Setembro;Nicarágua;437639
Importação;2024;Setembro;Nigéria;50689992
Importação;2024;Setembro;Norfolk, Ilha;1311
Importação;2024;Setembro;Noruega;68837346
Importação;2024;Setembro;Nova Caledônia;4446
Importação;2024;Setembro;Nova Zelândia;5443120
Importação;2024;Setembro;Omã;53890330
Importação;2024;Setembro;Palestina;360
Importação;2024;Setembro;Panamá;1952338
Importação;2024;Setembro;Paquistão;13716105
Importação;2024;Setembro;Paraguai;299374682
Importação;2024;Setembro;Países Baixos (Holanda);228279114
Importação;2024;Setembro;Peru;115656467
Importação;2024;Setembro;Polinésia Francesa;4217
Importação;2024;Setembro;Polônia;104564257
Importação;2024;Setembro;Porto Rico;93561477
Importação;2024;Setembro;Portugal;108447792
Importação;2024;Setembro;Quirguistão;19
Importação;2024;Setembro;Quênia;6840
Importação;2024;Setembro;Reino Unido;321830310
Importação;2024;Setembro;República Centro-Africana;334
Importação;2024;Setembro;República Dominicana;3624259
Importação;2024;Setembro;Romênia;32531765
Importação;2024;Setembro;Ruanda;463
Importação;2024;Setembro;Rússia;963212
Importação;2024;Setembro;Samoa;84786
Importação;2024;Setembro;Samoa Americana;89658
Importação;2024;Setembro;San Marino;1386815
Importação;2024;Setembro;Senegal;37659255
Importação;2024;Setembro;Serra Leoa;8150
Importação;2024;Setembro;Singapura;67968390
Importação;2024;Setembro;Somália;406
Importação;2024;Setembro;Sri Lanka;10746302
Importação;2024;Setembro;Suazilândia;72808
Importação;2024;Setembro;Suécia;228659735
Importação;2024;Setembro;Suíça;256141203
Importação;2024;Setembro;São Cristóvão e Névis;15199
Importação;2024;Setembro;São Tomé e Príncipe;138
Importação;2024;Setembro;Sérvia;4290489
Importação;2024;Setembro;Tadjiquistão;253468
Importação;2024;Setembro;Tailândia;185149894
Importação;2024;Setembro;Taiwan (Formosa);242617152
Importação;2024;Setembro;Tanzânia;127673
Importação;2024;Setembro;Tcheca, República;68957109
Importação;2024;Setembro;Terras Austrais Francesas;179
Importação;2024;Setembro;Território Britânico do Oceano Índico;100030
Importação;2024;Setembro;Timor Leste;155
Importação;2024;Setembro;Toquelau;8793
Importação;2024;Setembro;Trinidad e Tobago;35148493
Importação;2024;Setembro;Tunísia;5046562
Importação;2024;Setembro;Turcomenistão;15430392
Importação;2024;Setembro;Turquia;112678856
Importação;2024;Setembro;Tuvalu;96
Importação;2024;Setembro;Ucrânia;10277490
Importação;2024;Setembro;Uruguai;206342752
Importação;2024;Setembro;Uzbequistão;46414022
Importação;2024;Setembro;Vaticano;491
Importação;2024;Setembro;Venezuela;50938084
Importação;2024;Setembro;Vietnã;3234100
Importação;2024;Setembro;Virgens, Ilhas (Britânicas);5503
Importação;2024;Setembro;Zimbábue;25729
Importação;2024;Setembro;Zâmbia;67
Importação;2024;Setembro;África do Sul;41586509
Importação;2024;Setembro;Áustria;132618294
Importação;2024;Setembro;Índia;741469188
Importação;2024;Outubro;Afeganistão;269321
Importação;2024;Outubro;Aland, Ilhas;25436
Importação;2024;Outubro;Albânia;1021707
Importação;2024;Outubro;Alemanha;1213637690
Importação;2024;Outubro;Andorra;361
Importação;2024;Outubro;Angola;73228180
Importação;2024;Outubro;Anguilla;14571
Importação;2024;Outubro;Antígua e Barbuda;107
Importação;2024;Outubro;Argentina;1430641766
Importação;2024;Outubro;Argélia;141844518
Importação;2024;Outubro;Armênia;3208
Importação;2024;Outubro;Aruba;2974
Importação;2024;Outubro;Arábia Saudita;303876031
Importação;2024;Outubro;Austrália;149043321
Importação;2024;Outubro;Azerbaijão;20795
Importação;2024;Outubro;Bahamas;2417
Importação;2024;Outubro;Bancos Centrais;4626
Importação;2024;Outubro;Bangladesh;26869671
Importação;2024;Outubro;Barbados;60880
Importação;2024;Outubro;Barein;13535496
Importação;2024;Outubro;Belarus;223574
Importação;2024;Outubro;Belize;61760
Importação;2024;Outubro;Benin;159425
Importação;2024;Outubro;Bolívia;121337330
Importação;2024;Outubro;Botsuana;28526
Importação;2024;Outubro;Brasil;55971120
Importação;2024;Outubro;Brunei;4274500
Importação;2024;Outubro;Bulgária;9081
Importação;2024;Outubro;Burkina Faso;34
Importação;2024;Outubro;Burundi;9
Importação;2024;Outubro;Butão;47294
Importação;2024;Outubro;Bélgica;188032764
Importação;2024;Outubro;Bósnia-Herzegovina;684420
Importação;2024;Outubro;Camarões;359576
Importação;2024;Outubro;Camboja;9165261
Importação;2024;Outubro;Canadá;195177382
Importação;2024;Outubro;Catar;41390305
Importação;2024;Outubro;Cayman, Ilhas;705
Importação;2024;Outubro;Cazaquistão;10771141
Importação;2024;Outubro;Chade;116
Importação;2024;Outubro;Chile;513569441
Importação;2024;Outubro;China;6652706173
Importação;2024;Outubro;Chipre;42960
Importação;2024;Outubro;Christmas (Navidad), Ilha;31700
Importação;2024;Outubro;Cocos (Keeling), Ilhas;76686
Importação;2024;Outubro;Colômbia;237549100
Importação;2024;Outubro;Coreia do Sul;519400321
Importação;2024;Outubro;Costa Rica;13122736
Importação;2024;Outubro;Costa do Marfim;645058
Importação;2024;Outubro;Coveite (Kuweit);62428080
Importação;2024;Outubro;Croácia;1515414
Importação;2024;Outubro;Cuba;285555
Importação;2024;Outubro;Curaçao;159
Importação;2024;Outubro;Dinamarca;93196524
Importação;2024;Outubro;Dominica;26
Importação;2024;Outubro;Egito;95059956
Importação;2024;Outubro;El Salvador;735454
Importação;2024;Outubro;Emirados Árabes Unidos;91647253
Importação;2024;Outubro;Equador;9095471
Importação;2024;Outubro;Eslováquia;26456539
Importação;2024;Outubro;Eslovênia;26981612
Importação;2024;Outubro;Espanha;343529066
Importação;2024;Outubro;Estados Unidos;3629863928
Importação;2024;Outubro;Estônia;5358412
Importação;2024;Outubro;Etiópia;42162
Importação;2024;Outubro;Falkland (Malvinas);16
Importação;2024;Outubro;Filipinas;33092495
Importação;2024;Outubro;Finlândia;53204
Importação;2024;Outubro;França;567988625
Importação;2024;Outubro;Gabão;93870355
Importação;2024;Outubro;Gana;1837652
Importação;2024;Outubro;Geórgia;28966
Importação;2024;Outubro;Geórgia do Sul e Sandwich do Sul, Ilhas;140
Importação;2024;Outubro;Gibraltar;23886
Importação;2024;Outubro;Granada;35
Importação;2024;Outubro;Grécia;4020859
Importação;2024;Outubro;Guatemala;7490356
Importação;2024;Outubro;Guiana;76489039
Importação;2024;Outubro;Guiné Equatorial;5
Importação;2024;Outubro;Gâmbia;76
Importação;2024;Outubro;Haiti;38224
Importação;2024;Outubro;Honduras;1671806
Importação;2024;Outubro;Hong Kong;89664110
Importação;2024;Outubro;Hungria;46552628
Importação;2024;Outubro;Indonésia;146671869
Importação;2024;Outubro;Iraque;52029
Importação;2024;Outubro;Irlanda;58248637
Importação;2024;Outubro;Irã;1722608
Importação;2024;Outubro;Islândia;4821
Importação;2024;Outubro;Israel;103298567
Importação;2024;Outubro;Itália;508922094
Importação;2024;Outubro;Iêmen;85
Importação;2024;Outubro;Jamaica;10039
Importação;2024;Outubro;Japão;517789277
Importação;2024;Outubro;Jersey;4912562
Importação;2024;Outubro;Jordânia;843674
Importação;2024;Outubro;Laos;1150637
Importação;2024;Outubro;Letônia;3727545
Importação;2024;Outubro;Liechtenstein;860057
Importação;2024;Outubro;Lituânia;3960707
Importação;2024;Outubro;Luxemburgo;3163223
Importação;2024;Outubro;Líbano;7607329
Importação;2024;Outubro;Macau;38309
Importação;2024;Outubro;Macedônia;2188728
Importação;2024;Outubro;Madagascar;1661
Importação;2024;Outubro;Malavi;319488
Importação;2024;Outubro;Malta;1461718
Importação;2024;Outubro;Malásia;156374313
Importação;2024;Outubro;Marrocos;145159782
Importação;2024;Outubro;Marshall, Ilhas;61329
Importação;2024;Outubro;Mauritânia;11059
Importação;2024;Outubro;Maurício;141433
Importação;2024;Outubro;Mianmar;886660
Importação;2024;Outubro;Moldávia;262920
Importação;2024;Outubro;Montenegro;310
Importação;2024;Outubro;Moçambique;803689
Importação;2024;Outubro;México;635873461
Importação;2024;Outubro;Mônaco;536768
Importação;2024;Outubro;Namíbia;109631
Importação;2024;Outubro;Nauru;85776
Importação;2024;Outubro;Nepal;63220
Importação;2024;Outubro;Nicarágua;486617
Importação;2024;Outubro;Nigéria;105771981
Importação;2024;Outubro;Niue;166
Importação;2024;Outubro;Noruega;69182692
Importação;2024;Outubro;Nova Zelândia;6647979
Importação;2024;Outubro;Omã;63619109
Importação;2024;Outubro;Organizações Internacionais;1853
Importação;2024;Outubro;Palau;1183
Importação;2024;Outubro;Palestina;48225
Importação;2024;Outubro;Panamá;990
Importação;2024;Outubro;Papua Nova Guiné;73
Importação;2024;Outubro;Paquistão;13181787
Importação;2024;Outubro;Paraguai;322169400
Importação;2024;Outubro;Países Baixos (Holanda);196429432
Importação;2024;Outubro;Peru;139777355
Importação;2024;Outubro;Polinésia Francesa;9
Importação;2024;Outubro;Polônia;89457570
Importação;2024;Outubro;Porto Rico;80375510
Importação;2024;Outubro;Portugal;112335244
Importação;2024;Outubro;Quirguistão;327
Importação;2024;Outubro;Quênia;166840
Importação;2024;Outubro;Reino Unido;322043965
Importação;2024;Outubro;República Centro-Africana;30798
Importação;2024;Outubro;República Dominicana;2415428
Importação;2024;Outubro;Reunião;8200
Importação;2024;Outubro;Romênia;45800058
Importação;2024;Outubro;Rússia;1053077976
Importação;2024;Outubro;Samoa;51712
Importação;2024;Outubro;Samoa Americana;37421
Importação;2024;Outubro;San Marino;1044579
Importação;2024;Outubro;Seicheles;8324
Importação;2024;Outubro;Senegal;12845109
Importação;2024;Outubro;Serra Leoa;22145
Importação;2024;Outubro;Singapura;64418854
Importação;2024;Outubro;Sri Lanka;7259644
Importação;2024;Outubro;Suazilândia;26175
Importação;2024;Outubro;Sudão;30998
Importação;2024;Outubro;Suécia;223263535
Importação;2024;Outubro;Suíça;296712625
Importação;2024;Outubro;São Cristóvão e Névis;4742
Importação;2024;Outubro;Sérvia;5288649
Importação;2024;Outubro;Síria;1360
Importação;2024;Outubro;Tadjiquistão;235581
Importação;2024;Outubro;Tailândia;216350468
Importação;2024;Outubro;Taiwan (Formosa);237100
Importação;2024;Outubro;Tanzânia;198488
Importação;2024;Outubro;Tcheca, República;68363644
Importação;2024;Outubro;Terras Austrais Francesas;66
Importação;2024;Outubro;Trinidad e Tobago;53990635
Importação;2024;Outubro;Tunísia;10723627
Importação;2024;Outubro;Turcas e Caicos, Ilhas;757
Importação;2024;Outubro;Turcomenistão;16928718
Importação;2024;Outubro;Turquia;141118074
Importação;2024;Outubro;Tuvalu;4810
Importação;2024;Outubro;Ucrânia;1571776
Importação;2024;Outubro;Uganda;117
Importação;2024;Outubro;Uruguai;194320731
Importação;2024;Outubro;Uzbequistão;11291686
Importação;2024;Outubro;Vaticano;284
Importação;2024;Outubro;Venezuela;28310402
Importação;2024;Outubro;Vietnã;326947595
Importação;2024;Outubro;Virgens, Ilhas (Britânicas);209376
Importação;2024;Outubro;Zimbábue;30089
Importação;2024;Outubro;Zâmbia;188592
Importação;2024;Outubro;África do Sul;83809396
Importação;2024;Outubro;Áustria;100306407
Importação;2024;Outubro;Índia;806651108
Importação;2024;Novembro;Afeganistão;202477
Importação;2024;Novembro;Aland, Ilhas;67369
Importação;2024;Novembro;Albânia;658325
Importação;2024;Novembro;Alemanha;962747307
Importação;2024;Novembro;Andorra;974
Importação;2024;Novembro;Angola;72869496
Importação;2024;Novembro;Anguilla;5890
Importação;2024;Novembro;Antígua e Barbuda;414
Importação;2024;Novembro;Argentina;1194027917
Importação;2024;Novembro;Argélia;154981892
Importação;2024;Novembro;Armênia;55676
Importação;2024;Novembro;Aruba;407
Importação;2024;Novembro;Arábia Saudita;234497055
Importação;2024;Novembro;Austrália;55632
Importação;2024;Novembro;Azerbaijão;1794518
Importação;2024;Novembro;Bancos Centrais;15
Importação;2024;Novembro;Bangladesh;23889513
Importação;2024;Novembro;Barbados;36421
Importação;2024;Novembro;Barein;21857484
Importação;2024;Novembro;Belarus;216823
Importação;2024;Novembro;Belize;12128
Importação;2024;Novembro;Benin;48636
Importação;2024;Novembro;Bolívia;121292070
Importação;2024;Novembro;Bonaire, Saint Eustatius e Saba;3681
Importação;2024;Novembro;Botsuana;20580
Importação;2024;Novembro;Brasil;37219432
Importação;2024;Novembro;Bulgária;8600840
Importação;2024;Novembro;Burkina Faso;382
Importação;2024;Novembro;Butão;60676
Importação;2024;Novembro;Bélgica;142796424
Importação;2024;Novembro;Bósnia-Herzegovina;851646
Importação;2024;Novembro;Camarões;260957
Importação;2024;Novembro;Camboja;9129133
Importação;2024;Novembro;Canadá;191205325
Importação;2024;Novembro;Catar;42205
Importação;2024;Novembro;Cayman, Ilhas;1284
Importação;2024;Novembro;Cazaquistão;26002854
Importação;2024;Novembro;Chile;380789471
Importação;2024;Novembro;China;5530371147
Importação;2024;Novembro;Chipre;125194
Importação;2024;Novembro;Cocos (Keeling), Ilhas;48099
Importação;2024;Novembro;Colômbia;146358047
Importação;2024;Novembro;Comores;3297
Importação;2024;Novembro;Congo, República Democrática;67610748
Importação;2024;Novembro;Coreia do Sul;395422436
Importação;2024;Novembro;Costa Rica;11004822
Importação;2024;Novembro;Costa do Marfim;44802663
Importação;2024;Novembro;Coveite (Kuweit);45943065
Importação;2024;Novembro;Croácia;1650816
Importação;2024;Novembro;Cuba;214968
Importação;2024;Novembro;Curaçao;873
Importação;2024;Novembro;Dinamarca;145679
Importação;2024;Novembro;Dominica;305
Importação;2024;Novembro;Egito;76656831
Importação;2024;Novembro;El Salvador;387571
Importação;2024;Novembro;Emirados Árabes Unidos;33361352
Importação;2024;Novembro;Equador;13819538
Importação;2024;Novembro;Eritreia;957
Importação;2024;Novembro;Eslováquia;44834807
Importação;2024;Novembro;Eslovênia;12220828
Importação;2024;Novembro;Espanha;290788780
Importação;2024;Novembro;Estados Unidos;3077959420
Importação;2024;Novembro;Estônia;4271865
Importação;2024;Novembro;Etiópia;72256
Importação;2024;Novembro;Filipinas;26265326
Importação;2024;Novembro;Finlândia;52645255
Importação;2024;Novembro;França;512416
Importação;2024;Novembro;Gabão;91823564
Importação;2024;Novembro;Gana;1440673
Importação;2024;Novembro;Geórgia;103813
Importação;2024;Novembro;Grécia;5939
Importação;2024;Novembro;Guatemala;8638162
Importação;2024;Novembro;Guiana;75082395
Importação;2024;Novembro;Guiana Francesa;740
Importação;2024;Novembro;Guiné Equatorial;870
Importação;2024;Novembro;Haiti;125977
Importação;2024;Novembro;Honduras;1585033
Importação;2024;Novembro;Hong Kong;70255467
Importação;2024;Novembro;Hungria;46252
Importação;2024;Novembro;Indonésia;192800385
Importação;2024;Novembro;Irlanda;125434308
Importação;2024;Novembro;Irã;1513767
Importação;2024;Novembro;Islândia;1052077
Importação;2024;Novembro;Israel;98731542
Importação;2024;Novembro;Itália;496980594
Importação;2024;Novembro;Iêmen;207
Importação;2024;Novembro;Jamaica;4147
Importação;2024;Novembro;Japão;388369693
Importação;2024;Novembro;Jordânia;7924830
Importação;2024;Novembro;Laos;362338
Importação;2024;Novembro;Lesoto;9
Importação;2024;Novembro;Letônia;1504240
Importação;2024;Novembro;Liechtenstein;816460
Importação;2024;Novembro;Lituânia;2785589
Importação;2024;Novembro;Luxemburgo;7713905
Importação;2024;Novembro;Líbano;51938
Importação;2024;Novembro;Líbia;745
Importação;2024;Novembro;Macau;174819
Importação;2024;Novembro;Macedônia;1115632
Importação;2024;Novembro;Madagascar;359700
Importação;2024;Novembro;Malavi;125345
Importação;2024;Novembro;Maldivas;1080
Importação;2024;Novembro;Mali;82133
Importação;2024;Novembro;Malta;24532079
Importação;2024;Novembro;Malásia;132884334
Importação;2024;Novembro;Marianas do Norte, Ilhas;99
Importação;2024;Novembro;Marrocos;43667317
Importação;2024;Novembro;Marshall, Ilhas;33398
Importação;2024;Novembro;Mauritânia;7380
Importação;2024;Novembro;Maurício;262848
Importação;2024;Novembro;Mianmar;907447
Importação;2024;Novembro;Moldávia;305303
Importação;2024;Novembro;Mongólia;72284
Importação;2024;Novembro;Montenegro;619
Importação;2024;Novembro;Moçambique;1311
Importação;2024;Novembro;México;540796664
Importação;2024;Novembro;Mônaco;1033776
Importação;2024;Novembro;Namíbia;304921
Importação;2024;Novembro;Nepal;23169
Importação;2024;Novembro;Nicarágua;394490
Importação;2024;Novembro;Nigéria;70342983
Importação;2024;Novembro;Niue;11
Importação;2024;Novembro;Noruega;68121735
Importação;2024;Novembro;Nova Zelândia;4726898
Importação;2024;Novembro;Omã;96366160
Importação;2024;Novembro;Panamá;929048
Importação;2024;Novembro;Papua Nova Guiné;26916
Importação;2024;Novembro;Paquistão;14870516
Importação;2024;Novembro;Paraguai;286046913
Importação;2024;Novembro;Países Baixos (Holanda);135217343
Importação;2024;Novembro;Peru;121603170
Importação;2024;Novembro;Polinésia Francesa;6248
Importação;2024;Novembro;Polônia;75955776
Importação;2024;Novembro;Porto Rico;39226535
Importação;2024;Novembro;Portugal;95403714
Importação;2024;Novembro;Quirguistão;10
Importação;2024;Novembro;Quênia;148
Importação;2024;Novembro;Reino Unido;325427603
Importação;2024;Novembro;República Centro-Africana;20878
Importação;2024;Novembro;República Dominicana;3681060
Importação;2024;Novembro;Reunião;44177
Importação;2024;Novembro;Romênia;36827365
Importação;2024;Novembro;Rússia;743499798
Importação;2024;Novembro;Samoa;163814
Importação;2024;Novembro;Samoa Americana;33684
Importação;2024;Novembro;San Marino;919587
Importação;2024;Novembro;Seicheles;58054
Importação;2024;Novembro;Senegal;397154
Importação;2024;Novembro;Serra Leoa;11204
Importação;2024;Novembro;Singapura;68412216
Importação;2024;Novembro;Somália;1783
Importação;2024;Novembro;Sri Lanka;8826752
Importação;2024;Novembro;Suazilândia;7432
Importação;2024;Novembro;Sudão;175618
Importação;2024;Novembro;Suécia;140292245
Importação;2024;Novembro;Suíça;220078200
Importação;2024;Novembro;São Cristóvão e Névis;715
Importação;2024;Novembro;Sérvia;4326756
Importação;2024;Novembro;Tadjiquistão;1913
Importação;2024;Novembro;Tailândia;194767945
Importação;2024;Novembro;Taiwan (Formosa);212539070
Importação;2024;Novembro;Tanzânia;52
Importação;2024;Novembro;Tcheca, República;61596468
Importação;2024;Novembro;Terras Austrais Francesas;341
Importação;2024;Novembro;Trinidad e Tobago;35385410
Importação;2024;Novembro;Tunísia;6833120
Importação;2024;Novembro;Turcomenistão;5422342
Importação;2024;Novembro;Turquia;115848562
Importação;2024;Novembro;Ucrânia;12492432
Importação;2024;Novembro;Uganda;117
Importação;2024;Novembro;Uruguai;187113
Importação;2024;Novembro;Uzbequistão;2287459
Importação;2024;Novembro;Vaticano;446
Importação;2024;Novembro;Venezuela;30066472
Importação;2024;Novembro;Vietnã;308376869
Importação;2024;Novembro;Virgens, Ilhas (Britânicas);239032
Importação;2024;Novembro;Zimbábue;291671
Importação;2024;Novembro;Zâmbia;117494
Importação;2024;Novembro;África do Sul;57239290
Importação;2024;Novembro;Áustria;111343161
Importação;2024;Novembro;Índia;621208174
Importação;2024;Dezembro;Afeganistão;7475
Importação;2024;Dezembro;Aland, Ilhas;69255
Importação;2024;Dezembro;Albânia;145272
Importação;2024;Dezembro;Alemanha;1048541329
Importação;2024;Dezembro;Angola;71469922
Importação;2024;Dezembro;Anguilla;42760
Importação;2024;Dezembro;Argentina;1242438521
Importação;2024;Dezembro;Argélia;110922847
Importação;2024;Dezembro;Armênia;7745
Importação;2024;Dezembro;Aruba;524
Importação;2024;Dezembro;Arábia Saudita;118964535
Importação;2024;Dezembro;Austrália;48873589
Importação;2024;Dezembro;Bahamas;18778278
Importação;2024;Dezembro;Bangladesh;23232781
Importação;2024;Dezembro;Barbados;55417
Importação;2024;Dezembro;Barein;1834627
Importação;2024;Dezembro;Belarus;116680
Importação;2024;Dezembro;Belize;15642
Importação;2024;Dezembro;Benin;41874
Importação;2024;Dezembro;Bermudas;178856
Importação;2024;Dezembro;Bolívia;126397039
Importação;2024;Dezembro;Botsuana;86252
Importação;2024;Dezembro;Brasil;84334714
Importação;2024;Dezembro;Brunei;8945
Importação;2024;Dezembro;Bulgária;6708689
Importação;2024;Dezembro;Burkina Faso;7846
Importação;2024;Dezembro;Butão;91979
Importação;2024;Dezembro;Bélgica;161774447
Importação;2024;Dezembro;Bósnia-Herzegovina;880734
Importação;2024;Dezembro;Camarões;2739352
Importação;2024;Dezembro;Camboja;7122995
Importação;2024;Dezembro;Canadá;190919323
Importação;2024;Dezembro;Catar;42241914
Importação;2024;Dezembro;Cayman, Ilhas;930
Importação;2024;Dezembro;Cazaquistão;8187127
Importação;2024;Dezembro;Chade;225
Importação;2024;Dezembro;Chile;359645636
Importação;2024;Dezembro;China;5153394667
Importação;2024;Dezembro;Chipre;453810
Importação;2024;Dezembro;Cocos (Keeling), Ilhas;75921
Importação;2024;Dezembro;Colômbia;152725460
Importação;2024;Dezembro;Comores;1891
Importação;2024;Dezembro;Coreia do Norte;29
Importação;2024;Dezembro;Coreia do Sul;378407559
Importação;2024;Dezembro;Costa Rica;14937900
Importação;2024;Dezembro;Costa do Marfim;27468819
Importação;2024;Dezembro;Coveite (Kuweit);4873129
Importação;2024;Dezembro;Croácia;758428
Importação;2024;Dezembro;Cuba;251887
Importação;2024;Dezembro;Curaçao;8609
Importação;2024;Dezembro;Dinamarca;174961609
Importação;2024;Dezembro;Dominica;4037
Importação;2024;Dezembro;Egito;52488303
Importação;2024;Dezembro;El Salvador;492413
Importação;2024;Dezembro;Emirados Árabes Unidos;17008972
Importação;2024;Dezembro;Equador;8493538
Importação;2024;Dezembro;Eritreia;813
Importação;2024;Dezembro;Eslováquia;40243
Importação;2024;Dezembro;Eslovênia;114150
Importação;2024;Dezembro;Espanha;292441060
Importação;2024;Dezembro;Estados Unidos;3248624425
Importação;2024;Dezembro;Estônia;2645603
Importação;2024;Dezembro;Etiópia;112653
Importação;2024;Dezembro;Falkland (Malvinas);15
Importação;2024;Dezembro;Filipinas;26447805
Importação;2024;Dezembro;Finlândia;44375996
Importação;2024;Dezembro;França;497466238
Importação;2024;Dezembro;Gana;74436293
Importação;2024;Dezembro;Geórgia;41836
Importação;2024;Dezembro;Gibraltar;18846
Importação;2024;Dezembro;Groenlândia;1943
Importação;2024;Dezembro;Grécia;9540480
Importação;2024;Dezembro;Guatemala;6490911
Importação;2024;Dezembro;Guiana;74095391
Importação;2024;Dezembro;Guiné Equatorial;71
Importação;2024;Dezembro;Gâmbia;425
Importação;2024;Dezembro;Haiti;267783
Importação;2024;Dezembro;Honduras;2254104
Importação;2024;Dezembro;Hong Kong;74728
Importação;2024;Dezembro;Hungria;46042880
Importação;2024;Dezembro;Ilha de Man;7824
Importação;2024;Dezembro;Indonésia;158844605
Importação;2024;Dezembro;Irlanda;123244234
Importação;2024;Dezembro;Irã;988953
Importação;2024;Dezembro;Islândia;903880
Importação;2024;Dezembro;Israel;70996167
Importação;2024;Dezembro;Itália;457196711
Importação;2024;Dezembro;Jamaica;10981
Importação;2024;Dezembro;Japão;423767310
Importação;2024;Dezembro;Jordânia;700884
Importação;2024;Dezembro;Laos;91569
Importação;2024;Dezembro;Lesoto;100
Importação;2024;Dezembro;Letônia;3360003
Importação;2024;Dezembro;Liechtenstein;369809
Importação;2024;Dezembro;Lituânia;2508722
Importação;2024;Dezembro;Luxemburgo;3930511
Importação;2024;Dezembro;Líbano;1005869
Importação;2024;Dezembro;Macau;347637
Importação;2024;Dezembro;Macedônia;2279503
Importação;2024;Dezembro;Madagascar;137830
Importação;2024;Dezembro;Malavi;433096
Importação;2024;Dezembro;Malta;2657237
Importação;2024;Dezembro;Malásia;125435715
Importação;2024;Dezembro;Marrocos;74591940
Importação;2024;Dezembro;Marshall, Ilhas;88590
Importação;2024;Dezembro;Maurício;122844
Importação;2024;Dezembro;Mianmar;745468
Importação;2024;Dezembro;Micronésia;1123
Importação;2024;Dezembro;Moldávia;535049
Importação;2024;Dezembro;Montenegro;420
Importação;2024;Dezembro;Moçambique;41000
Importação;2024;Dezembro;México;486762498
Importação;2024;Dezembro;Mônaco;693982
Importação;2024;Dezembro;Namíbia;537537
Importação;2024;Dezembro;Nepal;36473
Importação;2024;Dezembro;Nicarágua;506845
Importação;2024;Dezembro;Nigéria;56324611
Importação;2024;Dezembro;Noruega;43844881
Importação;2024;Dezembro;Nova Zelândia;3794730
Importação;2024;Dezembro;Omã;54322008
Importação;2024;Dezembro;Palestina;2305
Importação;2024;Dezembro;Panamá;1032320
Importação;2024;Dezembro;Papua Nova Guiné;78
Importação;2024;Dezembro;Paquistão;11827959
Importação;2024;Dezembro;Paraguai;242889908
Importação;2024;Dezembro;Países Baixos (Holanda);136315394
Importação;2024;Dezembro;Peru;93457792
Importação;2024;Dezembro;Polinésia Francesa;49
Importação;2024;Dezembro;Polônia;65678895
Importação;2024;Dezembro;Porto Rico;29945546
Importação;2024;Dezembro;Portugal;102337699
Importação;2024;Dezembro;Quirguistão;3502
Importação;2024;Dezembro;Quênia;191773
Importação;2024;Dezembro;Reino Unido;269910526
Importação;2024;Dezembro;República Centro-Africana;5214
Importação;2024;Dezembro;República Dominicana;3385657
Importação;2024;Dezembro;Reunião;4
Importação;2024;Dezembro;Romênia;33228069
Importação;2024;Dezembro;Ruanda;123838
Importação;2024;Dezembro;Rússia;695521258
Importação;2024;Dezembro;Samoa;59550
Importação;2024;Dezembro;Samoa Americana;53489
Importação;2024;Dezembro;San Marino;917159
Importação;2024;Dezembro;Seicheles;36133
Importação;2024;Dezembro;Senegal;2593269
Importação;2024;Dezembro;Serra Leoa;3175
Importação;2024;Dezembro;Singapura;67083827
Importação;2024;Dezembro;Somália;1723
Importação;2024;Dezembro;Sri Lanka;5434813
Importação;2024;Dezembro;Suazilândia;5833
Importação;2024;Dezembro;Sudão;79091
Importação;2024;Dezembro;Sudão do Sul;730
Importação;2024;Dezembro;Suécia;219827889
Importação;2024;Dezembro;Suíça;204846493
Importação;2024;Dezembro;São Cristóvão e Névis;1026
Importação;2024;Dezembro;São Vicente e Granadinas;147
Importação;2024;Dezembro;Sérvia;4185673
Importação;2024;Dezembro;Síria;4080
Importação;2024;Dezembro;Tadjiquistão;2459
Importação;2024;Dezembro;Tailândia;219511391
Importação;2024;Dezembro;Taiwan (Formosa);186549786
Importação;2024;Dezembro;Tanzânia;577
Importação;2024;Dezembro;Tcheca, República;63079788
Importação;2024;Dezembro;Terras Austrais Francesas;51
Importação;2024;Dezembro;Trinidad e Tobago;41855462
Importação;2024;Dezembro;Tunísia;5395385
Importação;2024;Dezembro;Turcas e Caicos, Ilhas;0
Importação;2024;Dezembro;Turcomenistão;7869773
Importação;2024;Dezembro;Turquia;106305552
Importação;2024;Dezembro;Ucrânia;3135531
Importação;2024;Dezembro;Uruguai;187503268
Importação;2024;Dezembro;Uzbequistão;2534553
Importação;2024;Dezembro;Vaticano;339
Importação;2024;Dezembro;Venezuela;15753619
Importação;2024;Dezembro;Vietnã;256345444
Importação;2024;Dezembro;Virgens, Ilhas (Britânicas);99323
Importação;2024;Dezembro;Zimbábue;619
Importação;2024;Dezembro;Zâmbia;29371
Importação;2024;Dezembro;África do Sul;43834459
Importação;2024;Dezembro;Áustria;107695333
Importação;2024;Dezembro;Índia;588576246
Exportação;2025;Janeiro;Afeganistão;427682
Exportação;2025;Janeiro;Albânia;9204857
Exportação;2025;Janeiro;Alemanha;415391883
Exportação;2025;Janeiro;Andorra;15051
Exportação;2025;Janeiro;Angola;47224721
Exportação;2025;Janeiro;Anguilla;21871
Exportação;2025;Janeiro;Antígua e Barbuda;2173118
Exportação;2025;Janeiro;Argentina;1211707682
Exportação;2025;Janeiro;Argélia;198311451
Exportação;2025;Janeiro;Armênia;3183745
Exportação;2025;Janeiro;Aruba;25571558
Exportação;2025;Janeiro;Arábia Saudita;224858134
Exportação;2025;Janeiro;Austrália;56530050
Exportação;2025;Janeiro;Azerbaijão;2585718
Exportação;2025;Janeiro;Bahamas;11365676
Exportação;2025;Janeiro;Bangladesh;338463647
Exportação;2025;Janeiro;Barbados;2449733
Exportação;2025;Janeiro;Barein;109245713
Exportação;2025;Janeiro;Belarus;462586
Exportação;2025;Janeiro;Belize;3182323
Exportação;2025;Janeiro;Benin;7169
Exportação;2025;Janeiro;Bermudas;468890
Exportação;2025;Janeiro;Bolívia;130455
Exportação;2025;Janeiro;Bonaire, Saint Eustatius e Saba;407
Exportação;2025;Janeiro;Botsuana;35141
Exportação;2025;Janeiro;Brasil;33713763
Exportação;2025;Janeiro;Brunei;73784
Exportação;2025;Janeiro;Bulgária;68990222
Exportação;2025;Janeiro;Burkina Faso;62915
Exportação;2025;Janeiro;Burundi;94
Exportação;2025;Janeiro;Butão;172095
Exportação;2025;Janeiro;Bélgica;387431445
Exportação;2025;Janeiro;Bósnia-Herzegovina;362737
Exportação;2025;Janeiro;Cabo Verde;4176085
Exportação;2025;Janeiro;Camarões;14219703
Exportação;2025;Janeiro;Camboja;1768765
Exportação;2025;Janeiro;Canadá;609689991
Exportação;2025;Janeiro;Catar;22904
Exportação;2025;Janeiro;Cayman, Ilhas;279523
Exportação;2025;Janeiro;Cazaquistão;1396641
Exportação;2025;Janeiro;Chade;746895
Exportação;2025;Janeiro;Chile;623479449
Exportação;2025;Janeiro;China;5514754225
Exportação;2025;Janeiro;Chipre;7573579
Exportação;2025;Janeiro;Colômbia;190258340
Exportação;2025;Janeiro;Comores;692290
Exportação;2025;Janeiro;Congo;16316247
Exportação;2025;Janeiro;Congo, República Democrática;23804208
Exportação;2025;Janeiro;Cook, Ilhas;12317
Exportação;2025;Janeiro;Coreia do Sul;605498534
Exportação;2025;Janeiro;Costa Rica;22459798
Exportação;2025;Janeiro;Costa do Marfim;16593061
Exportação;2025;Janeiro;Coveite (Kuweit);14353855
Exportação;2025;Janeiro;Croácia;5340481
Exportação;2025;Janeiro;Cuba;13534578
Exportação;2025;Janeiro;Curaçao;3039221
Exportação;2025;Janeiro;Dinamarca;38034466
Exportação;2025;Janeiro;Djibuti;1191806
Exportação;2025;Janeiro;Dominica;523964
Exportação;2025;Janeiro;Egito;405107889
Exportação;2025;Janeiro;El Salvador;16837123
Exportação;2025;Janeiro;Emirados Árabes Unidos;285603258
Exportação;2025;Janeiro;Equador;60327225
Exportação;2025;Janeiro;Eritreia;38513
Exportação;2025;Janeiro;Eslováquia;2007236
Exportação;2025;Janeiro;Eslovênia;28469828
Exportação;2025;Janeiro;Espanha;763249277
Exportação;2025;Janeiro;Estados Unidos;3222495477
Exportação;2025;Janeiro;Estônia;12286674
Exportação;2025;Janeiro;Etiópia;3252980
Exportação;2025;Janeiro;Faroe, Ilhas;3957
Exportação;2025;Janeiro;Fiji;151386
Exportação;2025;Janeiro;Filipinas;126292961
Exportação;2025;Janeiro;Finlândia;43624
Exportação;2025;Janeiro;França;256741426
Exportação;2025;Janeiro;Gabão;13645207
Exportação;2025;Janeiro;Gana;23713528
Exportação;2025;Janeiro;Geórgia;4706994
Exportação;2025;Janeiro;Gibraltar;36182
Exportação;2025;Janeiro;Granada;1200033
Exportação;2025;Janeiro;Grécia;23847493
Exportação;2025;Janeiro;Guadalupe;416424
Exportação;2025;Janeiro;Guam;6751
Exportação;2025;Janeiro;Guatemala;36976550
Exportação;2025;Janeiro;Guernsey;28875
Exportação;2025;Janeiro;Guiana;21236
Exportação;2025;Janeiro;Guiana Francesa;309504
Exportação;2025;Janeiro;Guiné;18057282
Exportação;2025;Janeiro;Guiné Equatorial;6674252
Exportação;2025;Janeiro;Guiné-Bissau;334994
Exportação;2025;Janeiro;Gâmbia;18767985
Exportação;2025;Janeiro;Haiti;5598243
Exportação;2025;Janeiro;Honduras;10874991
Exportação;2025;Janeiro;Hong Kong;107636086
Exportação;2025;Janeiro;Hungria;29470
Exportação;2025;Janeiro;Ilha de Man;1785414
Exportação;2025;Janeiro;Indonésia;270417524
Exportação;2025;Janeiro;Iraque;114451260
Exportação;2025;Janeiro;Irlanda;13264125
Exportação;2025;Janeiro;Irã;309395823
Exportação;2025;Janeiro;Islândia;26168565
Exportação;2025;Janeiro;Israel;35845439
Exportação;2025;Janeiro;Itália;406923422
Exportação;2025;Janeiro;Iêmen;15553062
Exportação;2025;Janeiro;Jamaica;4528400
Exportação;2025;Janeiro;Japão;359296
Exportação;2025;Janeiro;Jordânia;31281914
Exportação;2025;Janeiro;Laos;1244758
Exportação;2025;Janeiro;Letônia;6823858
Exportação;2025;Janeiro;Libéria;43146929
Exportação;2025;Janeiro;Liechtenstein;258854
Exportação;2025;Janeiro;Lituânia;40069
Exportação;2025;Janeiro;Luxemburgo;1729310
Exportação;2025;Janeiro;Líbano;49674023
Exportação;2025;Janeiro;Líbia;60081354
Exportação;2025;Janeiro;Macau;418
Exportação;2025;Janeiro;Macedônia;2380219
Exportação;2025;Janeiro;Madagascar;2671273
Exportação;2025;Janeiro;Malavi;273556
Exportação;2025;Janeiro;Maldivas;1523482
Exportação;2025;Janeiro;Mali;205965
Exportação;2025;Janeiro;Malta;18660894
Exportação;2025;Janeiro;Malásia;313923368
Exportação;2025;Janeiro;Marianas do Norte, Ilhas;66150
Exportação;2025;Janeiro;Marrocos;76922591
Exportação;2025;Janeiro;Marshall, Ilhas;24262208
Exportação;2025;Janeiro;Martinica;666609
Exportação;2025;Janeiro;Mauritânia;21641367
Exportação;2025;Janeiro;Maurício;3085318
Exportação;2025;Janeiro;Mayotte;282325
Exportação;2025;Janeiro;Mianmar;943636
Exportação;2025;Janeiro;Micronésia;1352
Exportação;2025;Janeiro;Moldávia;73682
Exportação;2025;Janeiro;Mongólia;207103
Exportação;2025;Janeiro;Montenegro;7093670
Exportação;2025;Janeiro;Montserrat;41471
Exportação;2025;Janeiro;Moçambique;2941161
Exportação;2025;Janeiro;México;330366852
Exportação;2025;Janeiro;Mônaco;4402
Exportação;2025;Janeiro;Namíbia;2143464
Exportação;2025;Janeiro;Nepal;889230
Exportação;2025;Janeiro;Nicarágua;7704787
Exportação;2025;Janeiro;Nigéria;65560904
Exportação;2025;Janeiro;Norfolk, Ilha;72489
Exportação;2025;Janeiro;Noruega;188897565
Exportação;2025;Janeiro;Nova Caledônia;2439256
Exportação;2025;Janeiro;Nova Zelândia;14644068
Exportação;2025;Janeiro;Níger;234679
Exportação;2025;Janeiro;Omã;141314240
Exportação;2025;Janeiro;Pacífico, Ilhas do (EUA);17
Exportação;2025;Janeiro;Palau;67319
Exportação;2025;Janeiro;Palestina;2237896
Exportação;2025;Janeiro;Panamá;109166105
Exportação;2025;Janeiro;Papua Nova Guiné;338142
Exportação;2025;Janeiro;Paquistão;185113334
Exportação;2025;Janeiro;Paraguai;266239457
Exportação;2025;Janeiro;Países Baixos (Holanda);1116781765
Exportação;2025;Janeiro;Peru;191707891
Exportação;2025;Janeiro;Polinésia Francesa;354170
Exportação;2025;Janeiro;Polônia;94711644
Exportação;2025;Janeiro;Porto Rico;24611542
Exportação;2025;Janeiro;Portugal;357662606
Exportação;2025;Janeiro;Quênia;6867482
Exportação;2025;Janeiro;Reino Unido;248242836
Exportação;2025;Janeiro;República Centro-Africana;358528
Exportação;2025;Janeiro;República Dominicana;77769190
Exportação;2025;Janeiro;Reunião;340088
Exportação;2025;Janeiro;Romênia;38798746
Exportação;2025;Janeiro;Rússia;114855107
Exportação;2025;Janeiro;Salomão, Ilhas;48941
Exportação;2025;Janeiro;Samoa;72535
Exportação;2025;Janeiro;Santa Lúcia;280949
Exportação;2025;Janeiro;Seicheles;326150
Exportação;2025;Janeiro;Senegal;37140888
Exportação;2025;Janeiro;Serra Leoa;3129486
Exportação;2025;Janeiro;Singapura;533367120
Exportação;2025;Janeiro;Sint Maarten;586757
Exportação;2025;Janeiro;Somália;14730770
Exportação;2025;Janeiro;Sri Lanka;3392943
Exportação;2025;Janeiro;Sudão;597823
Exportação;2025;Janeiro;Sudão do Sul;50833
Exportação;2025;Janeiro;Suriname;2143529
Exportação;2025;Janeiro;Suécia;52753274
Exportação;2025;Janeiro;Suíça;169837126
Exportação;2025;Janeiro;São Bartolomeu;6038
Exportação;2025;Janeiro;São Cristóvão e Névis;373416
Exportação;2025;Janeiro;São Martinho, Ilha de (parte francesa);339765
Exportação;2025;Janeiro;São Tomé e Príncipe;330639
Exportação;2025;Janeiro;São Vicente e Granadinas;837717
Exportação;2025;Janeiro;Sérvia;3796451
Exportação;2025;Janeiro;Síria;344694
Exportação;2025;Janeiro;Tailândia;218292918
Exportação;2025;Janeiro;Taiwan (Formosa);188594954
Exportação;2025;Janeiro;Tanzânia;6167789
Exportação;2025;Janeiro;Tcheca, República;2162115
Exportação;2025;Janeiro;Terras Austrais Francesas;53030
Exportação;2025;Janeiro;Timor Leste;1869679
Exportação;2025;Janeiro;Togo;8256021
Exportação;2025;Janeiro;Tonga;858634
Exportação;2025;Janeiro;Toquelau;67049
Exportação;2025;Janeiro;Trinidad e Tobago;17917
Exportação;2025;Janeiro;Tunísia;13322256
Exportação;2025;Janeiro;Turcas e Caicos, Ilhas;117876
Exportação;2025;Janeiro;Turcomenistão;298279
Exportação;2025;Janeiro;Turquia;278450698
Exportação;2025;Janeiro;Ucrânia;12488898
Exportação;2025;Janeiro;Uganda;198510
Exportação;2025;Janeiro;Uruguai;195667
Exportação;2025;Janeiro;Uzbequistão;11359739
Exportação;2025;Janeiro;Vanuatu;51798
Exportação;2025;Janeiro;Venezuela;50552178
Exportação;2025;Janeiro;Vietnã;413350856
Exportação;2025;Janeiro;Virgens, Ilhas (Americanas);67588858
Exportação;2025;Janeiro;Virgens, Ilhas (Britânicas);123135
Exportação;2025;Janeiro;Zimbábue;480504
Exportação;2025;Janeiro;Zâmbia;660459
Exportação;2025;Janeiro;África do Sul;107315448
Exportação;2025;Janeiro;Áustria;12043267
Exportação;2025;Janeiro;Índia;604333244
Exportação;2025;Fevereiro;Afeganistão;1598
Exportação;2025;Fevereiro;Albânia;6841457
Exportação;2025;Fevereiro;Alemanha;398810942
Exportação;2025;Fevereiro;Angola;36715155
Exportação;2025;Fevereiro;Anguilla;104921
Exportação;2025;Fevereiro;Antártica;33999
Exportação;2025;Fevereiro;Antígua e Barbuda;1998843
Exportação;2025;Fevereiro;Argentina;1437217439
Exportação;2025;Fevereiro;Argélia;223340041
Exportação;2025;Fevereiro;Armênia;169278
Exportação;2025;Fevereiro;Aruba;3377056
Exportação;2025;Fevereiro;Arábia Saudita;228910317
Exportação;2025;Fevereiro;Austrália;63202231
Exportação;2025;Fevereiro;Azerbaijão;1203065
Exportação;2025;Fevereiro;Bahamas;14451053
Exportação;2025;Fevereiro;Bangladesh;366059196
Exportação;2025;Fevereiro;Barbados;3522408
Exportação;2025;Fevereiro;Barein;49043691
Exportação;2025;Fevereiro;Belarus;663
Exportação;2025;Fevereiro;Belize;2216081
Exportação;2025;Fevereiro;Benin;9346759
Exportação;2025;Fevereiro;Bermudas;3192376
Exportação;2025;Fevereiro;Bolívia;99384300
Exportação;2025;Fevereiro;Bonaire, Saint Eustatius e Saba;107766
Exportação;2025;Fevereiro;Brasil;57562510
Exportação;2025;Fevereiro;Brunei;48084
Exportação;2025;Fevereiro;Bulgária;102779150
Exportação;2025;Fevereiro;Burkina Faso;32547
Exportação;2025;Fevereiro;Bélgica;308447694
Exportação;2025;Fevereiro;Bósnia-Herzegovina;118212
Exportação;2025;Fevereiro;Cabo Verde;3208768
Exportação;2025;Fevereiro;Camarões;18888181
Exportação;2025;Fevereiro;Camboja;3140781
Exportação;2025;Fevereiro;Canadá;468394059
Exportação;2025;Fevereiro;Catar;21867330
Exportação;2025;Fevereiro;Cayman, Ilhas;496512
Exportação;2025;Fevereiro;Cazaquistão;2332850
Exportação;2025;Fevereiro;Chade;938238
Exportação;2025;Fevereiro;Chile;536515725
Exportação;2025;Fevereiro;China;5205994816
Exportação;2025;Fevereiro;Chipre;5533046
Exportação;2025;Fevereiro;Colômbia;235977
Exportação;2025;Fevereiro;Comores;307586
Exportação;2025;Fevereiro;Congo;6958771
Exportação;2025;Fevereiro;Congo, República Democrática;21196809
Exportação;2025;Fevereiro;Cook, Ilhas;11611
Exportação;2025;Fevereiro;Coreia do Sul;162566307
Exportação;2025;Fevereiro;Costa Rica;16452763
Exportação;2025;Fevereiro;Costa do Marfim;28975600
Exportação;2025;Fevereiro;Coveite (Kuweit);18608571
Exportação;2025;Fevereiro;Croácia;4217273
Exportação;2025;Fevereiro;Cuba;15617218
Exportação;2025;Fevereiro;Curaçao;3229742
Exportação;2025;Fevereiro;Dinamarca;32292
Exportação;2025;Fevereiro;Djibuti;1586116
Exportação;2025;Fevereiro;Dominica;435689
Exportação;2025;Fevereiro;Egito;183007604
Exportação;2025;Fevereiro;El Salvador;7198930
Exportação;2025;Fevereiro;Emirados Árabes Unidos;261378089
Exportação;2025;Fevereiro;Equador;80064971
Exportação;2025;Fevereiro;Eslováquia;1334009
Exportação;2025;Fevereiro;Eslovênia;27326266
Exportação;2025;Fevereiro;Espanha;614593213
Exportação;2025;Fevereiro;Estados Unidos;3167225275
Exportação;2025;Fevereiro;Estônia;8832267
Exportação;2025;Fevereiro;Etiópia;2900242
Exportação;2025;Fevereiro;Fiji;117534
Exportação;2025;Fevereiro;Filipinas;118616182
Exportação;2025;Fevereiro;Finlândia;14956290
Exportação;2025;Fevereiro;França;199729457
Exportação;2025;Fevereiro;Gabão;6962438
Exportação;2025;Fevereiro;Gana;20650352
Exportação;2025;Fevereiro;Geórgia;40651729
Exportação;2025;Fevereiro;Gibraltar;103
Exportação;2025;Fevereiro;Granada;1138213
Exportação;2025;Fevereiro;Groenlândia;3450
Exportação;2025;Fevereiro;Grécia;32582366
Exportação;2025;Fevereiro;Guadalupe;462154
Exportação;2025;Fevereiro;Guam;5462
Exportação;2025;Fevereiro;Guatemala;32911635
Exportação;2025;Fevereiro;Guiana;38536706
Exportação;2025;Fevereiro;Guiana Francesa;421119
Exportação;2025;Fevereiro;Guiné;17893592
Exportação;2025;Fevereiro;Guiné Equatorial;3339652
Exportação;2025;Fevereiro;Guiné-Bissau;347
Exportação;2025;Fevereiro;Gâmbia;16986239
Exportação;2025;Fevereiro;Haiti;3850366
Exportação;2025;Fevereiro;Heard e ilhas mcdonald, Ilha;138
Exportação;2025;Fevereiro;Honduras;10435558
Exportação;2025;Fevereiro;Hong Kong;125630521
Exportação;2025;Fevereiro;Hungria;2827240
Exportação;2025;Fevereiro;Ilha de Man;761390
Exportação;2025;Fevereiro;Indonésia;256646376
Exportação;2025;Fevereiro;Iraque;155728626
Exportação;2025;Fevereiro;Irlanda;9035988
Exportação;2025;Fevereiro;Irã;167170262
Exportação;2025;Fevereiro;Islândia;41903025
Exportação;2025;Fevereiro;Israel;37791
Exportação;2025;Fevereiro;Itália;412209413
Exportação;2025;Fevereiro;Iêmen;35958
Exportação;2025;Fevereiro;Jamaica;6435893
Exportação;2025;Fevereiro;Japão;376809
Exportação;2025;Fevereiro;Jordânia;33171914
Exportação;2025;Fevereiro;Laos;25474
Exportação;2025;Fevereiro;Letônia;6261593
Exportação;2025;Fevereiro;Libéria;38282686
Exportação;2025;Fevereiro;Liechtenstein;1224780
Exportação;2025;Fevereiro;Lituânia;1753097
Exportação;2025;Fevereiro;Luxemburgo;1683605
Exportação;2025;Fevereiro;Líbano;27478515
Exportação;2025;Fevereiro;Líbia;102436554
Exportação;2025;Fevereiro;Macau;259655
Exportação;2025;Fevereiro;Macedônia;1297473
Exportação;2025;Fevereiro;Madagascar;1323619
Exportação;2025;Fevereiro;Malavi;258526
Exportação;2025;Fevereiro;Maldivas;1633750
Exportação;2025;Fevereiro;Mali;110383
Exportação;2025;Fevereiro;Malta;12900290
Exportação;2025;Fevereiro;Malásia;248796574
Exportação;2025;Fevereiro;Marrocos;33551050
Exportação;2025;Fevereiro;Marshall, Ilhas;25549705
Exportação;2025;Fevereiro;Martinica;303869
Exportação;2025;Fevereiro;Mauritânia;21234
Exportação;2025;Fevereiro;Maurício;2133279
Exportação;2025;Fevereiro;Mayotte;268452
Exportação;2025;Fevereiro;Mianmar;777234
Exportação;2025;Fevereiro;Micronésia;85119
Exportação;2025;Fevereiro;Moldávia;489374
Exportação;2025;Fevereiro;Mongólia;338472
Exportação;2025;Fevereiro;Montenegro;5693352
Exportação;2025;Fevereiro;Montserrat;23252
Exportação;2025;Fevereiro;Moçambique;1121314
Exportação;2025;Fevereiro;México;509930209
Exportação;2025;Fevereiro;Namíbia;1735399
Exportação;2025;Fevereiro;Nepal;154864
Exportação;2025;Fevereiro;Nicarágua;18273807
Exportação;2025;Fevereiro;Nigéria;113599575
Exportação;2025;Fevereiro;Noruega;143665971
Exportação;2025;Fevereiro;Nova Caledônia;1347
Exportação;2025;Fevereiro;Nova Zelândia;12714374
Exportação;2025;Fevereiro;Níger;445183
Exportação;2025;Fevereiro;Omã;69142390
Exportação;2025;Fevereiro;Palau;1530
Exportação;2025;Fevereiro;Palestina;3056499
Exportação;2025;Fevereiro;Panamá;107886712
Exportação;2025;Fevereiro;Papua Nova Guiné;293252
Exportação;2025;Fevereiro;Paquistão;158234791
Exportação;2025;Fevereiro;Paraguai;273563
Exportação;2025;Fevereiro;Países Baixos (Holanda);664448433
Exportação;2025;Fevereiro;Peru;182571094
Exportação;2025;Fevereiro;Pitcairn;2550
Exportação;2025;Fevereiro;Polinésia Francesa;812578
Exportação;2025;Fevereiro;Polônia;29613771
Exportação;2025;Fevereiro;Porto Rico;18673575
Exportação;2025;Fevereiro;Portugal;155973292
Exportação;2025;Fevereiro;Quirguistão;164
Exportação;2025;Fevereiro;Quênia;6131357
Exportação;2025;Fevereiro;Reino Unido;194059488
Exportação;2025;Fevereiro;República Centro-Africana;628598
Exportação;2025;Fevereiro;República Dominicana;46517741
Exportação;2025;Fevereiro;Reunião;169043
Exportação;2025;Fevereiro;Romênia;5372151
Exportação;2025;Fevereiro;Ruanda;102074
Exportação;2025;Fevereiro;Rússia;86718800
Exportação;2025;Fevereiro;Samoa;253200
Exportação;2025;Fevereiro;Samoa Americana;3427
Exportação;2025;Fevereiro;Santa Lúcia;466379
Exportação;2025;Fevereiro;Seicheles;626750
Exportação;2025;Fevereiro;Senegal;16090828
Exportação;2025;Fevereiro;Serra Leoa;3845872
Exportação;2025;Fevereiro;Singapura;554131402
Exportação;2025;Fevereiro;Sint Maarten;1150315
Exportação;2025;Fevereiro;Somália;3064197
Exportação;2025;Fevereiro;Sri Lanka;7950692
Exportação;2025;Fevereiro;Suazilândia;147194
Exportação;2025;Fevereiro;Sudão do Sul;331515
Exportação;2025;Fevereiro;Suriname;2156739
Exportação;2025;Fevereiro;Suécia;71852239
Exportação;2025;Fevereiro;Suíça;129874372
Exportação;2025;Fevereiro;São Bartolomeu;42753
Exportação;2025;Fevereiro;São Cristóvão e Névis;207104
Exportação;2025;Fevereiro;São Martinho, Ilha de (parte francesa);53086
Exportação;2025;Fevereiro;São Tomé e Príncipe;373405
Exportação;2025;Fevereiro;São Vicente e Granadinas;325892
Exportação;2025;Fevereiro;Sérvia;4427719
Exportação;2025;Fevereiro;Tailândia;167565605
Exportação;2025;Fevereiro;Taiwan (Formosa);86554947
Exportação;2025;Fevereiro;Tanzânia;4586657
Exportação;2025;Fevereiro;Tcheca, República;2806185
Exportação;2025;Fevereiro;Terras Austrais Francesas;12707
Exportação;2025;Fevereiro;Timor Leste;731452
Exportação;2025;Fevereiro;Togo;59300231
Exportação;2025;Fevereiro;Tonga;1356234
Exportação;2025;Fevereiro;Toquelau;9936
Exportação;2025;Fevereiro;Trinidad e Tobago;14805851
Exportação;2025;Fevereiro;Tunísia;24609806
Exportação;2025;Fevereiro;Turcas e Caicos, Ilhas;228103
Exportação;2025;Fevereiro;Turcomenistão;1385432
Exportação;2025;Fevereiro;Turquia;377814814
Exportação;2025;Fevereiro;Ucrânia;3414532
Exportação;2025;Fevereiro;Uganda;713
Exportação;2025;Fevereiro;Uruguai;230571427
Exportação;2025;Fevereiro;Uzbequistão;10865451
Exportação;2025;Fevereiro;Vanuatu;26887
Exportação;2025;Fevereiro;Venezuela;49128609
Exportação;2025;Fevereiro;Vietnã;312123791
Exportação;2025;Fevereiro;Virgens, Ilhas (Americanas);43170
Exportação;2025;Fevereiro;Virgens, Ilhas (Britânicas);122957
Exportação;2025;Fevereiro;Wallis e Futuna, Ilhas;176759
Exportação;2025;Fevereiro;Zimbábue;929793
Exportação;2025;Fevereiro;Zâmbia;1187537
Exportação;2025;Fevereiro;África do Sul;78722295
Exportação;2025;Fevereiro;Áustria;12251469
Exportação;2025;Fevereiro;Índia;365895060
Exportação;2025;Março;Afeganistão;166574
Exportação;2025;Março;Albânia;12692615
Exportação;2025;Março;Alemanha;641743782
Exportação;2025;Março;Angola;52036295
Exportação;2025;Março;Anguilla;51000
Exportação;2025;Março;Antígua e Barbuda;3951278
Exportação;2025;Março;Argentina;1560958189
Exportação;2025;Março;Argélia;220448112
Exportação;2025;Março;Armênia;421602
Exportação;2025;Março;Aruba;2006543
Exportação;2025;Março;Arábia Saudita;255664944
Exportação;2025;Março;Austrália;58954329
Exportação;2025;Março;Azerbaijão;783642
Exportação;2025;Março;Bahamas;11565641
Exportação;2025;Março;Bangladesh;231507078
Exportação;2025;Março;Barbados;2218788
Exportação;2025;Março;Barein;90706304
Exportação;2025;Março;Belarus;798646
Exportação;2025;Março;Belize;389024
Exportação;2025;Março;Benin;12540525
Exportação;2025;Março;Bermudas;1674324
Exportação;2025;Março;Bolívia;104805585
Exportação;2025;Março;Bonaire, Saint Eustatius e Saba;165495
Exportação;2025;Março;Botsuana;8856
Exportação;2025;Março;Brasil;51105308
Exportação;2025;Março;Brunei;73965
Exportação;2025;Março;Bulgária;3115206
Exportação;2025;Março;Burkina Faso;17349
Exportação;2025;Março;Bélgica;268685979
Exportação;2025;Março;Bósnia-Herzegovina;167649
Exportação;2025;Março;Cabo Verde;3587548
Exportação;2025;Março;Camarões;11268821
Exportação;2025;Março;Camboja;1810405
Exportação;2025;Março;Canadá;716471320
Exportação;2025;Março;Catar;43198149
Exportação;2025;Março;Cayman, Ilhas;871433
Exportação;2025;Março;Cazaquistão;13890750
Exportação;2025;Março;Chade;711814
Exportação;2025;Março;Chile;399496832
Exportação;2025;Março;China;8903666279
Exportação;2025;Março;Chipre;4359978
Exportação;2025;Março;Cocos (Keeling), Ilhas;13
Exportação;2025;Março;Colômbia;235346497
Exportação;2025;Março;Comores;839278
Exportação;2025;Março;Congo;19592047
Exportação;2025;Março;Congo, República Democrática;27690868
Exportação;2025;Março;Cook, Ilhas;3034
Exportação;2025;Março;Coreia do Sul;548536221
Exportação;2025;Março;Costa Rica;31078764
Exportação;2025;Março;Costa do Marfim;11985
Exportação;2025;Março;Coveite (Kuweit);27638445
Exportação;2025;Março;Croácia;17723399
Exportação;2025;Março;Cuba;23230584
Exportação;2025;Março;Curaçao;4064058
Exportação;2025;Março;Dinamarca;58202323
Exportação;2025;Março;Djibuti;1285568
Exportação;2025;Março;Dominica;486982
Exportação;2025;Março;Egito;203051
Exportação;2025;Março;El Salvador;9580479
Exportação;2025;Março;Emirados Árabes Unidos;248366766
Exportação;2025;Março;Equador;83723031
Exportação;2025;Março;Eslováquia;2192603
Exportação;2025;Março;Eslovênia;37664110
Exportação;2025;Março;Espanha;658711092
Exportação;2025;Março;Estados Unidos;3182734745
Exportação;2025;Março;Estônia;12724819
Exportação;2025;Março;Etiópia;1732669
Exportação;2025;Março;Faroe, Ilhas;3738
Exportação;2025;Março;Fiji;162474
Exportação;2025;Março;Filipinas;118865208
Exportação;2025;Março;Finlândia;43619927
Exportação;2025;Março;França;246244386
Exportação;2025;Março;Gabão;5437537
Exportação;2025;Março;Gana;35689125
Exportação;2025;Março;Geórgia;31004769
Exportação;2025;Março;Gibraltar;27805029
Exportação;2025;Março;Granada;1727105
Exportação;2025;Março;Grécia;50544218
Exportação;2025;Março;Guadalupe;566240
Exportação;2025;Março;Guam;52635
Exportação;2025;Março;Guatemala;30457386
Exportação;2025;Março;Guiana;38241221
Exportação;2025;Março;Guiana Francesa;422110
Exportação;2025;Março;Guiné;12653400
Exportação;2025;Março;Guiné Equatorial;3346134
Exportação;2025;Março;Guiné-Bissau;442902
Exportação;2025;Março;Gâmbia;15578290
Exportação;2025;Março;Haiti;4178924
Exportação;2025;Março;Honduras;13675089
Exportação;2025;Março;Hong Kong;128677454
Exportação;2025;Março;Hungria;3812180
Exportação;2025;Março;Ilha de Man;335858
Exportação;2025;Março;Indonésia;343045874
Exportação;2025;Março;Iraque;81053
Exportação;2025;Março;Irlanda;48135630
Exportação;2025;Março;Irã;128633445
Exportação;2025;Março;Islândia;309798
Exportação;2025;Março;Israel;51709215
Exportação;2025;Março;Itália;378213254
Exportação;2025;Março;Iêmen;37971966
Exportação;2025;Março;Jamaica;6187177
Exportação;2025;Março;Japão;456357656
Exportação;2025;Março;Jordânia;64946039
Exportação;2025;Março;Laos;1610890
Exportação;2025;Março;Letônia;6584799
Exportação;2025;Março;Libéria;48556673
Exportação;2025;Março;Liechtenstein;923660
Exportação;2025;Março;Lituânia;2399822
Exportação;2025;Março;Luxemburgo;3897508
Exportação;2025;Março;Líbano;34527371
Exportação;2025;Março;Líbia;57586694
Exportação;2025;Março;Macau;14641
Exportação;2025;Março;Macedônia;1165606
Exportação;2025;Março;Madagascar;1827594
Exportação;2025;Março;Malavi;49888
Exportação;2025;Março;Maldivas;1728644
Exportação;2025;Março;Mali;172224
Exportação;2025;Março;Malta;10878003
Exportação;2025;Março;Malásia;191791612
Exportação;2025;Março;Marianas do Norte, Ilhas;46905
Exportação;2025;Março;Marrocos;82271516
Exportação;2025;Março;Marshall, Ilhas;28087177
Exportação;2025;Março;Martinica;509659
Exportação;2025;Março;Mauritânia;11462454
Exportação;2025;Março;Maurício;3567286
Exportação;2025;Março;Mayotte;1240
Exportação;2025;Março;Mianmar;3205668
Exportação;2025;Março;Moldávia;72098
Exportação;2025;Março;Mongólia;441521
Exportação;2025;Março;Montenegro;3246385
Exportação;2025;Março;Moçambique;1308232
Exportação;2025;Março;México;571871649
Exportação;2025;Março;Mônaco;2943
Exportação;2025;Março;Namíbia;1395793
Exportação;2025;Março;Nauru;146
Exportação;2025;Março;Nepal;509124
Exportação;2025;Março;Nicarágua;13918
Exportação;2025;Março;Nigéria;33606886
Exportação;2025;Março;Niue;11348434
Exportação;2025;Março;Noruega;187458221
Exportação;2025;Março;Nova Caledônia;1140
Exportação;2025;Março;Nova Zelândia;8984516
Exportação;2025;Março;Níger;98362
Exportação;2025;Março;Omã;118165186
Exportação;2025;Março;Pacífico, Ilhas do (EUA);107519
Exportação;2025;Março;Palau;66123
Exportação;2025;Março;Palestina;7007886
Exportação;2025;Março;Panamá;128411332
Exportação;2025;Março;Papua Nova Guiné;159774
Exportação;2025;Março;Paquistão;163652570
Exportação;2025;Março;Paraguai;267333354
Exportação;2025;Março;Países Baixos (Holanda);1004357198
Exportação;2025;Março;Peru;228860476
Exportação;2025;Março;Polinésia Francesa;943219
Exportação;2025;Março;Polônia;137094962
Exportação;2025;Março;Porto Rico;24473545
Exportação;2025;Março;Portugal;72194953
Exportação;2025;Março;Quirguistão;18336
Exportação;2025;Março;Quênia;7937158
Exportação;2025;Março;Reino Unido;276426517
Exportação;2025;Março;República Centro-Africana;323597
Exportação;2025;Março;República Dominicana;46840232
Exportação;2025;Março;Reunião;504585
Exportação;2025;Março;Romênia;12777245
Exportação;2025;Março;Ruanda;412724
Exportação;2025;Março;Rússia;136775355
Exportação;2025;Março;Samoa;200093
Exportação;2025;Março;Samoa Americana;7000
Exportação;2025;Março;San Marino;21195
Exportação;2025;Março;Santa Lúcia;271703
Exportação;2025;Março;Seicheles;909185
Exportação;2025;Março;Senegal;62416840
Exportação;2025;Março;Serra Leoa;3537037
Exportação;2025;Março;Singapura;543149950
Exportação;2025;Março;Sint Maarten;1145797
Exportação;2025;Março;Somália;615962
Exportação;2025;Março;Sri Lanka;6264319
Exportação;2025;Março;Sudão;189194
Exportação;2025;Março;Sudão do Sul;352771
Exportação;2025;Março;Suriname;3417940
Exportação;2025;Março;Suécia;93184954
Exportação;2025;Março;Suíça;66123751
Exportação;2025;Março;São Bartolomeu;2476
Exportação;2025;Março;São Cristóvão e Névis;268386
Exportação;2025;Março;São Martinho, Ilha de (parte francesa);82796
Exportação;2025;Março;São Tomé e Príncipe;368542
Exportação;2025;Março;São Vicente e Granadinas;312323
Exportação;2025;Março;Sérvia;4428767
Exportação;2025;Março;Síria;1555824
Exportação;2025;Março;Tailândia;311756678
Exportação;2025;Março;Taiwan (Formosa);135689910
Exportação;2025;Março;Tanzânia;3798097
Exportação;2025;Março;Tcheca, República;3887990
Exportação;2025;Março;Terras Austrais Francesas;11484
Exportação;2025;Março;Timor Leste;722494
Exportação;2025;Março;Togo;36586461
Exportação;2025;Março;Tonga;1536347
Exportação;2025;Março;Trinidad e Tobago;40843396
Exportação;2025;Março;Tunísia;49509576
Exportação;2025;Março;Turcas e Caicos, Ilhas;196374
Exportação;2025;Março;Turcomenistão;775778
Exportação;2025;Março;Turquia;485591352
Exportação;2025;Março;Ucrânia;5362669
Exportação;2025;Março;Uganda;693411
Exportação;2025;Março;Uruguai;357475064
Exportação;2025;Março;Uzbequistão;18373894
Exportação;2025;Março;Vanuatu;162286
Exportação;2025;Março;Venezuela;69587003
Exportação;2025;Março;Vietnã;330670703
Exportação;2025;Março;Virgens, Ilhas (Americanas);39589
Exportação;2025;Março;Virgens, Ilhas (Britânicas);102703
Exportação;2025;Março;Wallis e Futuna, Ilhas;123
Exportação;2025;Março;Zimbábue;216357
Exportação;2025;Março;Zâmbia;658483
Exportação;2025;Março;África do Sul;108649
Exportação;2025;Março;Áustria;5770296
Exportação;2025;Março;Índia;466566803
Exportação;2025;Abril;Afeganistão;345232
Exportação;2025;Abril;Albânia;12894131
Exportação;2025;Abril;Alemanha;648162238
Exportação;2025;Abril;Andorra;1319
Exportação;2025;Abril;Angola;54969920
Exportação;2025;Abril;Anguilla;49905
Exportação;2025;Abril;Antígua e Barbuda;2158868
Exportação;2025;Abril;Argentina;1595379765
Exportação;2025;Abril;Argélia;168628210
Exportação;2025;Abril;Armênia;250
Exportação;2025;Abril;Aruba;3263553
Exportação;2025;Abril;Arábia Saudita;198718531
Exportação;2025;Abril;Austrália;72057957
Exportação;2025;Abril;Azerbaijão;1703679
Exportação;2025;Abril;Bahamas;12883902
Exportação;2025;Abril;Bangladesh;134376659
Exportação;2025;Abril;Barbados;2427
Exportação;2025;Abril;Barein;24563939
Exportação;2025;Abril;Belarus;864309
Exportação;2025;Abril;Belize;556949
Exportação;2025;Abril;Benin;9658357
Exportação;2025;Abril;Bermudas;153624
Exportação;2025;Abril;Bolívia;112298880
Exportação;2025;Abril;Bonaire, Saint Eustatius e Saba;334517
Exportação;2025;Abril;Botsuana;46872
Exportação;2025;Abril;Brasil;37811984
Exportação;2025;Abril;Brunei;118158
Exportação;2025;Abril;Bulgária;2097699
Exportação;2025;Abril;Burkina Faso;261730
Exportação;2025;Abril;Burundi;444838
Exportação;2025;Abril;Butão;206968
Exportação;2025;Abril;Bélgica;292330005
Exportação;2025;Abril;Bósnia-Herzegovina;156851
Exportação;2025;Abril;Cabo Verde;3004358
Exportação;2025;Abril;Camarões;10285684
Exportação;2025;Abril;Camboja;2256
Exportação;2025;Abril;Canadá;573276059
Exportação;2025;Abril;Catar;22251566
Exportação;2025;Abril;Cayman, Ilhas;878741
Exportação;2025;Abril;Cazaquistão;2580262
Exportação;2025;Abril;Chade;819317
Exportação;2025;Abril;Chile;508937474
Exportação;2025;Abril;China;8762770272
Exportação;2025;Abril;Chipre;5115745
Exportação;2025;Abril;Christmas (Navidad), Ilha;163589
Exportação;2025;Abril;Cocos (Keeling), Ilhas;14051
Exportação;2025;Abril;Colômbia;275179783
Exportação;2025;Abril;Comores;1387388
Exportação;2025;Abril;Congo;9666132
Exportação;2025;Abril;Congo, República Democrática;20673452
Exportação;2025;Abril;Coreia do Sul;639392167
Exportação;2025;Abril;Costa Rica;48615829
Exportação;2025;Abril;Costa do Marfim;9322945
Exportação;2025;Abril;Coveite (Kuweit);23912844
Exportação;2025;Abril;Croácia;19571447
Exportação;2025;Abril;Cuba;23624728
Exportação;2025;Abril;Curaçao;4084439
Exportação;2025;Abril;Dinamarca;21624286
Exportação;2025;Abril;Djibuti;728633
Exportação;2025;Abril;Dominica;399313
Exportação;2025;Abril;Egito;136952785
Exportação;2025;Abril;El Salvador;19589405
Exportação;2025;Abril;Emirados Árabes Unidos;236573786
Exportação;2025;Abril;Equador;79131774
Exportação;2025;Abril;Eslováquia;3340540
Exportação;2025;Abril;Eslovênia;17571545
Exportação;2025;Abril;Espanha;1072211361
Exportação;2025;Abril;Estados Unidos;3516696547
Exportação;2025;Abril;Estônia;8797776
Exportação;2025;Abril;Etiópia;2869873
Exportação;2025;Abril;Faroe, Ilhas;871
Exportação;2025;Abril;Fiji;155750
Exportação;2025;Abril;Filipinas;213560503
Exportação;2025;Abril;Finlândia;40372988
Exportação;2025;Abril;França;281468742
Exportação;2025;Abril;Gabão;3125945
Exportação;2025;Abril;Gana;21840605
Exportação;2025;Abril;Geórgia;36451912
Exportação;2025;Abril;Geórgia do Sul e Sandwich do Sul, Ilhas;20759
Exportação;2025;Abril;Gibraltar;43710
Exportação;2025;Abril;Granada;1477334
Exportação;2025;Abril;Grécia;42676788
Exportação;2025;Abril;Guadalupe;220759
Exportação;2025;Abril;Guam;126887
Exportação;2025;Abril;Guatemala;35942269
Exportação;2025;Abril;Guiana;12142158
Exportação;2025;Abril;Guiana Francesa;551
Exportação;2025;Abril;Guiné;15818143
Exportação;2025;Abril;Guiné Equatorial;3725
Exportação;2025;Abril;Guiné-Bissau;267595
Exportação;2025;Abril;Gâmbia;5507
Exportação;2025;Abril;Haiti;2202
Exportação;2025;Abril;Honduras;13605606
Exportação;2025;Abril;Hong Kong;128367560
Exportação;2025;Abril;Hungria;3212844
Exportação;2025;Abril;Ilha de Man;812848
Exportação;2025;Abril;Indonésia;371325843
Exportação;2025;Abril;Iraque;145139612
Exportação;2025;Abril;Irlanda;21707127
Exportação;2025;Abril;Irã;185790832
Exportação;2025;Abril;Islândia;18676177
Exportação;2025;Abril;Israel;50751909
Exportação;2025;Abril;Itália;567723610
Exportação;2025;Abril;Iêmen;17834698
Exportação;2025;Abril;Jamaica;9075438
Exportação;2025;Abril;Japão;498455547
Exportação;2025;Abril;Jordânia;27991452
Exportação;2025;Abril;Laos;1642893
Exportação;2025;Abril;Lesoto;791113
Exportação;2025;Abril;Letônia;8466874
Exportação;2025;Abril;Libéria;44618446
Exportação;2025;Abril;Liechtenstein;1153708
Exportação;2025;Abril;Lituânia;4385956
Exportação;2025;Abril;Luxemburgo;3163985
Exportação;2025;Abril;Líbano;46286477
Exportação;2025;Abril;Líbia;53837264
Exportação;2025;Abril;Macau;423661
Exportação;2025;Abril;Macedônia;812626
Exportação;2025;Abril;Madagascar;824347
Exportação;2025;Abril;Malavi;771633
Exportação;2025;Abril;Maldivas;2226358
Exportação;2025;Abril;Mali;203994
Exportação;2025;Abril;Malta;14096132
Exportação;2025;Abril;Malásia;256586114
Exportação;2025;Abril;Marrocos;38314
Exportação;2025;Abril;Marshall, Ilhas;27053313
Exportação;2025;Abril;Martinica;611971
Exportação;2025;Abril;Mauritânia;6604
Exportação;2025;Abril;Maurício;5495909
Exportação;2025;Abril;Mayotte;6331
Exportação;2025;Abril;Mianmar;2612513
Exportação;2025;Abril;Micronésia;12530
Exportação;2025;Abril;Moldávia;108558
Exportação;2025;Abril;Mongólia;634919
Exportação;2025;Abril;Montenegro;1047587
Exportação;2025;Abril;Montserrat;116385
Exportação;2025;Abril;Moçambique;2312
Exportação;2025;Abril;México;702580876
Exportação;2025;Abril;Mônaco;35273
Exportação;2025;Abril;Namíbia;1923381
Exportação;2025;Abril;Nepal;177131
Exportação;2025;Abril;Nicarágua;6117615
Exportação;2025;Abril;Nigéria;47009367
Exportação;2025;Abril;Noruega;97922938
Exportação;2025;Abril;Nova Caledônia;812781
Exportação;2025;Abril;Nova Zelândia;7899788
Exportação;2025;Abril;Níger;372828
Exportação;2025;Abril;Omã;152775
Exportação;2025;Abril;Pacífico, Ilhas do (EUA);34223
Exportação;2025;Abril;Palau;39600
Exportação;2025;Abril;Palestina;4359939
Exportação;2025;Abril;Panamá;132372038
Exportação;2025;Abril;Papua Nova Guiné;384022
Exportação;2025;Abril;Paquistão;258124449
Exportação;2025;Abril;Paraguai;293763449
Exportação;2025;Abril;Países Baixos (Holanda);863790267
Exportação;2025;Abril;Peru;232777381
Exportação;2025;Abril;Polinésia Francesa;898755
Exportação;2025;Abril;Polônia;1865277
Exportação;2025;Abril;Porto Rico;24435679
Exportação;2025;Abril;Portugal;500371599
Exportação;2025;Abril;Quirguistão;48737
Exportação;2025;Abril;Quênia;7681714
Exportação;2025;Abril;Reino Unido;349531540
Exportação;2025;Abril;República Centro-Africana;911973
Exportação;2025;Abril;República Dominicana;52879391
Exportação;2025;Abril;Reunião;399509
Exportação;2025;Abril;Romênia;58259403
Exportação;2025;Abril;Ruanda;614324
Exportação;2025;Abril;Rússia;112002610
Exportação;2025;Abril;Samoa;360566
Exportação;2025;Abril;Samoa Americana;44900
Exportação;2025;Abril;San Marino;50851
Exportação;2025;Abril;Santa Helena;564
Exportação;2025;Abril;Santa Lúcia;573986
Exportação;2025;Abril;Seicheles;893238
Exportação;2025;Abril;Senegal;16768074
Exportação;2025;Abril;Serra Leoa;3441819
Exportação;2025;Abril;Singapura;549387743
Exportação;2025;Abril;Sint Maarten;1499502
Exportação;2025;Abril;Somália;3909598
Exportação;2025;Abril;Sri Lanka;3455169
Exportação;2025;Abril;Sudão;2221
Exportação;2025;Abril;Sudão do Sul;336161
Exportação;2025;Abril;Suriname;2639355
Exportação;2025;Abril;Suécia;80798265
Exportação;2025;Abril;Suíça;68594004
Exportação;2025;Abril;São Bartolomeu;108985
Exportação;2025;Abril;São Cristóvão e Névis;277791
Exportação;2025;Abril;São Martinho, Ilha de (parte francesa);273736
Exportação;2025;Abril;São Tomé e Príncipe;243185
Exportação;2025;Abril;São Vicente e Granadinas;830038
Exportação;2025;Abril;Sérvia;6335515
Exportação;2025;Abril;Síria;1728880
Exportação;2025;Abril;Tadjiquistão;236560
Exportação;2025;Abril;Tailândia;299872766
Exportação;2025;Abril;Taiwan (Formosa);104379135
Exportação;2025;Abril;Tanzânia;2811445
Exportação;2025;Abril;Tcheca, República;3352185
Exportação;2025;Abril;Terras Austrais Francesas;4815
Exportação;2025;Abril;Território Britânico do Oceano Índico;2394
Exportação;2025;Abril;Timor Leste;1184215
Exportação;2025;Abril;Togo;5044050
Exportação;2025;Abril;Tonga;660848
Exportação;2025;Abril;Trinidad e Tobago;30307540
Exportação;2025;Abril;Tunísia;36194330
Exportação;2025;Abril;Turcas e Caicos, Ilhas;630637
Exportação;2025;Abril;Turcomenistão;926479
Exportação;2025;Abril;Turquia;462879543
Exportação;2025;Abril;Ucrânia;4104082
Exportação;2025;Abril;Uganda;299993
Exportação;2025;Abril;Uruguai;342744759
Exportação;2025;Abril;Uzbequistão;11495
Exportação;2025;Abril;Vanuatu;675855
Exportação;2025;Abril;Vaticano;840
Exportação;2025;Abril;Venezuela;54223408
Exportação;2025;Abril;Vietnã;281892867
Exportação;2025;Abril;Virgens, Ilhas (Americanas);26404
Exportação;2025;Abril;Virgens, Ilhas (Britânicas);5467364
Exportação;2025;Abril;Zimbábue;396
Exportação;2025;Abril;Zâmbia;475137
Exportação;2025;Abril;África do Sul;104919674
Exportação;2025;Abril;Áustria;5903066
Exportação;2025;Abril;Índia;557982425
Exportação;2025;Maio;Afeganistão;216365
Exportação;2025;Maio;Albânia;19628
Exportação;2025;Maio;Alemanha;467758111
Exportação;2025;Maio;Angola;33263541
Exportação;2025;Maio;Anguilla;111534
Exportação;2025;Maio;Antártica;68
Exportação;2025;Maio;Antígua e Barbuda;2239594
Exportação;2025;Maio;Argentina;1693500
Exportação;2025;Maio;Argélia;116816766
Exportação;2025;Maio;Armênia;645625
Exportação;2025;Maio;Aruba;2923572
Exportação;2025;Maio;Arábia Saudita;219287349
Exportação;2025;Maio;Austrália;59922519
Exportação;2025;Maio;Azerbaijão;1975626
Exportação;2025;Maio;Bahamas;13777070
Exportação;2025;Maio;Bangladesh;132417419
Exportação;2025;Maio;Barbados;3249421
Exportação;2025;Maio;Barein;97532365
Exportação;2025;Maio;Belarus;1246228
Exportação;2025;Maio;Belize;750
Exportação;2025;Maio;Benin;6532207
Exportação;2025;Maio;Bermudas;603753
Exportação;2025;Maio;Bolívia;109787985
Exportação;2025;Maio;Bonaire, Saint Eustatius e Saba;147668
Exportação;2025;Maio;Botsuana;418349
Exportação;2025;Maio;Brasil;41697004
Exportação;2025;Maio;Brunei;18472
Exportação;2025;Maio;Bulgária;1562142
Exportação;2025;Maio;Burkina Faso;223879
Exportação;2025;Maio;Bélgica;322778149
Exportação;2025;Maio;Bósnia-Herzegovina;148622
Exportação;2025;Maio;Cabo Verde;3231530
Exportação;2025;Maio;Camarões;19816043
Exportação;2025;Maio;Camboja;3535494
Exportação;2025;Maio;Canadá;472989264
Exportação;2025;Maio;Catar;20325181
Exportação;2025;Maio;Cayman, Ilhas;693699
Exportação;2025;Maio;Cazaquistão;5071765
Exportação;2025;Maio;Chade;280881
Exportação;2025;Maio;Chile;463071918
Exportação;2025;Maio;China;9590510024
Exportação;2025;Maio;Chipre;3106427
Exportação;2025;Maio;Christmas (Navidad), Ilha;286920
Exportação;2025;Maio;Colômbia;320429008
Exportação;2025;Maio;Comores;1034592
Exportação;2025;Maio;Congo;7919070
Exportação;2025;Maio;Congo, República Democrática;15548320
Exportação;2025;Maio;Coreia do Sul;315819455
Exportação;2025;Maio;Costa Rica;26103639
Exportação;2025;Maio;Costa do Marfim;27855834
Exportação;2025;Maio;Coveite (Kuweit);20715294
Exportação;2025;Maio;Croácia;4411996
Exportação;2025;Maio;Cuba;28653729
Exportação;2025;Maio;Curaçao;5434679
Exportação;2025;Maio;Dinamarca;97262094
Exportação;2025;Maio;Djibuti;1154166
Exportação;2025;Maio;Dominica;420833
Exportação;2025;Maio;Egito;184336834
Exportação;2025;Maio;El Salvador;9562676
Exportação;2025;Maio;Emirados Árabes Unidos;318097287
Exportação;2025;Maio;Equador;87333699
Exportação;2025;Maio;Eslováquia;2003764
Exportação;2025;Maio;Eslovênia;24958345
Exportação;2025;Maio;Espanha;1075708737
Exportação;2025;Maio;Estados Unidos;3595076631
Exportação;2025;Maio;Estônia;6356746
Exportação;2025;Maio;Etiópia;2828561
Exportação;2025;Maio;Faroe, Ilhas;1445
Exportação;2025;Maio;Fiji;109722
Exportação;2025;Maio;Filipinas;155685666
Exportação;2025;Maio;Finlândia;30309870
Exportação;2025;Maio;França;305053425
Exportação;2025;Maio;Gabão;3530685
Exportação;2025;Maio;Gana;21631231
Exportação;2025;Maio;Geórgia;57037924
Exportação;2025;Maio;Gibraltar;17466
Exportação;2025;Maio;Granada;1139562
Exportação;2025;Maio;Grécia;47961436
Exportação;2025;Maio;Guadalupe;492354
Exportação;2025;Maio;Guam;50982
Exportação;2025;Maio;Guatemala;37500622
Exportação;2025;Maio;Guiana;10703664
Exportação;2025;Maio;Guiana Francesa;562528
Exportação;2025;Maio;Guiné;12461830
Exportação;2025;Maio;Guiné Equatorial;1965999
Exportação;2025;Maio;Guiné-Bissau;209310
Exportação;2025;Maio;Gâmbia;19906429
Exportação;2025;Maio;Haiti;3283274
Exportação;2025;Maio;Honduras;13958
Exportação;2025;Maio;Hong Kong;105065588
Exportação;2025;Maio;Hungria;3386125
Exportação;2025;Maio;Ilha de Man;1686140
Exportação;2025;Maio;Indonésia;391021681
Exportação;2025;Maio;Iraque;139094430
Exportação;2025;Maio;Irlanda;12640313
Exportação;2025;Maio;Irã;238784250
Exportação;2025;Maio;Islândia;30270924
Exportação;2025;Maio;Israel;37656300
Exportação;2025;Maio;Itália;458865688
Exportação;2025;Maio;Iêmen;12247562
Exportação;2025;Maio;Jamaica;15164170
Exportação;2025;Maio;Japão;449827303
Exportação;2025;Maio;Jordânia;23973984
Exportação;2025;Maio;Laos;1484821
Exportação;2025;Maio;Lesoto;2664756
Exportação;2025;Maio;Letônia;6237
Exportação;2025;Maio;Libéria;43157109
Exportação;2025;Maio;Liechtenstein;1613527
Exportação;2025;Maio;Lituânia;2446741
Exportação;2025;Maio;Luxemburgo;2828584
Exportação;2025;Maio;Líbano;47962425
Exportação;2025;Maio;Líbia;55607
Exportação;2025;Maio;Macau;318904
Exportação;2025;Maio;Macedônia;1480045
Exportação;2025;Maio;Madagascar;183774
Exportação;2025;Maio;Malavi;196305
Exportação;2025;Maio;Maldivas;1448976
Exportação;2025;Maio;Mali;5525
Exportação;2025;Maio;Malta;15382
Exportação;2025;Maio;Malásia;307434755
Exportação;2025;Maio;Marrocos;68498526
Exportação;2025;Maio;Marshall, Ilhas;15582766
Exportação;2025;Maio;Martinica;451153
Exportação;2025;Maio;Mauritânia;17832578
Exportação;2025;Maio;Maurício;19754810
Exportação;2025;Maio;Mayotte;1265359
Exportação;2025;Maio;Mianmar;2887792
Exportação;2025;Maio;Moldávia;164580
Exportação;2025;Maio;Mongólia;551421
Exportação;2025;Maio;Montenegro;5486907
Exportação;2025;Maio;Moçambique;1423590
Exportação;2025;Maio;México;676088102
Exportação;2025;Maio;Mônaco;8715
Exportação;2025;Maio;Namíbia;660396
Exportação;2025;Maio;Nauru;4
Exportação;2025;Maio;Nepal;330335
Exportação;2025;Maio;Nicarágua;9092888
Exportação;2025;Maio;Nigéria;198537145
Exportação;2025;Maio;Norfolk, Ilha;17633
Exportação;2025;Maio;Noruega;94547906
Exportação;2025;Maio;Nova Caledônia;751987
Exportação;2025;Maio;Nova Zelândia;8929816
Exportação;2025;Maio;Níger;234330
Exportação;2025;Maio;Omã;78853291
Exportação;2025;Maio;Pacífico, Ilhas do (EUA);83805
Exportação;2025;Maio;Palau;62317
Exportação;2025;Maio;Palestina;2066766
Exportação;2025;Maio;Panamá;199937
Exportação;2025;Maio;Papua Nova Guiné;226921
Exportação;2025;Maio;Paquistão;153648161
Exportação;2025;Maio;Paraguai;304097911
Exportação;2025;Maio;Países Baixos (Holanda);1058975234
Exportação;2025;Maio;Peru;302225848
Exportação;2025;Maio;Pitcairn;373009
Exportação;2025;Maio;Polinésia Francesa;922558
Exportação;2025;Maio;Polônia;144716398
Exportação;2025;Maio;Porto Rico;22439524
Exportação;2025;Maio;Portugal;288318358
Exportação;2025;Maio;Quirguistão;6246
Exportação;2025;Maio;Quênia;8258704
Exportação;2025;Maio;Reino Unido;385872503
Exportação;2025;Maio;República Centro-Africana;720994
Exportação;2025;Maio;República Dominicana;43519259
Exportação;2025;Maio;Reunião;195584
Exportação;2025;Maio;Romênia;19109750
Exportação;2025;Maio;Ruanda;11699
Exportação;2025;Maio;Rússia;160591870
Exportação;2025;Maio;Salomão, Ilhas;57446
Exportação;2025;Maio;Samoa;342157
Exportação;2025;Maio;Samoa Americana;65461
Exportação;2025;Maio;San Marino;22857
Exportação;2025;Maio;Santa Lúcia;822115
Exportação;2025;Maio;Seicheles;695535
Exportação;2025;Maio;Senegal;25569381
Exportação;2025;Maio;Serra Leoa;7861248
Exportação;2025;Maio;Singapura;365050741
Exportação;2025;Maio;Sint Maarten;1006023
Exportação;2025;Maio;Somália;17689768
Exportação;2025;Maio;Sri Lanka;1335827
Exportação;2025;Maio;Suazilândia;16496
Exportação;2025;Maio;Sudão;57
Exportação;2025;Maio;Sudão do Sul;486057
Exportação;2025;Maio;Suriname;4343079
Exportação;2025;Maio;Suécia;75064196
Exportação;2025;Maio;Suíça;190462121
Exportação;2025;Maio;São Bartolomeu;116795
Exportação;2025;Maio;São Cristóvão e Névis;229395
Exportação;2025;Maio;São Martinho, Ilha de (parte francesa);206519
Exportação;2025;Maio;São Tomé e Príncipe;205400
Exportação;2025;Maio;São Vicente e Granadinas;636897
Exportação;2025;Maio;Sérvia;3594614
Exportação;2025;Maio;Síria;340233
Exportação;2025;Maio;Tadjiquistão;200
Exportação;2025;Maio;Tailândia;203923648
Exportação;2025;Maio;Taiwan (Formosa);105125777
Exportação;2025;Maio;Tanzânia;1649215
Exportação;2025;Maio;Tcheca, República;3050324
Exportação;2025;Maio;Terras Austrais Francesas;19926
Exportação;2025;Maio;Timor Leste;454137
Exportação;2025;Maio;Togo;7804277
Exportação;2025;Maio;Tonga;961981
Exportação;2025;Maio;Toquelau;10656
Exportação;2025;Maio;Trinidad e Tobago;35650308
Exportação;2025;Maio;Tunísia;21219402
Exportação;2025;Maio;Turcas e Caicos, Ilhas;281380
Exportação;2025;Maio;Turcomenistão;1047980
Exportação;2025;Maio;Turquia;408177
Exportação;2025;Maio;Ucrânia;4820641
Exportação;2025;Maio;Uganda;571372
Exportação;2025;Maio;Uruguai;249461450
Exportação;2025;Maio;Uzbequistão;5881147
Exportação;2025;Maio;Vanuatu;140284
Exportação;2025;Maio;Venezuela;38118282
Exportação;2025;Maio;Vietnã;204073938
Exportação;2025;Maio;Virgens, Ilhas (Americanas);84377
Exportação;2025;Maio;Virgens, Ilhas (Britânicas);494181
Exportação;2025;Maio;Wallis e Futuna, Ilhas;1146
Exportação;2025;Maio;Zimbábue;537221
Exportação;2025;Maio;Zâmbia;699840
Exportação;2025;Maio;África do Sul;86176615
Exportação;2025;Maio;Áustria;27715624
Exportação;2025;Maio;Índia;384929461
Exportação;2025;Junho;Afeganistão;195074
Exportação;2025;Junho;Albânia;7894143
Exportação;2025;Junho;Alemanha;367744603
Exportação;2025;Junho;Andorra;68574
Exportação;2025;Junho;Angola;57305033
Exportação;2025;Junho;Anguilla;132
Exportação;2025;Junho;Antígua e Barbuda;37823
Exportação;2025;Junho;Argentina;1617159760
Exportação;2025;Junho;Argélia;242075235
Exportação;2025;Junho;Armênia;10098615
Exportação;2025;Junho;Aruba;4818416
Exportação;2025;Junho;Arábia Saudita;225855400
Exportação;2025;Junho;Austrália;57099363
Exportação;2025;Junho;Azerbaijão;1834754
Exportação;2025;Junho;Bahamas;61722786
Exportação;2025;Junho;Bangladesh;96416115
Exportação;2025;Junho;Barbados;2034047
Exportação;2025;Junho;Barein;32682719
Exportação;2025;Junho;Belarus;412040
Exportação;2025;Junho;Belize;705324
Exportação;2025;Junho;Benin;10972928
Exportação;2025;Junho;Bermudas;1118
Exportação;2025;Junho;Bolívia;95695341
Exportação;2025;Junho;Bonaire, Saint Eustatius e Saba;655945
Exportação;2025;Junho;Botsuana;255970
Exportação;2025;Junho;Brasil;19071152
Exportação;2025;Junho;Brunei;368
Exportação;2025;Junho;Bulgária;1328841
Exportação;2025;Junho;Burkina Faso;446427
Exportação;2025;Junho;Burundi;1428
Exportação;2025;Junho;Butão;60454
Exportação;2025;Junho;Bélgica;346796022
Exportação;2025;Junho;Bósnia-Herzegovina;68231
Exportação;2025;Junho;Cabo Verde;4397618
Exportação;2025;Junho;Camarões;23343431
Exportação;2025;Junho;Camboja;3167754
Exportação;2025;Junho;Canadá;561222971
Exportação;2025;Junho;Catar;28890617
Exportação;2025;Junho;Cayman, Ilhas;38522887
Exportação;2025;Junho;Cazaquistão;4211972
Exportação;2025;Junho;Chade;1219280
Exportação;2025;Junho;Chile;571379706
Exportação;2025;Junho;China;9877481910
Exportação;2025;Junho;Chipre;2096060
Exportação;2025;Junho;Colômbia;315859083
Exportação;2025;Junho;Comores;468368
Exportação;2025;Junho;Congo;12428943
Exportação;2025;Junho;Congo, República Democrática;26209525
Exportação;2025;Junho;Coreia do Sul;423935846
Exportação;2025;Junho;Costa Rica;29407448
Exportação;2025;Junho;Costa do Marfim;21790650
Exportação;2025;Junho;Coveite (Kuweit);20660751
Exportação;2025;Junho;Croácia;2050330
Exportação;2025;Junho;Cuba;30540963
Exportação;2025;Junho;Curaçao;5804613
Exportação;2025;Junho;Dinamarca;22217663
Exportação;2025;Junho;Djibuti;1171596
Exportação;2025;Junho;Dominica;1006039
Exportação;2025;Junho;Egito;160678717
Exportação;2025;Junho;El Salvador;11124385
Exportação;2025;Junho;Emirados Árabes Unidos;269487872
Exportação;2025;Junho;Equador;81598
Exportação;2025;Junho;Eslováquia;23703
Exportação;2025;Junho;Eslovênia;45798579
Exportação;2025;Junho;Espanha;497559707
Exportação;2025;Junho;Estados Unidos;3346922821
Exportação;2025;Junho;Estônia;6730989
Exportação;2025;Junho;Etiópia;1878777
Exportação;2025;Junho;Falkland (Malvinas);6
Exportação;2025;Junho;Fiji;25498
Exportação;2025;Junho;Filipinas;150915904
Exportação;2025;Junho;Finlândia;14143966
Exportação;2025;Junho;França;208341330
Exportação;2025;Junho;Gabão;6611730
Exportação;2025;Junho;Gana;32940736
Exportação;2025;Junho;Geórgia;37541247
Exportação;2025;Junho;Gibraltar;594005
Exportação;2025;Junho;Granada;2511917
Exportação;2025;Junho;Grécia;45734641
Exportação;2025;Junho;Guadalupe;656390
Exportação;2025;Junho;Guatemala;36410557
Exportação;2025;Junho;Guernsey;13520
Exportação;2025;Junho;Guiana;40835389
Exportação;2025;Junho;Guiana Francesa;537946
Exportação;2025;Junho;Guiné;17313946
Exportação;2025;Junho;Guiné Equatorial;2757383
Exportação;2025;Junho;Guiné-Bissau;286967
Exportação;2025;Junho;Gâmbia;8648
Exportação;2025;Junho;Haiti;5442594
Exportação;2025;Junho;Heard e ilhas mcdonald, Ilha;190256
Exportação;2025;Junho;Honduras;19150472
Exportação;2025;Junho;Hong Kong;107421740
Exportação;2025;Junho;Hungria;6051337
Exportação;2025;Junho;Ilha de Man;2448025
Exportação;2025;Junho;Indonésia;273553125
Exportação;2025;Junho;Iraque;102633802
Exportação;2025;Junho;Irlanda;11962800
Exportação;2025;Junho;Irã;129918957
Exportação;2025;Junho;Islândia;12274320
Exportação;2025;Junho;Israel;47977695
Exportação;2025;Junho;Itália;418604841
Exportação;2025;Junho;Iêmen;13531572
Exportação;2025;Junho;Jamaica;6446944
Exportação;2025;Junho;Japão;393068130
Exportação;2025;Junho;Jordânia;19528456
Exportação;2025;Junho;Laos;2274148
Exportação;2025;Junho;Lesoto;3946
Exportação;2025;Junho;Letônia;7046664
Exportação;2025;Junho;Libéria;40359618
Exportação;2025;Junho;Liechtenstein;304990
Exportação;2025;Junho;Lituânia;2541811
Exportação;2025;Junho;Luxemburgo;2596
Exportação;2025;Junho;Líbano;19310464
Exportação;2025;Junho;Líbia;32236026
Exportação;2025;Junho;Macau;147452
Exportação;2025;Junho;Macedônia;604681
Exportação;2025;Junho;Madagascar;350539
Exportação;2025;Junho;Malavi;235834
Exportação;2025;Junho;Maldivas;1817232
Exportação;2025;Junho;Mali;64822
Exportação;2025;Junho;Malta;11427897
Exportação;2025;Junho;Malásia;331455196
Exportação;2025;Junho;Marrocos;98444922
Exportação;2025;Junho;Marshall, Ilhas;22035654
Exportação;2025;Junho;Martinica;682686
Exportação;2025;Junho;Mauritânia;34470796
Exportação;2025;Junho;Maurício;4320730
Exportação;2025;Junho;Mayotte;1133447
Exportação;2025;Junho;Mianmar;3656145
Exportação;2025;Junho;Micronésia;2852
Exportação;2025;Junho;Moldávia;5760
Exportação;2025;Junho;Mongólia;223992
Exportação;2025;Junho;Montenegro;4452024
Exportação;2025;Junho;Montserrat;683
Exportação;2025;Junho;Moçambique;4865
Exportação;2025;Junho;México;643780349
Exportação;2025;Junho;Mônaco;5910
Exportação;2025;Junho;Namíbia;6922941
Exportação;2025;Junho;Nepal;161975
Exportação;2025;Junho;Nicarágua;19997055
Exportação;2025;Junho;Nigéria;118817031
Exportação;2025;Junho;Norfolk, Ilha;125679
Exportação;2025;Junho;Noruega;79737199
Exportação;2025;Junho;Nova Caledônia;985164
Exportação;2025;Junho;Nova Zelândia;15199751
Exportação;2025;Junho;Níger;286726
Exportação;2025;Junho;Omã;171195926
Exportação;2025;Junho;Pacífico, Ilhas do (EUA);21653
Exportação;2025;Junho;Palau;557248
Exportação;2025;Junho;Palestina;2468897
Exportação;2025;Junho;Panamá;81382000
Exportação;2025;Junho;Papua Nova Guiné;69854
Exportação;2025;Junho;Paquistão;59624690
Exportação;2025;Junho;Paraguai;363560416
Exportação;2025;Junho;Países Baixos (Holanda);922845
Exportação;2025;Junho;Peru;284704772
Exportação;2025;Junho;Pitcairn;5025
Exportação;2025;Junho;Polinésia Francesa;1090680
Exportação;2025;Junho;Polônia;72811465
Exportação;2025;Junho;Porto Rico;27562284
Exportação;2025;Junho;Portugal;321071784
Exportação;2025;Junho;Quênia;11171721
Exportação;2025;Junho;Reino Unido;348033555
Exportação;2025;Junho;República Centro-Africana;1381173
Exportação;2025;Junho;República Dominicana;43163191
Exportação;2025;Junho;Reunião;220916
Exportação;2025;Junho;Romênia;24716752
Exportação;2025;Junho;Ruanda;87342
Exportação;2025;Junho;Rússia;109330391
Exportação;2025;Junho;Samoa;226509
Exportação;2025;Junho;Santa Lúcia;60990686
Exportação;2025;Junho;Seicheles;1488
Exportação;2025;Junho;Senegal;12703964
Exportação;2025;Junho;Serra Leoa;3483068
Exportação;2025;Junho;Singapura;576183116
Exportação;2025;Junho;Sint Maarten;1422411
Exportação;2025;Junho;Somália;2831145
Exportação;2025;Junho;Sri Lanka;3079127
Exportação;2025;Junho;Suazilândia;7174
Exportação;2025;Junho;Sudão;173229
Exportação;2025;Junho;Sudão do Sul;297771
Exportação;2025;Junho;Suriname;4224257
Exportação;2025;Junho;Suécia;37959092
Exportação;2025;Junho;Suíça;154116782
Exportação;2025;Junho;São Bartolomeu;334155
Exportação;2025;Junho;São Cristóvão e Névis;576339
Exportação;2025;Junho;São Martinho, Ilha de (parte francesa);75762
Exportação;2025;Junho;São Tomé e Príncipe;536979
Exportação;2025;Junho;São Vicente e Granadinas;1086420
Exportação;2025;Junho;Sérvia;3352651
Exportação;2025;Junho;Síria;2609063
Exportação;2025;Junho;Tadjiquistão;3370
Exportação;2025;Junho;Tailândia;281499156
Exportação;2025;Junho;Taiwan (Formosa);111171422
Exportação;2025;Junho;Tanzânia;5671746
Exportação;2025;Junho;Tcheca, República;3534883
Exportação;2025;Junho;Terras Austrais Francesas;113
Exportação;2025;Junho;Timor Leste;502750
Exportação;2025;Junho;Togo;35395622
Exportação;2025;Junho;Tonga;348070
Exportação;2025;Junho;Toquelau;242820
Exportação;2025;Junho;Trinidad e Tobago;26199150
Exportação;2025;Junho;Tunísia;23043716
Exportação;2025;Junho;Turcas e Caicos, Ilhas;191303
Exportação;2025;Junho;Turcomenistão;2539814
Exportação;2025;Junho;Turquia;333705548
Exportação;2025;Junho;Ucrânia;6724640
Exportação;2025;Junho;Uganda;579567
Exportação;2025;Junho;Uruguai;271249489
Exportação;2025;Junho;Uzbequistão;5731793
Exportação;2025;Junho;Vanuatu;76402
Exportação;2025;Junho;Venezuela;65277131
Exportação;2025;Junho;Vietnã;261885916
Exportação;2025;Junho;Virgens, Ilhas (Americanas);67138
Exportação;2025;Junho;Virgens, Ilhas (Britânicas);5077513
Exportação;2025;Junho;Zimbábue;192342
Exportação;2025;Junho;Zâmbia;198539
Exportação;2025;Junho;África do Sul;84191906
Exportação;2025;Junho;Áustria;9737730
Exportação;2025;Junho;Índia;377782
Exportação;2025;Julho;Afeganistão;187731
Exportação;2025;Julho;Albânia;9008604
Exportação;2025;Julho;Alemanha;657769396
Exportação;2025;Julho;Andorra;3454
Exportação;2025;Julho;Angola;67796450
Exportação;2025;Julho;Anguilla;115657
Exportação;2025;Julho;Antígua e Barbuda;4507462
Exportação;2025;Julho;Argentina;1644472719
Exportação;2025;Julho;Argélia;154959392
Exportação;2025;Julho;Armênia;659220
Exportação;2025;Julho;Aruba;3897959
Exportação;2025;Julho;Arábia Saudita;246943499
Exportação;2025;Julho;Austrália;52450863
Exportação;2025;Julho;Azerbaijão;1119200
Exportação;2025;Julho;Bahamas;13307438
Exportação;2025;Julho;Bangladesh;202080374
Exportação;2025;Julho;Barbados;2423449
Exportação;2025;Julho;Barein;147774237
Exportação;2025;Julho;Belarus;653218
Exportação;2025;Julho;Belize;793544
Exportação;2025;Julho;Benin;13609857
Exportação;2025;Julho;Bermudas;1405390
Exportação;2025;Julho;Bolívia;103342380
Exportação;2025;Julho;Bonaire, Saint Eustatius e Saba;217207
Exportação;2025;Julho;Botsuana;83573
Exportação;2025;Julho;Brasil;54469726
Exportação;2025;Julho;Brunei;94782
Exportação;2025;Julho;Bulgária;81374335
Exportação;2025;Julho;Burkina Faso;835617
Exportação;2025;Julho;Burundi;12280
Exportação;2025;Julho;Butão;128
Exportação;2025;Julho;Bélgica;515315
Exportação;2025;Julho;Bósnia-Herzegovina;273273
Exportação;2025;Julho;Cabo Verde;4778092
Exportação;2025;Julho;Camarões;13689207
Exportação;2025;Julho;Camboja;4061309
Exportação;2025;Julho;Canadá;603113043
Exportação;2025;Julho;Catar;30513077
Exportação;2025;Julho;Cayman, Ilhas;1045756
Exportação;2025;Julho;Cazaquistão;3076078
Exportação;2025;Julho;Chade;4204808
Exportação;2025;Julho;Chile;789687586
Exportação;2025;Julho;China;9824343120
Exportação;2025;Julho;Chipre;4235819
Exportação;2025;Julho;Colômbia;370441962
Exportação;2025;Julho;Comores;490358
Exportação;2025;Julho;Congo;16974980
Exportação;2025;Julho;Congo, República Democrática;17728420
Exportação;2025;Julho;Coreia do Sul;422678677
Exportação;2025;Julho;Costa Rica;36534410
Exportação;2025;Julho;Costa do Marfim;24385367
Exportação;2025;Julho;Coveite (Kuweit);26850314
Exportação;2025;Julho;Croácia;16381980
Exportação;2025;Julho;Cuba;29267039
Exportação;2025;Julho;Curaçao;4856077
Exportação;2025;Julho;Dinamarca;37421493
Exportação;2025;Julho;Djibuti;2563575
Exportação;2025;Julho;Dominica;231960
Exportação;2025;Julho;Egito;229587510
Exportação;2025;Julho;El Salvador;27522523
Exportação;2025;Julho;Emirados Árabes Unidos;291351657
Exportação;2025;Julho;Equador;88564049
Exportação;2025;Julho;Eslováquia;1314535
Exportação;2025;Julho;Eslovênia;23407859
Exportação;2025;Julho;Espanha;780885740
Exportação;2025;Julho;Estados Unidos;3828581777
Exportação;2025;Julho;Estônia;5035998
Exportação;2025;Julho;Etiópia;2107004
Exportação;2025;Julho;Falkland (Malvinas);111664
Exportação;2025;Julho;Fiji;104100
Exportação;2025;Julho;Filipinas;156036581
Exportação;2025;Julho;Finlândia;61587870
Exportação;2025;Julho;França;238573359
Exportação;2025;Julho;Gabão;11377857
Exportação;2025;Julho;Gana;33322854
Exportação;2025;Julho;Geórgia;54839007
Exportação;2025;Julho;Gibraltar;60586
Exportação;2025;Julho;Granada;1625151
Exportação;2025;Julho;Grécia;67360309
Exportação;2025;Julho;Guadalupe;480900
Exportação;2025;Julho;Guam;10535
Exportação;2025;Julho;Guatemala;63560307
Exportação;2025;Julho;Guiana;62950526
Exportação;2025;Julho;Guiana Francesa;568853
Exportação;2025;Julho;Guiné;27717065
Exportação;2025;Julho;Guiné Equatorial;3162473
Exportação;2025;Julho;Guiné-Bissau;336241
Exportação;2025;Julho;Gâmbia;19541003
Exportação;2025;Julho;Haiti;6845042
Exportação;2025;Julho;Honduras;19493999
Exportação;2025;Julho;Hong Kong;111904271
Exportação;2025;Julho;Hungria;5846878
Exportação;2025;Julho;Ilha de Man;1288927
Exportação;2025;Julho;Indonésia;246969415
Exportação;2025;Julho;Iraque;65250761
Exportação;2025;Julho;Irlanda;15776177
Exportação;2025;Julho;Irã;148080492
Exportação;2025;Julho;Islândia;28053273
Exportação;2025;Julho;Israel;63441693
Exportação;2025;Julho;Itália;475437908
Exportação;2025;Julho;Iêmen;14450919
Exportação;2025;Julho;Jamaica;9047213
Exportação;2025;Julho;Japão;455265270
Exportação;2025;Julho;Jordânia;67444049
Exportação;2025;Julho;Kiribati;962
Exportação;2025;Julho;Laos;1448552
Exportação;2025;Julho;Letônia;18479112
Exportação;2025;Julho;Libéria;50714241
Exportação;2025;Julho;Liechtenstein;2198292
Exportação;2025;Julho;Lituânia;3558942
Exportação;2025;Julho;Luxemburgo;8129689
Exportação;2025;Julho;Líbano;34898251
Exportação;2025;Julho;Líbia;65391736
Exportação;2025;Julho;Macau;56135
Exportação;2025;Julho;Macedônia;574431
Exportação;2025;Julho;Madagascar;699620
Exportação;2025;Julho;Malavi;240780
Exportação;2025;Julho;Maldivas;2657158
Exportação;2025;Julho;Mali;146503
Exportação;2025;Julho;Malta;27969832
Exportação;2025;Julho;Malásia;305924246
Exportação;2025;Julho;Marrocos;118721148
Exportação;2025;Julho;Marshall, Ilhas;31277645
Exportação;2025;Julho;Martinica;641469
Exportação;2025;Julho;Mauritânia;29438469
Exportação;2025;Julho;Maurício;2390524
Exportação;2025;Julho;Mayotte;363792
Exportação;2025;Julho;Mianmar;4429950
Exportação;2025;Julho;Micronésia;84180
Exportação;2025;Julho;Moldávia;76066
Exportação;2025;Julho;Mongólia;236812
Exportação;2025;Julho;Montenegro;6974395
Exportação;2025;Julho;Montserrat;64324
Exportação;2025;Julho;Moçambique;4421960
Exportação;2025;Julho;México;802966704
Exportação;2025;Julho;Namíbia;2220410
Exportação;2025;Julho;Nepal;128619
Exportação;2025;Julho;Nicarágua;24099085
Exportação;2025;Julho;Nigéria;72300664
Exportação;2025;Julho;Noruega;153226191
Exportação;2025;Julho;Nova Caledônia;858084
Exportação;2025;Julho;Nova Zelândia;6560589
Exportação;2025;Julho;Níger;228127
Exportação;2025;Julho;Omã;63021619
Exportação;2025;Julho;Pacífico, Ilhas do (EUA);24462
Exportação;2025;Julho;Palau;13070
Exportação;2025;Julho;Palestina;4948497
Exportação;2025;Julho;Panamá;188732658
Exportação;2025;Julho;Papua Nova Guiné;381975
Exportação;2025;Julho;Paquistão;143609316
Exportação;2025;Julho;Paraguai;377351149
Exportação;2025;Julho;Países Baixos (Holanda);856644493
Exportação;2025;Julho;Peru;331383837
Exportação;2025;Julho;Pitcairn;3566
Exportação;2025;Julho;Polinésia Francesa;1613806
Exportação;2025;Julho;Polônia;188842473
Exportação;2025;Julho;Porto Rico;33415
Exportação;2025;Julho;Portugal;337983663
Exportação;2025;Julho;Quirguistão;73650
Exportação;2025;Julho;Quênia;17696449
Exportação;2025;Julho;Reino Unido;363978039
Exportação;2025;Julho;República Centro-Africana;952213
Exportação;2025;Julho;República Dominicana;53167187
Exportação;2025;Julho;Reunião;410
Exportação;2025;Julho;Romênia;8110784
Exportação;2025;Julho;Ruanda;40376
Exportação;2025;Julho;Rússia;141097243
Exportação;2025;Julho;Samoa Americana;40597
Exportação;2025;Julho;Santa Lúcia;1269481
Exportação;2025;Julho;Seicheles;818939
Exportação;2025;Julho;Senegal;13021835
Exportação;2025;Julho;Serra Leoa;8130763
Exportação;2025;Julho;Singapura;568526796
Exportação;2025;Julho;Sint Maarten;1233583
Exportação;2025;Julho;Somália;20202069
Exportação;2025;Julho;Sri Lanka;7189741
Exportação;2025;Julho;Suazilândia;2444
Exportação;2025;Julho;Sudão do Sul;332626
Exportação;2025;Julho;Suriname;5421466
Exportação;2025;Julho;Suécia;131411751
Exportação;2025;Julho;Suíça;189853009
Exportação;2025;Julho;São Bartolomeu;83903
Exportação;2025;Julho;São Cristóvão e Névis;695183
Exportação;2025;Julho;São Martinho, Ilha de (parte francesa);389118
Exportação;2025;Julho;São Tomé e Príncipe;358085
Exportação;2025;Julho;São Vicente e Granadinas;794558
Exportação;2025;Julho;Sérvia;14058670
Exportação;2025;Julho;Síria;4481309
Exportação;2025;Julho;Tadjiquistão;1091
Exportação;2025;Julho;Tailândia;296986022
Exportação;2025;Julho;Taiwan (Formosa);105871546
Exportação;2025;Julho;Tanzânia;4021637
Exportação;2025;Julho;Tcheca, República;7839947
Exportação;2025;Julho;Terras Austrais Francesas;58808
Exportação;2025;Julho;Território Britânico do Oceano Índico;28410
Exportação;2025;Julho;Timor Leste;186191
Exportação;2025;Julho;Togo;15791
Exportação;2025;Julho;Tonga;216419
Exportação;2025;Julho;Toquelau;25131
Exportação;2025;Julho;Trinidad e Tobago;25247998
Exportação;2025;Julho;Tunísia;34478240
Exportação;2025;Julho;Turcas e Caicos, Ilhas;376695
Exportação;2025;Julho;Turcomenistão;3087999
Exportação;2025;Julho;Turquia;284323618
Exportação;2025;Julho;Ucrânia;4861359
Exportação;2025;Julho;Uganda;1408697
Exportação;2025;Julho;Uruguai;246428682
Exportação;2025;Julho;Uzbequistão;8797906
Exportação;2025;Julho;Vanuatu;270507
Exportação;2025;Julho;Venezuela;123200327
Exportação;2025;Julho;Vietnã;344775678
Exportação;2025;Julho;Virgens, Ilhas (Britânicas);414770
Exportação;2025;Julho;Wallis e Futuna, Ilhas;1055
Exportação;2025;Julho;Zimbábue;96942
Exportação;2025;Julho;Zâmbia;160328
Exportação;2025;Julho;África do Sul;163420035
Exportação;2025;Julho;Áustria;25397985
Exportação;2025;Julho;Índia;476461769
Exportação;2025;Agosto;Afeganistão;469987
Exportação;2025;Agosto;Albânia;5959892
Exportação;2025;Agosto;Alemanha;383809145
Exportação;2025;Agosto;Angola;48500313
Exportação;2025;Agosto;Anguilla;111057
Exportação;2025;Agosto;Antígua e Barbuda;1958826
Exportação;2025;Agosto;Argentina;1635855192
Exportação;2025;Agosto;Argélia;208653464
Exportação;2025;Agosto;Armênia;1258372
Exportação;2025;Agosto;Aruba;4306768
Exportação;2025;Agosto;Arábia Saudita;273058381
Exportação;2025;Agosto;Austrália;51836852
Exportação;2025;Agosto;Azerbaijão;1920703
Exportação;2025;Agosto;Bahamas;13703628
Exportação;2025;Agosto;Bangladesh;110230533
Exportação;2025;Agosto;Barbados;3118625
Exportação;2025;Agosto;Barein;34445617
Exportação;2025;Agosto;Belarus;554605
Exportação;2025;Agosto;Belize;1112329
Exportação;2025;Agosto;Benin;13753836
Exportação;2025;Agosto;Bermudas;1662312
Exportação;2025;Agosto;Bolívia;107388
Exportação;2025;Agosto;Bonaire, Saint Eustatius e Saba;546790
Exportação;2025;Agosto;Botsuana;42670
Exportação;2025;Agosto;Bouvet, Ilha;61
Exportação;2025;Agosto;Brasil;15449934
Exportação;2025;Agosto;Brunei;7358
Exportação;2025;Agosto;Bulgária;86245248
Exportação;2025;Agosto;Burkina Faso;536119
Exportação;2025;Agosto;Burundi;2165
Exportação;2025;Agosto;Bélgica;275050886
Exportação;2025;Agosto;Bósnia-Herzegovina;1340313
Exportação;2025;Agosto;Cabo Verde;3044863
Exportação;2025;Agosto;Camarões;23800627
Exportação;2025;Agosto;Camboja;3902870
Exportação;2025;Agosto;Canadá;484522804
Exportação;2025;Agosto;Catar;27415587
Exportação;2025;Agosto;Cayman, Ilhas;434069
Exportação;2025;Agosto;Cazaquistão;2532393
Exportação;2025;Agosto;Chade;2776477
Exportação;2025;Agosto;Chile;553292576
Exportação;2025;Agosto;China;9360816092
Exportação;2025;Agosto;Chipre;4229973
Exportação;2025;Agosto;Colômbia;293599444
Exportação;2025;Agosto;Comores;780769
Exportação;2025;Agosto;Congo;14920554
Exportação;2025;Agosto;Congo, República Democrática;11854331
Exportação;2025;Agosto;Coreia do Norte;127
Exportação;2025;Agosto;Coreia do Sul;363106274
Exportação;2025;Agosto;Costa Rica;42155129
Exportação;2025;Agosto;Costa do Marfim;19031
Exportação;2025;Agosto;Coveite (Kuweit);29826398
Exportação;2025;Agosto;Croácia;5266023
Exportação;2025;Agosto;Cuba;25697723
Exportação;2025;Agosto;Curaçao;5356585
Exportação;2025;Agosto;Dinamarca;62869552
Exportação;2025;Agosto;Djibuti;433764
Exportação;2025;Agosto;Dominica;507670
Exportação;2025;Agosto;Egito;366977400
Exportação;2025;Agosto;El Salvador;10786880
Exportação;2025;Agosto;Emirados Árabes Unidos;297725995
Exportação;2025;Agosto;Equador;96678475
Exportação;2025;Agosto;Eslováquia;2206897
Exportação;2025;Agosto;Eslovênia;29453562
Exportação;2025;Agosto;Espanha;641054363
Exportação;2025;Agosto;Estados Unidos;2845136877
Exportação;2025;Agosto;Estônia;6213456
Exportação;2025;Agosto;Etiópia;2240658
Exportação;2025;Agosto;Falkland (Malvinas);1789
Exportação;2025;Agosto;Faroe, Ilhas;6
Exportação;2025;Agosto;Filipinas;191279232
Exportação;2025;Agosto;Finlândia;33766
Exportação;2025;Agosto;França;291573165
Exportação;2025;Agosto;Gabão;11886540
Exportação;2025;Agosto;Gana;43078841
Exportação;2025;Agosto;Geórgia;37636354
Exportação;2025;Agosto;Gibraltar;56517
Exportação;2025;Agosto;Granada;760229
Exportação;2025;Agosto;Grécia;39186650
Exportação;2025;Agosto;Guadalupe;446094
Exportação;2025;Agosto;Guam;54259
Exportação;2025;Agosto;Guatemala;54423206
Exportação;2025;Agosto;Guiana;38784824
Exportação;2025;Agosto;Guiana Francesa;400757
Exportação;2025;Agosto;Guiné;32648967
Exportação;2025;Agosto;Guiné Equatorial;3836160
Exportação;2025;Agosto;Guiné-Bissau;1142032
Exportação;2025;Agosto;Gâmbia;1732943
Exportação;2025;Agosto;Haiti;7453907
Exportação;2025;Agosto;Honduras;13768256
Exportação;2025;Agosto;Hong Kong;102237167
Exportação;2025;Agosto;Hungria;3742568
Exportação;2025;Agosto;Ilha de Man;132
Exportação;2025;Agosto;Indonésia;481960313
Exportação;2025;Agosto;Iraque;141233449
Exportação;2025;Agosto;Irlanda;63853953
Exportação;2025;Agosto;Irã;225535489
Exportação;2025;Agosto;Islândia;386993
Exportação;2025;Agosto;Israel;54890565
Exportação;2025;Agosto;Itália;463478244
Exportação;2025;Agosto;Iêmen;31391
Exportação;2025;Agosto;Jamaica;11262934
Exportação;2025;Agosto;Japão;542316318
Exportação;2025;Agosto;Jordânia;47161617
Exportação;2025;Agosto;Kiribati;20750
Exportação;2025;Agosto;Laos;1630909
Exportação;2025;Agosto;Lesoto;803
Exportação;2025;Agosto;Letônia;3169411
Exportação;2025;Agosto;Libéria;46818457
Exportação;2025;Agosto;Liechtenstein;3594757
Exportação;2025;Agosto;Lituânia;1979027
Exportação;2025;Agosto;Luxemburgo;6890927
Exportação;2025;Agosto;Líbano;28966829
Exportação;2025;Agosto;Líbia;30964050
Exportação;2025;Agosto;Macedônia;227188
Exportação;2025;Agosto;Madagascar;1066650
Exportação;2025;Agosto;Malavi;316664
Exportação;2025;Agosto;Maldivas;1692079
Exportação;2025;Agosto;Mali;97585
Exportação;2025;Agosto;Malta;9971330
Exportação;2025;Agosto;Malásia;272644967
Exportação;2025;Agosto;Marrocos;151926147
Exportação;2025;Agosto;Marshall, Ilhas;24680820
Exportação;2025;Agosto;Martinica;285849
Exportação;2025;Agosto;Mauritânia;6750941
Exportação;2025;Agosto;Maurício;2582277
Exportação;2025;Agosto;Mayotte;107287
Exportação;2025;Agosto;Mianmar;2728
Exportação;2025;Agosto;Moldávia;61406
Exportação;2025;Agosto;Mongólia;139338
Exportação;2025;Agosto;Montenegro;4563470
Exportação;2025;Agosto;Montserrat;38710
Exportação;2025;Agosto;Moçambique;5512932
Exportação;2025;Agosto;México;785714567
Exportação;2025;Agosto;Mônaco;2030
Exportação;2025;Agosto;Namíbia;3309123
Exportação;2025;Agosto;Nauru;252942
Exportação;2025;Agosto;Nepal;3272
Exportação;2025;Agosto;Nicarágua;6802428
Exportação;2025;Agosto;Nigéria;103129
Exportação;2025;Agosto;Niue;582
Exportação;2025;Agosto;Noruega;80854849
Exportação;2025;Agosto;Nova Caledônia;634132
Exportação;2025;Agosto;Nova Zelândia;6096298
Exportação;2025;Agosto;Níger;155703
Exportação;2025;Agosto;Omã;83673358
Exportação;2025;Agosto;Pacífico, Ilhas do (EUA);520310
Exportação;2025;Agosto;Palau;258480
Exportação;2025;Agosto;Palestina;2663866
Exportação;2025;Agosto;Panamá;141987453
Exportação;2025;Agosto;Papua Nova Guiné;290207
Exportação;2025;Agosto;Paquistão;88990856
Exportação;2025;Agosto;Paraguai;363931824
Exportação;2025;Agosto;Países Baixos (Holanda);967237333
Exportação;2025;Agosto;Peru;257112588
Exportação;2025;Agosto;Pitcairn;6473
Exportação;2025;Agosto;Polinésia Francesa;943933
Exportação;2025;Agosto;Polônia;39256603
Exportação;2025;Agosto;Porto Rico;27020804
Exportação;2025;Agosto;Portugal;451924489
Exportação;2025;Agosto;Quirguistão;277357
Exportação;2025;Agosto;Quênia;7718955
Exportação;2025;Agosto;Reino Unido;410577527
Exportação;2025;Agosto;República Centro-Africana;439972
Exportação;2025;Agosto;República Dominicana;75149370
Exportação;2025;Agosto;Reunião;182586
Exportação;2025;Agosto;Romênia;56037270
Exportação;2025;Agosto;Ruanda;21959
Exportação;2025;Agosto;Rússia;114095860
Exportação;2025;Agosto;Samoa Americana;70
Exportação;2025;Agosto;Santa Lúcia;879969
Exportação;2025;Agosto;Seicheles;658
Exportação;2025;Agosto;Senegal;46611546
Exportação;2025;Agosto;Serra Leoa;4627150
Exportação;2025;Agosto;Singapura;670957244
Exportação;2025;Agosto;Sint Maarten;752199
Exportação;2025;Agosto;Somália;4865753
Exportação;2025;Agosto;Sri Lanka;2912021
Exportação;2025;Agosto;Sudão do Sul;822812
Exportação;2025;Agosto;Suriname;4127677
Exportação;2025;Agosto;Suécia;37246
Exportação;2025;Agosto;Suíça;252549688
Exportação;2025;Agosto;São Bartolomeu;166241
Exportação;2025;Agosto;São Cristóvão e Névis;326333
Exportação;2025;Agosto;São Martinho, Ilha de (parte francesa);52008
Exportação;2025;Agosto;São Tomé e Príncipe;72757
Exportação;2025;Agosto;São Vicente e Granadinas;326164
Exportação;2025;Agosto;Sérvia;2922364
Exportação;2025;Agosto;Síria;1964735
Exportação;2025;Agosto;Tadjiquistão;12542
Exportação;2025;Agosto;Tailândia;364616089
Exportação;2025;Agosto;Taiwan (Formosa);102166923
Exportação;2025;Agosto;Tanzânia;3744923
Exportação;2025;Agosto;Tcheca, República;3509849
Exportação;2025;Agosto;Timor Leste;1524002
Exportação;2025;Agosto;Togo;24893441
Exportação;2025;Agosto;Tonga;262157
Exportação;2025;Agosto;Toquelau;24385
Exportação;2025;Agosto;Trinidad e Tobago;25875204
Exportação;2025;Agosto;Tunísia;28396946
Exportação;2025;Agosto;Turcas e Caicos, Ilhas;276709
Exportação;2025;Agosto;Turcomenistão;1885653
Exportação;2025;Agosto;Turquia;189184762
Exportação;2025;Agosto;Ucrânia;2436
Exportação;2025;Agosto;Uganda;896939
Exportação;2025;Agosto;Uruguai;223046958
Exportação;2025;Agosto;Uzbequistão;6553760
Exportação;2025;Agosto;Vanuatu;117089
Exportação;2025;Agosto;Venezuela;92047826
Exportação;2025;Agosto;Vietnã;290672731
Exportação;2025;Agosto;Virgens, Ilhas (Americanas);133492
Exportação;2025;Agosto;Virgens, Ilhas (Britânicas);150328
Exportação;2025;Agosto;Wallis e Futuna, Ilhas;43462
Exportação;2025;Agosto;Zimbábue;483497
Exportação;2025;Agosto;Zâmbia;604046
Exportação;2025;Agosto;África do Sul;172634
Exportação;2025;Agosto;Áustria;15562427
Exportação;2025;Agosto;Índia;468742446
Exportação;2025;Setembro;Afeganistão;117724
Exportação;2025;Setembro;Albânia;11126613
Exportação;2025;Setembro;Alemanha;565304850
Exportação;2025;Setembro;Andorra;33599
Exportação;2025;Setembro;Angola;28241587
Exportação;2025;Setembro;Anguilla;80868
Exportação;2025;Setembro;Antígua e Barbuda;3133142
Exportação;2025;Setembro;Argentina;1813515858
Exportação;2025;Setembro;Argélia;150608397
Exportação;2025;Setembro;Armênia;13651713
Exportação;2025;Setembro;Aruba;4005972
Exportação;2025;Setembro;Arábia Saudita;311160851
Exportação;2025;Setembro;Austrália;59035756
Exportação;2025;Setembro;Azerbaijão;2617522
Exportação;2025;Setembro;Bahamas;8254809
Exportação;2025;Setembro;Bangladesh;209802063
Exportação;2025;Setembro;Barbados;2728256
Exportação;2025;Setembro;Barein;92584766
Exportação;2025;Setembro;Belarus;785332
Exportação;2025;Setembro;Belize;757224
Exportação;2025;Setembro;Benin;11489440
Exportação;2025;Setembro;Bermudas;403499
Exportação;2025;Setembro;Bolívia;116407233
Exportação;2025;Setembro;Bonaire, Saint Eustatius e Saba;216435
Exportação;2025;Setembro;Botsuana;18886
Exportação;2025;Setembro;Bouvet, Ilha;128530
Exportação;2025;Setembro;Brasil;27093235
Exportação;2025;Setembro;Brunei;167732
Exportação;2025;Setembro;Bulgária;64989518
Exportação;2025;Setembro;Burkina Faso;7456635
Exportação;2025;Setembro;Burundi;13651
Exportação;2025;Setembro;Butão;235579
Exportação;2025;Setembro;Bélgica;318827339
Exportação;2025;Setembro;Bósnia-Herzegovina;1999696
Exportação;2025;Setembro;Cabo Verde;3782179
Exportação;2025;Setembro;Camarões;5410719
Exportação;2025;Setembro;Camboja;1916879
Exportação;2025;Setembro;Canadá;590045409
Exportação;2025;Setembro;Catar;50288362
Exportação;2025;Setembro;Cayman, Ilhas;1229550
Exportação;2025;Setembro;Cazaquistão;1877104
Exportação;2025;Setembro;Chade;2402409
Exportação;2025;Setembro;Chile;612105227
Exportação;2025;Setembro;China;8543031860
Exportação;2025;Setembro;Chipre;6544921
Exportação;2025;Setembro;Cocos (Keeling), Ilhas;12309
Exportação;2025;Setembro;Colômbia;355743720
Exportação;2025;Setembro;Comores;785717
Exportação;2025;Setembro;Congo;13510025
Exportação;2025;Setembro;Congo, República Democrática;16533131
Exportação;2025;Setembro;Coreia do Sul;527368471
Exportação;2025;Setembro;Costa Rica;44669710
Exportação;2025;Setembro;Costa do Marfim;18282457
Exportação;2025;Setembro;Coveite (Kuweit);26093373
Exportação;2025;Setembro;Croácia;5858632
Exportação;2025;Setembro;Cuba;24795721
Exportação;2025;Setembro;Curaçao;5128871
Exportação;2025;Setembro;Dinamarca;61930322
Exportação;2025;Setembro;Djibuti;1235
Exportação;2025;Setembro;Dominica;1415078
Exportação;2025;Setembro;Egito;459494825
Exportação;2025;Setembro;El Salvador;17658351
Exportação;2025;Setembro;Emirados Árabes Unidos;351062361
Exportação;2025;Setembro;Equador;96166581
Exportação;2025;Setembro;Eslováquia;12488
Exportação;2025;Setembro;Eslovênia;10810883
Exportação;2025;Setembro;Espanha;745700981
Exportação;2025;Setembro;Estados Unidos;2665779690
Exportação;2025;Setembro;Estônia;9710479
Exportação;2025;Setembro;Etiópia;2817323
Exportação;2025;Setembro;Fiji;19380
Exportação;2025;Setembro;Filipinas;303188115
Exportação;2025;Setembro;Finlândia;42554836
Exportação;2025;Setembro;França;324833908
Exportação;2025;Setembro;Gabão;11281280
Exportação;2025;Setembro;Gana;34098531
Exportação;2025;Setembro;Geórgia;16246691
Exportação;2025;Setembro;Geórgia do Sul e Sandwich do Sul, Ilhas;6861
Exportação;2025;Setembro;Gibraltar;100925
Exportação;2025;Setembro;Granada;749514
Exportação;2025;Setembro;Grécia;47304593
Exportação;2025;Setembro;Guadalupe;622849
Exportação;2025;Setembro;Guam;1000
Exportação;2025;Setembro;Guatemala;72744099
Exportação;2025;Setembro;Guiana;86748697
Exportação;2025;Setembro;Guiana Francesa;594492
Exportação;2025;Setembro;Guiné;24151222
Exportação;2025;Setembro;Guiné Equatorial;3211616
Exportação;2025;Setembro;Guiné-Bissau;314563
Exportação;2025;Setembro;Gâmbia;5200271
Exportação;2025;Setembro;Haiti;11609269
Exportação;2025;Setembro;Honduras;15022391
Exportação;2025;Setembro;Hong Kong;145797579
Exportação;2025;Setembro;Hungria;4463618
Exportação;2025;Setembro;Ilha de Man;1210629
Exportação;2025;Setembro;Indonésia;371075823
Exportação;2025;Setembro;Iraque;212282041
Exportação;2025;Setembro;Irlanda;66662476
Exportação;2025;Setembro;Irã;353269920
Exportação;2025;Setembro;Islândia;26568581
Exportação;2025;Setembro;Israel;54388992
Exportação;2025;Setembro;Itália;462857722
Exportação;2025;Setembro;Iêmen;75542318
Exportação;2025;Setembro;Jamaica;9900846
Exportação;2025;Setembro;Japão;381552845
Exportação;2025;Setembro;Jordânia;58523351
Exportação;2025;Setembro;Laos;844024
Exportação;2025;Setembro;Letônia;7397109
Exportação;2025;Setembro;Libéria;41499929
Exportação;2025;Setembro;Liechtenstein;1409292
Exportação;2025;Setembro;Lituânia;3495461
Exportação;2025;Setembro;Luxemburgo;3786823
Exportação;2025;Setembro;Líbano;45918759
Exportação;2025;Setembro;Líbia;38051116
Exportação;2025;Setembro;Macau;206909
Exportação;2025;Setembro;Macedônia;1992762
Exportação;2025;Setembro;Madagascar;846617
Exportação;2025;Setembro;Malavi;166761
Exportação;2025;Setembro;Maldivas;2364150
Exportação;2025;Setembro;Mali;267510
Exportação;2025;Setembro;Malta;17165313
Exportação;2025;Setembro;Malásia;338731267
Exportação;2025;Setembro;Marrocos;179882378
Exportação;2025;Setembro;Marshall, Ilhas;21660481
Exportação;2025;Setembro;Martinica;607877
Exportação;2025;Setembro;Mauritânia;2293
Exportação;2025;Setembro;Maurício;22153614
Exportação;2025;Setembro;Mayotte;798138
Exportação;2025;Setembro;Mianmar;3115031
Exportação;2025;Setembro;Moldávia;121772
Exportação;2025;Setembro;Mongólia;285717
Exportação;2025;Setembro;Montenegro;6683
Exportação;2025;Setembro;Moçambique;4598185
Exportação;2025;Setembro;México;733673104
Exportação;2025;Setembro;Mônaco;19715
Exportação;2025;Setembro;Namíbia;1707122
Exportação;2025;Setembro;Nepal;188129
Exportação;2025;Setembro;Nicarágua;7760099
Exportação;2025;Setembro;Nigéria;54251993
Exportação;2025;Setembro;Niue;2372
Exportação;2025;Setembro;Noruega;111047467
Exportação;2025;Setembro;Nova Caledônia;1045749
Exportação;2025;Setembro;Nova Zelândia;10209
Exportação;2025;Setembro;Níger;217176
Exportação;2025;Setembro;Omã;81654719
Exportação;2025;Setembro;Pacífico, Ilhas do (EUA);30230
Exportação;2025;Setembro;Palau;30475
Exportação;2025;Setembro;Palestina;6164543
Exportação;2025;Setembro;Panamá;173979348
Exportação;2025;Setembro;Papua Nova Guiné;233527
Exportação;2025;Setembro;Paquistão;70479659
Exportação;2025;Setembro;Paraguai;375811775
Exportação;2025;Setembro;Países Baixos (Holanda);1141441436
Exportação;2025;Setembro;Peru;390377070
Exportação;2025;Setembro;Polinésia Francesa;2106955
Exportação;2025;Setembro;Polônia;165772728
Exportação;2025;Setembro;Porto Rico;26995508
Exportação;2025;Setembro;Portugal;168253358
Exportação;2025;Setembro;Quirguistão;15519
Exportação;2025;Setembro;Quênia;7088104
Exportação;2025;Setembro;Reino Unido;375892603
Exportação;2025;Setembro;República Centro-Africana;335507
Exportação;2025;Setembro;República Dominicana;61361386
Exportação;2025;Setembro;Reunião;958550
Exportação;2025;Setembro;Romênia;8769258
Exportação;2025;Setembro;Ruanda;47112
Exportação;2025;Setembro;Rússia;81706471
Exportação;2025;Setembro;Salomão, Ilhas;26202
Exportação;2025;Setembro;Samoa;384458
Exportação;2025;Setembro;Samoa Americana;4
Exportação;2025;Setembro;San Marino;28452
Exportação;2025;Setembro;Santa Lúcia;766
Exportação;2025;Setembro;Seicheles;1652273
Exportação;2025;Setembro;Senegal;12459620
Exportação;2025;Setembro;Serra Leoa;5239606
Exportação;2025;Setembro;Singapura;716922041
Exportação;2025;Setembro;Sint Maarten;927039
Exportação;2025;Setembro;Somália;16918270
Exportação;2025;Setembro;Sri Lanka;16676548
Exportação;2025;Setembro;Sudão;47447
Exportação;2025;Setembro;Sudão do Sul;880705
Exportação;2025;Setembro;Suriname;5775918
Exportação;2025;Setembro;Suécia;71236298
Exportação;2025;Setembro;Suíça;216656280
Exportação;2025;Setembro;Svalbard e Jan Mayen;105
Exportação;2025;Setembro;São Bartolomeu;269486
Exportação;2025;Setembro;São Cristóvão e Névis;1031982
Exportação;2025;Setembro;São Martinho, Ilha de (parte francesa);87324
Exportação;2025;Setembro;São Tomé e Príncipe;618809
Exportação;2025;Setembro;São Vicente e Granadinas;271480
Exportação;2025;Setembro;Sérvia;4789180
Exportação;2025;Setembro;Síria;3868237
Exportação;2025;Setembro;Tailândia;264480206
Exportação;2025;Setembro;Taiwan (Formosa);118502540
Exportação;2025;Setembro;Tanzânia;3461694
Exportação;2025;Setembro;Tcheca, República;5895308
Exportação;2025;Setembro;Timor Leste;1568283
Exportação;2025;Setembro;Togo;39044591
Exportação;2025;Setembro;Tonga;336353
Exportação;2025;Setembro;Toquelau;14421
Exportação;2025;Setembro;Trinidad e Tobago;43231264
Exportação;2025;Setembro;Tunísia;9644438
Exportação;2025;Setembro;Turcas e Caicos, Ilhas;220992
Exportação;2025;Setembro;Turcomenistão;1694523
Exportação;2025;Setembro;Turquia;270552168
Exportação;2025;Setembro;Ucrânia;5212074
Exportação;2025;Setembro;Uganda;491956
Exportação;2025;Setembro;Uruguai;297120922
Exportação;2025;Setembro;Uzbequistão;11096796
Exportação;2025;Setembro;Vanuatu;382776
Exportação;2025;Setembro;Venezuela;79468379
Exportação;2025;Setembro;Vietnã;286422549
Exportação;2025;Setembro;Virgens, Ilhas (Americanas);28812
Exportação;2025;Setembro;Virgens, Ilhas (Britânicas);359134
Exportação;2025;Setembro;Zimbábue;328750
Exportação;2025;Setembro;Zâmbia;232242
Exportação;2025;Setembro;África do Sul;89193853
Exportação;2025;Setembro;Áustria;6928471
Exportação;2025;Setembro;Índia;733399796
Exportação;2025;Outubro;Afeganistão;28859
Exportação;2025;Outubro;Albânia;10503764
Exportação;2025;Outubro;Alemanha;643252
Exportação;2025;Outubro;Angola;71665362
Exportação;2025;Outubro;Anguilla;47356
Exportação;2025;Outubro;Antígua e Barbuda;3119178
Exportação;2025;Outubro;Argentina;1639445344
Exportação;2025;Outubro;Argélia;190281812
Exportação;2025;Outubro;Armênia;8185678
Exportação;2025;Outubro;Aruba;3321062
Exportação;2025;Outubro;Arábia Saudita;283651881
Exportação;2025;Outubro;Austrália;80627365
Exportação;2025;Outubro;Azerbaijão;4057761
Exportação;2025;Outubro;Bahamas;11439370
Exportação;2025;Outubro;Bangladesh;215147914
Exportação;2025;Outubro;Barbados;1853220
Exportação;2025;Outubro;Barein;67471
Exportação;2025;Outubro;Belarus;952929
Exportação;2025;Outubro;Belize;720859
Exportação;2025;Outubro;Benin;17698853
Exportação;2025;Outubro;Bermudas;800519
Exportação;2025;Outubro;Bolívia;118616555
Exportação;2025;Outubro;Bonaire, Saint Eustatius e Saba;179638
Exportação;2025;Outubro;Botsuana;333315
Exportação;2025;Outubro;Brasil;7320332
Exportação;2025;Outubro;Brunei;73763
Exportação;2025;Outubro;Bulgária;131491141
Exportação;2025;Outubro;Burkina Faso;123351
Exportação;2025;Outubro;Burundi;134771
Exportação;2025;Outubro;Bélgica;338456822
Exportação;2025;Outubro;Bósnia-Herzegovina;2829
Exportação;2025;Outubro;Cabo Verde;4441358
Exportação;2025;Outubro;Camarões;20529354
Exportação;2025;Outubro;Camboja;2957461
Exportação;2025;Outubro;Canadá;809135
Exportação;2025;Outubro;Catar;31542098
Exportação;2025;Outubro;Cayman, Ilhas;929869
Exportação;2025;Outubro;Cazaquistão;3045825
Exportação;2025;Outubro;Chade;660840
Exportação;2025;Outubro;Chile;719499774
Exportação;2025;Outubro;China;9067853985
Exportação;2025;Outubro;Chipre;6745147
Exportação;2025;Outubro;Colômbia;262465841
Exportação;2025;Outubro;Comores;1405120
Exportação;2025;Outubro;Congo;15333740
Exportação;2025;Outubro;Congo, República Democrática;24042783
Exportação;2025;Outubro;Coreia do Sul;669707746
Exportação;2025;Outubro;Costa Rica;42500272
Exportação;2025;Outubro;Costa do Marfim;17077300
Exportação;2025;Outubro;Coveite (Kuweit);60965428
Exportação;2025;Outubro;Croácia;3072675
Exportação;2025;Outubro;Cuba;24171673
Exportação;2025;Outubro;Curaçao;5644368
Exportação;2025;Outubro;Dinamarca;67518473
Exportação;2025;Outubro;Djibuti;2445755
Exportação;2025;Outubro;Dominica;455247
Exportação;2025;Outubro;Egito;462692868
Exportação;2025;Outubro;El Salvador;29977805
Exportação;2025;Outubro;Emirados Árabes Unidos;386432
Exportação;2025;Outubro;Equador;113868
Exportação;2025;Outubro;Eslováquia;2339128
Exportação;2025;Outubro;Eslovênia;66875190
Exportação;2025;Outubro;Espanha;753896575
Exportação;2025;Outubro;Estados Unidos;2307462233
Exportação;2025;Outubro;Estônia;10233450
Exportação;2025;Outubro;Etiópia;3318210
Exportação;2025;Outubro;Falkland (Malvinas);12650
Exportação;2025;Outubro;Fiji;54725
Exportação;2025;Outubro;Filipinas;316934
Exportação;2025;Outubro;Finlândia;62106665
Exportação;2025;Outubro;França;261202948
Exportação;2025;Outubro;Gabão;15183845
Exportação;2025;Outubro;Gana;41604284
Exportação;2025;Outubro;Geórgia;28577676
Exportação;2025;Outubro;Geórgia do Sul e Sandwich do Sul, Ilhas;7842
Exportação;2025;Outubro;Gibraltar;16835
Exportação;2025;Outubro;Granada;647718
Exportação;2025;Outubro;Grécia;43416047
Exportação;2025;Outubro;Guadalupe;1033504
Exportação;2025;Outubro;Guam;151945
Exportação;2025;Outubro;Guatemala;678605
Exportação;2025;Outubro;Guiana;23119945
Exportação;2025;Outubro;Guiana Francesa;855925
Exportação;2025;Outubro;Guiné;26366034
Exportação;2025;Outubro;Guiné Equatorial;2358053
Exportação;2025;Outubro;Guiné-Bissau;157180
Exportação;2025;Outubro;Gâmbia;14021669
Exportação;2025;Outubro;Haiti;8926690
Exportação;2025;Outubro;Honduras;17028258
Exportação;2025;Outubro;Hong Kong;123350519
Exportação;2025;Outubro;Hungria;7545454
Exportação;2025;Outubro;Ilha de Man;948773
Exportação;2025;Outubro;Indonésia;416780584
Exportação;2025;Outubro;Iraque;114989884
Exportação;2025;Outubro;Irlanda;56197704
Exportação;2025;Outubro;Irã;420829188
Exportação;2025;Outubro;Islândia;23961300
Exportação;2025;Outubro;Israel;38052091
Exportação;2025;Outubro;Itália;516821442
Exportação;2025;Outubro;Iêmen;28545497
Exportação;2025;Outubro;Jamaica;8437936
Exportação;2025;Outubro;Japão;466739202
Exportação;2025;Outubro;Jordânia;55822346
Exportação;2025;Outubro;Laos;3609917
Exportação;2025;Outubro;Letônia;10513577
Exportação;2025;Outubro;Libéria;35056181
Exportação;2025;Outubro;Liechtenstein;486953
Exportação;2025;Outubro;Lituânia;7882122
Exportação;2025;Outubro;Luxemburgo;3802828
Exportação;2025;Outubro;Líbano;33790669
Exportação;2025;Outubro;Líbia;23663879
Exportação;2025;Outubro;Macau;214479
Exportação;2025;Outubro;Macedônia;4129747
Exportação;2025;Outubro;Madagascar;1294
Exportação;2025;Outubro;Malavi;69347
Exportação;2025;Outubro;Maldivas;1906360
Exportação;2025;Outubro;Mali;63299
Exportação;2025;Outubro;Malta;11846
Exportação;2025;Outubro;Malásia;349805876
Exportação;2025;Outubro;Marrocos;156718248
Exportação;2025;Outubro;Marshall, Ilhas;25372846
Exportação;2025;Outubro;Martinica;337357
Exportação;2025;Outubro;Mauritânia;4602967
Exportação;2025;Outubro;Maurício;1759817
Exportação;2025;Outubro;Mayotte;968338
Exportação;2025;Outubro;Mianmar;4027534
Exportação;2025;Outubro;Moldávia;64997
Exportação;2025;Outubro;Mongólia;274580
Exportação;2025;Outubro;Montenegro;4163465
Exportação;2025;Outubro;Moçambique;7325133
Exportação;2025;Outubro;México;727388546
Exportação;2025;Outubro;Mônaco;1871
Exportação;2025;Outubro;Namíbia;2675705
Exportação;2025;Outubro;Nepal;112982
Exportação;2025;Outubro;Nicarágua;15558284
Exportação;2025;Outubro;Nigéria;76088478
Exportação;2025;Outubro;Noruega;98366275
Exportação;2025;Outubro;Nova Caledônia;759626
Exportação;2025;Outubro;Nova Zelândia;12321598
Exportação;2025;Outubro;Níger;166200
Exportação;2025;Outubro;Omã;80091415
Exportação;2025;Outubro;Pacífico, Ilhas do (EUA);38
Exportação;2025;Outubro;Palau;204942
Exportação;2025;Outubro;Palestina;5747444
Exportação;2025;Outubro;Panamá;141285576
Exportação;2025;Outubro;Papua Nova Guiné;46809
Exportação;2025;Outubro;Paquistão;55668109
Exportação;2025;Outubro;Paraguai;414427179
Exportação;2025;Outubro;Países Baixos (Holanda);1113489
Exportação;2025;Outubro;Peru;259326083
Exportação;2025;Outubro;Polinésia Francesa;730251
Exportação;2025;Outubro;Polônia;133046486
Exportação;2025;Outubro;Porto Rico;22134473
Exportação;2025;Outubro;Portugal;222556590
Exportação;2025;Outubro;Quirguistão;8985
Exportação;2025;Outubro;Quênia;18351328
Exportação;2025;Outubro;Reino Unido;348442302
Exportação;2025;Outubro;República Centro-Africana;105216
Exportação;2025;Outubro;República Dominicana;108511
Exportação;2025;Outubro;Reunião;715494
Exportação;2025;Outubro;Romênia;26150684
Exportação;2025;Outubro;Ruanda;427695
Exportação;2025;Outubro;Rússia;162744316
Exportação;2025;Outubro;Samoa;643156
Exportação;2025;Outubro;Samoa Americana;71816
Exportação;2025;Outubro;San Marino;2799
Exportação;2025;Outubro;Santa Lúcia;1270790
Exportação;2025;Outubro;Seicheles;734371
Exportação;2025;Outubro;Senegal;86638579
Exportação;2025;Outubro;Serra Leoa;3556890
Exportação;2025;Outubro;Singapura;780246698
Exportação;2025;Outubro;Sint Maarten;1389553
Exportação;2025;Outubro;Somália;4902068
Exportação;2025;Outubro;Sri Lanka;17871316
Exportação;2025;Outubro;Sudão do Sul;589474
Exportação;2025;Outubro;Suriname;5193546
Exportação;2025;Outubro;Suécia;73448
Exportação;2025;Outubro;Suíça;210972374
Exportação;2025;Outubro;São Bartolomeu;361552
Exportação;2025;Outubro;São Cristóvão e Névis;775875
Exportação;2025;Outubro;São Martinho, Ilha de (parte francesa);84647
Exportação;2025;Outubro;São Tomé e Príncipe;206619
Exportação;2025;Outubro;São Vicente e Granadinas;653467
Exportação;2025;Outubro;Sérvia;3960508
Exportação;2025;Outubro;Síria;1404359
Exportação;2025;Outubro;Tadjiquistão;115199
Exportação;2025;Outubro;Tailândia;257741361
Exportação;2025;Outubro;Taiwan (Formosa);56997541
Exportação;2025;Outubro;Tanzânia;3415107
Exportação;2025;Outubro;Tcheca, República;4691502
Exportação;2025;Outubro;Timor Leste;11593
Exportação;2025;Outubro;Togo;44956276
Exportação;2025;Outubro;Tonga;868527
Exportação;2025;Outubro;Toquelau;24745
Exportação;2025;Outubro;Trinidad e Tobago;7420774
Exportação;2025;Outubro;Tunísia;26685
Exportação;2025;Outubro;Turcas e Caicos, Ilhas;173102
Exportação;2025;Outubro;Turcomenistão;552454
Exportação;2025;Outubro;Turquia;256917194
Exportação;2025;Outubro;Ucrânia;5770749
Exportação;2025;Outubro;Uganda;964084
Exportação;2025;Outubro;Uruguai;358174627
Exportação;2025;Outubro;Uzbequistão;7842380
Exportação;2025;Outubro;Vanuatu;303609
Exportação;2025;Outubro;Venezuela;77550770
Exportação;2025;Outubro;Vietnã;341221396
Exportação;2025;Outubro;Virgens, Ilhas (Americanas);57663
Exportação;2025;Outubro;Virgens, Ilhas (Britânicas);430025
Exportação;2025;Outubro;Wallis e Futuna, Ilhas;48
Exportação;2025;Outubro;Zimbábue;666476
Exportação;2025;Outubro;Zâmbia;358516
Exportação;2025;Outubro;África do Sul;164715885
Exportação;2025;Outubro;Áustria;5702818
Exportação;2025;Outubro;Índia;894032066
Exportação;2025;Novembro;Afeganistão;235869
Exportação;2025;Novembro;Albânia;11295798
Exportação;2025;Novembro;Alemanha;595115726
Exportação;2025;Novembro;Angola;42611247
Exportação;2025;Novembro;Anguilla;116990
Exportação;2025;Novembro;Antígua e Barbuda;2984974
Exportação;2025;Novembro;Argentina;1214674176
Exportação;2025;Novembro;Argélia;195211391
Exportação;2025;Novembro;Armênia;10073462
Exportação;2025;Novembro;Aruba;2587143
Exportação;2025;Novembro;Arábia Saudita;271150
Exportação;2025;Novembro;Austrália;95021027
Exportação;2025;Novembro;Azerbaijão;3645
Exportação;2025;Novembro;Bahamas;11841
Exportação;2025;Novembro;Bangladesh;312679716
Exportação;2025;Novembro;Barbados;2537372
Exportação;2025;Novembro;Barein;66829738
Exportação;2025;Novembro;Belarus;322484
Exportação;2025;Novembro;Belize;576449
Exportação;2025;Novembro;Benin;13318964
Exportação;2025;Novembro;Bermudas;1170347
Exportação;2025;Novembro;Bolívia;112758063
Exportação;2025;Novembro;Bonaire, Saint Eustatius e Saba;367589
Exportação;2025;Novembro;Botsuana;64525
Exportação;2025;Novembro;Brasil;25945348
Exportação;2025;Novembro;Brunei;143813
Exportação;2025;Novembro;Bulgária;3657760
Exportação;2025;Novembro;Burkina Faso;1265
Exportação;2025;Novembro;Burundi;83681
Exportação;2025;Novembro;Butão;462033
Exportação;2025;Novembro;Bélgica;385347926
Exportação;2025;Novembro;Bósnia-Herzegovina;3205756
Exportação;2025;Novembro;Cabo Verde;3305351
Exportação;2025;Novembro;Camarões;7062766
Exportação;2025;Novembro;Camboja;3692620
Exportação;2025;Novembro;Canadá;582115919
Exportação;2025;Novembro;Catar;29392
Exportação;2025;Novembro;Cayman, Ilhas;12050411
Exportação;2025;Novembro;Cazaquistão;2648489
Exportação;2025;Novembro;Chade;421218
Exportação;2025;Novembro;Chile;559771097
Exportação;2025;Novembro;China;8163292700
Exportação;2025;Novembro;Chipre;5964952
Exportação;2025;Novembro;Cocos (Keeling), Ilhas;22470
Exportação;2025;Novembro;Colômbia;288714847
Exportação;2025;Novembro;Comores;16680
Exportação;2025;Novembro;Congo;8418173
Exportação;2025;Novembro;Congo, República Democrática;16749176
Exportação;2025;Novembro;Coreia do Sul;348262271
Exportação;2025;Novembro;Costa Rica;42653692
Exportação;2025;Novembro;Costa do Marfim;15079031
Exportação;2025;Novembro;Coveite (Kuweit);36646884
Exportação;2025;Novembro;Croácia;5161384
Exportação;2025;Novembro;Cuba;18145730
Exportação;2025;Novembro;Curaçao;2616919
Exportação;2025;Novembro;Dinamarca;76219846
Exportação;2025;Novembro;Djibuti;2404451
Exportação;2025;Novembro;Dominica;610445
Exportação;2025;Novembro;Egito;446439739
Exportação;2025;Novembro;El Salvador;12592063
Exportação;2025;Novembro;Emirados Árabes Unidos;369149169
Exportação;2025;Novembro;Equador;99444820
Exportação;2025;Novembro;Eslováquia;1822953
Exportação;2025;Novembro;Eslovênia;29768217
Exportação;2025;Novembro;Espanha;505331518
Exportação;2025;Novembro;Estados Unidos;2591789857
Exportação;2025;Novembro;Estônia;5913686
Exportação;2025;Novembro;Etiópia;2283773
Exportação;2025;Novembro;Falkland (Malvinas);4411
Exportação;2025;Novembro;Fiji;246060
Exportação;2025;Novembro;Filipinas;220683910
Exportação;2025;Novembro;Finlândia;59267279
Exportação;2025;Novembro;França;251084487
Exportação;2025;Novembro;Gabão;8482813
Exportação;2025;Novembro;Gana;31705755
Exportação;2025;Novembro;Geórgia;17846882
Exportação;2025;Novembro;Gibraltar;136057
Exportação;2025;Novembro;Granada;613207
Exportação;2025;Novembro;Groenlândia;723
Exportação;2025;Novembro;Grécia;31146663
Exportação;2025;Novembro;Guadalupe;433553
Exportação;2025;Novembro;Guam;40490
Exportação;2025;Novembro;Guatemala;45586256
Exportação;2025;Novembro;Guiana;35123341
Exportação;2025;Novembro;Guiana Francesa;657180
Exportação;2025;Novembro;Guiné;22108946
Exportação;2025;Novembro;Guiné Equatorial;4335541
Exportação;2025;Novembro;Guiné-Bissau;179398
Exportação;2025;Novembro;Gâmbia;5810300
Exportação;2025;Novembro;Haiti;6618908
Exportação;2025;Novembro;Heard e ilhas mcdonald, Ilha;110
Exportação;2025;Novembro;Honduras;12757933
Exportação;2025;Novembro;Hong Kong;108789127
Exportação;2025;Novembro;Hungria;147886424
Exportação;2025;Novembro;Ilha de Man;1350672
Exportação;2025;Novembro;Indonésia;366099412
Exportação;2025;Novembro;Iraque;106750969
Exportação;2025;Novembro;Irlanda;54551
Exportação;2025;Novembro;Irã;226306753
Exportação;2025;Novembro;Islândia;841026
Exportação;2025;Novembro;Israel;31237960
Exportação;2025;Novembro;Itália;375807213
Exportação;2025;Novembro;Iêmen;29808
Exportação;2025;Novembro;Jamaica;5071687
Exportação;2025;Novembro;Japão;493697844
Exportação;2025;Novembro;Jordânia;59600988
Exportação;2025;Novembro;Laos;1532853
Exportação;2025;Novembro;Lesoto;27280
Exportação;2025;Novembro;Letônia;9373721
Exportação;2025;Novembro;Libéria;32332345
Exportação;2025;Novembro;Liechtenstein;2313491
Exportação;2025;Novembro;Lituânia;3245494
Exportação;2025;Novembro;Luxemburgo;40990659
Exportação;2025;Novembro;Líbano;49156755
Exportação;2025;Novembro;Líbia;15493761
Exportação;2025;Novembro;Macau;502070
Exportação;2025;Novembro;Macedônia;1325086
Exportação;2025;Novembro;Madagascar;561094
Exportação;2025;Novembro;Malavi;158395
Exportação;2025;Novembro;Maldivas;2935460
Exportação;2025;Novembro;Mali;108673
Exportação;2025;Novembro;Malta;8781699
Exportação;2025;Novembro;Malásia;299668554
Exportação;2025;Novembro;Marrocos;157377381
Exportação;2025;Novembro;Marshall, Ilhas;16655976
Exportação;2025;Novembro;Martinica;562048
Exportação;2025;Novembro;Mauritânia;12648830
Exportação;2025;Novembro;Maurício;2850413
Exportação;2025;Novembro;Mayotte;832214
Exportação;2025;Novembro;Mianmar;8338203
Exportação;2025;Novembro;Micronésia;8399
Exportação;2025;Novembro;Moldávia;108079
Exportação;2025;Novembro;Mongólia;511690
Exportação;2025;Novembro;Montenegro;1398600
Exportação;2025;Novembro;Moçambique;3598930
Exportação;2025;Novembro;México;654124784
Exportação;2025;Novembro;Mônaco;27685
Exportação;2025;Novembro;Namíbia;1667429
Exportação;2025;Novembro;Nepal;80297
Exportação;2025;Novembro;Nicarágua;18906525
Exportação;2025;Novembro;Nigéria;79954198
Exportação;2025;Novembro;Norfolk, Ilha;30936
Exportação;2025;Novembro;Noruega;133843820
Exportação;2025;Novembro;Nova Caledônia;1247728
Exportação;2025;Novembro;Nova Zelândia;20366568
Exportação;2025;Novembro;Níger;328821
Exportação;2025;Novembro;Omã;85872985
Exportação;2025;Novembro;Pacífico, Ilhas do (EUA);52067
Exportação;2025;Novembro;Palau;13919
Exportação;2025;Novembro;Palestina;15251346
Exportação;2025;Novembro;Panamá;130438945
Exportação;2025;Novembro;Papua Nova Guiné;960369
Exportação;2025;Novembro;Paquistão;75663034
Exportação;2025;Novembro;Paraguai;348734690
Exportação;2025;Novembro;Países Baixos (Holanda);1058802550
Exportação;2025;Novembro;Peru;259040007
Exportação;2025;Novembro;Polinésia Francesa;777946
Exportação;2025;Novembro;Polônia;200452661
Exportação;2025;Novembro;Porto Rico;23931244
Exportação;2025;Novembro;Portugal;172927642
Exportação;2025;Novembro;Quirguistão;45553
Exportação;2025;Novembro;Quênia;5991233
Exportação;2025;Novembro;Reino Unido;328230713
Exportação;2025;Novembro;República Centro-Africana;63234
Exportação;2025;Novembro;República Dominicana;65697617
Exportação;2025;Novembro;Reunião;349067
Exportação;2025;Novembro;Romênia;14570828
Exportação;2025;Novembro;Ruanda;230591
Exportação;2025;Novembro;Rússia;162415256
Exportação;2025;Novembro;Samoa;532919
Exportação;2025;Novembro;Samoa Americana;46413
Exportação;2025;Novembro;San Marino;341
Exportação;2025;Novembro;Santa Lúcia;774707
Exportação;2025;Novembro;Seicheles;1297465
Exportação;2025;Novembro;Senegal;18539302
Exportação;2025;Novembro;Serra Leoa;5048517
Exportação;2025;Novembro;Singapura;644305815
Exportação;2025;Novembro;Sint Maarten;957130
Exportação;2025;Novembro;Somália;20566039
Exportação;2025;Novembro;Sri Lanka;15263468
Exportação;2025;Novembro;Sudão;150656
Exportação;2025;Novembro;Sudão do Sul;388277
Exportação;2025;Novembro;Suriname;5214007
Exportação;2025;Novembro;Suécia;93350656
Exportação;2025;Novembro;Suíça;200385
Exportação;2025;Novembro;São Bartolomeu;252434
Exportação;2025;Novembro;São Cristóvão e Névis;392862
Exportação;2025;Novembro;São Martinho, Ilha de (parte francesa);59876
Exportação;2025;Novembro;São Tomé e Príncipe;193853
Exportação;2025;Novembro;São Vicente e Granadinas;555342
Exportação;2025;Novembro;Sérvia;6132393
Exportação;2025;Novembro;Síria;15474793
Exportação;2025;Novembro;Tailândia;246921724
Exportação;2025;Novembro;Taiwan (Formosa);56291403
Exportação;2025;Novembro;Tanzânia;4967597
Exportação;2025;Novembro;Tcheca, República;144761
Exportação;2025;Novembro;Timor Leste;1009295
Exportação;2025;Novembro;Togo;52316706
Exportação;2025;Novembro;Tonga;732990
Exportação;2025;Novembro;Trinidad e Tobago;16100986
Exportação;2025;Novembro;Tunísia;9534673
Exportação;2025;Novembro;Turcas e Caicos, Ilhas;346958
Exportação;2025;Novembro;Turcomenistão;2686369
Exportação;2025;Novembro;Turquia;373175595
Exportação;2025;Novembro;Ucrânia;4044984
Exportação;2025;Novembro;Uganda;428509
Exportação;2025;Novembro;Uruguai;314048317
Exportação;2025;Novembro;Uzbequistão;9399076
Exportação;2025;Novembro;Vanuatu;290469
Exportação;2025;Novembro;Venezuela;53283860
Exportação;2025;Novembro;Vietnã;230987740
Exportação;2025;Novembro;Virgens, Ilhas (Americanas);64602
Exportação;2025;Novembro;Virgens, Ilhas (Britânicas);368625
Exportação;2025;Novembro;Zimbábue;557476
Exportação;2025;Novembro;Zâmbia;1058
Exportação;2025;Novembro;África do Sul;181558959
Exportação;2025;Novembro;Áustria;3871220
Exportação;2025;Novembro;Índia;581187431
Exportação;2025;Dezembro;Afeganistão;821678
Exportação;2025;Dezembro;Aland, Ilhas;9235
Exportação;2025;Dezembro;Albânia;17474250
Exportação;2025;Dezembro;Alemanha;739361939
Exportação;2025;Dezembro;Angola;52190404
Exportação;2025;Dezembro;Anguilla;54437
Exportação;2025;Dezembro;Antígua e Barbuda;2845739
Exportação;2025;Dezembro;Argentina;1041417049
Exportação;2025;Dezembro;Argélia;262172953
Exportação;2025;Dezembro;Armênia;1420255
Exportação;2025;Dezembro;Aruba;3407112
Exportação;2025;Dezembro;Arábia Saudita;376851212
Exportação;2025;Dezembro;Austrália;70682323
Exportação;2025;Dezembro;Azerbaijão;4158910
Exportação;2025;Dezembro;Bahamas;14517920
Exportação;2025;Dezembro;Bangladesh;360797453
Exportação;2025;Dezembro;Barbados;2995926
Exportação;2025;Dezembro;Barein;65159031
Exportação;2025;Dezembro;Belarus;1095
Exportação;2025;Dezembro;Belize;2173706
Exportação;2025;Dezembro;Benin;9767030
Exportação;2025;Dezembro;Bermudas;485325
Exportação;2025;Dezembro;Bolívia;130533553
Exportação;2025;Dezembro;Bonaire, Saint Eustatius e Saba;65300
Exportação;2025;Dezembro;Botsuana;313051
Exportação;2025;Dezembro;Bouvet, Ilha;29346
Exportação;2025;Dezembro;Brasil;2870357
Exportação;2025;Dezembro;Brunei;80828
Exportação;2025;Dezembro;Bulgária;108967121
Exportação;2025;Dezembro;Burkina Faso;459435
Exportação;2025;Dezembro;Bélgica;278576038
Exportação;2025;Dezembro;Bósnia-Herzegovina;1218
Exportação;2025;Dezembro;Cabo Verde;4599607
Exportação;2025;Dezembro;Camarões;20090202
Exportação;2025;Dezembro;Camboja;3303466
Exportação;2025;Dezembro;Canadá;780895
Exportação;2025;Dezembro;Catar;45222349
Exportação;2025;Dezembro;Cayman, Ilhas;488584
Exportação;2025;Dezembro;Cazaquistão;2418418
Exportação;2025;Dezembro;Chade;1417052
Exportação;2025;Dezembro;Chile;838989753
Exportação;2025;Dezembro;China;7125729427
Exportação;2025;Dezembro;Chipre;6754494
Exportação;2025;Dezembro;Colômbia;293558
Exportação;2025;Dezembro;Comores;1076466
Exportação;2025;Dezembro;Congo;14121780
Exportação;2025;Dezembro;Congo, República Democrática;27969671
Exportação;2025;Dezembro;Coreia do Sul;449579
Exportação;2025;Dezembro;Costa Rica;50679064
Exportação;2025;Dezembro;Costa do Marfim;14508669
Exportação;2025;Dezembro;Coveite (Kuweit);45030672
Exportação;2025;Dezembro;Croácia;7424316
Exportação;2025;Dezembro;Cuba;26124088
Exportação;2025;Dezembro;Curaçao;3489532
Exportação;2025;Dezembro;Dinamarca;28533820
Exportação;2025;Dezembro;Djibuti;4936715
Exportação;2025;Dezembro;Dominica;236263
Exportação;2025;Dezembro;Egito;487729250
Exportação;2025;Dezembro;El Salvador;15464894
Exportação;2025;Dezembro;Emirados Árabes Unidos;449871917
Exportação;2025;Dezembro;Equador;130211193
Exportação;2025;Dezembro;Eslováquia;3647
Exportação;2025;Dezembro;Eslovênia;15979343
Exportação;2025;Dezembro;Espanha;674345932
Exportação;2025;Dezembro;Estados Unidos;3412344984
Exportação;2025;Dezembro;Estônia;9503057
Exportação;2025;Dezembro;Etiópia;2837758
Exportação;2025;Dezembro;Fiji;123404
Exportação;2025;Dezembro;Filipinas;290561193
Exportação;2025;Dezembro;Finlândia;59055156
Exportação;2025;Dezembro;França;232392422
Exportação;2025;Dezembro;Gabão;10973367
Exportação;2025;Dezembro;Gana;55628956
Exportação;2025;Dezembro;Geórgia;22727059
Exportação;2025;Dezembro;Gibraltar;5762
Exportação;2025;Dezembro;Granada;1211732
Exportação;2025;Dezembro;Grécia;38633418
Exportação;2025;Dezembro;Guadalupe;474698
Exportação;2025;Dezembro;Guam;222543
Exportação;2025;Dezembro;Guatemala;54387765
Exportação;2025;Dezembro;Guiana;41249692
Exportação;2025;Dezembro;Guiana Francesa;459455
Exportação;2025;Dezembro;Guiné;17071737
Exportação;2025;Dezembro;Guiné Equatorial;4546915
Exportação;2025;Dezembro;Guiné-Bissau;942055
Exportação;2025;Dezembro;Gâmbia;14770344
Exportação;2025;Dezembro;Haiti;4794857
Exportação;2025;Dezembro;Heard e ilhas mcdonald, Ilha;118
Exportação;2025;Dezembro;Honduras;11627618
Exportação;2025;Dezembro;Hong Kong;129134850
Exportação;2025;Dezembro;Hungria;4807733
Exportação;2025;Dezembro;Ilha de Man;1292377
Exportação;2025;Dezembro;Indonésia;342635593
Exportação;2025;Dezembro;Iraque;106091196
Exportação;2025;Dezembro;Irlanda;83409981
Exportação;2025;Dezembro;Irã;387093035
Exportação;2025;Dezembro;Islândia;9978813
Exportação;2025;Dezembro;Israel;64993780
Exportação;2025;Dezembro;Itália;424747772
Exportação;2025;Dezembro;Iêmen;44218732
Exportação;2025;Dezembro;Jamaica;6813749
Exportação;2025;Dezembro;Japão;622091733
Exportação;2025;Dezembro;Jordânia;58128754
Exportação;2025;Dezembro;Laos;1820985
Exportação;2025;Dezembro;Letônia;8158903
Exportação;2025;Dezembro;Libéria;29516141
Exportação;2025;Dezembro;Liechtenstein;1839667
Exportação;2025;Dezembro;Lituânia;4125066
Exportação;2025;Dezembro;Luxemburgo;3096006
Exportação;2025;Dezembro;Líbano;43735428
Exportação;2025;Dezembro;Líbia;57550023
Exportação;2025;Dezembro;Macau;177062
Exportação;2025;Dezembro;Macedônia;3741096
Exportação;2025;Dezembro;Madagascar;917700
Exportação;2025;Dezembro;Malavi;202590
Exportação;2025;Dezembro;Maldivas;2443451
Exportação;2025;Dezembro;Mali;267455
Exportação;2025;Dezembro;Malta;9935286
Exportação;2025;Dezembro;Malásia;315079110
Exportação;2025;Dezembro;Marianas do Norte, Ilhas;21
Exportação;2025;Dezembro;Marrocos;202957723
Exportação;2025;Dezembro;Marshall, Ilhas;18778941
Exportação;2025;Dezembro;Martinica;873779
Exportação;2025;Dezembro;Mauritânia;56932316
Exportação;2025;Dezembro;Maurício;2303662
Exportação;2025;Dezembro;Mayotte;521755
Exportação;2025;Dezembro;Mianmar;1879
Exportação;2025;Dezembro;Micronésia;78336
Exportação;2025;Dezembro;Moldávia;55440
Exportação;2025;Dezembro;Mongólia;246027
Exportação;2025;Dezembro;Montenegro;8574105
Exportação;2025;Dezembro;Montserrat;29470
Exportação;2025;Dezembro;Moçambique;40611
Exportação;2025;Dezembro;México;590381121
Exportação;2025;Dezembro;Mônaco;16178
Exportação;2025;Dezembro;Namíbia;1395830
Exportação;2025;Dezembro;Nepal;126702
Exportação;2025;Dezembro;Nicarágua;10966705
Exportação;2025;Dezembro;Nigéria;56768830
Exportação;2025;Dezembro;Norfolk, Ilha;43395
Exportação;2025;Dezembro;Noruega;166654447
Exportação;2025;Dezembro;Nova Caledônia;991454
Exportação;2025;Dezembro;Nova Zelândia;10000890
Exportação;2025;Dezembro;Níger;1949
Exportação;2025;Dezembro;Omã;124914572
Exportação;2025;Dezembro;Pacífico, Ilhas do (EUA);16846
Exportação;2025;Dezembro;Palestina;7951183
Exportação;2025;Dezembro;Panamá;150078815
Exportação;2025;Dezembro;Papua Nova Guiné;910541
Exportação;2025;Dezembro;Paquistão;152311619
Exportação;2025;Dezembro;Paraguai;363783896
Exportação;2025;Dezembro;Países Baixos (Holanda);961258836
Exportação;2025;Dezembro;Peru;261628
Exportação;2025;Dezembro;Polinésia Francesa;1439486
Exportação;2025;Dezembro;Polônia;158854552
Exportação;2025;Dezembro;Porto Rico;28936442
Exportação;2025;Dezembro;Portugal;248367211
Exportação;2025;Dezembro;Quirguistão;42584
Exportação;2025;Dezembro;Quênia;17851461
Exportação;2025;Dezembro;Reino Unido;397464490
Exportação;2025;Dezembro;República Centro-Africana;216158
Exportação;2025;Dezembro;República Dominicana;87772040
Exportação;2025;Dezembro;Reunião;393
Exportação;2025;Dezembro;Romênia;18728705
Exportação;2025;Dezembro;Ruanda;105851
Exportação;2025;Dezembro;Rússia;140342465
Exportação;2025;Dezembro;Salomão, Ilhas;14
Exportação;2025;Dezembro;Samoa;631332
Exportação;2025;Dezembro;San Marino;89482
Exportação;2025;Dezembro;Santa Lúcia;688644
Exportação;2025;Dezembro;Seicheles;1494044
Exportação;2025;Dezembro;Senegal;30491882
Exportação;2025;Dezembro;Serra Leoa;5533852
Exportação;2025;Dezembro;Singapura;850867896
Exportação;2025;Dezembro;Sint Maarten;654450
Exportação;2025;Dezembro;Somália;15794929
Exportação;2025;Dezembro;Sri Lanka;12959890
Exportação;2025;Dezembro;Sudão;153197
Exportação;2025;Dezembro;Sudão do Sul;508323
Exportação;2025;Dezembro;Suriname;10210318
Exportação;2025;Dezembro;Suécia;91519256
Exportação;2025;Dezembro;Suíça;173660389
Exportação;2025;Dezembro;São Bartolomeu;94720
Exportação;2025;Dezembro;São Cristóvão e Névis;322365
Exportação;2025;Dezembro;São Martinho, Ilha de (parte francesa);392422
Exportação;2025;Dezembro;São Tomé e Príncipe;268223
Exportação;2025;Dezembro;São Vicente e Granadinas;423646
Exportação;2025;Dezembro;Sérvia;7935164
Exportação;2025;Dezembro;Síria;4832990
Exportação;2025;Dezembro;Tailândia;223267438
Exportação;2025;Dezembro;Taiwan (Formosa);129620533
Exportação;2025;Dezembro;Tanzânia;3506097
Exportação;2025;Dezembro;Tcheca, República;10222
Exportação;2025;Dezembro;Território Britânico do Oceano Índico;25959
Exportação;2025;Dezembro;Timor Leste;755796
Exportação;2025;Dezembro;Togo;39935048
Exportação;2025;Dezembro;Tonga;326835
Exportação;2025;Dezembro;Trinidad e Tobago;27254822
Exportação;2025;Dezembro;Tunísia;19032715
Exportação;2025;Dezembro;Turcas e Caicos, Ilhas;121352
Exportação;2025;Dezembro;Turcomenistão;1898315
Exportação;2025;Dezembro;Turquia;424694172
Exportação;2025;Dezembro;Ucrânia;12289179
Exportação;2025;Dezembro;Uganda;1762968
Exportação;2025;Dezembro;Uruguai;450551061
Exportação;2025;Dezembro;Uzbequistão;11831728
Exportação;2025;Dezembro;Vanuatu;182186
Exportação;2025;Dezembro;Venezuela;85455565
Exportação;2025;Dezembro;Vietnã;462971039
Exportação;2025;Dezembro;Virgens, Ilhas (Americanas);65800
Exportação;2025;Dezembro;Virgens, Ilhas (Britânicas);304254
Exportação;2025;Dezembro;Zimbábue;604203
Exportação;2025;Dezembro;Zâmbia;833238
Exportação;2025;Dezembro;África do Sul;203497959
Exportação;2025;Dezembro;Áustria;8305482
Exportação;2025;Dezembro;Índia;954648484
Importação;2025;Janeiro;Afeganistão;175572
Importação;2025;Janeiro;Aland, Ilhas;95274
Importação;2025;Janeiro;Albânia;350461
Importação;2025;Janeiro;Alemanha;1245248067
Importação;2025;Janeiro;Andorra;39059
Importação;2025;Janeiro;Angola;91357860
Importação;2025;Janeiro;Anguilla;22344
Importação;2025;Janeiro;Argentina;886346792
Importação;2025;Janeiro;Argélia;148370
Importação;2025;Janeiro;Armênia;27102
Importação;2025;Janeiro;Aruba;206
Importação;2025;Janeiro;Arábia Saudita;392972788
Importação;2025;Janeiro;Austrália;110518043
Importação;2025;Janeiro;Azerbaijão;273
Importação;2025;Janeiro;Bahamas;64903753
Importação;2025;Janeiro;Bancos Centrais;1662
Importação;2025;Janeiro;Bangladesh;24810359
Importação;2025;Janeiro;Barbados;34838
Importação;2025;Janeiro;Barein;10657874
Importação;2025;Janeiro;Belarus;48490
Importação;2025;Janeiro;Belize;6142
Importação;2025;Janeiro;Benin;48266
Importação;2025;Janeiro;Bermudas;123548
Importação;2025;Janeiro;Bolívia;126566320
Importação;2025;Janeiro;Bonaire, Saint Eustatius e Saba;491
Importação;2025;Janeiro;Botsuana;57206
Importação;2025;Janeiro;Brasil;56539054
Importação;2025;Janeiro;Brunei;13716704
Importação;2025;Janeiro;Bulgária;9507565
Importação;2025;Janeiro;Burkina Faso;107500
Importação;2025;Janeiro;Butão;76763
Importação;2025;Janeiro;Bélgica;157056622
Importação;2025;Janeiro;Bósnia-Herzegovina;1172339
Importação;2025;Janeiro;Camarões;31522020
Importação;2025;Janeiro;Camboja;10582957
Importação;2025;Janeiro;Canadá;198673692
Importação;2025;Janeiro;Catar;52998529
Importação;2025;Janeiro;Cayman, Ilhas;96150
Importação;2025;Janeiro;Cazaquistão;14224
Importação;2025;Janeiro;Chade;1793
Importação;2025;Janeiro;Chile;393837577
Importação;2025;Janeiro;China;6051322038
Importação;2025;Janeiro;Chipre;303732
Importação;2025;Janeiro;Cocos (Keeling), Ilhas;95894
Importação;2025;Janeiro;Colômbia;145376800
Importação;2025;Janeiro;Comores;143
Importação;2025;Janeiro;Congo;992628
Importação;2025;Janeiro;Coreia do Sul;527789021
Importação;2025;Janeiro;Costa Rica;13237611
Importação;2025;Janeiro;Costa do Marfim;102249588
Importação;2025;Janeiro;Coveite (Kuweit);12066
Importação;2025;Janeiro;Croácia;1897313
Importação;2025;Janeiro;Cuba;237420
Importação;2025;Janeiro;Curaçao;111659
Importação;2025;Janeiro;Dinamarca;130437762
Importação;2025;Janeiro;Dominica;1099
Importação;2025;Janeiro;Egito;107259405
Importação;2025;Janeiro;El Salvador;1149056
Importação;2025;Janeiro;Emirados Árabes Unidos;23711458
Importação;2025;Janeiro;Equador;11680
Importação;2025;Janeiro;Eritreia;513
Importação;2025;Janeiro;Eslováquia;35686823
Importação;2025;Janeiro;Eslovênia;16656507
Importação;2025;Janeiro;Espanha;336070609
Importação;2025;Janeiro;Estados Unidos;3444118676
Importação;2025;Janeiro;Estônia;5038113
Importação;2025;Janeiro;Etiópia;68826
Importação;2025;Janeiro;Falkland (Malvinas);7
Importação;2025;Janeiro;Fiji;4564
Importação;2025;Janeiro;Filipinas;29606831
Importação;2025;Janeiro;Finlândia;72485547
Importação;2025;Janeiro;França;497837599
Importação;2025;Janeiro;Gabão;74949323
Importação;2025;Janeiro;Gana;7362298
Importação;2025;Janeiro;Geórgia;915699
Importação;2025;Janeiro;Gibraltar;21055
Importação;2025;Janeiro;Granada;180
Importação;2025;Janeiro;Grécia;9664121
Importação;2025;Janeiro;Guatemala;7818223
Importação;2025;Janeiro;Gâmbia;141
Importação;2025;Janeiro;Haiti;61789
Importação;2025;Janeiro;Honduras;2138458
Importação;2025;Janeiro;Hong Kong;82489762
Importação;2025;Janeiro;Hungria;47312455
Importação;2025;Janeiro;Ilha de Man;38200
Importação;2025;Janeiro;Indonésia;207371884
Importação;2025;Janeiro;Irlanda;84238057
Importação;2025;Janeiro;Irã;1185705
Importação;2025;Janeiro;Islândia;1228150
Importação;2025;Janeiro;Israel;117356730
Importação;2025;Janeiro;Itália;641057934
Importação;2025;Janeiro;Iêmen;1683
Importação;2025;Janeiro;Jamaica;44624
Importação;2025;Janeiro;Japão;517399092
Importação;2025;Janeiro;Jordânia;671704
Importação;2025;Janeiro;Kiribati;450
Importação;2025;Janeiro;Laos;214561
Importação;2025;Janeiro;Letônia;1689532
Importação;2025;Janeiro;Liechtenstein;891412
Importação;2025;Janeiro;Lituânia;3743491
Importação;2025;Janeiro;Luxemburgo;3212462
Importação;2025;Janeiro;Líbano;214317
Importação;2025;Janeiro;Líbia;49985
Importação;2025;Janeiro;Macau;107086
Importação;2025;Janeiro;Macedônia;1111112
Importação;2025;Janeiro;Madagascar;313339
Importação;2025;Janeiro;Malavi;688134
Importação;2025;Janeiro;Mali;168
Importação;2025;Janeiro;Malta;1593492
Importação;2025;Janeiro;Malásia;144652433
Importação;2025;Janeiro;Marrocos;94832669
Importação;2025;Janeiro;Marshall, Ilhas;6608
Importação;2025;Janeiro;Mauritânia;17741
Importação;2025;Janeiro;Maurício;31463
Importação;2025;Janeiro;Mianmar;1079983
Importação;2025;Janeiro;Moldávia;515261
Importação;2025;Janeiro;Mongólia;56036
Importação;2025;Janeiro;Montenegro;1715
Importação;2025;Janeiro;Moçambique;41605
Importação;2025;Janeiro;México;537335688
Importação;2025;Janeiro;Mônaco;284229
Importação;2025;Janeiro;Namíbia;45
Importação;2025;Janeiro;Nepal;11053
Importação;2025;Janeiro;Nicarágua;522159
Importação;2025;Janeiro;Nigéria;147460957
Importação;2025;Janeiro;Noruega;87895969
Importação;2025;Janeiro;Nova Caledônia;3328
Importação;2025;Janeiro;Nova Zelândia;4783608
Importação;2025;Janeiro;Níger;2160
Importação;2025;Janeiro;Omã;43624
Importação;2025;Janeiro;Palestina;87337
Importação;2025;Janeiro;Panamá;12657
Importação;2025;Janeiro;Papua Nova Guiné;26
Importação;2025;Janeiro;Paquistão;15940369
Importação;2025;Janeiro;Paraguai;258912783
Importação;2025;Janeiro;Países Baixos (Holanda);185320072
Importação;2025;Janeiro;Peru;98293393
Importação;2025;Janeiro;Polinésia Francesa;898
Importação;2025;Janeiro;Polônia;91517368
Importação;2025;Janeiro;Porto Rico;47375345
Importação;2025;Janeiro;Portugal;102987281
Importação;2025;Janeiro;Quirguistão;33
Importação;2025;Janeiro;Quênia;35725
Importação;2025;Janeiro;Reino Unido;233405624
Importação;2025;Janeiro;República Centro-Africana;5902
Importação;2025;Janeiro;República Dominicana;3416970
Importação;2025;Janeiro;Reunião;2
Importação;2025;Janeiro;Romênia;34541807
Importação;2025;Janeiro;Rússia;826418006
Importação;2025;Janeiro;Samoa;71722
Importação;2025;Janeiro;Samoa Americana;23092
Importação;2025;Janeiro;San Marino;1348069
Importação;2025;Janeiro;Seicheles;74446
Importação;2025;Janeiro;Senegal;4900481
Importação;2025;Janeiro;Serra Leoa;1091
Importação;2025;Janeiro;Singapura;88899636
Importação;2025;Janeiro;Somália;379
Importação;2025;Janeiro;Sri Lanka;10277196
Importação;2025;Janeiro;Suazilândia;13946
Importação;2025;Janeiro;Suriname;13300
Importação;2025;Janeiro;Suécia;199003568
Importação;2025;Janeiro;Suíça;229465
Importação;2025;Janeiro;São Cristóvão e Névis;1422
Importação;2025;Janeiro;São Tomé e Príncipe;7245
Importação;2025;Janeiro;Sérvia;4962947
Importação;2025;Janeiro;Tadjiquistão;14
Importação;2025;Janeiro;Tailândia;213579689
Importação;2025;Janeiro;Taiwan (Formosa);211299477
Importação;2025;Janeiro;Tanzânia;451798
Importação;2025;Janeiro;Tcheca, República;63077685
Importação;2025;Janeiro;Timor Leste;1214
Importação;2025;Janeiro;Toquelau;173
Importação;2025;Janeiro;Trinidad e Tobago;41958623
Importação;2025;Janeiro;Tunísia;5642093
Importação;2025;Janeiro;Turcas e Caicos, Ilhas;3507
Importação;2025;Janeiro;Turcomenistão;4833557
Importação;2025;Janeiro;Turquia;126341940
Importação;2025;Janeiro;Ucrânia;12973789
Importação;2025;Janeiro;Uruguai;200492373
Importação;2025;Janeiro;Uzbequistão;2265364
Importação;2025;Janeiro;Vaticano;226
Importação;2025;Janeiro;Venezuela;19903682
Importação;2025;Janeiro;Vietnã;342814515
Importação;2025;Janeiro;Virgens, Ilhas (Britânicas);458772
Importação;2025;Janeiro;Zimbábue;882039
Importação;2025;Janeiro;Zâmbia;95196
Importação;2025;Janeiro;África do Sul;63359975
Importação;2025;Janeiro;Áustria;107709670
Importação;2025;Janeiro;Índia;717587394
Importação;2025;Fevereiro;Afeganistão;168995
Importação;2025;Fevereiro;Aland, Ilhas;50765
Importação;2025;Fevereiro;Albânia;225053
Importação;2025;Fevereiro;Alemanha;1047708
Importação;2025;Fevereiro;Andorra;185
Importação;2025;Fevereiro;Angola;27448
Importação;2025;Fevereiro;Anguilla;905
Importação;2025;Fevereiro;Argentina;1052163957
Importação;2025;Fevereiro;Argélia;69307637
Importação;2025;Fevereiro;Armênia;21919
Importação;2025;Fevereiro;Arábia Saudita;2071365
Importação;2025;Fevereiro;Austrália;79024797
Importação;2025;Fevereiro;Azerbaijão;172800
Importação;2025;Fevereiro;Bahamas;2494
Importação;2025;Fevereiro;Bangladesh;26753313
Importação;2025;Fevereiro;Barbados;3003
Importação;2025;Fevereiro;Barein;3722766
Importação;2025;Fevereiro;Belarus;1093
Importação;2025;Fevereiro;Belize;91459
Importação;2025;Fevereiro;Benin;38934
Importação;2025;Fevereiro;Bermudas;29682
Importação;2025;Fevereiro;Bolívia;103664633
Importação;2025;Fevereiro;Botsuana;137159
Importação;2025;Fevereiro;Brasil;47299851
Importação;2025;Fevereiro;Brunei;49646
Importação;2025;Fevereiro;Bulgária;8898157
Importação;2025;Fevereiro;Burkina Faso;186
Importação;2025;Fevereiro;Burundi;3
Importação;2025;Fevereiro;Butão;58559
Importação;2025;Fevereiro;Bélgica;162502084
Importação;2025;Fevereiro;Bósnia-Herzegovina;612661
Importação;2025;Fevereiro;Cabo Verde;48603
Importação;2025;Fevereiro;Camarões;3160821
Importação;2025;Fevereiro;Camboja;9755441
Importação;2025;Fevereiro;Canadá;162084542
Importação;2025;Fevereiro;Catar;16260877
Importação;2025;Fevereiro;Cayman, Ilhas;109404
Importação;2025;Fevereiro;Cazaquistão;25846628
Importação;2025;Fevereiro;Chade;498
Importação;2025;Fevereiro;Chile;419963105
Importação;2025;Fevereiro;China;7978202807
Importação;2025;Fevereiro;Chipre;133299
Importação;2025;Fevereiro;Cocos (Keeling), Ilhas;4939
Importação;2025;Fevereiro;Colômbia;158313121
Importação;2025;Fevereiro;Comores;10539
Importação;2025;Fevereiro;Congo, República Democrática;276946
Importação;2025;Fevereiro;Coreia do Sul;415536502
Importação;2025;Fevereiro;Costa Rica;13282939
Importação;2025;Fevereiro;Costa do Marfim;59454959
Importação;2025;Fevereiro;Coveite (Kuweit);32163124
Importação;2025;Fevereiro;Croácia;4354980
Importação;2025;Fevereiro;Cuba;210965
Importação;2025;Fevereiro;Curaçao;39875
Importação;2025;Fevereiro;Dinamarca;129254519
Importação;2025;Fevereiro;Egito;55876071
Importação;2025;Fevereiro;El Salvador;1222055
Importação;2025;Fevereiro;Emirados Árabes Unidos;87927583
Importação;2025;Fevereiro;Equador;11183030
Importação;2025;Fevereiro;Eritreia;39399
Importação;2025;Fevereiro;Eslováquia;27578517
Importação;2025;Fevereiro;Eslovênia;12468684
Importação;2025;Fevereiro;Espanha;289369385
Importação;2025;Fevereiro;Estados Unidos;3336738452
Importação;2025;Fevereiro;Estônia;4247115
Importação;2025;Fevereiro;Etiópia;706
Importação;2025;Fevereiro;Falkland (Malvinas);7
Importação;2025;Fevereiro;Fiji;1536
Importação;2025;Fevereiro;Filipinas;27568588
Importação;2025;Fevereiro;Finlândia;39561485
Importação;2025;Fevereiro;França;523796835
Importação;2025;Fevereiro;Gana;33184361
Importação;2025;Fevereiro;Geórgia;121244
Importação;2025;Fevereiro;Gibraltar;89892
Importação;2025;Fevereiro;Grécia;4950347
Importação;2025;Fevereiro;Guatemala;10740784
Importação;2025;Fevereiro;Guiana;76009725
Importação;2025;Fevereiro;Guiana Francesa;1279
Importação;2025;Fevereiro;Guiné Equatorial;1544321
Importação;2025;Fevereiro;Guiné-Bissau;426257
Importação;2025;Fevereiro;Gâmbia;76
Importação;2025;Fevereiro;Haiti;67
Importação;2025;Fevereiro;Honduras;941551
Importação;2025;Fevereiro;Hong Kong;72904228
Importação;2025;Fevereiro;Hungria;44752941
Importação;2025;Fevereiro;Ilha de Man;132
Importação;2025;Fevereiro;Indonésia;191723936
Importação;2025;Fevereiro;Iraque;92589
Importação;2025;Fevereiro;Irlanda;81784904
Importação;2025;Fevereiro;Irã;1128920
Importação;2025;Fevereiro;Islândia;626099
Importação;2025;Fevereiro;Israel;76499884
Importação;2025;Fevereiro;Itália;527739969
Importação;2025;Fevereiro;Jamaica;50524
Importação;2025;Fevereiro;Japão;477774671
Importação;2025;Fevereiro;Jordânia;668691
Importação;2025;Fevereiro;Laos;361969
Importação;2025;Fevereiro;Letônia;2849981
Importação;2025;Fevereiro;Liechtenstein;693432
Importação;2025;Fevereiro;Lituânia;3183466
Importação;2025;Fevereiro;Luxemburgo;4737683
Importação;2025;Fevereiro;Líbano;191606
Importação;2025;Fevereiro;Líbia;130074
Importação;2025;Fevereiro;Macau;179482
Importação;2025;Fevereiro;Macedônia;3668
Importação;2025;Fevereiro;Madagascar;418660
Importação;2025;Fevereiro;Malavi;305699
Importação;2025;Fevereiro;Mali;11
Importação;2025;Fevereiro;Malta;775608
Importação;2025;Fevereiro;Malásia;123224584
Importação;2025;Fevereiro;Marianas do Norte, Ilhas;854
Importação;2025;Fevereiro;Marrocos;73904128
Importação;2025;Fevereiro;Marshall, Ilhas;2804
Importação;2025;Fevereiro;Maurício;221808
Importação;2025;Fevereiro;Mayotte;104
Importação;2025;Fevereiro;Mianmar;1189642
Importação;2025;Fevereiro;Moldávia;281304
Importação;2025;Fevereiro;Mongólia;80393
Importação;2025;Fevereiro;Montenegro;420
Importação;2025;Fevereiro;Moçambique;1115706
Importação;2025;Fevereiro;México;379702104
Importação;2025;Fevereiro;Mônaco;497115
Importação;2025;Fevereiro;Namíbia;8252
Importação;2025;Fevereiro;Nepal;7430
Importação;2025;Fevereiro;Nicarágua;253584
Importação;2025;Fevereiro;Nigéria;48186824
Importação;2025;Fevereiro;Niue;814
Importação;2025;Fevereiro;Norfolk, Ilha;70
Importação;2025;Fevereiro;Noruega;65944646
Importação;2025;Fevereiro;Nova Zelândia;5351686
Importação;2025;Fevereiro;Níger;15819
Importação;2025;Fevereiro;Omã;105378775
Importação;2025;Fevereiro;Panamá;1276827
Importação;2025;Fevereiro;Papua Nova Guiné;26939
Importação;2025;Fevereiro;Paquistão;13232447
Importação;2025;Fevereiro;Paraguai;260723695
Importação;2025;Fevereiro;Países Baixos (Holanda);207123200
Importação;2025;Fevereiro;Peru;119839651
Importação;2025;Fevereiro;Polinésia Francesa;10
Importação;2025;Fevereiro;Polônia;88735947
Importação;2025;Fevereiro;Porto Rico;34533800
Importação;2025;Fevereiro;Portugal;89185673
Importação;2025;Fevereiro;Quirguistão;942
Importação;2025;Fevereiro;Quênia;139546
Importação;2025;Fevereiro;Reino Unido;278697835
Importação;2025;Fevereiro;República Centro-Africana;3277
Importação;2025;Fevereiro;República Dominicana;3936770
Importação;2025;Fevereiro;Romênia;28665682
Importação;2025;Fevereiro;Ruanda;5596
Importação;2025;Fevereiro;Rússia;607063253
Importação;2025;Fevereiro;Samoa;89406
Importação;2025;Fevereiro;Samoa Americana;11757
Importação;2025;Fevereiro;San Marino;1725643
Importação;2025;Fevereiro;Senegal;246857
Importação;2025;Fevereiro;Serra Leoa;17380
Importação;2025;Fevereiro;Singapura;70265826
Importação;2025;Fevereiro;Sri Lanka;6796231
Importação;2025;Fevereiro;Suazilândia;9961
Importação;2025;Fevereiro;Suécia;185665955
Importação;2025;Fevereiro;Suíça;209150
Importação;2025;Fevereiro;São Cristóvão e Névis;3990
Importação;2025;Fevereiro;Sérvia;4483005
Importação;2025;Fevereiro;Tadjiquistão;904
Importação;2025;Fevereiro;Tailândia;193998046
Importação;2025;Fevereiro;Taiwan (Formosa);216099569
Importação;2025;Fevereiro;Tanzânia;390
Importação;2025;Fevereiro;Tcheca, República;66182257
Importação;2025;Fevereiro;Trinidad e Tobago;64960809
Importação;2025;Fevereiro;Tunísia;6688925
Importação;2025;Fevereiro;Turcas e Caicos, Ilhas;2443
Importação;2025;Fevereiro;Turcomenistão;5589380
Importação;2025;Fevereiro;Turquia;110714362
Importação;2025;Fevereiro;Ucrânia;1288479
Importação;2025;Fevereiro;Uganda;477
Importação;2025;Fevereiro;Uruguai;154781549
Importação;2025;Fevereiro;Uzbequistão;3513492
Importação;2025;Fevereiro;Vaticano;677
Importação;2025;Fevereiro;Venezuela;24086034
Importação;2025;Fevereiro;Vietnã;287388380
Importação;2025;Fevereiro;Virgens, Ilhas (Americanas);64905
Importação;2025;Fevereiro;Virgens, Ilhas (Britânicas);21
Importação;2025;Fevereiro;Zimbábue;21704
Importação;2025;Fevereiro;Zâmbia;106
Importação;2025;Fevereiro;África do Sul;104694037
Importação;2025;Fevereiro;Áustria;114025844
Importação;2025;Fevereiro;Índia;570674767
Importação;2025;Março;Afeganistão;11078
Importação;2025;Março;Aland, Ilhas;15382
Importação;2025;Março;Albânia;213207
Importação;2025;Março;Alemanha;1102744822
Importação;2025;Março;Andorra;15769
Importação;2025;Março;Anguilla;9666
Importação;2025;Março;Argentina;996759711
Importação;2025;Março;Argélia;141435609
Importação;2025;Março;Armênia;10677
Importação;2025;Março;Aruba;214
Importação;2025;Março;Arábia Saudita;175037627
Importação;2025;Março;Austrália;53056412
Importação;2025;Março;Azerbaijão;97
Importação;2025;Março;Bahamas;14936087
Importação;2025;Março;Bangladesh;27928291
Importação;2025;Março;Barein;5374800
Importação;2025;Março;Belarus;322948
Importação;2025;Março;Belize;4947
Importação;2025;Março;Benin;70733
Importação;2025;Março;Bermudas;180864
Importação;2025;Março;Bolívia;96335425
Importação;2025;Março;Botsuana;65331
Importação;2025;Março;Brasil;43283459
Importação;2025;Março;Bulgária;8553998
Importação;2025;Março;Burkina Faso;50270
Importação;2025;Março;Butão;63434
Importação;2025;Março;Bélgica;172127376
Importação;2025;Março;Bósnia-Herzegovina;859232
Importação;2025;Março;Camarões;43897
Importação;2025;Março;Camboja;11555104
Importação;2025;Março;Canadá;189763104
Importação;2025;Março;Catar;27672445
Importação;2025;Março;Cayman, Ilhas;7142
Importação;2025;Março;Cazaquistão;13162373
Importação;2025;Março;Chade;138
Importação;2025;Março;Chile;399904977
Importação;2025;Março;China;5020447
Importação;2025;Março;Chipre;252150
Importação;2025;Março;Cocos (Keeling), Ilhas;6350
Importação;2025;Março;Colômbia;151605128
Importação;2025;Março;Comores;14
Importação;2025;Março;Congo, República Democrática;1076411
Importação;2025;Março;Cook, Ilhas;3466
Importação;2025;Março;Coreia do Norte;1133
Importação;2025;Março;Coreia do Sul;430673976
Importação;2025;Março;Costa Rica;12033949
Importação;2025;Março;Costa do Marfim;90950335
Importação;2025;Março;Croácia;7045484
Importação;2025;Março;Cuba;185859
Importação;2025;Março;Curaçao;227
Importação;2025;Março;Dinamarca;133632473
Importação;2025;Março;Djibuti;1
Importação;2025;Março;Dominica;3812
Importação;2025;Março;Egito;123556832
Importação;2025;Março;El Salvador;688682
Importação;2025;Março;Emirados Árabes Unidos;21293607
Importação;2025;Março;Equador;7867990
Importação;2025;Março;Eritreia;1949
Importação;2025;Março;Eslováquia;34983522
Importação;2025;Março;Eslovênia;17418522
Importação;2025;Março;Espanha;287850492
Importação;2025;Março;Estados Unidos;3537255516
Importação;2025;Março;Estônia;3988622
Importação;2025;Março;Etiópia;14396
Importação;2025;Março;Falkland (Malvinas);2
Importação;2025;Março;Faroe, Ilhas;49492
Importação;2025;Março;Filipinas;27234717
Importação;2025;Março;Finlândia;153395938
Importação;2025;Março;França;613878498
Importação;2025;Março;Gabão;21720446
Importação;2025;Março;Gana;71734222
Importação;2025;Março;Geórgia;303862
Importação;2025;Março;Grécia;5495860
Importação;2025;Março;Guatemala;12020729
Importação;2025;Março;Guiana;283
Importação;2025;Março;Gâmbia;81
Importação;2025;Março;Haiti;116959
Importação;2025;Março;Honduras;1939663
Importação;2025;Março;Hong Kong;60888526
Importação;2025;Março;Hungria;46913458
Importação;2025;Março;Indonésia;193111866
Importação;2025;Março;Iraque;149663
Importação;2025;Março;Irlanda;87059975
Importação;2025;Março;Irã;1573105
Importação;2025;Março;Islândia;1103880
Importação;2025;Março;Israel;82914193
Importação;2025;Março;Itália;566894676
Importação;2025;Março;Jamaica;4307
Importação;2025;Março;Japão;485400659
Importação;2025;Março;Jordânia;1127825
Importação;2025;Março;Laos;768
Importação;2025;Março;Lesoto;413
Importação;2025;Março;Letônia;3067458
Importação;2025;Março;Liechtenstein;853575
Importação;2025;Março;Lituânia;4935124
Importação;2025;Março;Luxemburgo;8616604
Importação;2025;Março;Líbano;182194
Importação;2025;Março;Líbia;200364
Importação;2025;Março;Macau;198380
Importação;2025;Março;Macedônia;1708122
Importação;2025;Março;Madagascar;699450
Importação;2025;Março;Malavi;109234
Importação;2025;Março;Mali;11
Importação;2025;Março;Malta;783126
Importação;2025;Março;Malásia;102397254
Importação;2025;Março;Marianas do Norte, Ilhas;63
Importação;2025;Março;Marrocos;77657260
Importação;2025;Março;Marshall, Ilhas;625
Importação;2025;Março;Maurício;149067
Importação;2025;Março;Mianmar;634522
Importação;2025;Março;Moldávia;205179
Importação;2025;Março;Mongólia;7743
Importação;2025;Março;Montenegro;1781
Importação;2025;Março;Moçambique;38249
Importação;2025;Março;México;378820237
Importação;2025;Março;Mônaco;235143
Importação;2025;Março;Nepal;19890
Importação;2025;Março;Nicarágua;749585
Importação;2025;Março;Nigéria;93150456
Importação;2025;Março;Noruega;55776
Importação;2025;Março;Nova Zelândia;4557151
Importação;2025;Março;Omã;2998549
Importação;2025;Março;Palestina;2057
Importação;2025;Março;Panamá;804682
Importação;2025;Março;Paquistão;10528847
Importação;2025;Março;Paraguai;261189040
Importação;2025;Março;Países Baixos (Holanda);206842279
Importação;2025;Março;Peru;145643940
Importação;2025;Março;Polinésia Francesa;3720
Importação;2025;Março;Polônia;84631139
Importação;2025;Março;Porto Rico;63375412
Importação;2025;Março;Portugal;93283828
Importação;2025;Março;Quênia;1815
Importação;2025;Março;Reino Unido;249840858
Importação;2025;Março;República Centro-Africana;194
Importação;2025;Março;República Dominicana;2361575
Importação;2025;Março;Romênia;38403965
Importação;2025;Março;Ruanda;1176
Importação;2025;Março;Rússia;918825822
Importação;2025;Março;Samoa;3956
Importação;2025;Março;Samoa Americana;24574
Importação;2025;Março;San Marino;636613
Importação;2025;Março;Seicheles;76606
Importação;2025;Março;Senegal;478515
Importação;2025;Março;Serra Leoa;7575
Importação;2025;Março;Singapura;69866879
Importação;2025;Março;Somália;1387
Importação;2025;Março;Sri Lanka;8194594
Importação;2025;Março;Suazilândia;1570
Importação;2025;Março;Sudão;777
Importação;2025;Março;Suriname;64
Importação;2025;Março;Suécia;213639449
Importação;2025;Março;Suíça;224851186
Importação;2025;Março;São Cristóvão e Névis;4066
Importação;2025;Março;Sérvia;3752441
Importação;2025;Março;Síria;136200
Importação;2025;Março;Tadjiquistão;3561
Importação;2025;Março;Tailândia;205287278
Importação;2025;Março;Taiwan (Formosa);197569877
Importação;2025;Março;Tanzânia;197541
Importação;2025;Março;Tcheca, República;73482885
Importação;2025;Março;Terras Austrais Francesas;38
Importação;2025;Março;Timor Leste;337
Importação;2025;Março;Trinidad e Tobago;55989811
Importação;2025;Março;Tunísia;6490420
Importação;2025;Março;Turcas e Caicos, Ilhas;184
Importação;2025;Março;Turcomenistão;3706
Importação;2025;Março;Turquia;1086345
Importação;2025;Março;Ucrânia;10861596
Importação;2025;Março;Uganda;1541
Importação;2025;Março;Uruguai;175691890
Importação;2025;Março;Uzbequistão;3763119
Importação;2025;Março;Vanuatu;5689
Importação;2025;Março;Vaticano;3483
Importação;2025;Março;Venezuela;31042073
Importação;2025;Março;Vietnã;271875307
Importação;2025;Março;Virgens, Ilhas (Americanas);9448
Importação;2025;Março;Virgens, Ilhas (Britânicas);106854
Importação;2025;Março;Zimbábue;10427
Importação;2025;Março;Zâmbia;28049
Importação;2025;Março;África do Sul;34683432
Importação;2025;Março;Áustria;107991
Importação;2025;Março;Índia;576243106
Importação;2025;Abril;Afeganistão;64866
Importação;2025;Abril;Aland, Ilhas;21
Importação;2025;Abril;Albânia;357263
Importação;2025;Abril;Alemanha;1126940066
Importação;2025;Abril;Andorra;4
Importação;2025;Abril;Angola;38958
Importação;2025;Abril;Anguilla;9419
Importação;2025;Abril;Argentina;971661832
Importação;2025;Abril;Argélia;55288
Importação;2025;Abril;Armênia;716121
Importação;2025;Abril;Aruba;180
Importação;2025;Abril;Arábia Saudita;225082956
Importação;2025;Abril;Austrália;123162546
Importação;2025;Abril;Bahamas;7918630
Importação;2025;Abril;Bangladesh;26640416
Importação;2025;Abril;Barein;8223268
Importação;2025;Abril;Belarus;185700
Importação;2025;Abril;Belize;8965
Importação;2025;Abril;Benin;105041
Importação;2025;Abril;Bolívia;1288153
Importação;2025;Abril;Botsuana;56
Importação;2025;Abril;Brasil;35979523
Importação;2025;Abril;Bulgária;9905
Importação;2025;Abril;Burkina Faso;21
Importação;2025;Abril;Butão;50356
Importação;2025;Abril;Bélgica;188819716
Importação;2025;Abril;Bósnia-Herzegovina;629263
Importação;2025;Abril;Camarões;1708837
Importação;2025;Abril;Camboja;14437489
Importação;2025;Abril;Canadá;224858351
Importação;2025;Abril;Catar;74903593
Importação;2025;Abril;Cayman, Ilhas;2819
Importação;2025;Abril;Cazaquistão;15613770
Importação;2025;Abril;Chile;385724589
Importação;2025;Abril;China;5691857
Importação;2025;Abril;Chipre;504597
Importação;2025;Abril;Cocos (Keeling), Ilhas;30871
Importação;2025;Abril;Colômbia;134037378
Importação;2025;Abril;Comores;207
Importação;2025;Abril;Congo;186
Importação;2025;Abril;Congo, República Democrática;8934355
Importação;2025;Abril;Coreia do Norte;88
Importação;2025;Abril;Coreia do Sul;402093588
Importação;2025;Abril;Costa Rica;13366935
Importação;2025;Abril;Costa do Marfim;112020034
Importação;2025;Abril;Coveite (Kuweit);163
Importação;2025;Abril;Croácia;1787592
Importação;2025;Abril;Cuba;322509
Importação;2025;Abril;Curaçao;7734
Importação;2025;Abril;Dinamarca;210338286
Importação;2025;Abril;Dominica;2311
Importação;2025;Abril;Egito;172531962
Importação;2025;Abril;El Salvador;874919
Importação;2025;Abril;Emirados Árabes Unidos;10472406
Importação;2025;Abril;Equador;9180342
Importação;2025;Abril;Eritreia;27827
Importação;2025;Abril;Eslováquia;37722745
Importação;2025;Abril;Eslovênia;19529162
Importação;2025;Abril;Espanha;275655141
Importação;2025;Abril;Estados Unidos;3779619596
Importação;2025;Abril;Estônia;5124222
Importação;2025;Abril;Etiópia;4305
Importação;2025;Abril;Falkland (Malvinas);14
Importação;2025;Abril;Faroe, Ilhas;278
Importação;2025;Abril;Filipinas;27769955
Importação;2025;Abril;Finlândia;107235526
Importação;2025;Abril;França;522740836
Importação;2025;Abril;Gana;72623228
Importação;2025;Abril;Geórgia;554720
Importação;2025;Abril;Gibraltar;42
Importação;2025;Abril;Grécia;3535086
Importação;2025;Abril;Guatemala;9173266
Importação;2025;Abril;Guernsey;9994
Importação;2025;Abril;Guiana;144953191
Importação;2025;Abril;Guiné;100
Importação;2025;Abril;Gâmbia;1221
Importação;2025;Abril;Haiti;13458
Importação;2025;Abril;Honduras;1661654
Importação;2025;Abril;Hong Kong;82932377
Importação;2025;Abril;Hungria;42520
Importação;2025;Abril;Indonésia;228983171
Importação;2025;Abril;Iraque;1666
Importação;2025;Abril;Irlanda;199517481
Importação;2025;Abril;Irã;21944073
Importação;2025;Abril;Islândia;666299
Importação;2025;Abril;Israel;133870524
Importação;2025;Abril;Itália;608341682
Importação;2025;Abril;Iêmen;47
Importação;2025;Abril;Japão;540514022
Importação;2025;Abril;Jordânia;245308
Importação;2025;Abril;Laos;846173
Importação;2025;Abril;Letônia;2830052
Importação;2025;Abril;Liechtenstein;911910
Importação;2025;Abril;Lituânia;3231
Importação;2025;Abril;Luxemburgo;4667800
Importação;2025;Abril;Líbano;16959
Importação;2025;Abril;Macau;314868
Importação;2025;Abril;Macedônia;2747
Importação;2025;Abril;Madagascar;842641
Importação;2025;Abril;Malavi;450984
Importação;2025;Abril;Mali;1
Importação;2025;Abril;Malta;726196
Importação;2025;Abril;Malásia;149090961
Importação;2025;Abril;Marianas do Norte, Ilhas;809
Importação;2025;Abril;Marrocos;242336928
Importação;2025;Abril;Marshall, Ilhas;623
Importação;2025;Abril;Mauritânia;1498
Importação;2025;Abril;Maurício;53064
Importação;2025;Abril;Mianmar;496976
Importação;2025;Abril;Micronésia;336
Importação;2025;Abril;Moldávia;1024452
Importação;2025;Abril;Mongólia;172734
Importação;2025;Abril;Montenegro;2295
Importação;2025;Abril;Moçambique;734
Importação;2025;Abril;México;500427982
Importação;2025;Abril;Mônaco;1094934
Importação;2025;Abril;Namíbia;240979
Importação;2025;Abril;Nauru;92
Importação;2025;Abril;Nepal;14755
Importação;2025;Abril;Nicarágua;364402
Importação;2025;Abril;Nigéria;47352209
Importação;2025;Abril;Niue;31554
Importação;2025;Abril;Noruega;46379873
Importação;2025;Abril;Nova Zelândia;3603164
Importação;2025;Abril;Níger;15434
Importação;2025;Abril;Omã;2392909
Importação;2025;Abril;Palestina;62421
Importação;2025;Abril;Panamá;1076992
Importação;2025;Abril;Paquistão;15621230
Importação;2025;Abril;Paraguai;256248512
Importação;2025;Abril;Países Baixos (Holanda);152122571
Importação;2025;Abril;Peru;105539143
Importação;2025;Abril;Pitcairn;357
Importação;2025;Abril;Polinésia Francesa;4725
Importação;2025;Abril;Polônia;86955173
Importação;2025;Abril;Porto Rico;49678875
Importação;2025;Abril;Portugal;93329190
Importação;2025;Abril;Quirguistão;10
Importação;2025;Abril;Quênia;96410
Importação;2025;Abril;Reino Unido;296691500
Importação;2025;Abril;República Centro-Africana;4067
Importação;2025;Abril;República Dominicana;2613816
Importação;2025;Abril;Romênia;28965240
Importação;2025;Abril;Rússia;979742153
Importação;2025;Abril;Samoa;139860
Importação;2025;Abril;Samoa Americana;33546
Importação;2025;Abril;San Marino;893009
Importação;2025;Abril;Seicheles;158570
Importação;2025;Abril;Senegal;645268
Importação;2025;Abril;Serra Leoa;1659
Importação;2025;Abril;Singapura;66148793
Importação;2025;Abril;Somália;304
Importação;2025;Abril;Sri Lanka;6984037
Importação;2025;Abril;Suazilândia;73933
Importação;2025;Abril;Sudão;44949
Importação;2025;Abril;Suriname;4400
Importação;2025;Abril;Suécia;180242931
Importação;2025;Abril;Suíça;311638471
Importação;2025;Abril;São Bartolomeu;366
Importação;2025;Abril;São Cristóvão e Névis;1042
Importação;2025;Abril;Sérvia;4515475
Importação;2025;Abril;Síria;821
Importação;2025;Abril;Tadjiquistão;5029
Importação;2025;Abril;Tailândia;236487250
Importação;2025;Abril;Taiwan (Formosa);226965738
Importação;2025;Abril;Tanzânia;26981
Importação;2025;Abril;Tcheca, República;52277152
Importação;2025;Abril;Terras Austrais Francesas;121
Importação;2025;Abril;Timor Leste;1212
Importação;2025;Abril;Trinidad e Tobago;24109336
Importação;2025;Abril;Tunísia;22142976
Importação;2025;Abril;Turcas e Caicos, Ilhas;6200
Importação;2025;Abril;Turquia;189569
Importação;2025;Abril;Ucrânia;2649043
Importação;2025;Abril;Uruguai;169737366
Importação;2025;Abril;Uzbequistão;1106132
Importação;2025;Abril;Venezuela;31403161
Importação;2025;Abril;Vietnã;318273540
Importação;2025;Abril;Virgens, Ilhas (Britânicas);213806
Importação;2025;Abril;Zimbábue;110219
Importação;2025;Abril;Zâmbia;918
Importação;2025;Abril;África do Sul;62137415
Importação;2025;Abril;Áustria;100227891
Importação;2025;Abril;Índia;631600549
Importação;2025;Maio;Afeganistão;142333
Importação;2025;Maio;Aland, Ilhas;6715
Importação;2025;Maio;Albânia;284216
Importação;2025;Maio;Alemanha;1265216641
Importação;2025;Maio;Andorra;1847
Importação;2025;Maio;Anguilla;8648
Importação;2025;Maio;Antígua e Barbuda;1880
Importação;2025;Maio;Argentina;1162138566
Importação;2025;Maio;Argélia;188965
Importação;2025;Maio;Armênia;22357
Importação;2025;Maio;Aruba;1176
Importação;2025;Maio;Arábia Saudita;336537
Importação;2025;Maio;Austrália;47453999
Importação;2025;Maio;Bahamas;47120215
Importação;2025;Maio;Bancos Centrais;18
Importação;2025;Maio;Bangladesh;14352602
Importação;2025;Maio;Barein;4348442
Importação;2025;Maio;Belarus;1631
Importação;2025;Maio;Belize;10392
Importação;2025;Maio;Benin;30986
Importação;2025;Maio;Bermudas;300
Importação;2025;Maio;Bolívia;99765588
Importação;2025;Maio;Botsuana;49451
Importação;2025;Maio;Brasil;43632739
Importação;2025;Maio;Brunei;15517232
Importação;2025;Maio;Bulgária;8335
Importação;2025;Maio;Burkina Faso;11
Importação;2025;Maio;Butão;24961
Importação;2025;Maio;Bélgica;200929946
Importação;2025;Maio;Bósnia-Herzegovina;1126934
Importação;2025;Maio;Camarões;452486
Importação;2025;Maio;Camboja;13192566
Importação;2025;Maio;Canadá;297895877
Importação;2025;Maio;Catar;15254092
Importação;2025;Maio;Cayman, Ilhas;1229
Importação;2025;Maio;Cazaquistão;27461037
Importação;2025;Maio;Chile;435103295
Importação;2025;Maio;China;5474937525
Importação;2025;Maio;Chipre;322590
Importação;2025;Maio;Cocos (Keeling), Ilhas;47791
Importação;2025;Maio;Colômbia;134660533
Importação;2025;Maio;Comores;2198
Importação;2025;Maio;Congo, República Democrática;69279764
Importação;2025;Maio;Coreia do Norte;494
Importação;2025;Maio;Coreia do Sul;448707083
Importação;2025;Maio;Costa Rica;11180440
Importação;2025;Maio;Costa do Marfim;113126953
Importação;2025;Maio;Coveite (Kuweit);6973133
Importação;2025;Maio;Croácia;1428681
Importação;2025;Maio;Cuba;423293
Importação;2025;Maio;Curaçao;15975
Importação;2025;Maio;Dinamarca;152183421
Importação;2025;Maio;Dominica;12853
Importação;2025;Maio;Egito;109649
Importação;2025;Maio;El Salvador;412807
Importação;2025;Maio;Emirados Árabes Unidos;25542022
Importação;2025;Maio;Equador;10838845
Importação;2025;Maio;Eritreia;9484
Importação;2025;Maio;Eslováquia;41842254
Importação;2025;Maio;Eslovênia;22581053
Importação;2025;Maio;Espanha;316679687
Importação;2025;Maio;Estados Unidos;3609749573
Importação;2025;Maio;Estônia;4892134
Importação;2025;Maio;Etiópia;288060
Importação;2025;Maio;Filipinas;26213293
Importação;2025;Maio;Finlândia;48439106
Importação;2025;Maio;França;625838544
Importação;2025;Maio;Gabão;368
Importação;2025;Maio;Gana;2400981
Importação;2025;Maio;Geórgia;785145
Importação;2025;Maio;Gibraltar;8639
Importação;2025;Maio;Grécia;4081747
Importação;2025;Maio;Guatemala;7820248
Importação;2025;Maio;Guiana;113352
Importação;2025;Maio;Gâmbia;264
Importação;2025;Maio;Haiti;21663
Importação;2025;Maio;Honduras;1121328
Importação;2025;Maio;Hong Kong;60224417
Importação;2025;Maio;Hungria;46024771
Importação;2025;Maio;Ilha de Man;79
Importação;2025;Maio;Indonésia;219841422
Importação;2025;Maio;Irlanda;1523140
Importação;2025;Maio;Irã;1895351
Importação;2025;Maio;Islândia;392284
Importação;2025;Maio;Israel;117565132
Importação;2025;Maio;Itália;609270807
Importação;2025;Maio;Jamaica;45000
Importação;2025;Maio;Japão;584117205
Importação;2025;Maio;Jordânia;10772121
Importação;2025;Maio;Laos;14072595
Importação;2025;Maio;Letônia;2082289
Importação;2025;Maio;Liechtenstein;783239
Importação;2025;Maio;Lituânia;3396131
Importação;2025;Maio;Luxemburgo;7624797
Importação;2025;Maio;Líbano;341279
Importação;2025;Maio;Líbia;183113
Importação;2025;Maio;Macau;240982
Importação;2025;Maio;Macedônia;770376
Importação;2025;Maio;Madagascar;243411
Importação;2025;Maio;Malavi;73076
Importação;2025;Maio;Maldivas;133994
Importação;2025;Maio;Malta;1051038
Importação;2025;Maio;Malásia;106683941
Importação;2025;Maio;Marianas do Norte, Ilhas;1361
Importação;2025;Maio;Marrocos;167472411
Importação;2025;Maio;Marshall, Ilhas;780
Importação;2025;Maio;Maurício;70255
Importação;2025;Maio;Mianmar;1498612
Importação;2025;Maio;Moldávia;803511
Importação;2025;Maio;Mongólia;46533
Importação;2025;Maio;Montenegro;3267
Importação;2025;Maio;Moçambique;124739
Importação;2025;Maio;México;516431490
Importação;2025;Maio;Mônaco;1413824
Importação;2025;Maio;Namíbia;87756
Importação;2025;Maio;Nepal;20620
Importação;2025;Maio;Nicarágua;89366
Importação;2025;Maio;Nigéria;68068940
Importação;2025;Maio;Noruega;50888388
Importação;2025;Maio;Nova Caledônia;2258
Importação;2025;Maio;Nova Zelândia;4599797
Importação;2025;Maio;Não Definido;30537
Importação;2025;Maio;Omã;69735133
Importação;2025;Maio;Panamá;981052
Importação;2025;Maio;Paquistão;13332326
Importação;2025;Maio;Paraguai;267486208
Importação;2025;Maio;Países Baixos (Holanda);156419380
Importação;2025;Maio;Peru;98132819
Importação;2025;Maio;Polinésia Francesa;2480
Importação;2025;Maio;Polônia;87722780
Importação;2025;Maio;Porto Rico;109343281
Importação;2025;Maio;Portugal;100839467
Importação;2025;Maio;Quênia;61091
Importação;2025;Maio;Reino Unido;271576515
Importação;2025;Maio;República Centro-Africana;1831
Importação;2025;Maio;República Dominicana;4109861
Importação;2025;Maio;Romênia;36470841
Importação;2025;Maio;Rússia;923549132
Importação;2025;Maio;Samoa;60080
Importação;2025;Maio;Samoa Americana;2723
Importação;2025;Maio;San Marino;1070024
Importação;2025;Maio;Seicheles;32431
Importação;2025;Maio;Senegal;231469
Importação;2025;Maio;Serra Leoa;3455
Importação;2025;Maio;Singapura;68739617
Importação;2025;Maio;Somália;300
Importação;2025;Maio;Sri Lanka;6862830
Importação;2025;Maio;Suazilândia;25868
Importação;2025;Maio;Sudão;389
Importação;2025;Maio;Suécia;180498316
Importação;2025;Maio;Suíça;218722242
Importação;2025;Maio;São Cristóvão e Névis;153
Importação;2025;Maio;Sérvia;5245341
Importação;2025;Maio;Síria;3874
Importação;2025;Maio;Tadjiquistão;1122
Importação;2025;Maio;Tailândia;227295725
Importação;2025;Maio;Taiwan (Formosa);208510975
Importação;2025;Maio;Tanzânia;320857
Importação;2025;Maio;Tcheca, República;63572028
Importação;2025;Maio;Terras Austrais Francesas;382
Importação;2025;Maio;Trinidad e Tobago;36696741
Importação;2025;Maio;Tunísia;4936233
Importação;2025;Maio;Turcas e Caicos, Ilhas;1920
Importação;2025;Maio;Turcomenistão;499259
Importação;2025;Maio;Turquia;122169038
Importação;2025;Maio;Tuvalu;166403
Importação;2025;Maio;Ucrânia;5351444
Importação;2025;Maio;Uganda;516
Importação;2025;Maio;Uruguai;183311311
Importação;2025;Maio;Uzbequistão;5593582
Importação;2025;Maio;Vaticano;1178
Importação;2025;Maio;Venezuela;18673894
Importação;2025;Maio;Vietnã;3081596
Importação;2025;Maio;Virgens, Ilhas (Americanas);233
Importação;2025;Maio;Virgens, Ilhas (Britânicas);230231
Importação;2025;Maio;África do Sul;63388787
Importação;2025;Maio;Áustria;165764412
Importação;2025;Maio;Índia;584023377
Importação;2025;Junho;Afeganistão;29160
Importação;2025;Junho;Aland, Ilhas;22345
Importação;2025;Junho;Albânia;98508
Importação;2025;Junho;Alemanha;1229492
Importação;2025;Junho;Andorra;18572
Importação;2025;Junho;Angola;66614112
Importação;2025;Junho;Anguilla;4084
Importação;2025;Junho;Argentina;1096774
Importação;2025;Junho;Argélia;100534422
Importação;2025;Junho;Armênia;1957499
Importação;2025;Junho;Aruba;637
Importação;2025;Junho;Arábia Saudita;230604486
Importação;2025;Junho;Austrália;82676530
Importação;2025;Junho;Azerbaijão;177749
Importação;2025;Junho;Bahamas;42742629
Importação;2025;Junho;Bangladesh;19502351
Importação;2025;Junho;Barbados;20220
Importação;2025;Junho;Barein;5247353
Importação;2025;Junho;Belarus;789028
Importação;2025;Junho;Belize;8841
Importação;2025;Junho;Benin;47423
Importação;2025;Junho;Bermudas;218423
Importação;2025;Junho;Bolívia;102915951
Importação;2025;Junho;Botsuana;76587
Importação;2025;Junho;Brasil;62704756
Importação;2025;Junho;Brunei;3675531
Importação;2025;Junho;Bulgária;7672753
Importação;2025;Junho;Burkina Faso;780
Importação;2025;Junho;Butão;62767
Importação;2025;Junho;Bélgica;164751995
Importação;2025;Junho;Bósnia-Herzegovina;708283
Importação;2025;Junho;Cabo Verde;19
Importação;2025;Junho;Camarões;840960
Importação;2025;Junho;Camboja;8746288
Importação;2025;Junho;Canadá;300988605
Importação;2025;Junho;Catar;27436924
Importação;2025;Junho;Cayman, Ilhas;1479
Importação;2025;Junho;Cazaquistão;2597915
Importação;2025;Junho;Chade;3877
Importação;2025;Junho;Chile;337809966
Importação;2025;Junho;China;6139550947
Importação;2025;Junho;Chipre;119750
Importação;2025;Junho;Cocos (Keeling), Ilhas;6516
Importação;2025;Junho;Colômbia;177622543
Importação;2025;Junho;Comores;36975
Importação;2025;Junho;Congo;1798
Importação;2025;Junho;Congo, República Democrática;18736336
Importação;2025;Junho;Coreia do Norte;512
Importação;2025;Junho;Coreia do Sul;435179828
Importação;2025;Junho;Costa Rica;11235616
Importação;2025;Junho;Costa do Marfim;9930041
Importação;2025;Junho;Coveite (Kuweit);64138
Importação;2025;Junho;Croácia;1440672
Importação;2025;Junho;Cuba;8229
Importação;2025;Junho;Curaçao;32864
Importação;2025;Junho;Dinamarca;133383348
Importação;2025;Junho;Egito;151655586
Importação;2025;Junho;El Salvador;735974
Importação;2025;Junho;Emirados Árabes Unidos;9492726
Importação;2025;Junho;Equador;8803247
Importação;2025;Junho;Eritreia;42352
Importação;2025;Junho;Eslováquia;65336160
Importação;2025;Junho;Eslovênia;13176410
Importação;2025;Junho;Espanha;292121374
Importação;2025;Junho;Estados Unidos;3959052434
Importação;2025;Junho;Estônia;4147636
Importação;2025;Junho;Etiópia;21567
Importação;2025;Junho;Faroe, Ilhas;258
Importação;2025;Junho;Filipinas;28723150
Importação;2025;Junho;Finlândia;92887448
Importação;2025;Junho;França;590354860
Importação;2025;Junho;Gabão;61332927
Importação;2025;Junho;Gana;1031791
Importação;2025;Junho;Geórgia;1177203
Importação;2025;Junho;Grécia;12684907
Importação;2025;Junho;Guadalupe;53
Importação;2025;Junho;Guatemala;4427022
Importação;2025;Junho;Guernsey;66
Importação;2025;Junho;Guiana;69381761
Importação;2025;Junho;Guiné;59
Importação;2025;Junho;Gâmbia;990
Importação;2025;Junho;Haiti;226946
Importação;2025;Junho;Honduras;2541
Importação;2025;Junho;Hong Kong;73634856
Importação;2025;Junho;Hungria;42685005
Importação;2025;Junho;Indonésia;199659804
Importação;2025;Junho;Iraque;235519
Importação;2025;Junho;Irlanda;60542790
Importação;2025;Junho;Irã;2805380
Importação;2025;Junho;Islândia;2300562
Importação;2025;Junho;Israel;106812489
Importação;2025;Junho;Itália;566059859
Importação;2025;Junho;Iêmen;244
Importação;2025;Junho;Jamaica;7858
Importação;2025;Junho;Japão;517151097
Importação;2025;Junho;Jersey;155
Importação;2025;Junho;Jordânia;10561725
Importação;2025;Junho;Laos;709136
Importação;2025;Junho;Letônia;2400560
Importação;2025;Junho;Libéria;646
Importação;2025;Junho;Liechtenstein;681472
Importação;2025;Junho;Lituânia;31259190
Importação;2025;Junho;Luxemburgo;4638527
Importação;2025;Junho;Líbano;286351
Importação;2025;Junho;Líbia;181049
Importação;2025;Junho;Macau;203641
Importação;2025;Junho;Macedônia;1559204
Importação;2025;Junho;Madagascar;270661
Importação;2025;Junho;Malavi;82621
Importação;2025;Junho;Maldivas;47292
Importação;2025;Junho;Mali;433
Importação;2025;Junho;Malta;1296867
Importação;2025;Junho;Malásia;119728278
Importação;2025;Junho;Marianas do Norte, Ilhas;1033
Importação;2025;Junho;Marrocos;168821134
Importação;2025;Junho;Marshall, Ilhas;360
Importação;2025;Junho;Maurício;271949
Importação;2025;Junho;Mianmar;1337970
Importação;2025;Junho;Micronésia;3279
Importação;2025;Junho;Moldávia;502202
Importação;2025;Junho;Mongólia;19
Importação;2025;Junho;Montenegro;1035
Importação;2025;Junho;Moçambique;1979
Importação;2025;Junho;México;502542657
Importação;2025;Junho;Mônaco;233760
Importação;2025;Junho;Namíbia;334746
Importação;2025;Junho;Nepal;24695
Importação;2025;Junho;Nicarágua;121030
Importação;2025;Junho;Nigéria;95076789
Importação;2025;Junho;Noruega;43076100
Importação;2025;Junho;Nova Caledônia;364
Importação;2025;Junho;Nova Zelândia;9863667
Importação;2025;Junho;Níger;640
Importação;2025;Junho;Omã;38043635
Importação;2025;Junho;Panamá;2765135
Importação;2025;Junho;Papua Nova Guiné;27097
Importação;2025;Junho;Paquistão;13872032
Importação;2025;Junho;Paraguai;272413466
Importação;2025;Junho;Países Baixos (Holanda);132057581
Importação;2025;Junho;Peru;90051664
Importação;2025;Junho;Polinésia Francesa;31
Importação;2025;Junho;Polônia;85111437
Importação;2025;Junho;Porto Rico;92077465
Importação;2025;Junho;Portugal;88259593
Importação;2025;Junho;Quirguistão;912
Importação;2025;Junho;Quênia;164830
Importação;2025;Junho;Reino Unido;266403577
Importação;2025;Junho;República Centro-Africana;1233
Importação;2025;Junho;República Dominicana;3762112
Importação;2025;Junho;Reunião;2
Importação;2025;Junho;Romênia;31905393
Importação;2025;Junho;Rússia;834990783
Importação;2025;Junho;Samoa;41509
Importação;2025;Junho;San Marino;1126947
Importação;2025;Junho;Santa Helena;5
Importação;2025;Junho;Seicheles;14470
Importação;2025;Junho;Senegal;193923
Importação;2025;Junho;Serra Leoa;1328
Importação;2025;Junho;Singapura;76914197
Importação;2025;Junho;Somália;2568
Importação;2025;Junho;Sri Lanka;5470862
Importação;2025;Junho;Suazilândia;84
Importação;2025;Junho;Sudão;1166
Importação;2025;Junho;Suriname;689
Importação;2025;Junho;Suécia;279776922
Importação;2025;Junho;Suíça;236023333
Importação;2025;Junho;Svalbard e Jan Mayen;1850
Importação;2025;Junho;São Cristóvão e Névis;461
Importação;2025;Junho;São Tomé e Príncipe;259
Importação;2025;Junho;Sérvia;4285431
Importação;2025;Junho;Síria;45224
Importação;2025;Junho;Tadjiquistão;202
Importação;2025;Junho;Tailândia;190333385
Importação;2025;Junho;Taiwan (Formosa);195708026
Importação;2025;Junho;Tanzânia;92658
Importação;2025;Junho;Tcheca, República;62737816
Importação;2025;Junho;Terras Austrais Francesas;383
Importação;2025;Junho;Toquelau;2625
Importação;2025;Junho;Trinidad e Tobago;41739848
Importação;2025;Junho;Tunísia;5980456
Importação;2025;Junho;Turcas e Caicos, Ilhas;315
Importação;2025;Junho;Turcomenistão;32843
Importação;2025;Junho;Turquia;115976383
Importação;2025;Junho;Ucrânia;11188331
Importação;2025;Junho;Uganda;193
Importação;2025;Junho;Uruguai;167717867
Importação;2025;Junho;Uzbequistão;2490339
Importação;2025;Junho;Vaticano;1282
Importação;2025;Junho;Venezuela;23049327
Importação;2025;Junho;Vietnã;279026
Importação;2025;Junho;Virgens, Ilhas (Americanas);18798
Importação;2025;Junho;Virgens, Ilhas (Britânicas);428729
Importação;2025;Junho;Zimbábue;26269
Importação;2025;Junho;África do Sul;58955
Importação;2025;Junho;Áustria;136730259
Importação;2025;Junho;Índia;568677032
Importação;2025;Julho;Afeganistão;77219
Importação;2025;Julho;Aland, Ilhas;8856
Importação;2025;Julho;Albânia;268554
Importação;2025;Julho;Alemanha;1324545
Importação;2025;Julho;Andorra;1856
Importação;2025;Julho;Angola;13644
Importação;2025;Julho;Anguilla;3772
Importação;2025;Julho;Argentina;1100
Importação;2025;Julho;Argélia;24047681
Importação;2025;Julho;Armênia;4831625
Importação;2025;Julho;Aruba;1185
Importação;2025;Julho;Arábia Saudita;349657359
Importação;2025;Julho;Austrália;116448675
Importação;2025;Julho;Azerbaijão;3352
Importação;2025;Julho;Bahamas;33038299
Importação;2025;Julho;Bancos Centrais;31
Importação;2025;Julho;Bangladesh;17604393
Importação;2025;Julho;Barbados;14187
Importação;2025;Julho;Barein;8686114
Importação;2025;Julho;Belarus;527807
Importação;2025;Julho;Belize;2646
Importação;2025;Julho;Benin;89304
Importação;2025;Julho;Bermudas;133274
Importação;2025;Julho;Bolívia;105395496
Importação;2025;Julho;Botsuana;8000
Importação;2025;Julho;Brasil;62338337
Importação;2025;Julho;Brunei;1290
Importação;2025;Julho;Bulgária;8417208
Importação;2025;Julho;Burkina Faso;27
Importação;2025;Julho;Butão;43008
Importação;2025;Julho;Bélgica;167173250
Importação;2025;Julho;Bósnia-Herzegovina;1978946
Importação;2025;Julho;Camarões;149129
Importação;2025;Julho;Camboja;14273441
Importação;2025;Julho;Canadá;357736838
Importação;2025;Julho;Catar;42058728
Importação;2025;Julho;Cayman, Ilhas;1634
Importação;2025;Julho;Cazaquistão;12196241
Importação;2025;Julho;Chile;396246342
Importação;2025;Julho;China;5955234374
Importação;2025;Julho;Chipre;165981
Importação;2025;Julho;Cocos (Keeling), Ilhas;8977
Importação;2025;Julho;Colômbia;155367757
Importação;2025;Julho;Congo;15842
Importação;2025;Julho;Congo, República Democrática;6850751
Importação;2025;Julho;Coreia do Norte;47
Importação;2025;Julho;Coreia do Sul;428643875
Importação;2025;Julho;Costa Rica;12288357
Importação;2025;Julho;Costa do Marfim;75799117
Importação;2025;Julho;Coveite (Kuweit);356
Importação;2025;Julho;Croácia;3891548
Importação;2025;Julho;Cuba;371712
Importação;2025;Julho;Curaçao;26938
Importação;2025;Julho;Dinamarca;171411147
Importação;2025;Julho;Egito;158465983
Importação;2025;Julho;El Salvador;679002
Importação;2025;Julho;Emirados Árabes Unidos;10704402
Importação;2025;Julho;Equador;6696992
Importação;2025;Julho;Eritreia;17515
Importação;2025;Julho;Eslováquia;39490310
Importação;2025;Julho;Eslovênia;29456952
Importação;2025;Julho;Espanha;386711990
Importação;2025;Julho;Estados Unidos;4252564086
Importação;2025;Julho;Estônia;6264827
Importação;2025;Julho;Etiópia;127744
Importação;2025;Julho;Filipinas;28655670
Importação;2025;Julho;Finlândia;69981058
Importação;2025;Julho;França;749288498
Importação;2025;Julho;Gabão;48696705
Importação;2025;Julho;Gana;4698404
Importação;2025;Julho;Geórgia;268102
Importação;2025;Julho;Gibraltar;3158
Importação;2025;Julho;Grécia;3133825
Importação;2025;Julho;Guatemala;12242878
Importação;2025;Julho;Guiana;35158
Importação;2025;Julho;Guiana Francesa;252
Importação;2025;Julho;Guiné;509
Importação;2025;Julho;Gâmbia;8881
Importação;2025;Julho;Haiti;15127
Importação;2025;Julho;Honduras;3197378
Importação;2025;Julho;Hong Kong;82448221
Importação;2025;Julho;Hungria;53862197
Importação;2025;Julho;Ilha de Man;19906
Importação;2025;Julho;Indonésia;214577207
Importação;2025;Julho;Irlanda;105434718
Importação;2025;Julho;Irã;1905754
Importação;2025;Julho;Islândia;748457
Importação;2025;Julho;Israel;134002
Importação;2025;Julho;Itália;659232529
Importação;2025;Julho;Iêmen;412
Importação;2025;Julho;Jamaica;4334
Importação;2025;Julho;Japão;522834775
Importação;2025;Julho;Jordânia;4430238
Importação;2025;Julho;Laos;341452
Importação;2025;Julho;Lesoto;3643
Importação;2025;Julho;Letônia;3145937
Importação;2025;Julho;Liechtenstein;529313
Importação;2025;Julho;Lituânia;4029769
Importação;2025;Julho;Luxemburgo;4712488
Importação;2025;Julho;Líbano;9341329
Importação;2025;Julho;Líbia;48867
Importação;2025;Julho;Macau;66069
Importação;2025;Julho;Macedônia;3294357
Importação;2025;Julho;Madagascar;773702
Importação;2025;Julho;Malavi;209968
Importação;2025;Julho;Maldivas;78820
Importação;2025;Julho;Malta;1059405
Importação;2025;Julho;Malásia;154028973
Importação;2025;Julho;Marrocos;165285920
Importação;2025;Julho;Marshall, Ilhas;154398
Importação;2025;Julho;Mauritânia;65
Importação;2025;Julho;Maurício;11485
Importação;2025;Julho;Mianmar;1458449
Importação;2025;Julho;Moldávia;504786
Importação;2025;Julho;Mongólia;160591
Importação;2025;Julho;Montenegro;1026
Importação;2025;Julho;Moçambique;45633
Importação;2025;Julho;México;564076883
Importação;2025;Julho;Mônaco;1093965
Importação;2025;Julho;Namíbia;114105
Importação;2025;Julho;Nauru;515
Importação;2025;Julho;Nepal;12313
Importação;2025;Julho;Nicarágua;196996
Importação;2025;Julho;Nigéria;92735530
Importação;2025;Julho;Norfolk, Ilha;246
Importação;2025;Julho;Noruega;75783082
Importação;2025;Julho;Nova Caledônia;6936
Importação;2025;Julho;Nova Zelândia;8223614
Importação;2025;Julho;Não Definido;24464700
Importação;2025;Julho;Omã;56354630
Importação;2025;Julho;Panamá;878475
Importação;2025;Julho;Paquistão;12487264
Importação;2025;Julho;Paraguai;315031404
Importação;2025;Julho;Países Baixos (Holanda);199299246
Importação;2025;Julho;Peru;131309315
Importação;2025;Julho;Pitcairn;1243
Importação;2025;Julho;Polônia;104372728
Importação;2025;Julho;Porto Rico;64786338
Importação;2025;Julho;Portugal;111187597
Importação;2025;Julho;Quirguistão;605
Importação;2025;Julho;Quênia;227042
Importação;2025;Julho;Reino Unido;407817445
Importação;2025;Julho;República Dominicana;4726683
Importação;2025;Julho;Romênia;36374195
Importação;2025;Julho;Rússia;1049105652
Importação;2025;Julho;Samoa;103649
Importação;2025;Julho;Samoa Americana;93355
Importação;2025;Julho;San Marino;2132079
Importação;2025;Julho;Santa Helena;177
Importação;2025;Julho;Seicheles;50262
Importação;2025;Julho;Senegal;361006
Importação;2025;Julho;Serra Leoa;13323
Importação;2025;Julho;Singapura;200784461
Importação;2025;Julho;Somália;446
Importação;2025;Julho;Sri Lanka;6063979
Importação;2025;Julho;Suazilândia;1241
Importação;2025;Julho;Suriname;690
Importação;2025;Julho;Suécia;245088597
Importação;2025;Julho;Suíça;382434825
Importação;2025;Julho;São Cristóvão e Névis;2996
Importação;2025;Julho;Sérvia;4888169
Importação;2025;Julho;Síria;49766
Importação;2025;Julho;Tailândia;227363216
Importação;2025;Julho;Taiwan (Formosa);222967
Importação;2025;Julho;Tanzânia;16230
Importação;2025;Julho;Tcheca, República;78514541
Importação;2025;Julho;Toquelau;13
Importação;2025;Julho;Trinidad e Tobago;29278909
Importação;2025;Julho;Tunísia;7171021
Importação;2025;Julho;Turcomenistão;18505276
Importação;2025;Julho;Turquia;123352772
Importação;2025;Julho;Ucrânia;7289005
Importação;2025;Julho;Uganda;40957
Importação;2025;Julho;Uruguai;169291
Importação;2025;Julho;Uzbequistão;7107
Importação;2025;Julho;Vaticano;1828
Importação;2025;Julho;Venezuela;14949698
Importação;2025;Julho;Vietnã;305581303
Importação;2025;Julho;Virgens, Ilhas (Americanas);2798
Importação;2025;Julho;Virgens, Ilhas (Britânicas);320415
Importação;2025;Julho;Zimbábue;605182
Importação;2025;Julho;África do Sul;67774337
Importação;2025;Julho;Áustria;141275505
Importação;2025;Julho;Índia;724946912
Importação;2025;Agosto;Afeganistão;318
Importação;2025;Agosto;Aland, Ilhas;11977
Importação;2025;Agosto;Albânia;144214
Importação;2025;Agosto;Alemanha;1205721560
Importação;2025;Agosto;Andorra;2208
Importação;2025;Agosto;Angola;68821186
Importação;2025;Agosto;Anguilla;28126
Importação;2025;Agosto;Argentina;1027492921
Importação;2025;Agosto;Argélia;224195866
Importação;2025;Agosto;Armênia;3609279
Importação;2025;Agosto;Aruba;106
Importação;2025;Agosto;Arábia Saudita;280892557
Importação;2025;Agosto;Austrália;45330488
Importação;2025;Agosto;Bangladesh;16271471
Importação;2025;Agosto;Barbados;24640
Importação;2025;Agosto;Barein;20650778
Importação;2025;Agosto;Belarus;3009682
Importação;2025;Agosto;Belize;4359
Importação;2025;Agosto;Benin;21774
Importação;2025;Agosto;Bermudas;85045
Importação;2025;Agosto;Bolívia;110881743
Importação;2025;Agosto;Botsuana;45804
Importação;2025;Agosto;Brasil;45710959
Importação;2025;Agosto;Bulgária;6700627
Importação;2025;Agosto;Burkina Faso;1027
Importação;2025;Agosto;Butão;67768
Importação;2025;Agosto;Bélgica;173640341
Importação;2025;Agosto;Bósnia-Herzegovina;1237078
Importação;2025;Agosto;Camarões;355
Importação;2025;Agosto;Camboja;12765356
Importação;2025;Agosto;Canadá;362081510
Importação;2025;Agosto;Catar;39302891
Importação;2025;Agosto;Cayman, Ilhas;1135
Importação;2025;Agosto;Cazaquistão;29313987
Importação;2025;Agosto;Chade;19562
Importação;2025;Agosto;Chile;387814565
Importação;2025;Agosto;China;5449434758
Importação;2025;Agosto;Chipre;443970
Importação;2025;Agosto;Christmas (Navidad), Ilha;42
Importação;2025;Agosto;Cocos (Keeling), Ilhas;2088
Importação;2025;Agosto;Colômbia;173625
Importação;2025;Agosto;Comores;1517
Importação;2025;Agosto;Congo;6298
Importação;2025;Agosto;Congo, República Democrática;14950284
Importação;2025;Agosto;Coreia do Sul;4439677
Importação;2025;Agosto;Costa Rica;14828969
Importação;2025;Agosto;Costa do Marfim;10493793
Importação;2025;Agosto;Coveite (Kuweit);189
Importação;2025;Agosto;Croácia;2165616
Importação;2025;Agosto;Cuba;330352
Importação;2025;Agosto;Curaçao;20249
Importação;2025;Agosto;Dinamarca;130335303
Importação;2025;Agosto;Dominica;840
Importação;2025;Agosto;Egito;106170397
Importação;2025;Agosto;El Salvador;939800
Importação;2025;Agosto;Emirados Árabes Unidos;17696039
Importação;2025;Agosto;Equador;9814449
Importação;2025;Agosto;Eritreia;23074
Importação;2025;Agosto;Eslováquia;37917982
Importação;2025;Agosto;Eslovênia;11177115
Importação;2025;Agosto;Espanha;337190573
Importação;2025;Agosto;Estados Unidos;3969672878
Importação;2025;Agosto;Estônia;5317066
Importação;2025;Agosto;Etiópia;112291
Importação;2025;Agosto;Filipinas;25023159
Importação;2025;Agosto;Finlândia;50226862
Importação;2025;Agosto;França;572250296
Importação;2025;Agosto;Gabão;206039
Importação;2025;Agosto;Gana;497
Importação;2025;Agosto;Geórgia;375469
Importação;2025;Agosto;Grécia;5222694
Importação;2025;Agosto;Guatemala;9220268
Importação;2025;Agosto;Guernsey;108
Importação;2025;Agosto;Guiana;71657872
Importação;2025;Agosto;Guiné Equatorial;37347241
Importação;2025;Agosto;Guiné-Bissau;691
Importação;2025;Agosto;Gâmbia;168
Importação;2025;Agosto;Haiti;40
Importação;2025;Agosto;Honduras;1558874
Importação;2025;Agosto;Hong Kong;76480518
Importação;2025;Agosto;Hungria;41077173
Importação;2025;Agosto;Indonésia;192854090
Importação;2025;Agosto;Iraque;915336
Importação;2025;Agosto;Irlanda;89081298
Importação;2025;Agosto;Irã;1353900
Importação;2025;Agosto;Islândia;998340
Importação;2025;Agosto;Israel;106023074
Importação;2025;Agosto;Itália;596216569
Importação;2025;Agosto;Iêmen;3843
Importação;2025;Agosto;Jamaica;2087
Importação;2025;Agosto;Japão;527392896
Importação;2025;Agosto;Jordânia;16129775
Importação;2025;Agosto;Laos;1297879
Importação;2025;Agosto;Letônia;3749198
Importação;2025;Agosto;Libéria;51594
Importação;2025;Agosto;Liechtenstein;738631
Importação;2025;Agosto;Lituânia;4503280
Importação;2025;Agosto;Luxemburgo;9659837
Importação;2025;Agosto;Líbano;13784560
Importação;2025;Agosto;Macau;287756
Importação;2025;Agosto;Macedônia;3392512
Importação;2025;Agosto;Madagascar;207750
Importação;2025;Agosto;Malavi;574
Importação;2025;Agosto;Maldivas;78820
Importação;2025;Agosto;Mali;2420
Importação;2025;Agosto;Malta;1221292
Importação;2025;Agosto;Malásia;132724115
Importação;2025;Agosto;Marianas do Norte, Ilhas;111
Importação;2025;Agosto;Marrocos;158883693
Importação;2025;Agosto;Mauritânia;20
Importação;2025;Agosto;Maurício;158662
Importação;2025;Agosto;Mayotte;51175
Importação;2025;Agosto;Mianmar;889091
Importação;2025;Agosto;Moldávia;909741
Importação;2025;Agosto;Mongólia;62116
Importação;2025;Agosto;Montenegro;11438
Importação;2025;Agosto;Moçambique;88288
Importação;2025;Agosto;México;507477504
Importação;2025;Agosto;Mônaco;1529500
Importação;2025;Agosto;Namíbia;426542
Importação;2025;Agosto;Nauru;4137
Importação;2025;Agosto;Nepal;9862
Importação;2025;Agosto;Nicarágua;67712
Importação;2025;Agosto;Nigéria;292995909
Importação;2025;Agosto;Noruega;74688529
Importação;2025;Agosto;Nova Caledônia;2382
Importação;2025;Agosto;Nova Zelândia;5175240
Importação;2025;Agosto;Não Definido;5695758
Importação;2025;Agosto;Omã;50173
Importação;2025;Agosto;Palestina;1398
Importação;2025;Agosto;Panamá;1132220
Importação;2025;Agosto;Paquistão;14893298
Importação;2025;Agosto;Paraguai;297556483
Importação;2025;Agosto;Países Baixos (Holanda);256531570
Importação;2025;Agosto;Peru;130376193
Importação;2025;Agosto;Pitcairn;37
Importação;2025;Agosto;Polinésia Francesa;754
Importação;2025;Agosto;Polônia;89551091
Importação;2025;Agosto;Porto Rico;44864903
Importação;2025;Agosto;Portugal;115528825
Importação;2025;Agosto;Quirguistão;1145588
Importação;2025;Agosto;Quênia;191396
Importação;2025;Agosto;Reino Unido;411423999
Importação;2025;Agosto;República Centro-Africana;3210
Importação;2025;Agosto;República Dominicana;4115878
Importação;2025;Agosto;Reunião;198
Importação;2025;Agosto;Romênia;39712
Importação;2025;Agosto;Rússia;894537813
Importação;2025;Agosto;Saara Ocidental;118
Importação;2025;Agosto;Samoa;3193
Importação;2025;Agosto;Samoa Americana;34034
Importação;2025;Agosto;San Marino;729899
Importação;2025;Agosto;Seicheles;94571
Importação;2025;Agosto;Senegal;17785
Importação;2025;Agosto;Serra Leoa;23420
Importação;2025;Agosto;Singapura;48096404
Importação;2025;Agosto;Somália;287
Importação;2025;Agosto;Sri Lanka;7790855
Importação;2025;Agosto;Suazilândia;8955
Importação;2025;Agosto;Sudão;389
Importação;2025;Agosto;Sudão do Sul;612
Importação;2025;Agosto;Suécia;225443533
Importação;2025;Agosto;Suíça;333039231
Importação;2025;Agosto;Svalbard e Jan Mayen;303
Importação;2025;Agosto;São Cristóvão e Névis;1275
Importação;2025;Agosto;Sérvia;4759266
Importação;2025;Agosto;Síria;62
Importação;2025;Agosto;Tailândia;205107387
Importação;2025;Agosto;Taiwan (Formosa);193925978
Importação;2025;Agosto;Tanzânia;1444
Importação;2025;Agosto;Tcheca, República;73161064
Importação;2025;Agosto;Terras Austrais Francesas;1252
Importação;2025;Agosto;Território Britânico do Oceano Índico;38
Importação;2025;Agosto;Toquelau;228
Importação;2025;Agosto;Trinidad e Tobago;51767708
Importação;2025;Agosto;Tunísia;6530568
Importação;2025;Agosto;Turcomenistão;245338
Importação;2025;Agosto;Turquia;119578422
Importação;2025;Agosto;Ucrânia;3971168
Importação;2025;Agosto;Uganda;12494
Importação;2025;Agosto;Uruguai;166304117
Importação;2025;Agosto;Uzbequistão;20898799
Importação;2025;Agosto;Vaticano;908
Importação;2025;Agosto;Venezuela;39205995
Importação;2025;Agosto;Vietnã;320296294
Importação;2025;Agosto;Virgens, Ilhas (Americanas);271
Importação;2025;Agosto;Virgens, Ilhas (Britânicas);188081
Importação;2025;Agosto;Zimbábue;122798
Importação;2025;Agosto;Zâmbia;30261
Importação;2025;Agosto;África do Sul;80957733
Importação;2025;Agosto;Áustria;143900860
Importação;2025;Agosto;Índia;739833105
Importação;2025;Setembro;Afeganistão;112945
Importação;2025;Setembro;Aland, Ilhas;37312
Importação;2025;Setembro;Albânia;72899
Importação;2025;Setembro;Alemanha;1336233
Importação;2025;Setembro;Andorra;548
Importação;2025;Setembro;Angola;23006213
Importação;2025;Setembro;Anguilla;1670
Importação;2025;Setembro;Antártica;7327
Importação;2025;Setembro;Argentina;1235179054
Importação;2025;Setembro;Argélia;41766227
Importação;2025;Setembro;Armênia;2008571
Importação;2025;Setembro;Aruba;37245
Importação;2025;Setembro;Arábia Saudita;474289481
Importação;2025;Setembro;Austrália;90639952
Importação;2025;Setembro;Azerbaijão;14900
Importação;2025;Setembro;Bahamas;34
Importação;2025;Setembro;Bangladesh;21091
Importação;2025;Setembro;Barein;3467902
Importação;2025;Setembro;Belarus;30902
Importação;2025;Setembro;Belize;12005
Importação;2025;Setembro;Benin;307
Importação;2025;Setembro;Bermudas;117868
Importação;2025;Setembro;Bolívia;96555948
Importação;2025;Setembro;Botsuana;38352
Importação;2025;Setembro;Bouvet, Ilha;124
Importação;2025;Setembro;Brasil;44209043
Importação;2025;Setembro;Bulgária;9103883
Importação;2025;Setembro;Butão;67668
Importação;2025;Setembro;Bélgica;215097023
Importação;2025;Setembro;Bósnia-Herzegovina;675979
Importação;2025;Setembro;Camarões;947
Importação;2025;Setembro;Camboja;17129742
Importação;2025;Setembro;Canadá;274026228
Importação;2025;Setembro;Catar;85043894
Importação;2025;Setembro;Cayman, Ilhas;1235
Importação;2025;Setembro;Cazaquistão;7673838
Importação;2025;Setembro;Chade;9802
Importação;2025;Setembro;Chile;387917581
Importação;2025;Setembro;China;6272900680
Importação;2025;Setembro;Chipre;113202
Importação;2025;Setembro;Christmas (Navidad), Ilha;72190
Importação;2025;Setembro;Cocos (Keeling), Ilhas;1488
Importação;2025;Setembro;Colômbia;193824309
Importação;2025;Setembro;Comores;3289
Importação;2025;Setembro;Congo, República Democrática;4387115
Importação;2025;Setembro;Coreia do Norte;118910
Importação;2025;Setembro;Coreia do Sul;445657721
Importação;2025;Setembro;Costa Rica;13839704
Importação;2025;Setembro;Costa do Marfim;9021777
Importação;2025;Setembro;Coveite (Kuweit);5473
Importação;2025;Setembro;Croácia;1971937
Importação;2025;Setembro;Cuba;251070
Importação;2025;Setembro;Curaçao;5997
Importação;2025;Setembro;Dinamarca;121994421
Importação;2025;Setembro;Egito;119344000
Importação;2025;Setembro;El Salvador;1291062
Importação;2025;Setembro;Emirados Árabes Unidos;21088592
Importação;2025;Setembro;Equador;8754427
Importação;2025;Setembro;Eritreia;77025
Importação;2025;Setembro;Eslováquia;34355804
Importação;2025;Setembro;Eslovênia;29404855
Importação;2025;Setembro;Espanha;292650071
Importação;2025;Setembro;Estados Unidos;4335296605
Importação;2025;Setembro;Estônia;4485299
Importação;2025;Setembro;Etiópia;415991
Importação;2025;Setembro;Filipinas;33215907
Importação;2025;Setembro;Finlândia;62343950
Importação;2025;Setembro;França;698733446
Importação;2025;Setembro;Gabão;44405265
Importação;2025;Setembro;Gana;73057903
Importação;2025;Setembro;Geórgia;197463
Importação;2025;Setembro;Geórgia do Sul e Sandwich do Sul, Ilhas;4198
Importação;2025;Setembro;Gibraltar;614
Importação;2025;Setembro;Grécia;3141730
Importação;2025;Setembro;Guatemala;6560527
Importação;2025;Setembro;Guiana;67558
Importação;2025;Setembro;Guiné Equatorial;5
Importação;2025;Setembro;Gâmbia;602
Importação;2025;Setembro;Haiti;107833
Importação;2025;Setembro;Honduras;3429787
Importação;2025;Setembro;Hong Kong;80582092
Importação;2025;Setembro;Hungria;49383570
Importação;2025;Setembro;Indonésia;193953855
Importação;2025;Setembro;Iraque;44658
Importação;2025;Setembro;Irlanda;169724674
Importação;2025;Setembro;Irã;23687652
Importação;2025;Setembro;Islândia;1061774
Importação;2025;Setembro;Israel;139984470
Importação;2025;Setembro;Itália;567645883
Importação;2025;Setembro;Jamaica;10836
Importação;2025;Setembro;Japão;545270421
Importação;2025;Setembro;Jordânia;13288396
Importação;2025;Setembro;Laos;759220
Importação;2025;Setembro;Letônia;3000900
Importação;2025;Setembro;Libéria;2079
Importação;2025;Setembro;Liechtenstein;656851
Importação;2025;Setembro;Lituânia;4412228
Importação;2025;Setembro;Luxemburgo;3351865
Importação;2025;Setembro;Líbano;361712
Importação;2025;Setembro;Líbia;381288
Importação;2025;Setembro;Macau;121739
Importação;2025;Setembro;Macedônia;3607
Importação;2025;Setembro;Madagascar;275305
Importação;2025;Setembro;Malavi;120028
Importação;2025;Setembro;Maldivas;55174
Importação;2025;Setembro;Malta;1350008
Importação;2025;Setembro;Malásia;140507602
Importação;2025;Setembro;Marrocos;105187782
Importação;2025;Setembro;Marshall, Ilhas;93984
Importação;2025;Setembro;Maurício;53255
Importação;2025;Setembro;Mianmar;713762
Importação;2025;Setembro;Moldávia;556757
Importação;2025;Setembro;Mongólia;62556
Importação;2025;Setembro;Montenegro;69968
Importação;2025;Setembro;México;549645409
Importação;2025;Setembro;Mônaco;822522
Importação;2025;Setembro;Namíbia;3731
Importação;2025;Setembro;Nepal;16734
Importação;2025;Setembro;Nicarágua;99079
Importação;2025;Setembro;Nigéria;55146596
Importação;2025;Setembro;Norfolk, Ilha;373
Importação;2025;Setembro;Noruega;558631
Importação;2025;Setembro;Nova Caledônia;18670
Importação;2025;Setembro;Nova Zelândia;8688219
Importação;2025;Setembro;Não Definido;1465
Importação;2025;Setembro;Níger;4
Importação;2025;Setembro;Omã;106856
Importação;2025;Setembro;Pacífico, Ilhas do (EUA);1167
Importação;2025;Setembro;Palestina;2667
Importação;2025;Setembro;Panamá;1999297
Importação;2025;Setembro;Paquistão;15912588
Importação;2025;Setembro;Paraguai;332223714
Importação;2025;Setembro;Países Baixos (Holanda);192338078
Importação;2025;Setembro;Peru;110818281
Importação;2025;Setembro;Polinésia Francesa;3924
Importação;2025;Setembro;Polônia;98782168
Importação;2025;Setembro;Porto Rico;94078724
Importação;2025;Setembro;Portugal;132573818
Importação;2025;Setembro;Quirguistão;1924240
Importação;2025;Setembro;Quênia;204267
Importação;2025;Setembro;Reino Unido;353808464
Importação;2025;Setembro;República Centro-Africana;38456
Importação;2025;Setembro;República Dominicana;9162395
Importação;2025;Setembro;Reunião;6819
Importação;2025;Setembro;Romênia;49069912
Importação;2025;Setembro;Rússia;650021998
Importação;2025;Setembro;Samoa;30469
Importação;2025;Setembro;Samoa Americana;23611
Importação;2025;Setembro;San Marino;1411075
Importação;2025;Setembro;Seicheles;73951
Importação;2025;Setembro;Senegal;291849
Importação;2025;Setembro;Serra Leoa;15498
Importação;2025;Setembro;Singapura;2417062284
Importação;2025;Setembro;Sint Maarten;89
Importação;2025;Setembro;Somália;11
Importação;2025;Setembro;Sri Lanka;8769548
Importação;2025;Setembro;Suazilândia;3051
Importação;2025;Setembro;Sudão;1555
Importação;2025;Setembro;Suécia;170229728
Importação;2025;Setembro;Suíça;264142486
Importação;2025;Setembro;São Cristóvão e Névis;582
Importação;2025;Setembro;Sérvia;5595635
Importação;2025;Setembro;Síria;58268
Importação;2025;Setembro;Tadjiquistão;272
Importação;2025;Setembro;Tailândia;224507274
Importação;2025;Setembro;Taiwan (Formosa);231110385
Importação;2025;Setembro;Tcheca, República;69443383
Importação;2025;Setembro;Terras Austrais Francesas;666
Importação;2025;Setembro;Território Britânico do Oceano Índico;793
Importação;2025;Setembro;Trinidad e Tobago;27508046
Importação;2025;Setembro;Tunísia;7072211
Importação;2025;Setembro;Turcas e Caicos, Ilhas;28457
Importação;2025;Setembro;Turcomenistão;26547056
Importação;2025;Setembro;Turquia;140300083
Importação;2025;Setembro;Tuvalu;93
Importação;2025;Setembro;Ucrânia;9927238
Importação;2025;Setembro;Uruguai;150708035
Importação;2025;Setembro;Uzbequistão;2356558
Importação;2025;Setembro;Vanuatu;292
Importação;2025;Setembro;Vaticano;159
Importação;2025;Setembro;Venezuela;37589556
Importação;2025;Setembro;Vietnã;341524527
Importação;2025;Setembro;Virgens, Ilhas (Britânicas);18227
Importação;2025;Setembro;Zimbábue;33111
Importação;2025;Setembro;Zâmbia;4089
Importação;2025;Setembro;África do Sul;84422693
Importação;2025;Setembro;Áustria;126567481
Importação;2025;Setembro;Índia;864276282
Importação;2025;Outubro;Afeganistão;73604
Importação;2025;Outubro;Aland, Ilhas;626
Importação;2025;Outubro;Albânia;262068
Importação;2025;Outubro;Alemanha;1250050086
Importação;2025;Outubro;Angola;65602906
Importação;2025;Outubro;Anguilla;5271
Importação;2025;Outubro;Antártica;2335
Importação;2025;Outubro;Antígua e Barbuda;550
Importação;2025;Outubro;Argentina;1237869470
Importação;2025;Outubro;Argélia;93031709
Importação;2025;Outubro;Armênia;1889037
Importação;2025;Outubro;Aruba;66
Importação;2025;Outubro;Arábia Saudita;305124420
Importação;2025;Outubro;Austrália;90982574
Importação;2025;Outubro;Azerbaijão;202219
Importação;2025;Outubro;Bahamas;539
Importação;2025;Outubro;Bangladesh;29632281
Importação;2025;Outubro;Barein;3723779
Importação;2025;Outubro;Belarus;29737
Importação;2025;Outubro;Belize;14612
Importação;2025;Outubro;Benin;39427
Importação;2025;Outubro;Bermudas;148673
Importação;2025;Outubro;Bolívia;92513316
Importação;2025;Outubro;Botsuana;167185
Importação;2025;Outubro;Brasil;72235579
Importação;2025;Outubro;Brunei;58818
Importação;2025;Outubro;Bulgária;13045403
Importação;2025;Outubro;Burkina Faso;282
Importação;2025;Outubro;Burundi;460
Importação;2025;Outubro;Butão;87563
Importação;2025;Outubro;Bélgica;209052525
Importação;2025;Outubro;Bósnia-Herzegovina;971939
Importação;2025;Outubro;Cabo Verde;1871
Importação;2025;Outubro;Camarões;61122
Importação;2025;Outubro;Camboja;17544340
Importação;2025;Outubro;Canadá;292774056
Importação;2025;Outubro;Catar;122450764
Importação;2025;Outubro;Cayman, Ilhas;22773
Importação;2025;Outubro;Cazaquistão;17958415
Importação;2025;Outubro;Chade;12673
Importação;2025;Outubro;Chile;334521289
Importação;2025;Outubro;China;6427826005
Importação;2025;Outubro;Chipre;2270
Importação;2025;Outubro;Colômbia;227170463
Importação;2025;Outubro;Comores;7958
Importação;2025;Outubro;Congo;1242
Importação;2025;Outubro;Congo, República Democrática;14257964
Importação;2025;Outubro;Coreia do Norte;87966
Importação;2025;Outubro;Coreia do Sul;403131
Importação;2025;Outubro;Costa Rica;13999362
Importação;2025;Outubro;Costa do Marfim;6649915
Importação;2025;Outubro;Coveite (Kuweit);62949
Importação;2025;Outubro;Croácia;2655929
Importação;2025;Outubro;Cuba;333460
Importação;2025;Outubro;Curaçao;24500
Importação;2025;Outubro;Dinamarca;96883
Importação;2025;Outubro;Dominica;75
Importação;2025;Outubro;Egito;94514330
Importação;2025;Outubro;El Salvador;360310
Importação;2025;Outubro;Emirados Árabes Unidos;113030625
Importação;2025;Outubro;Equador;12350497
Importação;2025;Outubro;Eslováquia;35116093
Importação;2025;Outubro;Eslovênia;11920521
Importação;2025;Outubro;Espanha;367143721
Importação;2025;Outubro;Estados Unidos;3967602576
Importação;2025;Outubro;Estônia;5236229
Importação;2025;Outubro;Etiópia;32973
Importação;2025;Outubro;Filipinas;27733789
Importação;2025;Outubro;Finlândia;67358174
Importação;2025;Outubro;França;762292411
Importação;2025;Outubro;Gana;4734362
Importação;2025;Outubro;Geórgia;578075
Importação;2025;Outubro;Gibraltar;72
Importação;2025;Outubro;Grécia;4220859
Importação;2025;Outubro;Guatemala;12794736
Importação;2025;Outubro;Guiana;67059241
Importação;2025;Outubro;Gâmbia;86
Importação;2025;Outubro;Haiti;38167
Importação;2025;Outubro;Honduras;3453494
Importação;2025;Outubro;Hong Kong;74742336
Importação;2025;Outubro;Hungria;36168676
Importação;2025;Outubro;Indonésia;170009108
Importação;2025;Outubro;Iraque;669229
Importação;2025;Outubro;Irlanda;124315610
Importação;2025;Outubro;Irã;1796853
Importação;2025;Outubro;Islândia;712576
Importação;2025;Outubro;Israel;114637516
Importação;2025;Outubro;Itália;558318097
Importação;2025;Outubro;Iêmen;4631
Importação;2025;Outubro;Jamaica;13080
Importação;2025;Outubro;Japão;468678860
Importação;2025;Outubro;Jordânia;13643643
Importação;2025;Outubro;Laos;581476
Importação;2025;Outubro;Lesoto;1823
Importação;2025;Outubro;Letônia;1946323
Importação;2025;Outubro;Libéria;69442
Importação;2025;Outubro;Liechtenstein;5747835
Importação;2025;Outubro;Lituânia;6089536
Importação;2025;Outubro;Luxemburgo;4530817
Importação;2025;Outubro;Líbano;3296613
Importação;2025;Outubro;Líbia;428798
Importação;2025;Outubro;Macau;229033
Importação;2025;Outubro;Macedônia;1367030
Importação;2025;Outubro;Madagascar;643863
Importação;2025;Outubro;Malavi;912678
Importação;2025;Outubro;Maldivas;15764
Importação;2025;Outubro;Malta;861642
Importação;2025;Outubro;Malásia;146124935
Importação;2025;Outubro;Marianas do Norte, Ilhas;111
Importação;2025;Outubro;Marrocos;60408964
Importação;2025;Outubro;Marshall, Ilhas;240909
Importação;2025;Outubro;Mauritânia;665
Importação;2025;Outubro;Maurício;2198
Importação;2025;Outubro;Mianmar;1076331
Importação;2025;Outubro;Moldávia;376832
Importação;2025;Outubro;Mongólia;19198
Importação;2025;Outubro;Montenegro;2030
Importação;2025;Outubro;Moçambique;1326
Importação;2025;Outubro;México;535100044
Importação;2025;Outubro;Mônaco;397634
Importação;2025;Outubro;Namíbia;16984
Importação;2025;Outubro;Nauru;2481
Importação;2025;Outubro;Nepal;15374
Importação;2025;Outubro;Nicarágua;71005
Importação;2025;Outubro;Nigéria;167043
Importação;2025;Outubro;Noruega;92353180
Importação;2025;Outubro;Nova Zelândia;7184465
Importação;2025;Outubro;Não Definido;222665
Importação;2025;Outubro;Níger;10
Importação;2025;Outubro;Omã;113315824
Importação;2025;Outubro;Palau;146
Importação;2025;Outubro;Panamá;1400878
Importação;2025;Outubro;Papua Nova Guiné;27660
Importação;2025;Outubro;Paquistão;15038961
Importação;2025;Outubro;Paraguai;334126718
Importação;2025;Outubro;Países Baixos (Holanda);183538936
Importação;2025;Outubro;Peru;102871849
Importação;2025;Outubro;Polinésia Francesa;1062
Importação;2025;Outubro;Polônia;72388985
Importação;2025;Outubro;Porto Rico;73085528
Importação;2025;Outubro;Portugal;108002835
Importação;2025;Outubro;Quirguistão;67
Importação;2025;Outubro;Quênia;104073
Importação;2025;Outubro;Reino Unido;433434718
Importação;2025;Outubro;República Centro-Africana;762
Importação;2025;Outubro;República Dominicana;3320884
Importação;2025;Outubro;Romênia;38363311
Importação;2025;Outubro;Rússia;604306261
Importação;2025;Outubro;Samoa;160924
Importação;2025;Outubro;Samoa Americana;21000
Importação;2025;Outubro;San Marino;1486456
Importação;2025;Outubro;Seicheles;23693
Importação;2025;Outubro;Senegal;98693
Importação;2025;Outubro;Serra Leoa;1372
Importação;2025;Outubro;Singapura;68518
Importação;2025;Outubro;Sri Lanka;7149098
Importação;2025;Outubro;Suazilândia;5326
Importação;2025;Outubro;Suriname;656
Importação;2025;Outubro;Suécia;199445750
Importação;2025;Outubro;Suíça;348823145
Importação;2025;Outubro;São Cristóvão e Névis;3278
Importação;2025;Outubro;São Pedro e Miquelon;240
Importação;2025;Outubro;Sérvia;5499769
Importação;2025;Outubro;Síria;38530
Importação;2025;Outubro;Tadjiquistão;56450
Importação;2025;Outubro;Tailândia;236527860
Importação;2025;Outubro;Taiwan (Formosa);222875393
Importação;2025;Outubro;Tanzânia;174
Importação;2025;Outubro;Tcheca, República;64048944
Importação;2025;Outubro;Território Britânico do Oceano Índico;225056
Importação;2025;Outubro;Togo;52430
Importação;2025;Outubro;Tonga;248
Importação;2025;Outubro;Toquelau;841
Importação;2025;Outubro;Trinidad e Tobago;43087354
Importação;2025;Outubro;Tunísia;8086411
Importação;2025;Outubro;Turcomenistão;32581181
Importação;2025;Outubro;Turquia;139066080
Importação;2025;Outubro;Ucrânia;7225405
Importação;2025;Outubro;Uganda;121
Importação;2025;Outubro;Uruguai;182078313
Importação;2025;Outubro;Uzbequistão;1905491
Importação;2025;Outubro;Vaticano;8027
Importação;2025;Outubro;Venezuela;52339370
Importação;2025;Outubro;Vietnã;308337167
Importação;2025;Outubro;Virgens, Ilhas (Americanas);430
Importação;2025;Outubro;Virgens, Ilhas (Britânicas);269654
Importação;2025;Outubro;Zimbábue;165
Importação;2025;Outubro;Zâmbia;59777
Importação;2025;Outubro;África do Sul;53642550
Importação;2025;Outubro;Áustria;127617768
Importação;2025;Outubro;Índia;1039649241
Importação;2025;Novembro;Afeganistão;8771
Importação;2025;Novembro;Aland, Ilhas;14555
Importação;2025;Novembro;Albânia;274599
Importação;2025;Novembro;Alemanha;1179960972
Importação;2025;Novembro;Andorra;4493
Importação;2025;Novembro;Angola;64552832
Importação;2025;Novembro;Anguilla;292
Importação;2025;Novembro;Antártica;1032
Importação;2025;Novembro;Argentina;1099326056
Importação;2025;Novembro;Argélia;84792566
Importação;2025;Novembro;Armênia;19895
Importação;2025;Novembro;Arábia Saudita;228111065
Importação;2025;Novembro;Austrália;86856398
Importação;2025;Novembro;Bancos Centrais;3
Importação;2025;Novembro;Bangladesh;18972419
Importação;2025;Novembro;Barbados;866
Importação;2025;Novembro;Barein;16069519
Importação;2025;Novembro;Belarus;237877
Importação;2025;Novembro;Belize;8828
Importação;2025;Novembro;Benin;13630
Importação;2025;Novembro;Bermudas;473
Importação;2025;Novembro;Bolívia;107142517
Importação;2025;Novembro;Botsuana;43750
Importação;2025;Novembro;Brasil;42989916
Importação;2025;Novembro;Brunei;9475
Importação;2025;Novembro;Bulgária;8122157
Importação;2025;Novembro;Butão;48414
Importação;2025;Novembro;Bélgica;203944652
Importação;2025;Novembro;Bósnia-Herzegovina;547504
Importação;2025;Novembro;Camarões;226715
Importação;2025;Novembro;Camboja;18968262
Importação;2025;Novembro;Canadá;234899158
Importação;2025;Novembro;Catar;59696769
Importação;2025;Novembro;Cayman, Ilhas;6256
Importação;2025;Novembro;Cazaquistão;14224092
Importação;2025;Novembro;Chade;29373
Importação;2025;Novembro;Chile;444396472
Importação;2025;Novembro;China;5693442381
Importação;2025;Novembro;Chipre;414182
Importação;2025;Novembro;Christmas (Navidad), Ilha;42
Importação;2025;Novembro;Colômbia;159822340
Importação;2025;Novembro;Comores;55237
Importação;2025;Novembro;Congo;1077
Importação;2025;Novembro;Coreia do Norte;66837
Importação;2025;Novembro;Coreia do Sul;423955633
Importação;2025;Novembro;Costa Rica;14622117
Importação;2025;Novembro;Costa do Marfim;6733957
Importação;2025;Novembro;Croácia;2630654
Importação;2025;Novembro;Cuba;221560
Importação;2025;Novembro;Curaçao;13782
Importação;2025;Novembro;Dinamarca;115787523
Importação;2025;Novembro;Dominica;225
Importação;2025;Novembro;Egito;96145526
Importação;2025;Novembro;El Salvador;1143472
Importação;2025;Novembro;Emirados Árabes Unidos;219718387
Importação;2025;Novembro;Equador;9702050
Importação;2025;Novembro;Eslováquia;48898919
Importação;2025;Novembro;Eslovênia;15460896
Importação;2025;Novembro;Espanha;294806540
Importação;2025;Novembro;Estados Unidos;3757903000
Importação;2025;Novembro;Estônia;31317
Importação;2025;Novembro;Etiópia;28837
Importação;2025;Novembro;Filipinas;25048986
Importação;2025;Novembro;Finlândia;99505821
Importação;2025;Novembro;França;506629
Importação;2025;Novembro;Gabão;46229270
Importação;2025;Novembro;Gana;5113619
Importação;2025;Novembro;Geórgia;753
Importação;2025;Novembro;Gibraltar;43
Importação;2025;Novembro;Grécia;7315
Importação;2025;Novembro;Guatemala;13864307
Importação;2025;Novembro;Guernsey;83
Importação;2025;Novembro;Guiana;748
Importação;2025;Novembro;Guiana Francesa;9561
Importação;2025;Novembro;Gâmbia;1084
Importação;2025;Novembro;Haiti;478285
Importação;2025;Novembro;Honduras;2498559
Importação;2025;Novembro;Hong Kong;73099170
Importação;2025;Novembro;Hungria;46044598
Importação;2025;Novembro;Indonésia;182889112
Importação;2025;Novembro;Iraque;217561
Importação;2025;Novembro;Irlanda;134556535
Importação;2025;Novembro;Irã;24467736
Importação;2025;Novembro;Islândia;709993
Importação;2025;Novembro;Israel;110945605
Importação;2025;Novembro;Itália;561386687
Importação;2025;Novembro;Jamaica;6219
Importação;2025;Novembro;Japão;435260408
Importação;2025;Novembro;Jordânia;8166045
Importação;2025;Novembro;Laos;744075
Importação;2025;Novembro;Letônia;2446520
Importação;2025;Novembro;Liechtenstein;1063581
Importação;2025;Novembro;Lituânia;5069724
Importação;2025;Novembro;Luxemburgo;10674255
Importação;2025;Novembro;Líbano;3318274
Importação;2025;Novembro;Líbia;491951
Importação;2025;Novembro;Macau;118293
Importação;2025;Novembro;Macedônia;1996231
Importação;2025;Novembro;Madagascar;321410
Importação;2025;Novembro;Malavi;313648
Importação;2025;Novembro;Mali;3
Importação;2025;Novembro;Malta;959402
Importação;2025;Novembro;Malásia;127593218
Importação;2025;Novembro;Marianas do Norte, Ilhas;306
Importação;2025;Novembro;Marrocos;51704647
Importação;2025;Novembro;Marshall, Ilhas;136124
Importação;2025;Novembro;Maurício;142027
Importação;2025;Novembro;Mianmar;885896
Importação;2025;Novembro;Micronésia;5063
Importação;2025;Novembro;Moldávia;3694
Importação;2025;Novembro;Mongólia;225264
Importação;2025;Novembro;Montenegro;2344
Importação;2025;Novembro;Moçambique;48000
Importação;2025;Novembro;México;714506848
Importação;2025;Novembro;Mônaco;299764
Importação;2025;Novembro;Namíbia;114
Importação;2025;Novembro;Nauru;1202
Importação;2025;Novembro;Nepal;90916
Importação;2025;Novembro;Nicarágua;181887
Importação;2025;Novembro;Nigéria;115032626
Importação;2025;Novembro;Niue;34
Importação;2025;Novembro;Noruega;80640662
Importação;2025;Novembro;Nova Caledônia;2311
Importação;2025;Novembro;Nova Zelândia;5122578
Importação;2025;Novembro;Não Definido;253082
Importação;2025;Novembro;Níger;7
Importação;2025;Novembro;Omã;75800818
Importação;2025;Novembro;Pacífico, Ilhas do (EUA);2277
Importação;2025;Novembro;Panamá;1450755
Importação;2025;Novembro;Paquistão;18162240
Importação;2025;Novembro;Paraguai;305280322
Importação;2025;Novembro;Países Baixos (Holanda);267064409
Importação;2025;Novembro;Peru;135673242
Importação;2025;Novembro;Polônia;69329579
Importação;2025;Novembro;Porto Rico;25251538
Importação;2025;Novembro;Portugal;104284489
Importação;2025;Novembro;Quirguistão;728
Importação;2025;Novembro;Quênia;102488
Importação;2025;Novembro;Reino Unido;298962529
Importação;2025;Novembro;República Centro-Africana;202
Importação;2025;Novembro;República Dominicana;3402608
Importação;2025;Novembro;Reunião;19589
Importação;2025;Novembro;Romênia;35444953
Importação;2025;Novembro;Rússia;412493863
Importação;2025;Novembro;Samoa;46591
Importação;2025;Novembro;Samoa Americana;15313
Importação;2025;Novembro;San Marino;2325286
Importação;2025;Novembro;Seicheles;12702
Importação;2025;Novembro;Senegal;11853
Importação;2025;Novembro;Serra Leoa;2547
Importação;2025;Novembro;Singapura;603071
Importação;2025;Novembro;Sri Lanka;5903943
Importação;2025;Novembro;Suazilândia;12613
Importação;2025;Novembro;Sudão;777
Importação;2025;Novembro;Suriname;12
Importação;2025;Novembro;Suécia;247355354
Importação;2025;Novembro;Suíça;228818951
Importação;2025;Novembro;São Cristóvão e Névis;7503
Importação;2025;Novembro;Sérvia;5430524
Importação;2025;Novembro;Síria;288
Importação;2025;Novembro;Tadjiquistão;988
Importação;2025;Novembro;Tailândia;191899721
Importação;2025;Novembro;Taiwan (Formosa);188636953
Importação;2025;Novembro;Tcheca, República;70489308
Importação;2025;Novembro;Terras Austrais Francesas;72
Importação;2025;Novembro;Território Britânico do Oceano Índico;217
Importação;2025;Novembro;Toquelau;616
Importação;2025;Novembro;Trinidad e Tobago;36469791
Importação;2025;Novembro;Tunísia;7710690
Importação;2025;Novembro;Turcomenistão;33063
Importação;2025;Novembro;Turquia;99483419
Importação;2025;Novembro;Ucrânia;8188285
Importação;2025;Novembro;Uganda;121
Importação;2025;Novembro;Uruguai;136160768
Importação;2025;Novembro;Uzbequistão;944925
Importação;2025;Novembro;Vaticano;33
Importação;2025;Novembro;Venezuela;21485299
Importação;2025;Novembro;Vietnã;297468
Importação;2025;Novembro;Virgens, Ilhas (Americanas);78522
Importação;2025;Novembro;Virgens, Ilhas (Britânicas);99538
Importação;2025;Novembro;Zimbábue;37118
Importação;2025;Novembro;Zâmbia;64032
Importação;2025;Novembro;África do Sul;66102302
Importação;2025;Novembro;Áustria;127571370
Importação;2025;Novembro;Índia;625981281
Importação;2025;Dezembro;Afeganistão;48415
Importação;2025;Dezembro;Aland, Ilhas;9933
Importação;2025;Dezembro;Albânia;82361
Importação;2025;Dezembro;Alemanha;1093569169
Importação;2025;Dezembro;Andorra;494
Importação;2025;Dezembro;Angola;67048456
Importação;2025;Dezembro;Anguilla;27726
Importação;2025;Dezembro;Antártica;1232
Importação;2025;Dezembro;Antígua e Barbuda;4884
Importação;2025;Dezembro;Argentina;1067495611
Importação;2025;Dezembro;Argélia;99588992
Importação;2025;Dezembro;Armênia;1509523
Importação;2025;Dezembro;Aruba;337
Importação;2025;Dezembro;Arábia Saudita;213974724
Importação;2025;Dezembro;Austrália;112070415
Importação;2025;Dezembro;Azerbaijão;190080
Importação;2025;Dezembro;Bangladesh;22843549
Importação;2025;Dezembro;Barbados;62813
Importação;2025;Dezembro;Barein;40460637
Importação;2025;Dezembro;Belarus;49285
Importação;2025;Dezembro;Belize;113153
Importação;2025;Dezembro;Benin;27182
Importação;2025;Dezembro;Bermudas;14612
Importação;2025;Dezembro;Bolívia;93483315
Importação;2025;Dezembro;Bonaire, Saint Eustatius e Saba;1424
Importação;2025;Dezembro;Botsuana;93756
Importação;2025;Dezembro;Brasil;35191626
Importação;2025;Dezembro;Brunei;223
Importação;2025;Dezembro;Bulgária;9164755
Importação;2025;Dezembro;Burkina Faso;7683
Importação;2025;Dezembro;Butão;86652
Importação;2025;Dezembro;Bélgica;182340605
Importação;2025;Dezembro;Bósnia-Herzegovina;748540
Importação;2025;Dezembro;Cabo Verde;3439
Importação;2025;Dezembro;Camarões;916409
Importação;2025;Dezembro;Camboja;19819525
Importação;2025;Dezembro;Canadá;243799126
Importação;2025;Dezembro;Catar;28802
Importação;2025;Dezembro;Cayman, Ilhas;574
Importação;2025;Dezembro;Cazaquistão;925379
Importação;2025;Dezembro;Chile;304736477
Importação;2025;Dezembro;China;5440994595
Importação;2025;Dezembro;Chipre;128223
Importação;2025;Dezembro;Christmas (Navidad), Ilha;454
Importação;2025;Dezembro;Colômbia;143819585
Importação;2025;Dezembro;Congo, República Democrática;20620572
Importação;2025;Dezembro;Coreia do Sul;493689944
Importação;2025;Dezembro;Costa Rica;15225959
Importação;2025;Dezembro;Costa do Marfim;7043749
Importação;2025;Dezembro;Coveite (Kuweit);63587
Importação;2025;Dezembro;Croácia;4374752
Importação;2025;Dezembro;Cuba;37253
Importação;2025;Dezembro;Curaçao;56247
Importação;2025;Dezembro;Dinamarca;87089778
Importação;2025;Dezembro;Dominica;119
Importação;2025;Dezembro;Egito;95387225
Importação;2025;Dezembro;El Salvador;1406708
Importação;2025;Dezembro;Emirados Árabes Unidos;67512975
Importação;2025;Dezembro;Equador;7957078
Importação;2025;Dezembro;Eritreia;2952
Importação;2025;Dezembro;Eslováquia;47214
Importação;2025;Dezembro;Eslovênia;31202416
Importação;2025;Dezembro;Espanha;343848679
Importação;2025;Dezembro;Estados Unidos;3192368290
Importação;2025;Dezembro;Estônia;3607876
Importação;2025;Dezembro;Etiópia;62108
Importação;2025;Dezembro;Filipinas;24125671
Importação;2025;Dezembro;Finlândia;165136263
Importação;2025;Dezembro;França;537471729
Importação;2025;Dezembro;Gana;3350974
Importação;2025;Dezembro;Geórgia;76992
Importação;2025;Dezembro;Gibraltar;372
Importação;2025;Dezembro;Grécia;16205091
Importação;2025;Dezembro;Guatemala;6936074
Importação;2025;Dezembro;Guiana;62248
Importação;2025;Dezembro;Guiana Francesa;93
Importação;2025;Dezembro;Haiti;254099
Importação;2025;Dezembro;Honduras;2377851
Importação;2025;Dezembro;Hong Kong;72926657
Importação;2025;Dezembro;Hungria;31036385
Importação;2025;Dezembro;Indonésia;194608896
Importação;2025;Dezembro;Iraque;222438
Importação;2025;Dezembro;Irlanda;65409854
Importação;2025;Dezembro;Irã;849726
Importação;2025;Dezembro;Islândia;2848833
Importação;2025;Dezembro;Israel;108754624
Importação;2025;Dezembro;Itália;591412877
Importação;2025;Dezembro;Iêmen;156
Importação;2025;Dezembro;Jamaica;136530
Importação;2025;Dezembro;Japão;429620995
Importação;2025;Dezembro;Jordânia;519097
Importação;2025;Dezembro;Laos;3646
Importação;2025;Dezembro;Lesoto;447
Importação;2025;Dezembro;Letônia;12464307
Importação;2025;Dezembro;Liechtenstein;691046
Importação;2025;Dezembro;Lituânia;12284720
Importação;2025;Dezembro;Luxemburgo;4029299
Importação;2025;Dezembro;Líbano;676162
Importação;2025;Dezembro;Líbia;266946
Importação;2025;Dezembro;Macau;73790
Importação;2025;Dezembro;Macedônia;1291349
Importação;2025;Dezembro;Madagascar;589558
Importação;2025;Dezembro;Malavi;496
Importação;2025;Dezembro;Malta;627925
Importação;2025;Dezembro;Malásia;127845218
Importação;2025;Dezembro;Marianas do Norte, Ilhas;313
Importação;2025;Dezembro;Marrocos;63404578
Importação;2025;Dezembro;Marshall, Ilhas;63958
Importação;2025;Dezembro;Maurício;67077
Importação;2025;Dezembro;Mianmar;2165242
Importação;2025;Dezembro;Moldávia;595444
Importação;2025;Dezembro;Mongólia;42000
Importação;2025;Dezembro;Montserrat;581
Importação;2025;Dezembro;Moçambique;7127334
Importação;2025;Dezembro;México;528516896
Importação;2025;Dezembro;Mônaco;563004
Importação;2025;Dezembro;Namíbia;41
Importação;2025;Dezembro;Nepal;40270
Importação;2025;Dezembro;Nicarágua;40583
Importação;2025;Dezembro;Nigéria;115300703
Importação;2025;Dezembro;Niue;34
Importação;2025;Dezembro;Noruega;77659759
Importação;2025;Dezembro;Nova Caledônia;10679
Importação;2025;Dezembro;Nova Zelândia;3899771
Importação;2025;Dezembro;Não Definido;4925
Importação;2025;Dezembro;Níger;189
Importação;2025;Dezembro;Omã;134711696
Importação;2025;Dezembro;Organizações Internacionais;53
Importação;2025;Dezembro;Palestina;2396
Importação;2025;Dezembro;Panamá;1327660
Importação;2025;Dezembro;Paquistão;12685907
Importação;2025;Dezembro;Paraguai;243494781
Importação;2025;Dezembro;Países Baixos (Holanda);232688276
Importação;2025;Dezembro;Peru;117046900
Importação;2025;Dezembro;Polônia;76923689
Importação;2025;Dezembro;Porto Rico;29055061
Importação;2025;Dezembro;Portugal;110911
Importação;2025;Dezembro;Quênia;219887
Importação;2025;Dezembro;Reino Unido;294581948
Importação;2025;Dezembro;República Centro-Africana;2485
Importação;2025;Dezembro;República Dominicana;5239879
Importação;2025;Dezembro;Reunião;18
Importação;2025;Dezembro;Romênia;24986478
Importação;2025;Dezembro;Rússia;707974415
Importação;2025;Dezembro;Samoa;60717
Importação;2025;Dezembro;Samoa Americana;5309
Importação;2025;Dezembro;San Marino;1185884
Importação;2025;Dezembro;Santa Helena;123
Importação;2025;Dezembro;Seicheles;15697
Importação;2025;Dezembro;Senegal;147678
Importação;2025;Dezembro;Serra Leoa;2370
Importação;2025;Dezembro;Singapura;75610538
Importação;2025;Dezembro;Sint Maarten;6644
Importação;2025;Dezembro;Somália;1424
Importação;2025;Dezembro;Sri Lanka;9747806
Importação;2025;Dezembro;Suazilândia;80367
Importação;2025;Dezembro;Sudão;169528
Importação;2025;Dezembro;Suécia;127151037
Importação;2025;Dezembro;Suíça;188619923
Importação;2025;Dezembro;São Cristóvão e Névis;3778
Importação;2025;Dezembro;Sérvia;7303264
Importação;2025;Dezembro;Tadjiquistão;6881
Importação;2025;Dezembro;Tailândia;199857189
Importação;2025;Dezembro;Taiwan (Formosa);208467362
Importação;2025;Dezembro;Tanzânia;23562
Importação;2025;Dezembro;Tcheca, República;56239804
Importação;2025;Dezembro;Terras Austrais Francesas;720
Importação;2025;Dezembro;Togo;1808
Importação;2025;Dezembro;Toquelau;3672
Importação;2025;Dezembro;Trinidad e Tobago;48843719
Importação;2025;Dezembro;Tunísia;5936817
Importação;2025;Dezembro;Turcomenistão;40657114
Importação;2025;Dezembro;Turquia;110925687
Importação;2025;Dezembro;Ucrânia;5293
Importação;2025;Dezembro;Uganda;2158
Importação;2025;Dezembro;Uruguai;145123037
Importação;2025;Dezembro;Uzbequistão;12542483
Importação;2025;Dezembro;Vaticano;203
Importação;2025;Dezembro;Venezuela;35413771
Importação;2025;Dezembro;Vietnã;289570394
Importação;2025;Dezembro;Virgens, Ilhas (Americanas);33
Importação;2025;Dezembro;Virgens, Ilhas (Britânicas);53923
Importação;2025;Dezembro;Zimbábue;38536
Importação;2025;Dezembro;Zâmbia;141588
Importação;2025;Dezembro;África do Sul;64725818
Importação;2025;Dezembro;Áustria;143984610
Importação;2025;Dezembro;Índia;696389455
Exportação;2026;Janeiro;Afeganistão;147324
Exportação;2026;Janeiro;Albânia;13421860
Exportação;2026;Janeiro;Alemanha;461700919
Exportação;2026;Janeiro;Angola;32908033
Exportação;2026;Janeiro;Anguilla;71463
Exportação;2026;Janeiro;Antígua e Barbuda;1886324
Exportação;2026;Janeiro;Argentina;920505928
Exportação;2026;Janeiro;Argélia;194863206
Exportação;2026;Janeiro;Armênia;1238299
Exportação;2026;Janeiro;Aruba;2169691
Exportação;2026;Janeiro;Arábia Saudita;245380094
Exportação;2026;Janeiro;Austrália;40493127
Exportação;2026;Janeiro;Azerbaijão;2158836
Exportação;2026;Janeiro;Bahamas;65931837
Exportação;2026;Janeiro;Bangladesh;216390863
Exportação;2026;Janeiro;Barbados;1888167
Exportação;2026;Janeiro;Barein;62864041
Exportação;2026;Janeiro;Belarus;875747
Exportação;2026;Janeiro;Belize;18187
Exportação;2026;Janeiro;Benin;8470378
Exportação;2026;Janeiro;Bermudas;1988188
Exportação;2026;Janeiro;Bolívia;92332523
Exportação;2026;Janeiro;Bonaire, Saint Eustatius e Saba;78043
Exportação;2026;Janeiro;Botsuana;43044
Exportação;2026;Janeiro;Brasil;71968
Exportação;2026;Janeiro;Brunei;81680
Exportação;2026;Janeiro;Bulgária;68943415
Exportação;2026;Janeiro;Burkina Faso;402146
Exportação;2026;Janeiro;Burundi;37578
Exportação;2026;Janeiro;Bélgica;349563
Exportação;2026;Janeiro;Bósnia-Herzegovina;815181
Exportação;2026;Janeiro;Cabo Verde;5399657
Exportação;2026;Janeiro;Camarões;8615928
Exportação;2026;Janeiro;Camboja;2232554
Exportação;2026;Janeiro;Canadá;602336
Exportação;2026;Janeiro;Catar;32484494
Exportação;2026;Janeiro;Cayman, Ilhas;198748
Exportação;2026;Janeiro;Cazaquistão;5593513
Exportação;2026;Janeiro;Chade;450935
Exportação;2026;Janeiro;Chile;524190491
Exportação;2026;Janeiro;China;6204971061
Exportação;2026;Janeiro;Chipre;5653664
Exportação;2026;Janeiro;Colômbia;297443002
Exportação;2026;Janeiro;Comores;803349
Exportação;2026;Janeiro;Congo;16849392
Exportação;2026;Janeiro;Congo, República Democrática;23840586
Exportação;2026;Janeiro;Coreia do Sul;435119412
Exportação;2026;Janeiro;Costa Rica;24384720
Exportação;2026;Janeiro;Costa do Marfim;9316448
Exportação;2026;Janeiro;Coveite (Kuweit);44866316
Exportação;2026;Janeiro;Croácia;5806411
Exportação;2026;Janeiro;Cuba;21882766
Exportação;2026;Janeiro;Curaçao;3730385
Exportação;2026;Janeiro;Dinamarca;41143416
Exportação;2026;Janeiro;Djibuti;8222776
Exportação;2026;Janeiro;Dominica;578667
Exportação;2026;Janeiro;Egito;230990377
Exportação;2026;Janeiro;El Salvador;26087936
Exportação;2026;Janeiro;Emirados Árabes Unidos;642290
Exportação;2026;Janeiro;Equador;66563905
Exportação;2026;Janeiro;Eslováquia;733157
Exportação;2026;Janeiro;Eslovênia;50622828
Exportação;2026;Janeiro;Espanha;540494267
Exportação;2026;Janeiro;Estados Unidos;2374359675
Exportação;2026;Janeiro;Estônia;5647463
Exportação;2026;Janeiro;Etiópia;2776597
Exportação;2026;Janeiro;Fiji;34919
Exportação;2026;Janeiro;Filipinas;169950633
Exportação;2026;Janeiro;Finlândia;92255334
Exportação;2026;Janeiro;França;260545131
Exportação;2026;Janeiro;Gabão;8411146
Exportação;2026;Janeiro;Gana;36069244
Exportação;2026;Janeiro;Geórgia;21024
Exportação;2026;Janeiro;Granada;971794
Exportação;2026;Janeiro;Grécia;24506464
Exportação;2026;Janeiro;Guadalupe;667046
Exportação;2026;Janeiro;Guam;169969
Exportação;2026;Janeiro;Guatemala;28007525
Exportação;2026;Janeiro;Guiana;18772806
Exportação;2026;Janeiro;Guiana Francesa;525510
Exportação;2026;Janeiro;Guiné;16975571
Exportação;2026;Janeiro;Guiné Equatorial;5238884
Exportação;2026;Janeiro;Guiné-Bissau;1245108
Exportação;2026;Janeiro;Gâmbia;178722
Exportação;2026;Janeiro;Haiti;5653052
Exportação;2026;Janeiro;Honduras;23792937
Exportação;2026;Janeiro;Hong Kong;97714981
Exportação;2026;Janeiro;Hungria;2556562
Exportação;2026;Janeiro;Ilha de Man;686648
Exportação;2026;Janeiro;Indonésia;265368748
Exportação;2026;Janeiro;Iraque;159850623
Exportação;2026;Janeiro;Irlanda;12430636
Exportação;2026;Janeiro;Irã;362309286
Exportação;2026;Janeiro;Islândia;9902947
Exportação;2026;Janeiro;Israel;57493404
Exportação;2026;Janeiro;Itália;424171775
Exportação;2026;Janeiro;Iêmen;67216444
Exportação;2026;Janeiro;Jamaica;6883021
Exportação;2026;Janeiro;Japão;381116756
Exportação;2026;Janeiro;Jordânia;42497
Exportação;2026;Janeiro;Laos;1462492
Exportação;2026;Janeiro;Letônia;9632323
Exportação;2026;Janeiro;Libéria;32997083
Exportação;2026;Janeiro;Liechtenstein;1031
Exportação;2026;Janeiro;Lituânia;1395551
Exportação;2026;Janeiro;Luxemburgo;2993924
Exportação;2026;Janeiro;Líbano;23807766
Exportação;2026;Janeiro;Líbia;36143807
Exportação;2026;Janeiro;Macau;33910
Exportação;2026;Janeiro;Macedônia;1699479
Exportação;2026;Janeiro;Madagascar;579966
Exportação;2026;Janeiro;Malavi;182679
Exportação;2026;Janeiro;Maldivas;2471730
Exportação;2026;Janeiro;Mali;118342
Exportação;2026;Janeiro;Malta;13352096
Exportação;2026;Janeiro;Malásia;234851008
Exportação;2026;Janeiro;Marrocos;126237664
Exportação;2026;Janeiro;Marshall, Ilhas;16507617
Exportação;2026;Janeiro;Martinica;365127
Exportação;2026;Janeiro;Mauritânia;4598788
Exportação;2026;Janeiro;Maurício;3362637
Exportação;2026;Janeiro;Mayotte;1055577
Exportação;2026;Janeiro;Mianmar;1756197
Exportação;2026;Janeiro;Micronésia;35625
Exportação;2026;Janeiro;Moldávia;38107
Exportação;2026;Janeiro;Mongólia;585853
Exportação;2026;Janeiro;Montenegro;2434310
Exportação;2026;Janeiro;Montserrat;44103
Exportação;2026;Janeiro;Moçambique;11058203
Exportação;2026;Janeiro;México;411488331
Exportação;2026;Janeiro;Mônaco;10
Exportação;2026;Janeiro;Namíbia;3126610
Exportação;2026;Janeiro;Nepal;197
Exportação;2026;Janeiro;Nicarágua;6291069
Exportação;2026;Janeiro;Nigéria;62692661
Exportação;2026;Janeiro;Norfolk, Ilha;76085
Exportação;2026;Janeiro;Noruega;92654537
Exportação;2026;Janeiro;Nova Caledônia;1487002
Exportação;2026;Janeiro;Nova Zelândia;5823053
Exportação;2026;Janeiro;Níger;77137
Exportação;2026;Janeiro;Omã;578819
Exportação;2026;Janeiro;Pacífico, Ilhas do (EUA);22599
Exportação;2026;Janeiro;Palau;163218
Exportação;2026;Janeiro;Palestina;9861500
Exportação;2026;Janeiro;Panamá;111943808
Exportação;2026;Janeiro;Papua Nova Guiné;884885
Exportação;2026;Janeiro;Paquistão;125094723
Exportação;2026;Janeiro;Paraguai;261816644
Exportação;2026;Janeiro;Países Baixos (Holanda);859808945
Exportação;2026;Janeiro;Peru;294575673
Exportação;2026;Janeiro;Pitcairn;5008
Exportação;2026;Janeiro;Polinésia Francesa;412247
Exportação;2026;Janeiro;Polônia;178658517
Exportação;2026;Janeiro;Porto Rico;9141063
Exportação;2026;Janeiro;Portugal;355028455
Exportação;2026;Janeiro;Quirguistão;19189
Exportação;2026;Janeiro;Quênia;9082082
Exportação;2026;Janeiro;Reino Unido;276747647
Exportação;2026;Janeiro;República Centro-Africana;619
Exportação;2026;Janeiro;República Dominicana;104090421
Exportação;2026;Janeiro;Reunião;337928
Exportação;2026;Janeiro;Romênia;13117433
Exportação;2026;Janeiro;Rússia;102760478
Exportação;2026;Janeiro;Saara Ocidental;26
Exportação;2026;Janeiro;Samoa;353129
Exportação;2026;Janeiro;Samoa Americana;868621
Exportação;2026;Janeiro;San Marino;2934
Exportação;2026;Janeiro;Santa Lúcia;515930
Exportação;2026;Janeiro;Seicheles;1395489
Exportação;2026;Janeiro;Senegal;24425616
Exportação;2026;Janeiro;Serra Leoa;16732062
Exportação;2026;Janeiro;Singapura;222258726
Exportação;2026;Janeiro;Sint Maarten;752260
Exportação;2026;Janeiro;Somália;11573436
Exportação;2026;Janeiro;Sri Lanka;4323246
Exportação;2026;Janeiro;Suazilândia;4263
Exportação;2026;Janeiro;Sudão;43021
Exportação;2026;Janeiro;Sudão do Sul;269778
Exportação;2026;Janeiro;Suriname;4026586
Exportação;2026;Janeiro;Suécia;96386569
Exportação;2026;Janeiro;Suíça;298464
Exportação;2026;Janeiro;São Bartolomeu;276231
Exportação;2026;Janeiro;São Cristóvão e Névis;550295
Exportação;2026;Janeiro;São Martinho, Ilha de (parte francesa);71447
Exportação;2026;Janeiro;São Tomé e Príncipe;308905
Exportação;2026;Janeiro;São Vicente e Granadinas;8804
Exportação;2026;Janeiro;Sérvia;8127090
Exportação;2026;Janeiro;Síria;6632451
Exportação;2026;Janeiro;Tailândia;179116515
Exportação;2026;Janeiro;Taiwan (Formosa);40878657
Exportação;2026;Janeiro;Tanzânia;4316127
Exportação;2026;Janeiro;Tcheca, República;2293322
Exportação;2026;Janeiro;Timor Leste;2031723
Exportação;2026;Janeiro;Togo;5760367
Exportação;2026;Janeiro;Tonga;829112
Exportação;2026;Janeiro;Trinidad e Tobago;24447828
Exportação;2026;Janeiro;Tunísia;15341218
Exportação;2026;Janeiro;Turcas e Caicos, Ilhas;3051615
Exportação;2026;Janeiro;Turcomenistão;490993
Exportação;2026;Janeiro;Turquia;424752238
Exportação;2026;Janeiro;Ucrânia;14706725
Exportação;2026;Janeiro;Uganda;10590657
Exportação;2026;Janeiro;Uruguai;175122792
Exportação;2026;Janeiro;Uzbequistão;6821161
Exportação;2026;Janeiro;Vanuatu;204038
Exportação;2026;Janeiro;Vaticano;7202
Exportação;2026;Janeiro;Venezuela;90546220
Exportação;2026;Janeiro;Vietnã;364909742
Exportação;2026;Janeiro;Virgens, Ilhas (Americanas);56799388
Exportação;2026;Janeiro;Virgens, Ilhas (Britânicas);272
Exportação;2026;Janeiro;Wallis e Futuna, Ilhas;1187
Exportação;2026;Janeiro;Zimbábue;1475183
Exportação;2026;Janeiro;Zâmbia;661423
Exportação;2026;Janeiro;África do Sul;120227506
Exportação;2026;Janeiro;Áustria;5665610
Exportação;2026;Janeiro;Índia;686225211
Exportação;2026;Fevereiro;Afeganistão;106157
Exportação;2026;Fevereiro;Aland, Ilhas;349
Exportação;2026;Fevereiro;Albânia;11797251
Exportação;2026;Fevereiro;Alemanha;680452417
Exportação;2026;Fevereiro;Andorra;16766
Exportação;2026;Fevereiro;Angola;40782505
Exportação;2026;Fevereiro;Anguilla;7992
Exportação;2026;Fevereiro;Antígua e Barbuda;2710588
Exportação;2026;Fevereiro;Argentina;1051376996
Exportação;2026;Fevereiro;Argélia;213652526
Exportação;2026;Fevereiro;Armênia;738565
Exportação;2026;Fevereiro;Aruba;2631375
Exportação;2026;Fevereiro;Arábia Saudita;206864005
Exportação;2026;Fevereiro;Austrália;43878753
Exportação;2026;Fevereiro;Azerbaijão;2528
Exportação;2026;Fevereiro;Bahamas;12432667
Exportação;2026;Fevereiro;Bangladesh;228704841
Exportação;2026;Fevereiro;Barbados;2582
Exportação;2026;Fevereiro;Barein;20824186
Exportação;2026;Fevereiro;Belarus;107903
Exportação;2026;Fevereiro;Belize;746675
Exportação;2026;Fevereiro;Benin;7838342
Exportação;2026;Fevereiro;Bermudas;1339273
Exportação;2026;Fevereiro;Bolívia;96424074
Exportação;2026;Fevereiro;Bonaire, Saint Eustatius e Saba;3787
Exportação;2026;Fevereiro;Brasil;38517886
Exportação;2026;Fevereiro;Bulgária;134282136
Exportação;2026;Fevereiro;Burkina Faso;1097702
Exportação;2026;Fevereiro;Burundi;1250
Exportação;2026;Fevereiro;Bélgica;233703390
Exportação;2026;Fevereiro;Bósnia-Herzegovina;658406
Exportação;2026;Fevereiro;Cabo Verde;3450885
Exportação;2026;Fevereiro;Camarões;3566895
Exportação;2026;Fevereiro;Camboja;3087584
Exportação;2026;Fevereiro;Canadá;586322437
Exportação;2026;Fevereiro;Catar;49402869
Exportação;2026;Fevereiro;Cayman, Ilhas;119664
Exportação;2026;Fevereiro;Cazaquistão;1727124
Exportação;2026;Fevereiro;Chade;687833
Exportação;2026;Fevereiro;Chile;459933561
Exportação;2026;Fevereiro;China;7239450360
Exportação;2026;Fevereiro;Chipre;7035943
Exportação;2026;Fevereiro;Colômbia;244548638
Exportação;2026;Fevereiro;Comores;222455
Exportação;2026;Fevereiro;Congo;8259007
Exportação;2026;Fevereiro;Congo, República Democrática;31633554
Exportação;2026;Fevereiro;Coreia do Sul;351477939
Exportação;2026;Fevereiro;Costa Rica;21795915
Exportação;2026;Fevereiro;Costa do Marfim;7912565
Exportação;2026;Fevereiro;Coveite (Kuweit);28883291
Exportação;2026;Fevereiro;Croácia;3411411
Exportação;2026;Fevereiro;Cuba;28028
Exportação;2026;Fevereiro;Curaçao;3796081
Exportação;2026;Fevereiro;Dinamarca;57263
Exportação;2026;Fevereiro;Djibuti;698391
Exportação;2026;Fevereiro;Dominica;141978
Exportação;2026;Fevereiro;Egito;268439128
Exportação;2026;Fevereiro;El Salvador;10091781
Exportação;2026;Fevereiro;Emirados Árabes Unidos;321713633
Exportação;2026;Fevereiro;Equador;80399418
Exportação;2026;Fevereiro;Eslováquia;1532900
Exportação;2026;Fevereiro;Eslovênia;11733957
Exportação;2026;Fevereiro;Espanha;610858843
Exportação;2026;Fevereiro;Estados Unidos;2530661835
Exportação;2026;Fevereiro;Estônia;10227739
Exportação;2026;Fevereiro;Etiópia;1362919
Exportação;2026;Fevereiro;Faroe, Ilhas;11598
Exportação;2026;Fevereiro;Fiji;394684
Exportação;2026;Fevereiro;Filipinas;171860677
Exportação;2026;Fevereiro;Finlândia;98468792
Exportação;2026;Fevereiro;França;275512568
Exportação;2026;Fevereiro;Gabão;4634551
Exportação;2026;Fevereiro;Gana;21107143
Exportação;2026;Fevereiro;Geórgia;25915962
Exportação;2026;Fevereiro;Gibraltar;420708
Exportação;2026;Fevereiro;Granada;770063
Exportação;2026;Fevereiro;Grécia;33235122
Exportação;2026;Fevereiro;Guadalupe;573627
Exportação;2026;Fevereiro;Guam;10325
Exportação;2026;Fevereiro;Guatemala;21365060
Exportação;2026;Fevereiro;Guiana;8818641
Exportação;2026;Fevereiro;Guiana Francesa;522234
Exportação;2026;Fevereiro;Guiné;9529812
Exportação;2026;Fevereiro;Guiné Equatorial;3673883
Exportação;2026;Fevereiro;Guiné-Bissau;398596
Exportação;2026;Fevereiro;Gâmbia;30282222
Exportação;2026;Fevereiro;Haiti;4843429
Exportação;2026;Fevereiro;Honduras;10254081
Exportação;2026;Fevereiro;Hong Kong;97660735
Exportação;2026;Fevereiro;Hungria;2232551
Exportação;2026;Fevereiro;Ilha de Man;2558
Exportação;2026;Fevereiro;Indonésia;141756908
Exportação;2026;Fevereiro;Iraque;130299187
Exportação;2026;Fevereiro;Irlanda;12360806
Exportação;2026;Fevereiro;Irã;80993440
Exportação;2026;Fevereiro;Islândia;11431121
Exportação;2026;Fevereiro;Israel;49388486
Exportação;2026;Fevereiro;Itália;4721594
Exportação;2026;Fevereiro;Iêmen;33080597
Exportação;2026;Fevereiro;Jamaica;7686284
Exportação;2026;Fevereiro;Japão;485378942
Exportação;2026;Fevereiro;Jordânia;38594
Exportação;2026;Fevereiro;Laos;1376631
Exportação;2026;Fevereiro;Letônia;8644650
Exportação;2026;Fevereiro;Libéria;24337985
Exportação;2026;Fevereiro;Liechtenstein;1668632
Exportação;2026;Fevereiro;Lituânia;2206396
Exportação;2026;Fevereiro;Luxemburgo;2673268
Exportação;2026;Fevereiro;Líbano;44079050
Exportação;2026;Fevereiro;Líbia;34331765
Exportação;2026;Fevereiro;Macau;454750
Exportação;2026;Fevereiro;Macedônia;2089839
Exportação;2026;Fevereiro;Madagascar;224565
Exportação;2026;Fevereiro;Malavi;578512
Exportação;2026;Fevereiro;Maldivas;2685718
Exportação;2026;Fevereiro;Mali;225759
Exportação;2026;Fevereiro;Malta;7880408
Exportação;2026;Fevereiro;Malásia;255706732
Exportação;2026;Fevereiro;Marrocos;34690618
Exportação;2026;Fevereiro;Marshall, Ilhas;20444384
Exportação;2026;Fevereiro;Martinica;511542
Exportação;2026;Fevereiro;Mauritânia;9037203
Exportação;2026;Fevereiro;Maurício;15633233
Exportação;2026;Fevereiro;Mayotte;1682863
Exportação;2026;Fevereiro;Mianmar;1413468
Exportação;2026;Fevereiro;Micronésia;46020
Exportação;2026;Fevereiro;Moldávia;37361
Exportação;2026;Fevereiro;Mongólia;437397
Exportação;2026;Fevereiro;Montenegro;3083169
Exportação;2026;Fevereiro;Montserrat;53868
Exportação;2026;Fevereiro;Moçambique;4656674
Exportação;2026;Fevereiro;México;633648489
Exportação;2026;Fevereiro;Mônaco;1846
Exportação;2026;Fevereiro;Namíbia;2756083
Exportação;2026;Fevereiro;Nepal;188706
Exportação;2026;Fevereiro;Nicarágua;5369750
Exportação;2026;Fevereiro;Nigéria;95060049
Exportação;2026;Fevereiro;Norfolk, Ilha;65022
Exportação;2026;Fevereiro;Noruega;100995060
Exportação;2026;Fevereiro;Nova Caledônia;1141559
Exportação;2026;Fevereiro;Nova Zelândia;11218950
Exportação;2026;Fevereiro;Níger;86030
Exportação;2026;Fevereiro;Omã;155946009
Exportação;2026;Fevereiro;Pacífico, Ilhas do (EUA);84554
Exportação;2026;Fevereiro;Palau;126630
Exportação;2026;Fevereiro;Palestina;6792006
Exportação;2026;Fevereiro;Panamá;112625
Exportação;2026;Fevereiro;Papua Nova Guiné;221602
Exportação;2026;Fevereiro;Paquistão;132572958
Exportação;2026;Fevereiro;Paraguai;286466067
Exportação;2026;Fevereiro;Países Baixos (Holanda);933352320
Exportação;2026;Fevereiro;Peru;273555341
Exportação;2026;Fevereiro;Pitcairn;4254
Exportação;2026;Fevereiro;Polinésia Francesa;603347
Exportação;2026;Fevereiro;Polônia;203059034
Exportação;2026;Fevereiro;Porto Rico;14354069
Exportação;2026;Fevereiro;Portugal;315989812
Exportação;2026;Fevereiro;Quirguistão;30000
Exportação;2026;Fevereiro;Quênia;9907427
Exportação;2026;Fevereiro;Reino Unido;393851488
Exportação;2026;Fevereiro;República Centro-Africana;587515
Exportação;2026;Fevereiro;República Dominicana;45002720
Exportação;2026;Fevereiro;Reunião;356104
Exportação;2026;Fevereiro;Romênia;22383449
Exportação;2026;Fevereiro;Ruanda;67109
Exportação;2026;Fevereiro;Rússia;112677352
Exportação;2026;Fevereiro;Samoa;293978
Exportação;2026;Fevereiro;Samoa Americana;12597
Exportação;2026;Fevereiro;San Marino;16792
Exportação;2026;Fevereiro;Santa Lúcia;587345
Exportação;2026;Fevereiro;Seicheles;1228867
Exportação;2026;Fevereiro;Senegal;28206226
Exportação;2026;Fevereiro;Serra Leoa;3790293
Exportação;2026;Fevereiro;Singapura;717676525
Exportação;2026;Fevereiro;Sint Maarten;1367858
Exportação;2026;Fevereiro;Somália;1874651
Exportação;2026;Fevereiro;Sri Lanka;3726684
Exportação;2026;Fevereiro;Sudão do Sul;314888
Exportação;2026;Fevereiro;Suriname;3185737
Exportação;2026;Fevereiro;Suécia;88463673
Exportação;2026;Fevereiro;Suíça;247840811
Exportação;2026;Fevereiro;São Bartolomeu;114063
Exportação;2026;Fevereiro;São Cristóvão e Névis;172309
Exportação;2026;Fevereiro;São Martinho, Ilha de (parte francesa);24536
Exportação;2026;Fevereiro;São Tomé e Príncipe;169742
Exportação;2026;Fevereiro;São Vicente e Granadinas;287070
Exportação;2026;Fevereiro;Sérvia;7315696
Exportação;2026;Fevereiro;Síria;3351311
Exportação;2026;Fevereiro;Tadjiquistão;46747
Exportação;2026;Fevereiro;Tailândia;228202946
Exportação;2026;Fevereiro;Taiwan (Formosa);116069210
Exportação;2026;Fevereiro;Tanzânia;1894108
Exportação;2026;Fevereiro;Tcheca, República;8880831
Exportação;2026;Fevereiro;Território Britânico do Oceano Índico;6210
Exportação;2026;Fevereiro;Timor Leste;432910
Exportação;2026;Fevereiro;Togo;33551563
Exportação;2026;Fevereiro;Tonga;631396
Exportação;2026;Fevereiro;Trinidad e Tobago;27287115
Exportação;2026;Fevereiro;Tunísia;3241326
Exportação;2026;Fevereiro;Turcas e Caicos, Ilhas;30237
Exportação;2026;Fevereiro;Turcomenistão;304711
Exportação;2026;Fevereiro;Turquia;356192351
Exportação;2026;Fevereiro;Ucrânia;4199
Exportação;2026;Fevereiro;Uganda;3862711
Exportação;2026;Fevereiro;Uruguai;280692178
Exportação;2026;Fevereiro;Uzbequistão;7776966
Exportação;2026;Fevereiro;Vanuatu;412873
Exportação;2026;Fevereiro;Venezuela;68896702
Exportação;2026;Fevereiro;Vietnã;381407178
Exportação;2026;Fevereiro;Virgens, Ilhas (Americanas);5365
Exportação;2026;Fevereiro;Virgens, Ilhas (Britânicas);61736
Exportação;2026;Fevereiro;Zimbábue;184737
Exportação;2026;Fevereiro;Zâmbia;582731
Exportação;2026;Fevereiro;África do Sul;80576572
Exportação;2026;Fevereiro;Áustria;6652305
Exportação;2026;Fevereiro;Índia;796816279
Exportação;2026;Março;Afeganistão;29068
Exportação;2026;Março;Albânia;15127244
Exportação;2026;Março;Alemanha;497535766
Exportação;2026;Março;Andorra;669
Exportação;2026;Março;Angola;55847580
Exportação;2026;Março;Anguilla;11979
Exportação;2026;Março;Antígua e Barbuda;2847593
Exportação;2026;Março;Argentina;1463300267
Exportação;2026;Março;Argélia;210271235
Exportação;2026;Março;Armênia;1202360
Exportação;2026;Março;Aruba;3953183
Exportação;2026;Março;Arábia Saudita;247673342
Exportação;2026;Março;Austrália;77220403
Exportação;2026;Março;Azerbaijão;5040
Exportação;2026;Março;Bahamas;135764
Exportação;2026;Março;Bangladesh;317244836
Exportação;2026;Março;Barbados;1393040
Exportação;2026;Março;Barein;18178619
Exportação;2026;Março;Belarus;918452
Exportação;2026;Março;Belize;475728
Exportação;2026;Março;Benin;9844823
Exportação;2026;Março;Bermudas;865090
Exportação;2026;Março;Bolívia;123630454
Exportação;2026;Março;Bonaire, Saint Eustatius e Saba;230200
Exportação;2026;Março;Brasil;18694163
Exportação;2026;Março;Brunei;86408
Exportação;2026;Março;Bulgária;7436734
Exportação;2026;Março;Burkina Faso;7995418
Exportação;2026;Março;Burundi;1058
Exportação;2026;Março;Bélgica;351269415
Exportação;2026;Março;Bósnia-Herzegovina;740965
Exportação;2026;Março;Cabo Verde;4247765
Exportação;2026;Março;Camarões;12811735
Exportação;2026;Março;Camboja;3417203
Exportação;2026;Março;Canadá;649674194
Exportação;2026;Março;Catar;25281778
Exportação;2026;Março;Cayman, Ilhas;1578653
Exportação;2026;Março;Cazaquistão;10866571
Exportação;2026;Março;Chade;1808825
Exportação;2026;Março;Chile;675272434
Exportação;2026;Março;China;10556812545
Exportação;2026;Março;Chipre;8540807
Exportação;2026;Março;Colômbia;359116654
Exportação;2026;Março;Comores;532864
Exportação;2026;Março;Congo;11268734
Exportação;2026;Março;Congo, República Democrática;19723122
Exportação;2026;Março;Coreia do Sul;349933335
Exportação;2026;Março;Costa Rica;22989603
Exportação;2026;Março;Costa do Marfim;13607839
Exportação;2026;Março;Coveite (Kuweit);13421105
Exportação;2026;Março;Croácia;14651103
Exportação;2026;Março;Cuba;19188733
Exportação;2026;Março;Curaçao;4989979
Exportação;2026;Março;Dinamarca;45750721
Exportação;2026;Março;Djibuti;1068103
Exportação;2026;Março;Dominica;251706
Exportação;2026;Março;Egito;462550596
Exportação;2026;Março;El Salvador;25919573
Exportação;2026;Março;Emirados Árabes Unidos;205445941
Exportação;2026;Março;Equador;105448906
Exportação;2026;Março;Eslováquia;2141896
Exportação;2026;Março;Eslovênia;51190439
Exportação;2026;Março;Espanha;838604560
Exportação;2026;Março;Estados Unidos;2879192002
Exportação;2026;Março;Estônia;6982433
Exportação;2026;Março;Etiópia;4068571
Exportação;2026;Março;Faroe, Ilhas;41810
Exportação;2026;Março;Fiji;54951
Exportação;2026;Março;Filipinas;212214724
Exportação;2026;Março;Finlândia;22561797
Exportação;2026;Março;França;261196549
Exportação;2026;Março;Gabão;7026620
Exportação;2026;Março;Gana;36285859
Exportação;2026;Março;Geórgia;30486120
Exportação;2026;Março;Gibraltar;203574
Exportação;2026;Março;Granada;1091997
Exportação;2026;Março;Grécia;62292399
Exportação;2026;Março;Guadalupe;364
Exportação;2026;Março;Guam;37733
Exportação;2026;Março;Guatemala;33887067
Exportação;2026;Março;Guiana;16889232
Exportação;2026;Março;Guiana Francesa;658280
Exportação;2026;Março;Guiné;13122680
Exportação;2026;Março;Guiné Equatorial;3257263
Exportação;2026;Março;Guiné-Bissau;876203
Exportação;2026;Março;Gâmbia;16233491
Exportação;2026;Março;Haiti;5908947
Exportação;2026;Março;Honduras;14336104
Exportação;2026;Março;Hong Kong;116341168
Exportação;2026;Março;Hungria;3407316
Exportação;2026;Março;Ilha de Man;1436
Exportação;2026;Março;Indonésia;358887554
Exportação;2026;Março;Iraque;43264464
Exportação;2026;Março;Irlanda;18867469
Exportação;2026;Março;Irã;122606665
Exportação;2026;Março;Islândia;11132096
Exportação;2026;Março;Israel;47911354
Exportação;2026;Março;Itália;459707484
Exportação;2026;Março;Iêmen;34824409
Exportação;2026;Março;Jamaica;7608352
Exportação;2026;Março;Japão;505299127
Exportação;2026;Março;Jordânia;27595547
Exportação;2026;Março;Laos;995006
Exportação;2026;Março;Letônia;13038841
Exportação;2026;Março;Libéria;37394103
Exportação;2026;Março;Liechtenstein;305270
Exportação;2026;Março;Lituânia;3318943
Exportação;2026;Março;Luxemburgo;81723817
Exportação;2026;Março;Líbano;48227241
Exportação;2026;Março;Líbia;23722780
Exportação;2026;Março;Macau;427881
Exportação;2026;Março;Macedônia;1546552
Exportação;2026;Março;Madagascar;838633
Exportação;2026;Março;Malavi;351786
Exportação;2026;Março;Maldivas;3067390
Exportação;2026;Março;Mali;313678
Exportação;2026;Março;Malta;10434490
Exportação;2026;Março;Malásia;129940346
Exportação;2026;Março;Marrocos;36994810
Exportação;2026;Março;Marshall, Ilhas;36786789
Exportação;2026;Março;Martinica;992173
Exportação;2026;Março;Mauritânia;17796652
Exportação;2026;Março;Maurício;3663977
Exportação;2026;Março;Mayotte;594823
Exportação;2026;Março;Mianmar;64054
Exportação;2026;Março;Micronésia;33111
Exportação;2026;Março;Moldávia;60893
Exportação;2026;Março;Mongólia;1041322
Exportação;2026;Março;Montenegro;9777
Exportação;2026;Março;Montserrat;72287
Exportação;2026;Março;Moçambique;13235786
Exportação;2026;Março;México;730069597
Exportação;2026;Março;Mônaco;23713
Exportação;2026;Março;Namíbia;3232270
Exportação;2026;Março;Nepal;310557
Exportação;2026;Março;Nicarágua;6787413
Exportação;2026;Março;Nigéria;89007791
Exportação;2026;Março;Noruega;107079657
Exportação;2026;Março;Nova Caledônia;894293
Exportação;2026;Março;Nova Zelândia;10311550
Exportação;2026;Março;Níger;79595
Exportação;2026;Março;Omã;25593481
Exportação;2026;Março;Pacífico, Ilhas do (EUA);710825
Exportação;2026;Março;Palau;44602
Exportação;2026;Março;Palestina;7361589
Exportação;2026;Março;Panamá;186133131
Exportação;2026;Março;Papua Nova Guiné;543086
Exportação;2026;Março;Paquistão;168879966
Exportação;2026;Março;Paraguai;365196278
Exportação;2026;Março;Países Baixos (Holanda);897537284
Exportação;2026;Março;Peru;337066510
Exportação;2026;Março;Pitcairn;21002
Exportação;2026;Março;Polinésia Francesa;967524
Exportação;2026;Março;Polônia;1547403
Exportação;2026;Março;Porto Rico;8443364
Exportação;2026;Março;Portugal;167504809
Exportação;2026;Março;Quirguistão;106429
Exportação;2026;Março;Quênia;23616473
Exportação;2026;Março;Reino Unido;403972452
Exportação;2026;Março;República Centro-Africana;5865
Exportação;2026;Março;República Dominicana;46464453
Exportação;2026;Março;Reunião;352147
Exportação;2026;Março;Romênia;14769319
Exportação;2026;Março;Ruanda;28932
Exportação;2026;Março;Rússia;164274153
Exportação;2026;Março;Salomão, Ilhas;59026
Exportação;2026;Março;Samoa;434804
Exportação;2026;Março;Samoa Americana;304137
Exportação;2026;Março;San Marino;16466
Exportação;2026;Março;Santa Lúcia;526086
Exportação;2026;Março;Seicheles;929038
Exportação;2026;Março;Senegal;45131658
Exportação;2026;Março;Serra Leoa;4487995
Exportação;2026;Março;Singapura;551647849
Exportação;2026;Março;Sint Maarten;1217030
Exportação;2026;Março;Somália;1266154
Exportação;2026;Março;Sri Lanka;5290818
Exportação;2026;Março;Suazilândia;325953
Exportação;2026;Março;Sudão do Sul;403165
Exportação;2026;Março;Suriname;9208003
Exportação;2026;Março;Suécia;133291846
Exportação;2026;Março;Suíça;141715041
Exportação;2026;Março;São Bartolomeu;515655
Exportação;2026;Março;São Cristóvão e Névis;406495
Exportação;2026;Março;São Martinho, Ilha de (parte francesa);724523
Exportação;2026;Março;São Tomé e Príncipe;679966
Exportação;2026;Março;São Vicente e Granadinas;690480
Exportação;2026;Março;Sérvia;5781825
Exportação;2026;Março;Síria;1499779
Exportação;2026;Março;Tadjiquistão;30861
Exportação;2026;Março;Tailândia;325924599
Exportação;2026;Março;Taiwan (Formosa);96436605
Exportação;2026;Março;Tanzânia;3588680
Exportação;2026;Março;Tcheca, República;4376233
Exportação;2026;Março;Território Britânico do Oceano Índico;36381
Exportação;2026;Março;Timor Leste;1549041
Exportação;2026;Março;Togo;61961221
Exportação;2026;Março;Tonga;796975
Exportação;2026;Março;Toquelau;8719
Exportação;2026;Março;Trinidad e Tobago;17333550
Exportação;2026;Março;Tunísia;49144170
Exportação;2026;Março;Turcas e Caicos, Ilhas;239835
Exportação;2026;Março;Turcomenistão;1114270
Exportação;2026;Março;Turquia;588903
Exportação;2026;Março;Ucrânia;7731287
Exportação;2026;Março;Uganda;4779166
Exportação;2026;Março;Uruguai;282087323
Exportação;2026;Março;Uzbequistão;12362276
Exportação;2026;Março;Vanuatu;135662
Exportação;2026;Março;Venezuela;76747773
Exportação;2026;Março;Vietnã;328693898
Exportação;2026;Março;Virgens, Ilhas (Americanas);137
Exportação;2026;Março;Virgens, Ilhas (Britânicas);341870
Exportação;2026;Março;Zimbábue;822423
Exportação;2026;Março;Zâmbia;511897
Exportação;2026;Março;África do Sul;151502543
Exportação;2026;Março;Áustria;9197923
Exportação;2026;Março;Índia;1036008557
Exportação;2026;Abril;Afeganistão;17220
Exportação;2026;Abril;Albânia;12767309
Exportação;2026;Abril;Alemanha;631516937
Exportação;2026;Abril;Angola;34913481
Exportação;2026;Abril;Anguilla;53285
Exportação;2026;Abril;Antártica;615
Exportação;2026;Abril;Antígua e Barbuda;2564074
Exportação;2026;Abril;Argentina;1300939912
Exportação;2026;Abril;Argélia;284195396
Exportação;2026;Abril;Armênia;944481
Exportação;2026;Abril;Aruba;4820358
Exportação;2026;Abril;Arábia Saudita;207471815
Exportação;2026;Abril;Austrália;57816396
Exportação;2026;Abril;Azerbaijão;3896585
Exportação;2026;Abril;Bahamas;25247389
Exportação;2026;Abril;Bangladesh;278263621
Exportação;2026;Abril;Barbados;2677039
Exportação;2026;Abril;Barein;4368592
Exportação;2026;Abril;Belarus;998325
Exportação;2026;Abril;Belize;1864
Exportação;2026;Abril;Benin;11662673
Exportação;2026;Abril;Bermudas;2934332
Exportação;2026;Abril;Bolívia;125266314
Exportação;2026;Abril;Bonaire, Saint Eustatius e Saba;280305
Exportação;2026;Abril;Botsuana;74725
Exportação;2026;Abril;Brasil;5062883
Exportação;2026;Abril;Brunei;87033
Exportação;2026;Abril;Bulgária;155502241
Exportação;2026;Abril;Burkina Faso;459892
Exportação;2026;Abril;Bélgica;306227661
Exportação;2026;Abril;Bósnia-Herzegovina;290488
Exportação;2026;Abril;Cabo Verde;3833398
Exportação;2026;Abril;Camarões;1642638
Exportação;2026;Abril;Camboja;4188177
Exportação;2026;Abril;Canadá;622216883
Exportação;2026;Abril;Catar;19461467
Exportação;2026;Abril;Cayman, Ilhas;1488933
Exportação;2026;Abril;Cazaquistão;6039153
Exportação;2026;Abril;Chade;920838
Exportação;2026;Abril;Chile;481438822
Exportação;2026;Abril;China;11609725
Exportação;2026;Abril;Chipre;8286032
Exportação;2026;Abril;Colômbia;394715963
Exportação;2026;Abril;Comores;286250
Exportação;2026;Abril;Congo;9618167
Exportação;2026;Abril;Congo, República Democrática;22312473
Exportação;2026;Abril;Coreia do Sul;502367570
Exportação;2026;Abril;Costa Rica;34343829
Exportação;2026;Abril;Costa do Marfim;16578647
Exportação;2026;Abril;Coveite (Kuweit);13867264
Exportação;2026;Abril;Croácia;3609573
Exportação;2026;Abril;Cuba;28248062
Exportação;2026;Abril;Curaçao;5602572
Exportação;2026;Abril;Dinamarca;41675790
Exportação;2026;Abril;Djibuti;807128
Exportação;2026;Abril;Dominica;509971
Exportação;2026;Abril;Egito;244000805
Exportação;2026;Abril;El Salvador;14992077
Exportação;2026;Abril;Emirados Árabes Unidos;167973
Exportação;2026;Abril;Equador;96183712
Exportação;2026;Abril;Eslováquia;2318169
Exportação;2026;Abril;Eslovênia;17124217
Exportação;2026;Abril;Espanha;804913080
Exportação;2026;Abril;Estados Unidos;3120687936
Exportação;2026;Abril;Estônia;13849
Exportação;2026;Abril;Etiópia;2621959
Exportação;2026;Abril;Faroe, Ilhas;1855
Exportação;2026;Abril;Fiji;39299
Exportação;2026;Abril;Filipinas;215555792
Exportação;2026;Abril;Finlândia;19887000
Exportação;2026;Abril;França;429034022
Exportação;2026;Abril;Gabão;4526197
Exportação;2026;Abril;Gana;27032284
Exportação;2026;Abril;Geórgia;36969586
Exportação;2026;Abril;Geórgia do Sul e Sandwich do Sul, Ilhas;5026
Exportação;2026;Abril;Gibraltar;83678
Exportação;2026;Abril;Granada;2202108
Exportação;2026;Abril;Groenlândia;15223
Exportação;2026;Abril;Grécia;52333986
Exportação;2026;Abril;Guadalupe;857364
Exportação;2026;Abril;Guam;15462
Exportação;2026;Abril;Guatemala;31957048
Exportação;2026;Abril;Guiana;35791660
Exportação;2026;Abril;Guiana Francesa;1670336
Exportação;2026;Abril;Guiné;23055155
Exportação;2026;Abril;Guiné Equatorial;2514622
Exportação;2026;Abril;Guiné-Bissau;429752
Exportação;2026;Abril;Gâmbia;26591380
Exportação;2026;Abril;Haiti;7825888
Exportação;2026;Abril;Heard e ilhas mcdonald, Ilha;692269
Exportação;2026;Abril;Honduras;18382503
Exportação;2026;Abril;Hong Kong;117147611
Exportação;2026;Abril;Hungria;3548975
Exportação;2026;Abril;Ilha de Man;945123
Exportação;2026;Abril;Indonésia;506581297
Exportação;2026;Abril;Iraque;71050725
Exportação;2026;Abril;Irlanda;19630827
Exportação;2026;Abril;Irã;346160084
Exportação;2026;Abril;Islândia;23799950
Exportação;2026;Abril;Israel;49458534
Exportação;2026;Abril;Itália;583190780
Exportação;2026;Abril;Iêmen;16935316
Exportação;2026;Abril;Jamaica;9996974
Exportação;2026;Abril;Japão;561585350
Exportação;2026;Abril;Jordânia;45053137
Exportação;2026;Abril;Laos;1207778
Exportação;2026;Abril;Lesoto;2849
Exportação;2026;Abril;Letônia;9341933
Exportação;2026;Abril;Libéria;58352722
Exportação;2026;Abril;Liechtenstein;4512619
Exportação;2026;Abril;Lituânia;2979986
Exportação;2026;Abril;Luxemburgo;4880556
Exportação;2026;Abril;Líbano;54698653
Exportação;2026;Abril;Líbia;35127931
Exportação;2026;Abril;Macau;130905
Exportação;2026;Abril;Macedônia;3345341
Exportação;2026;Abril;Madagascar;1132227
Exportação;2026;Abril;Malavi;378276
Exportação;2026;Abril;Maldivas;2261291
Exportação;2026;Abril;Mali;379956
Exportação;2026;Abril;Malta;15439039
Exportação;2026;Abril;Malásia;162674341
Exportação;2026;Abril;Marrocos;52873196
Exportação;2026;Abril;Marshall, Ilhas;36161229
Exportação;2026;Abril;Martinica;545757
Exportação;2026;Abril;Mauritânia;15056789
Exportação;2026;Abril;Maurício;5281049
Exportação;2026;Abril;Mayotte;178296
Exportação;2026;Abril;Mianmar;1430322
Exportação;2026;Abril;Micronésia;28706
Exportação;2026;Abril;Moldávia;58783
Exportação;2026;Abril;Mongólia;340004
Exportação;2026;Abril;Montenegro;6050705
Exportação;2026;Abril;Montserrat;13222
Exportação;2026;Abril;Moçambique;1496786
Exportação;2026;Abril;México;744552926
Exportação;2026;Abril;Mônaco;585
Exportação;2026;Abril;Namíbia;3328436
Exportação;2026;Abril;Nepal;276196
Exportação;2026;Abril;Nicarágua;6236657
Exportação;2026;Abril;Nigéria;28679528
Exportação;2026;Abril;Noruega;146947
Exportação;2026;Abril;Nova Caledônia;1921833
Exportação;2026;Abril;Nova Zelândia;7723090
Exportação;2026;Abril;Níger;109020
Exportação;2026;Abril;Omã;50246320
Exportação;2026;Abril;Palau;25849
Exportação;2026;Abril;Palestina;4715221
Exportação;2026;Abril;Panamá;254570947
Exportação;2026;Abril;Papua Nova Guiné;617231
Exportação;2026;Abril;Paquistão;256931932
Exportação;2026;Abril;Paraguai;319444
Exportação;2026;Abril;Países Baixos (Holanda);1088544483
Exportação;2026;Abril;Peru;285271669
Exportação;2026;Abril;Polinésia Francesa;748030
Exportação;2026;Abril;Polônia;260294678
Exportação;2026;Abril;Porto Rico;20463878
Exportação;2026;Abril;Portugal;96728125
Exportação;2026;Abril;Quirguistão;92420
Exportação;2026;Abril;Quênia;6142967
Exportação;2026;Abril;Reino Unido;324097119
Exportação;2026;Abril;República Centro-Africana;536232
Exportação;2026;Abril;República Dominicana;64919292
Exportação;2026;Abril;Reunião;359810
Exportação;2026;Abril;Romênia;3817162
Exportação;2026;Abril;Ruanda;36925
Exportação;2026;Abril;Rússia;105537028
Exportação;2026;Abril;Salomão, Ilhas;119485
Exportação;2026;Abril;Samoa;417363
Exportação;2026;Abril;San Marino;31555
Exportação;2026;Abril;Santa Lúcia;1074506
Exportação;2026;Abril;Seicheles;1248269
Exportação;2026;Abril;Senegal;20475463
Exportação;2026;Abril;Serra Leoa;4413344
Exportação;2026;Abril;Singapura;1129127347
Exportação;2026;Abril;Sint Maarten;1430371
Exportação;2026;Abril;Somália;10689194
Exportação;2026;Abril;Sri Lanka;4254751
Exportação;2026;Abril;Sudão;15294000
Exportação;2026;Abril;Sudão do Sul;257184
Exportação;2026;Abril;Suriname;5359706
Exportação;2026;Abril;Suécia;109609
Exportação;2026;Abril;Suíça;325041471
Exportação;2026;Abril;São Bartolomeu;77963
Exportação;2026;Abril;São Cristóvão e Névis;511997
Exportação;2026;Abril;São Martinho, Ilha de (parte francesa);227947
Exportação;2026;Abril;São Tomé e Príncipe;117671
Exportação;2026;Abril;São Vicente e Granadinas;1271061
Exportação;2026;Abril;Sérvia;6213861
Exportação;2026;Abril;Síria;4976190
Exportação;2026;Abril;Tailândia;272911605
Exportação;2026;Abril;Taiwan (Formosa);179369326
Exportação;2026;Abril;Tanzânia;2584989
Exportação;2026;Abril;Tcheca, República;11421626
Exportação;2026;Abril;Território Britânico do Oceano Índico;30417
Exportação;2026;Abril;Timor Leste;1199327
Exportação;2026;Abril;Togo;57204440
Exportação;2026;Abril;Tonga;834614
Exportação;2026;Abril;Toquelau;28440
Exportação;2026;Abril;Trinidad e Tobago;44863105
Exportação;2026;Abril;Tunísia;26174114
Exportação;2026;Abril;Turcas e Caicos, Ilhas;193744
Exportação;2026;Abril;Turcomenistão;368
Exportação;2026;Abril;Turquia;610317
Exportação;2026;Abril;Ucrânia;5277727
Exportação;2026;Abril;Uganda;1145107
Exportação;2026;Abril;Uruguai;296061074
Exportação;2026;Abril;Uzbequistão;12380238
Exportação;2026;Abril;Vanuatu;406296
Exportação;2026;Abril;Vaticano;11648
Exportação;2026;Abril;Venezuela;63334626
Exportação;2026;Abril;Vietnã;409242449
Exportação;2026;Abril;Virgens, Ilhas (Americanas);111485
Exportação;2026;Abril;Virgens, Ilhas (Britânicas);240638
Exportação;2026;Abril;Wallis e Futuna, Ilhas;5874
Exportação;2026;Abril;Zimbábue;450644
Exportação;2026;Abril;Zâmbia;331508
Exportação;2026;Abril;África do Sul;104595906
Exportação;2026;Abril;Áustria;9889203
Exportação;2026;Abril;Índia;783720909
Importação;2026;Janeiro;Afeganistão;44655
Importação;2026;Janeiro;Aland, Ilhas;2557
Importação;2026;Janeiro;Albânia;316926
Importação;2026;Janeiro;Alemanha;1162032
Importação;2026;Janeiro;Andorra;6915
Importação;2026;Janeiro;Anguilla;170
Importação;2026;Janeiro;Argentina;766219218
Importação;2026;Janeiro;Argélia;23380422
Importação;2026;Janeiro;Armênia;3789
Importação;2026;Janeiro;Aruba;31589
Importação;2026;Janeiro;Arábia Saudita;207354473
Importação;2026;Janeiro;Austrália;86382628
Importação;2026;Janeiro;Azerbaijão;1541
Importação;2026;Janeiro;Bancos Centrais;1195
Importação;2026;Janeiro;Bangladesh;23679
Importação;2026;Janeiro;Barbados;133063
Importação;2026;Janeiro;Barein;17889619
Importação;2026;Janeiro;Belarus;130909
Importação;2026;Janeiro;Belize;32658
Importação;2026;Janeiro;Benin;5348
Importação;2026;Janeiro;Bermudas;128244
Importação;2026;Janeiro;Bolívia;80433955
Importação;2026;Janeiro;Botsuana;69807
Importação;2026;Janeiro;Brasil;54712324
Importação;2026;Janeiro;Bulgária;11158767
Importação;2026;Janeiro;Butão;57031
Importação;2026;Janeiro;Bélgica;143235377
Importação;2026;Janeiro;Bósnia-Herzegovina;1237084
Importação;2026;Janeiro;Camarões;1638658
Importação;2026;Janeiro;Camboja;21449675
Importação;2026;Janeiro;Canadá;230780973
Importação;2026;Janeiro;Catar;23474429
Importação;2026;Janeiro;Cayman, Ilhas;635
Importação;2026;Janeiro;Cazaquistão;44498516
Importação;2026;Janeiro;Chile;517442533
Importação;2026;Janeiro;China;5749375573
Importação;2026;Janeiro;Chipre;302397
Importação;2026;Janeiro;Christmas (Navidad), Ilha;173
Importação;2026;Janeiro;Colômbia;161361166
Importação;2026;Janeiro;Comores;9612
Importação;2026;Janeiro;Congo;322
Importação;2026;Janeiro;Congo, República Democrática;2912434
Importação;2026;Janeiro;Coreia do Norte;1239
Importação;2026;Janeiro;Coreia do Sul;485981692
Importação;2026;Janeiro;Costa Rica;14453642
Importação;2026;Janeiro;Costa do Marfim;21897700
Importação;2026;Janeiro;Coveite (Kuweit);15423
Importação;2026;Janeiro;Croácia;7207345
Importação;2026;Janeiro;Cuba;386745
Importação;2026;Janeiro;Curaçao;19712
Importação;2026;Janeiro;Dinamarca;145466836
Importação;2026;Janeiro;Dominica;636
Importação;2026;Janeiro;Egito;128464788
Importação;2026;Janeiro;El Salvador;1244402
Importação;2026;Janeiro;Emirados Árabes Unidos;141595992
Importação;2026;Janeiro;Equador;9648915
Importação;2026;Janeiro;Eritreia;3040
Importação;2026;Janeiro;Eslováquia;46464291
Importação;2026;Janeiro;Eslovênia;10025489
Importação;2026;Janeiro;Espanha;285254325
Importação;2026;Janeiro;Estados Unidos;3067280831
Importação;2026;Janeiro;Estônia;4300726
Importação;2026;Janeiro;Etiópia;82316
Importação;2026;Janeiro;Filipinas;29449
Importação;2026;Janeiro;Finlândia;65793398
Importação;2026;Janeiro;França;412263374
Importação;2026;Janeiro;Gabão;38528153
Importação;2026;Janeiro;Gana;65964292
Importação;2026;Janeiro;Geórgia;847586
Importação;2026;Janeiro;Grécia;9165647
Importação;2026;Janeiro;Guatemala;14988661
Importação;2026;Janeiro;Guiana;60421806
Importação;2026;Janeiro;Gâmbia;426
Importação;2026;Janeiro;Haiti;196
Importação;2026;Janeiro;Honduras;2781000
Importação;2026;Janeiro;Hong Kong;85028036
Importação;2026;Janeiro;Hungria;36959742
Importação;2026;Janeiro;Indonésia;189686250
Importação;2026;Janeiro;Irlanda;147576168
Importação;2026;Janeiro;Irã;23067357
Importação;2026;Janeiro;Islândia;695734
Importação;2026;Janeiro;Israel;100554968
Importação;2026;Janeiro;Itália;509971551
Importação;2026;Janeiro;Jamaica;4886
Importação;2026;Janeiro;Japão;462887815
Importação;2026;Janeiro;Jordânia;771643
Importação;2026;Janeiro;Laos;687354
Importação;2026;Janeiro;Lesoto;199
Importação;2026;Janeiro;Letônia;3213579
Importação;2026;Janeiro;Liechtenstein;680414
Importação;2026;Janeiro;Lituânia;3669320
Importação;2026;Janeiro;Luxemburgo;5614254
Importação;2026;Janeiro;Líbano;441731
Importação;2026;Janeiro;Líbia;719388
Importação;2026;Janeiro;Macau;149998
Importação;2026;Janeiro;Macedônia;930452
Importação;2026;Janeiro;Madagascar;319756
Importação;2026;Janeiro;Malavi;91769
Importação;2026;Janeiro;Malta;1240911
Importação;2026;Janeiro;Malásia;121993373
Importação;2026;Janeiro;Marianas do Norte, Ilhas;329
Importação;2026;Janeiro;Marrocos;57479054
Importação;2026;Janeiro;Marshall, Ilhas;320605
Importação;2026;Janeiro;Maurício;5637
Importação;2026;Janeiro;Mayotte;14
Importação;2026;Janeiro;Mianmar;1286681
Importação;2026;Janeiro;Moldávia;364967
Importação;2026;Janeiro;Mongólia;1196527
Importação;2026;Janeiro;Montenegro;9255
Importação;2026;Janeiro;Montserrat;130
Importação;2026;Janeiro;México;474656133
Importação;2026;Janeiro;Mônaco;552714
Importação;2026;Janeiro;Namíbia;1454
Importação;2026;Janeiro;Nauru;6587
Importação;2026;Janeiro;Nepal;2680
Importação;2026;Janeiro;Nicarágua;391
Importação;2026;Janeiro;Nigéria;11799387
Importação;2026;Janeiro;Niue;153
Importação;2026;Janeiro;Norfolk, Ilha;5
Importação;2026;Janeiro;Noruega;83644589
Importação;2026;Janeiro;Nova Caledônia;11632
Importação;2026;Janeiro;Nova Zelândia;4324229
Importação;2026;Janeiro;Não Definido;33115
Importação;2026;Janeiro;Níger;9981
Importação;2026;Janeiro;Omã;53372113
Importação;2026;Janeiro;Palau;338
Importação;2026;Janeiro;Panamá;1347254
Importação;2026;Janeiro;Papua Nova Guiné;32565
Importação;2026;Janeiro;Paquistão;13940625
Importação;2026;Janeiro;Paraguai;257792296
Importação;2026;Janeiro;Países Baixos (Holanda);148004152
Importação;2026;Janeiro;Peru;161433506
Importação;2026;Janeiro;Polinésia Francesa;112
Importação;2026;Janeiro;Polônia;78177812
Importação;2026;Janeiro;Porto Rico;32168395
Importação;2026;Janeiro;Portugal;89856894
Importação;2026;Janeiro;Quênia;10339
Importação;2026;Janeiro;Reino Unido;254110770
Importação;2026;Janeiro;República Centro-Africana;9857
Importação;2026;Janeiro;República Dominicana;2926909
Importação;2026;Janeiro;Romênia;30618
Importação;2026;Janeiro;Rússia;530922944
Importação;2026;Janeiro;Samoa;60467
Importação;2026;Janeiro;Samoa Americana;15110
Importação;2026;Janeiro;San Marino;2109719
Importação;2026;Janeiro;Seicheles;71576
Importação;2026;Janeiro;Senegal;147683
Importação;2026;Janeiro;Serra Leoa;1423
Importação;2026;Janeiro;Singapura;75952159
Importação;2026;Janeiro;Somália;353
Importação;2026;Janeiro;Sri Lanka;8469269
Importação;2026;Janeiro;Suazilândia;167
Importação;2026;Janeiro;Sudão;191988
Importação;2026;Janeiro;Suriname;49
Importação;2026;Janeiro;Suécia;150894282
Importação;2026;Janeiro;Suíça;234434363
Importação;2026;Janeiro;São Cristóvão e Névis;53
Importação;2026;Janeiro;Sérvia;4481527
Importação;2026;Janeiro;Síria;42907
Importação;2026;Janeiro;Tadjiquistão;137
Importação;2026;Janeiro;Tailândia;217427092
Importação;2026;Janeiro;Taiwan (Formosa);226606905
Importação;2026;Janeiro;Tanzânia;120224
Importação;2026;Janeiro;Tcheca, República;61832582
Importação;2026;Janeiro;Território Britânico do Oceano Índico;130686
Importação;2026;Janeiro;Timor Leste;1
Importação;2026;Janeiro;Togo;105328
Importação;2026;Janeiro;Toquelau;3543
Importação;2026;Janeiro;Trinidad e Tobago;56554043
Importação;2026;Janeiro;Tunísia;8067684
Importação;2026;Janeiro;Turcomenistão;49008256
Importação;2026;Janeiro;Turquia;95889757
Importação;2026;Janeiro;Ucrânia;8949977
Importação;2026;Janeiro;Uganda;94371
Importação;2026;Janeiro;Uruguai;141831897
Importação;2026;Janeiro;Uzbequistão;1994834
Importação;2026;Janeiro;Venezuela;30464633
Importação;2026;Janeiro;Vietnã;332063428
Importação;2026;Janeiro;Virgens, Ilhas (Americanas);3258
Importação;2026;Janeiro;Virgens, Ilhas (Britânicas);201
Importação;2026;Janeiro;Zimbábue;66779
Importação;2026;Janeiro;Zâmbia;117775
Importação;2026;Janeiro;África do Sul;80021582
Importação;2026;Janeiro;Áustria;106460052
Importação;2026;Janeiro;Índia;568337775
Importação;2026;Fevereiro;Afeganistão;42950
Importação;2026;Fevereiro;Aland, Ilhas;1410
Importação;2026;Fevereiro;Albânia;167094
Importação;2026;Fevereiro;Alemanha;912566
Importação;2026;Fevereiro;Andorra;40
Importação;2026;Fevereiro;Angola;13497
Importação;2026;Fevereiro;Anguilla;1098
Importação;2026;Fevereiro;Antártica;472227
Importação;2026;Fevereiro;Antígua e Barbuda;443
Importação;2026;Fevereiro;Argentina;849656
Importação;2026;Fevereiro;Argélia;19524568
Importação;2026;Fevereiro;Armênia;2624316
Importação;2026;Fevereiro;Aruba;751
Importação;2026;Fevereiro;Arábia Saudita;239227483
Importação;2026;Fevereiro;Austrália;57765922
Importação;2026;Fevereiro;Azerbaijão;4817
Importação;2026;Fevereiro;Bancos Centrais;183
Importação;2026;Fevereiro;Bangladesh;26650322
Importação;2026;Fevereiro;Barbados;19045
Importação;2026;Fevereiro;Barein;6769067
Importação;2026;Fevereiro;Belarus;138060
Importação;2026;Fevereiro;Belize;7688
Importação;2026;Fevereiro;Benin;28632
Importação;2026;Fevereiro;Bermudas;75006
Importação;2026;Fevereiro;Bolívia;92476567
Importação;2026;Fevereiro;Botsuana;68119
Importação;2026;Fevereiro;Brasil;28983269
Importação;2026;Fevereiro;Bulgária;8851897
Importação;2026;Fevereiro;Butão;29619
Importação;2026;Fevereiro;Bélgica;147827388
Importação;2026;Fevereiro;Bósnia-Herzegovina;750694
Importação;2026;Fevereiro;Cabo Verde;981
Importação;2026;Fevereiro;Camarões;562674
Importação;2026;Fevereiro;Camboja;19322
Importação;2026;Fevereiro;Canadá;292366876
Importação;2026;Fevereiro;Catar;14078035
Importação;2026;Fevereiro;Cayman, Ilhas;548
Importação;2026;Fevereiro;Cazaquistão;21381357
Importação;2026;Fevereiro;Chade;63
Importação;2026;Fevereiro;Chile;315002387
Importação;2026;Fevereiro;China;5493290674
Importação;2026;Fevereiro;Chipre;145983
Importação;2026;Fevereiro;Cocos (Keeling), Ilhas;350
Importação;2026;Fevereiro;Colômbia;178059284
Importação;2026;Fevereiro;Comores;12511
Importação;2026;Fevereiro;Congo, República Democrática;2663075
Importação;2026;Fevereiro;Coreia do Norte;12651
Importação;2026;Fevereiro;Coreia do Sul;2948538497
Importação;2026;Fevereiro;Costa Rica;11715
Importação;2026;Fevereiro;Costa do Marfim;122903354
Importação;2026;Fevereiro;Coveite (Kuweit);12733846
Importação;2026;Fevereiro;Croácia;5030
Importação;2026;Fevereiro;Cuba;9433
Importação;2026;Fevereiro;Curaçao;234448
Importação;2026;Fevereiro;Dinamarca;110249
Importação;2026;Fevereiro;Dominica;1391
Importação;2026;Fevereiro;Egito;100498442
Importação;2026;Fevereiro;El Salvador;1033716
Importação;2026;Fevereiro;Emirados Árabes Unidos;85587
Importação;2026;Fevereiro;Equador;8627335
Importação;2026;Fevereiro;Eslováquia;27618
Importação;2026;Fevereiro;Eslovênia;28708756
Importação;2026;Fevereiro;Espanha;241400765
Importação;2026;Fevereiro;Estados Unidos;2790064131
Importação;2026;Fevereiro;Estônia;4441616
Importação;2026;Fevereiro;Etiópia;289281
Importação;2026;Fevereiro;Faroe, Ilhas;237
Importação;2026;Fevereiro;Filipinas;22028481
Importação;2026;Fevereiro;Finlândia;168741921
Importação;2026;Fevereiro;França;364246644
Importação;2026;Fevereiro;Gabão;67470684
Importação;2026;Fevereiro;Gana;1391125
Importação;2026;Fevereiro;Geórgia;13520
Importação;2026;Fevereiro;Grécia;6878700
Importação;2026;Fevereiro;Guatemala;4708366
Importação;2026;Fevereiro;Guiana;69241554
Importação;2026;Fevereiro;Guiana Francesa;1341
Importação;2026;Fevereiro;Guiné;11
Importação;2026;Fevereiro;Gâmbia;92
Importação;2026;Fevereiro;Haiti;229093
Importação;2026;Fevereiro;Honduras;3780929
Importação;2026;Fevereiro;Hong Kong;81095037
Importação;2026;Fevereiro;Hungria;36300084
Importação;2026;Fevereiro;Ilha de Man;2516
Importação;2026;Fevereiro;Indonésia;202896541
Importação;2026;Fevereiro;Irlanda;75794333
Importação;2026;Fevereiro;Irã;796792
Importação;2026;Fevereiro;Islândia;360048
Importação;2026;Fevereiro;Israel;84671278
Importação;2026;Fevereiro;Itália;466645343
Importação;2026;Fevereiro;Jamaica;33
Importação;2026;Fevereiro;Japão;414341781
Importação;2026;Fevereiro;Jordânia;236259
Importação;2026;Fevereiro;Laos;1108485
Importação;2026;Fevereiro;Lesoto;8
Importação;2026;Fevereiro;Letônia;3360650
Importação;2026;Fevereiro;Liechtenstein;772354
Importação;2026;Fevereiro;Lituânia;3478089
Importação;2026;Fevereiro;Luxemburgo;2516206
Importação;2026;Fevereiro;Líbano;151483
Importação;2026;Fevereiro;Líbia;532871
Importação;2026;Fevereiro;Macau;727104
Importação;2026;Fevereiro;Macedônia;1926443
Importação;2026;Fevereiro;Madagascar;824027
Importação;2026;Fevereiro;Maldivas;5
Importação;2026;Fevereiro;Malta;667739
Importação;2026;Fevereiro;Malásia;139477403
Importação;2026;Fevereiro;Marrocos;109129281
Importação;2026;Fevereiro;Marshall, Ilhas;84369
Importação;2026;Fevereiro;Martinica;122
Importação;2026;Fevereiro;Maurício;51967
Importação;2026;Fevereiro;Mianmar;703744
Importação;2026;Fevereiro;Moldávia;442918
Importação;2026;Fevereiro;Mongólia;17418
Importação;2026;Fevereiro;Montenegro;6616
Importação;2026;Fevereiro;Montserrat;433
Importação;2026;Fevereiro;Moçambique;4826123
Importação;2026;Fevereiro;México;423160378
Importação;2026;Fevereiro;Mônaco;266687
Importação;2026;Fevereiro;Namíbia;6073
Importação;2026;Fevereiro;Nauru;2543
Importação;2026;Fevereiro;Nepal;19591
Importação;2026;Fevereiro;Nicarágua;94998
Importação;2026;Fevereiro;Nigéria;12235799
Importação;2026;Fevereiro;Noruega;86323008
Importação;2026;Fevereiro;Nova Caledônia;47119
Importação;2026;Fevereiro;Nova Zelândia;7737659
Importação;2026;Fevereiro;Não Definido;296358
Importação;2026;Fevereiro;Níger;174
Importação;2026;Fevereiro;Omã;107390045
Importação;2026;Fevereiro;Organizações Internacionais;78
Importação;2026;Fevereiro;Panamá;1667289
Importação;2026;Fevereiro;Paquistão;11371500
Importação;2026;Fevereiro;Paraguai;248638398
Importação;2026;Fevereiro;Países Baixos (Holanda);194087778
Importação;2026;Fevereiro;Peru;87740632
Importação;2026;Fevereiro;Pitcairn;10679
Importação;2026;Fevereiro;Polônia;83047634
Importação;2026;Fevereiro;Porto Rico;35928897
Importação;2026;Fevereiro;Portugal;76318367
Importação;2026;Fevereiro;Quirguistão;66
Importação;2026;Fevereiro;Quênia;148036
Importação;2026;Fevereiro;Reino Unido;223312000
Importação;2026;Fevereiro;República Centro-Africana;31838
Importação;2026;Fevereiro;República Dominicana;3898510
Importação;2026;Fevereiro;Reunião;37169
Importação;2026;Fevereiro;Romênia;29884553
Importação;2026;Fevereiro;Rússia;656953684
Importação;2026;Fevereiro;Samoa;17
Importação;2026;Fevereiro;Samoa Americana;70854
Importação;2026;Fevereiro;San Marino;610719
Importação;2026;Fevereiro;Seicheles;221610
Importação;2026;Fevereiro;Senegal;48503
Importação;2026;Fevereiro;Serra Leoa;632
Importação;2026;Fevereiro;Singapura;63047084
Importação;2026;Fevereiro;Somália;448
Importação;2026;Fevereiro;Sri Lanka;4699333
Importação;2026;Fevereiro;Suazilândia;1582
Importação;2026;Fevereiro;Sudão;19
Importação;2026;Fevereiro;Suriname;137
Importação;2026;Fevereiro;Suécia;173609882
Importação;2026;Fevereiro;Suíça;274856220
Importação;2026;Fevereiro;Svalbard e Jan Mayen;11
Importação;2026;Fevereiro;São Cristóvão e Névis;1291
Importação;2026;Fevereiro;São Pedro e Miquelon;544
Importação;2026;Fevereiro;Sérvia;5002037
Importação;2026;Fevereiro;Síria;35351
Importação;2026;Fevereiro;Tadjiquistão;557
Importação;2026;Fevereiro;Tailândia;185904
Importação;2026;Fevereiro;Taiwan (Formosa);207133869
Importação;2026;Fevereiro;Tanzânia;84613
Importação;2026;Fevereiro;Tcheca, República;56667442
Importação;2026;Fevereiro;Terras Austrais Francesas;55
Importação;2026;Fevereiro;Toquelau;29206
Importação;2026;Fevereiro;Trinidad e Tobago;18383348
Importação;2026;Fevereiro;Tunísia;8931112
Importação;2026;Fevereiro;Turcomenistão;73340094
Importação;2026;Fevereiro;Turquia;79558768
Importação;2026;Fevereiro;Ucrânia;3376631
Importação;2026;Fevereiro;Uganda;1982
Importação;2026;Fevereiro;Uruguai;143539530
Importação;2026;Fevereiro;Uzbequistão;1272295
Importação;2026;Fevereiro;Vaticano;181
Importação;2026;Fevereiro;Venezuela;37895091
Importação;2026;Fevereiro;Vietnã;303671617
Importação;2026;Fevereiro;Virgens, Ilhas (Britânicas);693031
Importação;2026;Fevereiro;Zimbábue;68322
Importação;2026;Fevereiro;África do Sul;84836008
Importação;2026;Fevereiro;Áustria;94458154
Importação;2026;Fevereiro;Índia;496949390
Importação;2026;Março;Afeganistão;23423
Importação;2026;Março;Aland, Ilhas;1302
Importação;2026;Março;Albânia;630491
Importação;2026;Março;Alemanha;1514600511
Importação;2026;Março;Andorra;120
Importação;2026;Março;Angola;273
Importação;2026;Março;Anguilla;3306
Importação;2026;Março;Antártica;31912
Importação;2026;Março;Antígua e Barbuda;31661
Importação;2026;Março;Argentina;1127684055
Importação;2026;Março;Argélia;214264228
Importação;2026;Março;Armênia;14650282
Importação;2026;Março;Aruba;836
Importação;2026;Março;Arábia Saudita;317843035
Importação;2026;Março;Austrália;64553147
Importação;2026;Março;Azerbaijão;1227
Importação;2026;Março;Bancos Centrais;522
Importação;2026;Março;Bangladesh;34322109
Importação;2026;Março;Barbados;1
Importação;2026;Março;Barein;2684944
Importação;2026;Março;Belarus;31083
Importação;2026;Março;Belize;51790
Importação;2026;Março;Benin;18738
Importação;2026;Março;Bermudas;199063
Importação;2026;Março;Bolívia;85778096
Importação;2026;Março;Botsuana;8873
Importação;2026;Março;Brasil;78630267
Importação;2026;Março;Bulgária;9395283
Importação;2026;Março;Burkina Faso;23
Importação;2026;Março;Butão;34191
Importação;2026;Março;Bélgica;239788924
Importação;2026;Março;Bósnia-Herzegovina;1657035
Importação;2026;Março;Cabo Verde;336
Importação;2026;Março;Camarões;2153465
Importação;2026;Março;Camboja;23958399
Importação;2026;Março;Canadá;232639648
Importação;2026;Março;Catar;37474009
Importação;2026;Março;Cayman, Ilhas;1888
Importação;2026;Março;Cazaquistão;33426932
Importação;2026;Março;Chade;6
Importação;2026;Março;Chile;429606023
Importação;2026;Março;China;6664865606
Importação;2026;Março;Chipre;396775
Importação;2026;Março;Christmas (Navidad), Ilha;5
Importação;2026;Março;Colômbia;166855715
Importação;2026;Março;Comores;8993
Importação;2026;Março;Congo;1233736
Importação;2026;Março;Congo, República Democrática;19998998
Importação;2026;Março;Coreia do Sul;610025834
Importação;2026;Março;Costa Rica;12751682
Importação;2026;Março;Costa do Marfim;9699959
Importação;2026;Março;Coveite (Kuweit);126908
Importação;2026;Março;Croácia;2738254
Importação;2026;Março;Cuba;172144
Importação;2026;Março;Curaçao;220251
Importação;2026;Março;Dinamarca;156157438
Importação;2026;Março;Egito;147623909
Importação;2026;Março;El Salvador;434471
Importação;2026;Março;Emirados Árabes Unidos;131450666
Importação;2026;Março;Equador;11319797
Importação;2026;Março;Eslováquia;39054805
Importação;2026;Março;Eslovênia;9592162
Importação;2026;Março;Espanha;311184511
Importação;2026;Março;Estados Unidos;3315336792
Importação;2026;Março;Estônia;5719764
Importação;2026;Março;Etiópia;130370
Importação;2026;Março;Falkland (Malvinas);128
Importação;2026;Março;Filipinas;29291267
Importação;2026;Março;Finlândia;74974008
Importação;2026;Março;França;522208400
Importação;2026;Março;Gabão;67591981
Importação;2026;Março;Gana;74106391
Importação;2026;Março;Geórgia;496
Importação;2026;Março;Gibraltar;209
Importação;2026;Março;Grécia;6689787
Importação;2026;Março;Guatemala;11409762
Importação;2026;Março;Guiana;69522644
Importação;2026;Março;Guiné;56
Importação;2026;Março;Gâmbia;249
Importação;2026;Março;Haiti;2438
Importação;2026;Março;Honduras;3047998
Importação;2026;Março;Hong Kong;88778366
Importação;2026;Março;Hungria;50786892
Importação;2026;Março;Ilha de Man;36000
Importação;2026;Março;Indonésia;188826102
Importação;2026;Março;Iraque;107261
Importação;2026;Março;Irlanda;169755904
Importação;2026;Março;Irã;849847
Importação;2026;Março;Islândia;1173422
Importação;2026;Março;Israel;93240434
Importação;2026;Março;Itália;6529359
Importação;2026;Março;Iêmen;56
Importação;2026;Março;Jamaica;208
Importação;2026;Março;Japão;472466063
Importação;2026;Março;Jersey;8267
Importação;2026;Março;Jordânia;948187
Importação;2026;Março;Laos;1685474
Importação;2026;Março;Lesoto;11306
Importação;2026;Março;Letônia;2873523
Importação;2026;Março;Libéria;4641
Importação;2026;Março;Liechtenstein;1095218
Importação;2026;Março;Lituânia;4870503
Importação;2026;Março;Luxemburgo;4392707
Importação;2026;Março;Líbano;61652
Importação;2026;Março;Líbia;449763
Importação;2026;Março;Macau;347630
Importação;2026;Março;Macedônia;2508937
Importação;2026;Março;Madagascar;299483
Importação;2026;Março;Malta;1075625
Importação;2026;Março;Malásia;151330285
Importação;2026;Março;Marrocos;257457526
Importação;2026;Março;Marshall, Ilhas;153418
Importação;2026;Março;Maurício;140599
Importação;2026;Março;Mianmar;880219
Importação;2026;Março;Moldávia;224
Importação;2026;Março;Mongólia;1722
Importação;2026;Março;Montenegro;1080
Importação;2026;Março;Montserrat;6329
Importação;2026;Março;Moçambique;792
Importação;2026;Março;México;686988008
Importação;2026;Março;Mônaco;538234
Importação;2026;Março;Namíbia;9009
Importação;2026;Março;Nauru;4292
Importação;2026;Março;Nepal;9774
Importação;2026;Março;Nicarágua;60502
Importação;2026;Março;Nigéria;70508855
Importação;2026;Março;Niue;7320
Importação;2026;Março;Noruega;93329613
Importação;2026;Março;Nova Caledônia;16
Importação;2026;Março;Nova Zelândia;5117640
Importação;2026;Março;Não Definido;214193
Importação;2026;Março;Níger;10250
Importação;2026;Março;Omã;6189885
Importação;2026;Março;Panamá;1719045
Importação;2026;Março;Paquistão;21326110
Importação;2026;Março;Paraguai;318758740
Importação;2026;Março;Países Baixos (Holanda);234994
Importação;2026;Março;Peru;165207866
Importação;2026;Março;Polinésia Francesa;136
Importação;2026;Março;Polônia;89214757
Importação;2026;Março;Porto Rico;44909809
Importação;2026;Março;Portugal;126370624
Importação;2026;Março;Quirguistão;56
Importação;2026;Março;Quênia;265394
Importação;2026;Março;Reino Unido;293426947
Importação;2026;Março;República Centro-Africana;11
Importação;2026;Março;República Dominicana;3662390
Importação;2026;Março;Reunião;21384
Importação;2026;Março;Romênia;34144494
Importação;2026;Março;Ruanda;3
Importação;2026;Março;Rússia;988954837
Importação;2026;Março;Samoa;57652
Importação;2026;Março;Samoa Americana;22862
Importação;2026;Março;San Marino;920485
Importação;2026;Março;Seicheles;135829
Importação;2026;Março;Senegal;425
Importação;2026;Março;Serra Leoa;13196
Importação;2026;Março;Singapura;76762374
Importação;2026;Março;Somália;189
Importação;2026;Março;Sri Lanka;8411229
Importação;2026;Março;Suazilândia;4490
Importação;2026;Março;Suriname;12578
Importação;2026;Março;Suécia;194493345
Importação;2026;Março;Suíça;240418856
Importação;2026;Março;São Cristóvão e Névis;4776
Importação;2026;Março;São Vicente e Granadinas;1050
Importação;2026;Março;Sérvia;5643656
Importação;2026;Março;Síria;37837
Importação;2026;Março;Tailândia;214844373
Importação;2026;Março;Taiwan (Formosa);236078735
Importação;2026;Março;Tanzânia;624
Importação;2026;Março;Tcheca, República;82406040
Importação;2026;Março;Terras Austrais Francesas;74
Importação;2026;Março;Timor Leste;290
Importação;2026;Março;Togo;173
Importação;2026;Março;Toquelau;1023
Importação;2026;Março;Trinidad e Tobago;32660533
Importação;2026;Março;Tunísia;8154725
Importação;2026;Março;Turcomenistão;138718655
Importação;2026;Março;Turquia;95548718
Importação;2026;Março;Ucrânia;7296370
Importação;2026;Março;Uganda;20
Importação;2026;Março;Uruguai;254255
Importação;2026;Março;Uzbequistão;11728083
Importação;2026;Março;Vanuatu;387
Importação;2026;Março;Venezuela;35662
Importação;2026;Março;Vietnã;421781992
Importação;2026;Março;Virgens, Ilhas (Americanas);11
Importação;2026;Março;Virgens, Ilhas (Britânicas);430045
Importação;2026;Março;Zimbábue;437
Importação;2026;Março;Zâmbia;295729
Importação;2026;Março;África do Sul;75182219
Importação;2026;Março;Áustria;146364832
Importação;2026;Março;Índia;690305636
Importação;2026;Abril;Afeganistão;20856
Importação;2026;Abril;Aland, Ilhas;71665
Importação;2026;Abril;Albânia;292906
Importação;2026;Abril;Alemanha;1156555666
Importação;2026;Abril;Andorra;40
Importação;2026;Abril;Angola;148
Importação;2026;Abril;Anguilla;3374
Importação;2026;Abril;Antártica;644787
Importação;2026;Abril;Argentina;1177574026
Importação;2026;Abril;Argélia;13069808
Importação;2026;Abril;Armênia;3396675
Importação;2026;Abril;Aruba;1378
Importação;2026;Abril;Arábia Saudita;289775567
Importação;2026;Abril;Austrália;135713610
Importação;2026;Abril;Azerbaijão;192942
Importação;2026;Abril;Bancos Centrais;2641
Importação;2026;Abril;Bangladesh;35249351
Importação;2026;Abril;Barein;2902745
Importação;2026;Abril;Belarus;188722
Importação;2026;Abril;Belize;8823
Importação;2026;Abril;Benin;39179
Importação;2026;Abril;Bermudas;30248
Importação;2026;Abril;Bolívia;83237756
Importação;2026;Abril;Botsuana;94362
Importação;2026;Abril;Brasil;39331677
Importação;2026;Abril;Bulgária;9520334
Importação;2026;Abril;Butão;71794
Importação;2026;Abril;Bélgica;173239857
Importação;2026;Abril;Bósnia-Herzegovina;1007550
Importação;2026;Abril;Camarões;3315154
Importação;2026;Abril;Camboja;24893454
Importação;2026;Abril;Canadá;274860543
Importação;2026;Abril;Catar;8121703
Importação;2026;Abril;Cayman, Ilhas;913
Importação;2026;Abril;Cazaquistão;55503672
Importação;2026;Abril;Chade;11
Importação;2026;Abril;Chile;469685807
Importação;2026;Abril;China;6054116352
Importação;2026;Abril;Chipre;2057909
Importação;2026;Abril;Colômbia;209950293
Importação;2026;Abril;Comores;481
Importação;2026;Abril;Congo, República Democrática;2932338
Importação;2026;Abril;Cook, Ilhas;2
Importação;2026;Abril;Coreia do Norte;9752
Importação;2026;Abril;Coreia do Sul;656060606
Importação;2026;Abril;Costa Rica;11165649
Importação;2026;Abril;Costa do Marfim;7248514
Importação;2026;Abril;Coveite (Kuweit);358
Importação;2026;Abril;Croácia;4822468
Importação;2026;Abril;Cuba;208429
Importação;2026;Abril;Curaçao;103446
Importação;2026;Abril;Dinamarca;93098
Importação;2026;Abril;Dominica;76
Importação;2026;Abril;Egito;103642887
Importação;2026;Abril;El Salvador;1383244
Importação;2026;Abril;Emirados Árabes Unidos;13951759
Importação;2026;Abril;Equador;13582224
Importação;2026;Abril;Eritreia;1191
Importação;2026;Abril;Eslováquia;34721537
Importação;2026;Abril;Eslovênia;24587735
Importação;2026;Abril;Espanha;308916
Importação;2026;Abril;Estados Unidos;3096633032
Importação;2026;Abril;Estônia;4755557
Importação;2026;Abril;Etiópia;153754
Importação;2026;Abril;Filipinas;25480089
Importação;2026;Abril;Finlândia;67582610
Importação;2026;Abril;França;439310716
Importação;2026;Abril;Gabão;418103
Importação;2026;Abril;Gana;4782
Importação;2026;Abril;Geórgia;918964
Importação;2026;Abril;Gibraltar;282334
Importação;2026;Abril;Granada;129
Importação;2026;Abril;Grécia;4137083
Importação;2026;Abril;Guatemala;9598198
Importação;2026;Abril;Guiana;136187619
Importação;2026;Abril;Guiné-Bissau;178730
Importação;2026;Abril;Gâmbia;203
Importação;2026;Abril;Haiti;103921
Importação;2026;Abril;Honduras;4160913
Importação;2026;Abril;Hong Kong;78873686
Importação;2026;Abril;Hungria;47431063
Importação;2026;Abril;Ilha de Man;146
Importação;2026;Abril;Indonésia;244158317
Importação;2026;Abril;Iraque;48104
Importação;2026;Abril;Irlanda;100023
Importação;2026;Abril;Irã;1832268
Importação;2026;Abril;Islândia;922964
Importação;2026;Abril;Israel;160213045
Importação;2026;Abril;Itália;674607644
Importação;2026;Abril;Jamaica;1038
Importação;2026;Abril;Japão;569406672
Importação;2026;Abril;Jordânia;15407608
Importação;2026;Abril;Laos;1156611
Importação;2026;Abril;Letônia;3623779
Importação;2026;Abril;Liechtenstein;1200802
Importação;2026;Abril;Lituânia;3932295
Importação;2026;Abril;Luxemburgo;3398292
Importação;2026;Abril;Líbano;187119
Importação;2026;Abril;Líbia;515861
Importação;2026;Abril;Macau;229329
Importação;2026;Abril;Macedônia;3424
Importação;2026;Abril;Madagascar;211621
Importação;2026;Abril;Malta;820315
Importação;2026;Abril;Malásia;135804635
Importação;2026;Abril;Marianas do Norte, Ilhas;725
Importação;2026;Abril;Marrocos;269771114
Importação;2026;Abril;Marshall, Ilhas;50407
Importação;2026;Abril;Maurício;11524
Importação;2026;Abril;Mayotte;25
Importação;2026;Abril;Mianmar;583828
Importação;2026;Abril;Micronésia;8
Importação;2026;Abril;Moldávia;229204
Importação;2026;Abril;Mongólia;115
Importação;2026;Abril;Montenegro;783
Importação;2026;Abril;Montserrat;76
Importação;2026;Abril;Moçambique;581118
Importação;2026;Abril;México;614456434
Importação;2026;Abril;Mônaco;539804
Importação;2026;Abril;Namíbia;40525
Importação;2026;Abril;Nauru;557439
Importação;2026;Abril;Nepal;15841
Importação;2026;Abril;Nicarágua;379422
Importação;2026;Abril;Nigéria;84651427
Importação;2026;Abril;Noruega;39750241
Importação;2026;Abril;Nova Zelândia;9644885
Importação;2026;Abril;Não Definido;203584
Importação;2026;Abril;Níger;3250
Importação;2026;Abril;Omã;8094556
Importação;2026;Abril;Panamá;1371506
Importação;2026;Abril;Paquistão;16982873
Importação;2026;Abril;Paraguai;271517895
Importação;2026;Abril;Países Baixos (Holanda);191838008
Importação;2026;Abril;Peru;149502869
Importação;2026;Abril;Polinésia Francesa;1424
Importação;2026;Abril;Polônia;83267377
Importação;2026;Abril;Porto Rico;53212119
Importação;2026;Abril;Portugal;113865682
Importação;2026;Abril;Quirguistão;703
Importação;2026;Abril;Quênia;27702
Importação;2026;Abril;Reino Unido;241828245
Importação;2026;Abril;República Dominicana;4167550
Importação;2026;Abril;Reunião;256212
Importação;2026;Abril;Romênia;49425110
Importação;2026;Abril;Rússia;1337836733
Importação;2026;Abril;Salomão, Ilhas;3
Importação;2026;Abril;Samoa;15380
Importação;2026;Abril;Samoa Americana;19437
Importação;2026;Abril;San Marino;1681125
Importação;2026;Abril;Santa Helena;523
Importação;2026;Abril;Seicheles;11121
Importação;2026;Abril;Senegal;1032403
Importação;2026;Abril;Serra Leoa;18326
Importação;2026;Abril;Singapura;60243409
Importação;2026;Abril;Somália;1461
Importação;2026;Abril;Sri Lanka;7990594
Importação;2026;Abril;Suazilândia;12551
Importação;2026;Abril;Sudão do Sul;115
Importação;2026;Abril;Suriname;768
Importação;2026;Abril;Suécia;157984838
Importação;2026;Abril;Suíça;244149
Importação;2026;Abril;São Cristóvão e Névis;2136
Importação;2026;Abril;São Tomé e Príncipe;63
Importação;2026;Abril;São Vicente e Granadinas;70656
Importação;2026;Abril;Sérvia;5866781
Importação;2026;Abril;Síria;37938
Importação;2026;Abril;Tadjiquistão;36
Importação;2026;Abril;Tailândia;243690245
Importação;2026;Abril;Taiwan (Formosa);260545251
Importação;2026;Abril;Tanzânia;97471
Importação;2026;Abril;Tcheca, República;75154966
Importação;2026;Abril;Togo;147
Importação;2026;Abril;Toquelau;719
Importação;2026;Abril;Trinidad e Tobago;43875833
Importação;2026;Abril;Tunísia;5657248
Importação;2026;Abril;Turcas e Caicos, Ilhas;5300
Importação;2026;Abril;Turcomenistão;67665981
Importação;2026;Abril;Turquia;110898352
Importação;2026;Abril;Ucrânia;7697428
Importação;2026;Abril;Uganda;13060
Importação;2026;Abril;Uruguai;137896944
Importação;2026;Abril;Uzbequistão;9738932
Importação;2026;Abril;Vanuatu;318
Importação;2026;Abril;Vaticano;1492
Importação;2026;Abril;Venezuela;18155714
Importação;2026;Abril;Vietnã;380339705
Importação;2026;Abril;Virgens, Ilhas (Britânicas);348546
Importação;2026;Abril;Zimbábue;85148
Importação;2026;Abril;Zâmbia;103653
Importação;2026;Abril;África do Sul;95491150
Importação;2026;Abril;Áustria;111318676
Importação;2026;Abril;Índia;675615262
